unsigned char fMSX_ROMs_MSX2EXT_ROM[] = {
  0x43, 0x44, 0x36, 0x03, 0x49, 0x16, 0x2a, 0x37, 0xc3, 0x32, 0x1d, 0x00,
  0x00, 0x00, 0x00, 0x00, 0xc3, 0x3a, 0x1d, 0x00, 0xc3, 0x18, 0x02, 0x00,
  0xc3, 0x77, 0x05, 0x00, 0xc3, 0x62, 0x02, 0x00, 0x7c, 0x92, 0xc0, 0x7d,
  0x93, 0xc9, 0x00, 0x00, 0xc3, 0x0e, 0x06, 0x00, 0x00, 0x00, 0x00, 0x00,
  0xc3, 0x46, 0x02, 0x00, 0x00, 0x00, 0x00, 0x00, 0x08, 0xd9, 0xf5, 0xc5,
  0xd5, 0xe5, 0x08, 0xd9, 0xdd, 0xe5, 0xfd, 0xe5, 0xdd, 0x21, 0x38, 0x00,
  0xfd, 0x2a, 0xc0, 0xfc, 0xcd, 0x8d, 0x05, 0xfd, 0xe1, 0xdd, 0xe1, 0x08,
  0xd9, 0xe1, 0xd1, 0xc1, 0xf1, 0x08, 0xd9, 0xfb, 0xed, 0x4d, 0x00, 0x00,
  0x00, 0x00, 0x00, 0x00, 0x00, 0x00, 0xc3, 0xd6, 0xfd, 0xfb, 0xc3, 0x51,
  0x26, 0xfb, 0xc3, 0x56, 0x25, 0xfb, 0xc3, 0x6f, 0x25, 0xfb, 0xc3, 0x07,
  0x26, 0xfb, 0xc3, 0x2a, 0x26, 0xfb, 0xc3, 0x3f, 0x26, 0xfb, 0xc3, 0x48,
  0x26, 0xfb, 0xc3, 0x23, 0x28, 0xfb, 0xc3, 0x0e, 0x11, 0xfb, 0xc3, 0xc4,
  0x12, 0xfb, 0xc3, 0x42, 0x13, 0xfb, 0xc3, 0x84, 0x13, 0xfb, 0xc3, 0xad,
  0x13, 0xfb, 0xc3, 0xb5, 0x13, 0xfb, 0xc3, 0x26, 0x14, 0xfb, 0xc3, 0x39,
  0x14, 0xfb, 0xc3, 0xe7, 0x13, 0xfb, 0xc3, 0x4b, 0x14, 0xfb, 0xc3, 0xfc,
  0x13, 0xfb, 0xc3, 0x8c, 0x14, 0xfb, 0xc3, 0x14, 0x14, 0xfb, 0xc3, 0x98,
  0x14, 0xfb, 0xc3, 0xdb, 0x14, 0xfb, 0xc3, 0x8f, 0x15, 0xfb, 0xc3, 0xe7,
  0x27, 0xfb, 0xc3, 0x98, 0x28, 0xfb, 0xc3, 0xc3, 0x09, 0xfb, 0xc3, 0xe5,
  0x09, 0xfb, 0xc3, 0x1a, 0x0a, 0xfb, 0xc3, 0x48, 0x0a, 0xfb, 0xc3, 0x98,
  0x0a, 0xfb, 0xc3, 0x42, 0x0b, 0xfb, 0xc3, 0x9c, 0x0b, 0xfb, 0xc3, 0xd2,
  0x0b, 0xfb, 0xc3, 0x22, 0x0c, 0xfb, 0xc3, 0xf5, 0x06, 0xfb, 0xc3, 0x55,
  0x07, 0xfb, 0xc3, 0x6a, 0x07, 0xfb, 0xc3, 0x7f, 0x07, 0xfb, 0xc3, 0xd9,
  0x07, 0xfb, 0xc3, 0xcb, 0x08, 0xfb, 0xc3, 0xd6, 0x08, 0xfb, 0xc3, 0x53,
  0x09, 0xfb, 0xc3, 0xfe, 0x07, 0xfb, 0xc3, 0x64, 0x08, 0xfb, 0xc3, 0x52,
  0x0d, 0xfb, 0xc3, 0x0f, 0x0e, 0xfb, 0xc3, 0x5d, 0x0e, 0xfb, 0xc3, 0x16,
  0x0f, 0xfb, 0xc3, 0x47, 0x06, 0xfb, 0xc3, 0x8b, 0x29, 0xc9, 0xc9, 0xc9,
  0xc9, 0xc9, 0xc9, 0xc9, 0xc9, 0xfb, 0xc3, 0xa8, 0x06, 0xfb, 0xc3, 0x9f,
  0x0f, 0xfb, 0xc3, 0x7e, 0x0f, 0xfb, 0xc3, 0x6a, 0x0f, 0xfb, 0xc3, 0xd3,
  0x0f, 0xfb, 0xc3, 0x8f, 0x20, 0xfb, 0xc3, 0xf6, 0x1d, 0xfb, 0xc3, 0xe5,
  0x1e, 0xfb, 0xc3, 0xdf, 0x1f, 0xfb, 0xc3, 0xc6, 0x21, 0xfb, 0xc3, 0xe5,
  0x21, 0xfb, 0xc3, 0x20, 0x22, 0xfb, 0xc3, 0x97, 0x22, 0xfb, 0xc3, 0xf4,
  0x22, 0xfb, 0xc3, 0x07, 0x23, 0xfb, 0xc3, 0x33, 0x18, 0xfb, 0xc3, 0x62,
  0x1a, 0xfb, 0xc3, 0x4e, 0x1b, 0xfb, 0xc3, 0x80, 0x04, 0xfb, 0xc3, 0x70,
  0x04, 0xfb, 0xc3, 0x42, 0x23, 0xfb, 0xc3, 0xb9, 0x2e, 0xfb, 0xc3, 0x42,
  0x2f, 0xfb, 0xc3, 0xdf, 0x2e, 0xfb, 0xc3, 0xa8, 0x30, 0xfb, 0xc3, 0xb4,
  0x31, 0xfb, 0xc3, 0x6f, 0x30, 0xfb, 0xc3, 0x7c, 0x30, 0xfb, 0xc3, 0xdd,
  0x34, 0xfb, 0xc3, 0x83, 0x16, 0xfb, 0xc3, 0xbf, 0x09, 0xfb, 0xc3, 0x00,
  0x00, 0xfb, 0xc3, 0x49, 0x10, 0x78, 0xe6, 0x3f, 0xd3, 0xa8, 0x3a, 0xff,
  0xff, 0x2f, 0x4f, 0xa2, 0x5f, 0x32, 0xff, 0xff, 0x78, 0xa2, 0xd3, 0xa8,
  0x7b, 0x32, 0xc5, 0xfc, 0xc5, 0xd9, 0x08, 0xcd, 0x98, 0xf3, 0xf3, 0x08,
  0xd9, 0xc1, 0x78, 0xe6, 0x3f, 0xd3, 0xa8, 0x79, 0x32, 0xff, 0xff, 0x78,
  0xd3, 0xa8, 0x79, 0x32, 0xc5, 0xfc, 0x08, 0xd9, 0xc9, 0xfb, 0xc3, 0x08,
  0x1d, 0xfb, 0xc3, 0x10, 0x1d, 0xcd, 0xdd, 0x02, 0xfa, 0x0d, 0x02, 0xdb,
  0xa8, 0x57, 0xa1, 0xb0, 0xcd, 0x80, 0xf3, 0x7b, 0xc9, 0xe5, 0xcd, 0x02,
  0x03, 0xe3, 0xc5, 0xcd, 0xfd, 0x01, 0x18, 0x1b, 0xd5, 0xcd, 0xdd, 0x02,
  0xfa, 0x28, 0x02, 0xd1, 0xdb, 0xa8, 0x57, 0xa1, 0xb0, 0xc3, 0x85, 0xf3,
  0xe3, 0xe5, 0xcd, 0x02, 0x03, 0xd1, 0xe3, 0xc5, 0xcd, 0x18, 0x02, 0xc1,
  0xe3, 0xf5, 0x78, 0xe6, 0x3f, 0xb1, 0xd3, 0xa8, 0x7d, 0x32, 0xff, 0xff,
  0x78, 0xd3, 0xa8, 0xf1, 0xe1, 0xc9, 0xe3, 0xf5, 0xd5, 0x7e, 0xf5, 0xfd,
  0xe1, 0x23, 0x5e, 0x23, 0x56, 0x23, 0xd5, 0xdd, 0xe1, 0xd1, 0xf1, 0xe3,
  0xd9, 0x16, 0xfc, 0x18, 0x08, 0xd9, 0x16, 0xf3, 0x18, 0x03, 0xd9, 0x16,
  0xf0, 0x08, 0xf3, 0x3a, 0xc1, 0xfc, 0xa7, 0xdb, 0xa8, 0xfa, 0x76, 0x02,
  0xf5, 0xa2, 0xd9, 0xc3, 0x8c, 0xf3, 0x47, 0x3a, 0xf8, 0xfa, 0xe6, 0x03,
  0x20, 0x06, 0x7a, 0xfe, 0xf3, 0xc2, 0xc1, 0x01, 0x78, 0xe6, 0x3f, 0xd3,
  0xa8, 0x3a, 0xff, 0xff, 0x2f, 0x4f, 0xa2, 0x32, 0xff, 0xff, 0x5f, 0x78,
  0xd3, 0xa8, 0x7b, 0x32, 0xc5, 0xfc, 0x78, 0xc5, 0x21, 0xa6, 0x02, 0xe5,
  0xf5, 0xa2, 0xd9, 0xc3, 0x8c, 0xf3, 0xf3, 0xd9, 0x08, 0xc1, 0x78, 0xe6,
  0x3f, 0xd3, 0xa8, 0x79, 0x32, 0xff, 0xff, 0x78, 0xd3, 0xa8, 0x79, 0x32,
  0xc5, 0xfc, 0x08, 0xd9, 0xc9, 0xcd, 0xdd, 0x02, 0xfa, 0xca, 0x02, 0xdb,
  0xa8, 0xa1, 0xb0, 0xd3, 0xa8, 0xc9, 0xe5, 0xcd, 0x02, 0x03, 0x4f, 0x06,
  0x00, 0x7d, 0xa4, 0xb2, 0x21, 0xc5, 0xfc, 0x09, 0x77, 0xe1, 0x79, 0x18,
  0xe0, 0xf3, 0xf5, 0x7c, 0x07, 0x07, 0xe6, 0x03, 0x5f, 0x3e, 0xc0, 0x07,
  0x07, 0x1d, 0xf2, 0xe7, 0x02, 0x5f, 0x2f, 0x4f, 0xf1, 0xf5, 0xe6, 0x03,
  0x3c, 0x47, 0x3e, 0xab, 0xc6, 0x55, 0x10, 0xfc, 0x57, 0xa3, 0x47, 0xf1,
  0xa7, 0xc9, 0xf5, 0x7a, 0xe6, 0xc0, 0x4f, 0xf1, 0xf5, 0x57, 0xdb, 0xa8,
  0x47, 0xe6, 0x3f, 0xb1, 0xd3, 0xa8, 0x7a, 0x0f, 0x0f, 0xe6, 0x03, 0x57,
  0x3e, 0xab, 0xc6, 0x55, 0x15, 0xf2, 0x1a, 0x03, 0xa3, 0x57, 0x7b, 0x2f,
  0x67, 0x3a, 0xff, 0xff, 0x2f, 0x6f, 0xa4, 0xb2, 0x32, 0xff, 0xff, 0x78,
  0xd3, 0xa8, 0xf1, 0xe6, 0x03, 0xc9, 0x21, 0xf6, 0x29, 0x11, 0xdf, 0xf3,
  0x01, 0x08, 0x00, 0xed, 0xb0, 0x11, 0xe7, 0xff, 0x01, 0x10, 0x00, 0xed,
  0xb0, 0xaf, 0x32, 0xf5, 0xfa, 0x32, 0xf6, 0xfa, 0xcd, 0x12, 0x05, 0x32,
  0xf8, 0xfa, 0x67, 0x2e, 0xf7, 0x22, 0xfd, 0xfe, 0x21, 0x9c, 0x3d, 0x22,
  0xff, 0xfe, 0x3a, 0xc1, 0xfc, 0x32, 0xf7, 0xff, 0x3e, 0x2c, 0x32, 0xff,
  0xfa, 0x3e, 0x26, 0x32, 0x01, 0xfb, 0x3e, 0xd3, 0xd3, 0xf7, 0xcd, 0xf3,
  0x36, 0xaf, 0x0e, 0xff, 0xd3, 0xd8, 0x3e, 0x02, 0xd3, 0xd9, 0x21, 0x0a,
  0x05, 0x06, 0x08, 0xdb, 0xd9, 0xbe, 0x20, 0x05, 0x23, 0x10, 0xf8, 0xcb,
  0x81, 0xdb, 0xc0, 0xfe, 0xff, 0x28, 0x02, 0xcb, 0x91, 0xdb, 0xf7, 0xe6,
  0x77, 0xfe, 0x77, 0x28, 0x02, 0xcb, 0x99, 0xdb, 0xc8, 0xfe, 0xff, 0x28,
  0x02, 0xcb, 0xa1, 0xaf, 0xd3, 0x81, 0xf5, 0xf1, 0xd3, 0x81, 0xf5, 0xf1,
  0xd3, 0x81, 0xf5, 0xf1, 0x3e, 0x40, 0xd3, 0x81, 0xe3, 0xe3, 0xdb, 0x81,
  0xe6, 0x3f, 0xfe, 0x05, 0x20, 0x02, 0xcb, 0xa9, 0xdb, 0xbb, 0xfe, 0xff,
  0x28, 0x02, 0xcb, 0xb1, 0x79, 0xd3, 0xf5, 0xcd, 0xf7, 0x1c, 0x06, 0x00,
  0xcd, 0xd2, 0x1c, 0xfe, 0x0a, 0x28, 0x03, 0xcd, 0x31, 0x04, 0xcd, 0xf7,
  0x1c, 0x06, 0x03, 0xcd, 0xd2, 0x1c, 0xe6, 0x01, 0xf5, 0xcd, 0xdb, 0x1c,
  0xc1, 0xfe, 0x51, 0xd2, 0xdf, 0x03, 0xb7, 0xca, 0xdf, 0x03, 0x05, 0x20,
  0x05, 0xfe, 0x21, 0xd2, 0xdf, 0x03, 0xcd, 0xf7, 0x1c, 0x06, 0x01, 0xcd,
  0xd2, 0x1c, 0x57, 0xcd, 0xd2, 0x1c, 0x5f, 0xcd, 0xf8, 0x17, 0xcd, 0x0e,
  0x2a, 0x06, 0x02, 0x21, 0x00, 0x00, 0x2b, 0x7d, 0xb4, 0x20, 0xfb, 0x10,
  0xf9, 0xcd, 0x3c, 0x06, 0xaf, 0x01, 0x00, 0x40, 0xcd, 0x77, 0x09, 0xcd,
  0x1a, 0x0a, 0xc3, 0x9f, 0x0f, 0x21, 0x1c, 0x37, 0x0e, 0x02, 0x06, 0x0d,
  0x3e, 0x04, 0x91, 0xcd, 0x59, 0x1a, 0x06, 0x0d, 0x3e, 0x0d, 0x90, 0xd3,
  0xb4, 0x7e, 0x23, 0xfe, 0xff, 0x20, 0x02, 0x2b, 0xaf, 0xd3, 0xb5, 0x10,
  0xef, 0x0d, 0x20, 0xe2, 0x06, 0x0d, 0x3e, 0x08, 0xcd, 0x59, 0x1a, 0xaf,
  0xcd, 0x59, 0x1a, 0x3e, 0x0d, 0xcd, 0x59, 0x1a, 0x3e, 0x01, 0xcd, 0xf9,
  0x1c, 0x06, 0x0a, 0x3e, 0x01, 0xc3, 0x59, 0x1a, 0x37, 0xcd, 0x81, 0x04,
  0x21, 0xf2, 0x7e, 0xcd, 0xf6, 0x05, 0x21, 0xe4, 0x7e, 0xc3, 0xf6, 0x05,
  0xaf, 0xf5, 0xcd, 0xf7, 0x1c, 0x06, 0x03, 0xcd, 0xd2, 0x1c, 0x4f, 0xe6,
  0x01, 0xd1, 0xf5, 0xd5, 0xc5, 0x79, 0x07, 0x07, 0xe6, 0x08, 0x4f, 0x3a,
  0xe8, 0xff, 0xe6, 0xf7, 0xb1, 0x47, 0x0e, 0x09, 0xcd, 0x47, 0x06, 0xc1,
  0xcd, 0xdb, 0x1c, 0x5f, 0xf1, 0xd5, 0xf5, 0xcd, 0xd2, 0x1c, 0x32, 0xe9,
  0xf3, 0x32, 0xf2, 0xf3, 0xcd, 0xd2, 0x1c, 0x32, 0xea, 0xf3, 0xcd, 0xd2,
  0x1c, 0x32, 0xeb, 0xf3, 0xcd, 0xd2, 0x1c, 0x4f, 0xcb, 0x09, 0x9f, 0x47,
  0xf1, 0x30, 0x01, 0x78, 0x32, 0xde, 0xf3, 0xcb, 0x09, 0x9f, 0x32, 0xdb,
  0xf3, 0xcb, 0x49, 0xc5, 0x01, 0x05, 0x00, 0x21, 0xfc, 0xf3, 0x28, 0x03,
  0x21, 0x01, 0xf4, 0x11, 0x06, 0xf4, 0xed, 0xb0, 0xc1, 0xcb, 0x09, 0x9f,
  0x32, 0x17, 0xf4, 0xd1, 0xf1, 0x32, 0xb0, 0xfc, 0x32, 0xaf, 0xfc, 0xd5,
  0xcd, 0xbf, 0x09, 0xd1, 0xc3, 0xff, 0x1f, 0x0a, 0x00, 0x00, 0x01, 0x0d,
  0x01, 0x0f, 0x04, 0x07, 0x03, 0xff, 0x00, 0x40, 0x20, 0x10, 0x08, 0x04,
  0x02, 0x01, 0xc5, 0xe5, 0xdb, 0xa8, 0xe6, 0x03, 0x4f, 0x06, 0x00, 0x21,
  0xc1, 0xfc, 0x09, 0xb6, 0x4f, 0x23, 0x23, 0x23, 0x23, 0x7e, 0xe6, 0x03,
  0x07, 0x07, 0xb1, 0xe1, 0xc1, 0xc9, 0xdd, 0x21, 0x6b, 0x6e, 0x18, 0x2e,
  0xdd, 0x21, 0x86, 0x6e, 0x18, 0x28, 0xdd, 0x21, 0x6e, 0x6e, 0x18, 0x22,
  0xdd, 0x21, 0x55, 0x40, 0x18, 0x1c, 0xdd, 0x21, 0x5a, 0x47, 0x18, 0x16,
  0xdd, 0x21, 0x6a, 0x40, 0x18, 0x10, 0xdd, 0x21, 0x6d, 0x40, 0x18, 0x0a,
  0xdd, 0x21, 0x75, 0x62, 0x18, 0x04, 0xdd, 0x21, 0x74, 0x6e, 0xc3, 0x18,
  0x06, 0xdd, 0x21, 0x9f, 0x00, 0x18, 0x22, 0xdd, 0x21, 0x90, 0x00, 0x18,
  0x1c, 0xdd, 0x21, 0xc9, 0x00, 0x18, 0x16, 0xdd, 0x21, 0x18, 0x00, 0x18,
  0x10, 0xdd, 0x21, 0x0c, 0x00, 0x18, 0x0a, 0xdd, 0x21, 0x14, 0x00, 0x18,
  0x04, 0xdd, 0x21, 0xbd, 0x00, 0xc3, 0x58, 0x02, 0xdd, 0x21, 0x41, 0x01,
  0x18, 0xf7, 0xdd, 0x21, 0x68, 0x01, 0x18, 0xf1, 0xdd, 0x21, 0x9c, 0x57,
  0x18, 0x76, 0xdd, 0x21, 0xab, 0x57, 0x18, 0x70, 0xdd, 0x21, 0x28, 0x73,
  0x18, 0x46, 0xdd, 0x21, 0x23, 0x73, 0x18, 0x40, 0xdd, 0x21, 0x39, 0x54,
  0x18, 0x3a, 0xdd, 0x21, 0x0e, 0x6a, 0x18, 0x34, 0xdd, 0x21, 0x24, 0x6b,
  0x18, 0x2e, 0xdd, 0x21, 0x6f, 0x40, 0x18, 0x28, 0xdd, 0x21, 0x12, 0x34,
  0x18, 0x22, 0xdd, 0x21, 0x58, 0x30, 0x18, 0x1c, 0xdd, 0x21, 0xa4, 0x5e,
  0x18, 0x16, 0xdd, 0x21, 0x36, 0x32, 0x18, 0x10, 0xdd, 0x21, 0xcf, 0x4f,
  0x18, 0x0a, 0xdd, 0x21, 0x27, 0x66, 0x18, 0x04, 0xdd, 0x21, 0x92, 0x2f,
  0x18, 0x22, 0xdd, 0x21, 0x78, 0x66, 0x18, 0xf8, 0xdd, 0x21, 0x64, 0x4c,
  0x18, 0x16, 0xdd, 0x21, 0x2f, 0x54, 0x18, 0x10, 0xdd, 0x21, 0x0f, 0x52,
  0x18, 0x0a, 0xdd, 0x21, 0x1c, 0x52, 0x18, 0x04, 0xdd, 0x21, 0xd0, 0x67,
  0xcd, 0x62, 0x02, 0xfb, 0xc9, 0x32, 0xde, 0xf3, 0x3a, 0xaf, 0xfc, 0xfe,
  0x02, 0xc9, 0x3a, 0xaf, 0xfc, 0xfe, 0x04, 0xc9, 0x3a, 0xaf, 0xfc, 0xfe,
  0x05, 0xc9, 0xcd, 0x34, 0x10, 0x3a, 0xe0, 0xf3, 0xf6, 0x60, 0x18, 0x08,
  0xcd, 0x34, 0x10, 0x3a, 0xe0, 0xf3, 0xe6, 0x3f, 0x47, 0x0e, 0x01, 0xed,
  0x57, 0xf5, 0xe5, 0x79, 0xa7, 0x20, 0x31, 0x78, 0x21, 0xdf, 0xf3, 0xae,
  0xe6, 0x01, 0x28, 0x28, 0x21, 0xe8, 0xff, 0x7e, 0xe6, 0xcf, 0x77, 0x78,
  0xe6, 0x01, 0x0f, 0x0f, 0x0f, 0x0f, 0xb6, 0xc5, 0x47, 0x0e, 0x09, 0x21,
  0xf7, 0xfa, 0x7e, 0xe6, 0x3f, 0x77, 0x78, 0x07, 0x07, 0x2f, 0xe6, 0xc0,
  0xb6, 0xd3, 0xf7, 0x77, 0xcd, 0x47, 0x06, 0xc1, 0x78, 0xf3, 0xd3, 0x99,
  0x79, 0xf6, 0x80, 0xd3, 0x99, 0xc5, 0xd5, 0x50, 0x79, 0x06, 0x00, 0xfe,
  0x08, 0x30, 0x05, 0x21, 0xdf, 0xf3, 0x18, 0x07, 0xfe, 0x18, 0x30, 0x05,
  0x21, 0xdf, 0xff, 0x09, 0x72, 0xd1, 0xc1, 0xe1, 0xf1, 0xe0, 0xfb, 0xc9,
  0x3a, 0xaf, 0xfc, 0xf5, 0xc5, 0xd5, 0xe5, 0xf3, 0x21, 0xb8, 0x06, 0xcd,
  0xc9, 0x09, 0x18, 0x38, 0x42, 0x0b, 0x9c, 0x0b, 0xd2, 0x0b, 0x22, 0x0c,
  0xd9, 0x0b, 0x56, 0x0c, 0x80, 0x0c, 0x97, 0x0c, 0xc7, 0x0c, 0xf5, 0xc5,
  0xd5, 0xe5, 0xf3, 0xaf, 0xd3, 0x99, 0x3e, 0x91, 0xd3, 0x99, 0xcd, 0x34,
  0x10, 0x21, 0xdf, 0xf3, 0x06, 0x08, 0x7e, 0x23, 0xd3, 0x9b, 0x10, 0xfa,
  0x21, 0xe7, 0xff, 0x06, 0x10, 0x7e, 0x23, 0xd3, 0x9b, 0x10, 0xfa, 0xfb,
  0xe1, 0xd1, 0xc1, 0xf1, 0xc9, 0xcd, 0x01, 0x07, 0xe5, 0x21, 0x00, 0x00,
  0xcd, 0xe3, 0x08, 0xe1, 0xc9, 0x3a, 0xe0, 0xf3, 0x47, 0x0e, 0x01, 0xcd,
  0x47, 0x06, 0x2a, 0x26, 0xf9, 0x01, 0x00, 0x08, 0xaf, 0xcd, 0x77, 0x09,
  0x3a, 0xe9, 0xf3, 0x5f, 0x2a, 0x28, 0xf9, 0x01, 0x00, 0x20, 0xcd, 0x26,
  0x06, 0x3e, 0xd1, 0x38, 0x02, 0x3e, 0xd9, 0xcd, 0xcb, 0x08, 0x23, 0x23,
  0x79, 0xcd, 0xcb, 0x08, 0x23, 0x0c, 0x3a, 0xe0, 0xf3, 0x0f, 0x0f, 0x30,
  0x03, 0x0c, 0x0c, 0x0c, 0x7b, 0xcd, 0xcb, 0x08, 0x23, 0x10, 0xdb, 0xcd,
  0x26, 0x06, 0xd8, 0x2a, 0x28, 0xf9, 0x01, 0x00, 0x02, 0xed, 0x42, 0x3a,
  0xe9, 0xf3, 0xc3, 0x77, 0x09, 0x6f, 0x26, 0x00, 0x29, 0x29, 0x29, 0xcd,
  0x7f, 0x07, 0xfe, 0x08, 0x28, 0x02, 0x29, 0x29, 0xeb, 0x2a, 0x26, 0xf9,
  0x19, 0xc9, 0x6f, 0x26, 0x00, 0x29, 0x29, 0xeb, 0x2a, 0x28, 0xf9, 0x19,
  0xc9, 0x87, 0x87, 0xcd, 0x6a, 0x07, 0x11, 0x00, 0xfe, 0x19, 0xc9, 0x3a,
  0xe0, 0xf3, 0x0f, 0x0f, 0x3e, 0x08, 0xd0, 0x3e, 0x20, 0xc9, 0xcd, 0xc7,
  0xfd, 0x2a, 0x24, 0xf9, 0xcd, 0xe3, 0x08, 0x3a, 0x1f, 0xf9, 0x2a, 0x20,
  0xf9, 0x01, 0x00, 0x08, 0xf5, 0xf1, 0xf5, 0xc5, 0xf3, 0xcd, 0x7d, 0x05,
  0xfb, 0xc1, 0xd3, 0x98, 0x23, 0x0b, 0x79, 0xb0, 0x20, 0xef, 0xf1, 0xc9,
  0xcd, 0xf1, 0x08, 0x79, 0xb7, 0x78, 0x41, 0x0e, 0x98, 0xeb, 0x28, 0x01,
  0x3c, 0xed, 0xb2, 0x3d, 0x20, 0xfb, 0xeb, 0xc9, 0xeb, 0xcd, 0xe3, 0x08,
  0xeb, 0x79, 0xb7, 0x78, 0x41, 0x0e, 0x98, 0x28, 0x01, 0x3c, 0xed, 0xb3,
  0x3d, 0x20, 0xfb, 0xeb, 0xc9, 0x26, 0x00, 0x6f, 0x29, 0x29, 0x29, 0xeb,
  0x2a, 0x20, 0xf9, 0x19, 0x11, 0x40, 0xfc, 0x06, 0x08, 0x3a, 0x1f, 0xf9,
  0xf5, 0xe5, 0xd5, 0xc5, 0xcd, 0x7d, 0x05, 0xfb, 0xc1, 0xd1, 0xe1, 0x12,
  0x13, 0x23, 0xf1, 0x10, 0xef, 0xc9, 0xcd, 0x26, 0x06, 0xca, 0x95, 0x08,
  0x30, 0x0b, 0xcd, 0x20, 0x06, 0xca, 0x95, 0x08, 0xd2, 0xad, 0x08, 0x18,
  0x53, 0xf5, 0xc5, 0xd5, 0xe5, 0xcd, 0x80, 0x29, 0x3a, 0xea, 0xf3, 0xcd,
  0x4b, 0x08, 0xcd, 0xeb, 0x29, 0xaf, 0x67, 0x6f, 0xcd, 0xa5, 0x29, 0xaf,
  0xcd, 0xdb, 0x29, 0x3a, 0xaf, 0xfc, 0xe6, 0x02, 0x11, 0x00, 0x01, 0x28,
  0x03, 0x11, 0x00, 0x02, 0x21, 0xd4, 0x00, 0xcd, 0xc4, 0x29, 0x3e, 0xc0,
  0xcd, 0xe3, 0x29, 0xcd, 0x80, 0x29, 0xe1, 0xd1, 0xc1, 0xf1, 0xc9, 0x47,
  0x3a, 0xaf, 0xfc, 0xfe, 0x08, 0x78, 0xc8, 0x07, 0x07, 0x07, 0x07, 0xb0,
  0x47, 0x3a, 0xaf, 0xfc, 0xfe, 0x06, 0x78, 0xc0, 0x0f, 0x0f, 0xb0, 0xc9,
  0x3a, 0xaf, 0xfc, 0xa7, 0x2a, 0x22, 0xf9, 0x20, 0x11, 0x3a, 0xb0, 0xf3,
  0xfe, 0x29, 0x30, 0x05, 0x01, 0xc0, 0x03, 0x18, 0x08, 0x01, 0x80, 0x07,
  0x18, 0x03, 0x01, 0x00, 0x03, 0x3e, 0x20, 0xcd, 0x77, 0x09, 0xcd, 0xc1,
  0x08, 0x21, 0xb2, 0xfb, 0x06, 0x18, 0x70, 0x23, 0x10, 0xfc, 0xc3, 0x71,
  0x05, 0xcd, 0x9c, 0x09, 0x01, 0x00, 0x18, 0xc5, 0x2a, 0xc9, 0xf3, 0x3a,
  0xea, 0xf3, 0xcd, 0x77, 0x09, 0x2a, 0xcb, 0xf3, 0xc1, 0xaf, 0xc3, 0x77,
  0x09, 0xcd, 0x9c, 0x09, 0x21, 0xea, 0xf3, 0x7e, 0x87, 0x87, 0x87, 0x87,
  0xb6, 0x2a, 0xd5, 0xf3, 0x01, 0x00, 0x06, 0x18, 0xe9, 0x21, 0x01, 0x01,
  0x22, 0xdc, 0xf3, 0xc9, 0xcd, 0xdc, 0x08, 0xf5, 0xcd, 0xe3, 0x08, 0xf1,
  0xd3, 0x98, 0xc9, 0xcd, 0xdc, 0x08, 0xcd, 0xf1, 0x08, 0xdb, 0x98, 0xc9,
  0xf5, 0x7c, 0xe6, 0x3f, 0x67, 0xf1, 0xc9, 0xc5, 0xd5, 0xe5, 0xeb, 0xcd,
  0x14, 0x09, 0x7c, 0xe6, 0x3f, 0xf6, 0x40, 0x18, 0x0a, 0xc5, 0xd5, 0xe5,
  0xeb, 0xcd, 0x14, 0x09, 0x7c, 0xe6, 0x3f, 0xf5, 0x7c, 0xe6, 0xc0, 0xb2,
  0x07, 0x07, 0xf3, 0xd3, 0x99, 0x3e, 0x8e, 0xd3, 0x99, 0x7d, 0xd3, 0x99,
  0xf1, 0xd3, 0x99, 0xfb, 0xe1, 0xd1, 0xc1, 0xc9, 0x3a, 0xaf, 0xfc, 0x4f,
  0x3a, 0xf6, 0xfa, 0xa7, 0x21, 0x25, 0x09, 0xc2, 0xca, 0x09, 0xeb, 0x57,
  0xc9, 0x37, 0x09, 0x45, 0x09, 0x45, 0x09, 0x45, 0x09, 0x45, 0x09, 0x44,
  0x09, 0x44, 0x09, 0x43, 0x09, 0x43, 0x09, 0x3a, 0xb0, 0xf3, 0xfe, 0x29,
  0x3a, 0xf6, 0xfa, 0x38, 0x06, 0x18, 0x03, 0x87, 0x87, 0x87, 0x87, 0x87,
  0x87, 0x87, 0x87, 0x67, 0x3e, 0x00, 0x6f, 0x8f, 0x19, 0x57, 0xc9, 0xcd,
  0x2c, 0x06, 0xd2, 0x97, 0x09, 0xcd, 0xa5, 0x09, 0x3d, 0xfa, 0x8a, 0x09,
  0xf5, 0xcd, 0x9c, 0x09, 0xf1, 0xc0, 0x21, 0xea, 0xf3, 0x3a, 0xe9, 0xf3,
  0x87, 0x87, 0x87, 0x87, 0xb6, 0x2a, 0xbf, 0xf3, 0x01, 0x20, 0x00, 0xf5,
  0xcd, 0xe3, 0x08, 0x79, 0xb7, 0x28, 0x01, 0x04, 0xf1, 0xd3, 0x98, 0x0d,
  0xc2, 0x81, 0x09, 0x10, 0xf8, 0xc9, 0x21, 0xea, 0xf3, 0x3a, 0xe9, 0xf3,
  0x87, 0x87, 0x87, 0x87, 0xb6, 0x18, 0x08, 0xfe, 0x08, 0xc4, 0xa5, 0x09,
  0x3a, 0xeb, 0xf3, 0x47, 0x0e, 0x07, 0xc3, 0x47, 0x06, 0xf5, 0x3a, 0xea,
  0xf3, 0xe6, 0x0f, 0x32, 0xea, 0xf3, 0x3a, 0xe9, 0xf3, 0xe6, 0x0f, 0x32,
  0xe9, 0xf3, 0xf1, 0xc9, 0xc0, 0xe5, 0xcd, 0xfe, 0x07, 0xe1, 0xc9, 0x21,
  0x9f, 0x0f, 0xe5, 0xfe, 0x09, 0xd0, 0x21, 0xd3, 0x09, 0x4f, 0x06, 0x00,
  0x09, 0x09, 0x4e, 0x23, 0x66, 0x69, 0xe9, 0xe5, 0x09, 0x1a, 0x0a, 0x48,
  0x0a, 0x98, 0x0a, 0x71, 0x0a, 0xd6, 0x0a, 0xe3, 0x0a, 0xf0, 0x0a, 0xfd,
  0x0a, 0xaf, 0x32, 0xb0, 0xfc, 0xcd, 0x22, 0x0b, 0x3a, 0xae, 0xf3, 0x32,
  0xb0, 0xf3, 0x21, 0x00, 0x08, 0x22, 0xb5, 0xf3, 0x2a, 0xb3, 0xf3, 0x22,
  0x22, 0xf9, 0x2a, 0xb7, 0xf3, 0xfe, 0x29, 0x38, 0x03, 0x21, 0x00, 0x10,
  0x22, 0x24, 0xf9, 0xcd, 0x42, 0x0b, 0xcd, 0x53, 0x09, 0xcd, 0x64, 0x08,
  0xcd, 0x8a, 0x07, 0xc3, 0x32, 0x06, 0x3e, 0x01, 0x32, 0xb0, 0xfc, 0xcd,
  0x22, 0x0b, 0x3a, 0xaf, 0xf3, 0x32, 0xb0, 0xf3, 0x2a, 0xbd, 0xf3, 0x22,
  0x22, 0xf9, 0x2a, 0xc1, 0xf3, 0x22, 0x24, 0xf9, 0x2a, 0xc5, 0xf3, 0x22,
  0x26, 0xf9, 0x2a, 0xc3, 0xf3, 0x22, 0x28, 0xf9, 0xcd, 0x9c, 0x0b, 0xcd,
  0x14, 0x07, 0x18, 0xc6, 0x3e, 0x02, 0xcd, 0x22, 0x0b, 0x2a, 0xcd, 0xf3,
  0xcd, 0x82, 0x0a, 0xe5, 0xcd, 0xd2, 0x0b, 0xe1, 0xcd, 0xe3, 0x08, 0xaf,
  0x06, 0x03, 0xd3, 0x98, 0x3c, 0x20, 0xfb, 0x10, 0xf9, 0xcd, 0x95, 0x08,
  0xcd, 0x53, 0x09, 0xcd, 0x14, 0x07, 0xc3, 0x32, 0x06, 0x3e, 0x04, 0xcd,
  0x22, 0x0b, 0x21, 0x00, 0x1e, 0xcd, 0x82, 0x0a, 0xe5, 0xcd, 0xd9, 0x0b,
  0x18, 0xd5, 0x22, 0x28, 0xf9, 0x2a, 0xcf, 0xf3, 0x22, 0x26, 0xf9, 0x2a,
  0xcb, 0xf3, 0x22, 0x24, 0xf9, 0x2a, 0xc7, 0xf3, 0x22, 0x22, 0xf9, 0xc9,
  0x3e, 0x03, 0xcd, 0x22, 0x0b, 0x2a, 0xd9, 0xf3, 0x22, 0x26, 0xf9, 0x2a,
  0xd7, 0xf3, 0x22, 0x28, 0xf9, 0x2a, 0xd5, 0xf3, 0x22, 0x24, 0xf9, 0x2a,
  0xd1, 0xf3, 0x22, 0x22, 0xf9, 0xe5, 0xcd, 0x22, 0x0c, 0xe1, 0xcd, 0xe3,
  0x08, 0x11, 0x06, 0x00, 0x0e, 0x04, 0x7a, 0x06, 0x20, 0xd3, 0x98, 0x3c,
  0x10, 0xfb, 0x0d, 0x20, 0xf5, 0x57, 0x1d, 0x20, 0xef, 0xcd, 0xad, 0x08,
  0x18, 0x92, 0x3e, 0x05, 0x11, 0x76, 0x78, 0xcd, 0x14, 0x0b, 0xcd, 0x56,
  0x0c, 0x18, 0x25, 0x3e, 0x06, 0x11, 0x76, 0x78, 0xcd, 0x14, 0x0b, 0xcd,
  0x80, 0x0c, 0x18, 0x18, 0x3e, 0x07, 0x11, 0xfa, 0xf0, 0xcd, 0x14, 0x0b,
  0xcd, 0x97, 0x0c, 0x18, 0x0b, 0x3e, 0x08, 0x11, 0xfa, 0xf0, 0xcd, 0x14,
  0x0b, 0xcd, 0xc7, 0x0c, 0xcd, 0x53, 0x09, 0xcd, 0x11, 0x08, 0xcd, 0x14,
  0x07, 0xc3, 0x32, 0x06, 0x2e, 0x00, 0x62, 0x22, 0x26, 0xf9, 0x63, 0x22,
  0x28, 0xf9, 0x65, 0x22, 0x22, 0xf9, 0x32, 0xaf, 0xfc, 0xaf, 0x32, 0xf5,
  0xfa, 0x32, 0xf6, 0xfa, 0x21, 0x00, 0x01, 0x22, 0x0b, 0xf4, 0x22, 0x0d,
  0xf4, 0xcd, 0x80, 0x29, 0xcd, 0x3c, 0x06, 0x06, 0x00, 0x0e, 0x17, 0xc3,
  0x47, 0x06, 0xcd, 0x2d, 0x0d, 0x3a, 0xb0, 0xf3, 0xfe, 0x29, 0x06, 0x00,
  0x38, 0x02, 0x06, 0x04, 0x0e, 0x10, 0xcd, 0x3f, 0x0d, 0x3a, 0xb0, 0xf3,
  0xfe, 0x29, 0x3a, 0xf5, 0xfa, 0x30, 0x13, 0x87, 0x2a, 0xb7, 0xf3, 0x06,
  0x00, 0xcd, 0xe6, 0x0c, 0x87, 0x2a, 0xb3, 0xf3, 0xcd, 0xda, 0x0c, 0xc3,
  0xca, 0x06, 0x3a, 0xf5, 0xfa, 0xf5, 0x87, 0x87, 0x06, 0x00, 0x2a, 0x24,
  0xf9, 0xcd, 0xe6, 0x0c, 0x87, 0x06, 0x03, 0x2a, 0xb3, 0xf3, 0xcd, 0xda,
  0x0c, 0xf1, 0x2a, 0xb5, 0xf3, 0x1e, 0x00, 0xcb, 0x3f, 0xcb, 0x1b, 0x57,
  0x06, 0x07, 0xcd, 0xf4, 0x0c, 0xc3, 0xca, 0x06, 0xcd, 0x2d, 0x0d, 0x01,
  0x00, 0x00, 0xcd, 0x3f, 0x0d, 0x3a, 0xf5, 0xfa, 0x4f, 0x06, 0x00, 0x2a,
  0xc1, 0xf3, 0x87, 0x87, 0x87, 0xcd, 0xe6, 0x0c, 0x2a, 0xc5, 0xf3, 0xcd,
  0x20, 0x0d, 0x2a, 0xbd, 0xf3, 0x87, 0xcd, 0xda, 0x0c, 0x58, 0x51, 0x2a,
  0xbf, 0xf3, 0xcd, 0xf4, 0x0c, 0xcb, 0x3a, 0xcb, 0x1b, 0x2a, 0xc3, 0xf3,
  0x18, 0x4a, 0xaf, 0xf5, 0x01, 0x00, 0x02, 0x18, 0x07, 0x3e, 0x03, 0xb7,
  0xf5, 0x01, 0x00, 0x04, 0xcd, 0x3f, 0x0d, 0xcd, 0x2d, 0x0d, 0x3a, 0xf5,
  0xfa, 0x4f, 0x06, 0x03, 0x2a, 0xcb, 0xf3, 0x87, 0x87, 0x87, 0xcd, 0xe6,
  0x0c, 0x2a, 0xcf, 0xf3, 0xcd, 0x20, 0x0d, 0x2a, 0xc7, 0xf3, 0x87, 0x06,
  0x00, 0xcd, 0xda, 0x0c, 0x58, 0x51, 0x06, 0x7f, 0x2a, 0xc9, 0xf3, 0xcd,
  0xf4, 0x0c, 0xcb, 0x3a, 0xcb, 0x1b, 0xf1, 0x47, 0x2a, 0xcd, 0xf3, 0x28,
  0x03, 0x2a, 0x28, 0xf9, 0xcd, 0x0b, 0x0d, 0xc3, 0xca, 0x06, 0xcd, 0x2d,
  0x0d, 0x01, 0x08, 0x00, 0xcd, 0x3f, 0x0d, 0x3a, 0xf5, 0xfa, 0x4f, 0x06,
  0x00, 0x2a, 0xd5, 0xf3, 0x87, 0x87, 0x87, 0xcd, 0xe6, 0x0c, 0x2a, 0xd9,
  0xf3, 0xcd, 0x20, 0x0d, 0x2a, 0xd1, 0xf3, 0x87, 0x06, 0x00, 0xcd, 0xda,
  0x0c, 0x58, 0x51, 0xcb, 0x3a, 0xcb, 0x1b, 0x06, 0x00, 0x2a, 0xd7, 0xf3,
  0x18, 0xc6, 0xcd, 0x36, 0x0d, 0x01, 0x00, 0x06, 0xcd, 0x3f, 0x0d, 0x3a,
  0xf5, 0xfa, 0x4f, 0x06, 0x00, 0x87, 0x87, 0x87, 0x87, 0xcd, 0x1d, 0x0d,
  0x2a, 0x22, 0xf9, 0x87, 0x06, 0x1f, 0xcd, 0xda, 0x0c, 0x51, 0x1e, 0x00,
  0x06, 0x03, 0xcd, 0x08, 0x0d, 0xc3, 0xca, 0x06, 0xcd, 0x36, 0x0d, 0x01,
  0x00, 0x08, 0xcd, 0x3f, 0x0d, 0x21, 0x00, 0x02, 0x22, 0x0b, 0xf4, 0x21,
  0x80, 0x00, 0x22, 0x0d, 0xf4, 0x18, 0xc8, 0xcd, 0x36, 0x0d, 0x01, 0x00,
  0x0a, 0xcd, 0x3f, 0x0d, 0x21, 0x00, 0x02, 0x22, 0x0b, 0xf4, 0x21, 0x80,
  0x00, 0x22, 0x0d, 0xf4, 0x3a, 0xf5, 0xfa, 0x4f, 0x06, 0x00, 0x0f, 0x0f,
  0x0f, 0xe6, 0xe0, 0xcd, 0x1d, 0x0d, 0x2a, 0x22, 0xf9, 0x06, 0x1f, 0xcd,
  0xda, 0x0c, 0x79, 0x87, 0x57, 0x18, 0xaf, 0xcd, 0x36, 0x0d, 0x01, 0x00,
  0x0e, 0xcd, 0x3f, 0x0d, 0x3a, 0xe1, 0xf3, 0xcb, 0x3f, 0x32, 0xe1, 0xf3,
  0x18, 0xd2, 0x6f, 0xcb, 0x3c, 0xcb, 0x3c, 0x84, 0xb0, 0x32, 0xe1, 0xf3,
  0x7d, 0xc9, 0x6f, 0xcb, 0x3c, 0xcb, 0x3c, 0xcb, 0x3c, 0x84, 0xb0, 0x32,
  0xe3, 0xf3, 0x7d, 0xc9, 0xf5, 0xaf, 0x29, 0x8f, 0x29, 0x8f, 0x6c, 0x67,
  0x19, 0x7d, 0xb0, 0x32, 0xe2, 0xf3, 0x7c, 0x32, 0xe9, 0xff, 0xf1, 0xc9,
  0x2a, 0x28, 0xf9, 0xf5, 0xaf, 0x29, 0x8f, 0x6c, 0x67, 0x19, 0x7d, 0xb0,
  0x32, 0xe4, 0xf3, 0x7c, 0x32, 0xea, 0xff, 0xf1, 0xc9, 0x2a, 0x26, 0xf9,
  0x6f, 0xcb, 0x3c, 0xcb, 0x3c, 0xcb, 0x3c, 0x84, 0x32, 0xe5, 0xf3, 0x7d,
  0xc9, 0x3a, 0xe8, 0xff, 0xe6, 0x7f, 0x32, 0xe8, 0xff, 0xc9, 0x3a, 0xe8,
  0xff, 0xf6, 0x80, 0x32, 0xe8, 0xff, 0xc9, 0x3a, 0xdf, 0xf3, 0xe6, 0xf1,
  0xb0, 0x32, 0xdf, 0xf3, 0x3a, 0xe0, 0xf3, 0xe6, 0xe7, 0xb1, 0x32, 0xe0,
  0xf3, 0xc9, 0x3e, 0xff, 0xcd, 0x1d, 0x06, 0xd0, 0xe5, 0x3a, 0xdc, 0xf3,
  0x21, 0xb1, 0xf3, 0xbe, 0x3e, 0x0a, 0x20, 0x01, 0xdf, 0x3a, 0xeb, 0xfb,
  0x0f, 0x21, 0x7f, 0xf8, 0x3e, 0x01, 0x38, 0x04, 0x21, 0xcf, 0xf8, 0xaf,
  0x32, 0xcd, 0xfb, 0xcd, 0xe2, 0x0d, 0x0e, 0x05, 0x3a, 0xb0, 0xf3, 0xfe,
  0x29, 0x30, 0x1f, 0xcd, 0xf0, 0x0d, 0x38, 0x12, 0xc5, 0x0e, 0x00, 0xcd,
  0xfe, 0x0d, 0x10, 0xfb, 0x3e, 0x10, 0x91, 0x4f, 0x09, 0x13, 0xc1, 0x0d,
  0x20, 0xee, 0x2a, 0xb1, 0xf3, 0xcd, 0xd7, 0x0e, 0xe1, 0xc9, 0xf5, 0xcd,
  0xf0, 0x0d, 0xf1, 0xd6, 0x28, 0xc5, 0x0e, 0x00, 0x08, 0xcd, 0xfe, 0x0d,
  0x08, 0x3d, 0xcc, 0xd2, 0x0d, 0x10, 0xf5, 0x3d, 0x20, 0x04, 0xcd, 0xd2,
  0x0d, 0x1b, 0x08, 0x3e, 0x10, 0x91, 0x4f, 0x09, 0x08, 0x13, 0xc1, 0x0d,
  0x20, 0xdf, 0x2a, 0xb1, 0xf3, 0xcd, 0xf2, 0x0e, 0xe1, 0xc9, 0xc5, 0xe5,
  0x2a, 0xb1, 0xf3, 0xcd, 0xd8, 0x0e, 0xcd, 0xe2, 0x0d, 0xe1, 0xc1, 0x3e,
  0xff, 0xc9, 0x11, 0x18, 0xfc, 0xd5, 0x06, 0x28, 0x3e, 0x20, 0x12, 0x13,
  0x10, 0xfc, 0xd1, 0xc9, 0xd6, 0x04, 0xd8, 0x06, 0xff, 0x04, 0xd6, 0x05,
  0x30, 0xfb, 0x78, 0xd6, 0x01, 0xc9, 0x7e, 0x23, 0x0c, 0xcd, 0xa5, 0x12,
  0x30, 0xf8, 0x20, 0x04, 0xfe, 0x20, 0x38, 0x01, 0x12, 0x13, 0xc9, 0xcd,
  0x00, 0x0f, 0x95, 0xd8, 0xca, 0xa9, 0x0e, 0xe5, 0xf5, 0x4f, 0x06, 0x00,
  0xcd, 0x0a, 0x0f, 0x6b, 0x62, 0x23, 0xed, 0xb0, 0x21, 0xca, 0xfb, 0x35,
  0xf1, 0xe1, 0xf5, 0x3a, 0xb0, 0xf3, 0xfe, 0x29, 0x30, 0x11, 0xf1, 0xf5,
  0x2c, 0xcd, 0xae, 0x0e, 0x2d, 0xcd, 0xd7, 0x0e, 0x2c, 0xf1, 0x3d, 0x20,
  0xf2, 0x18, 0x17, 0xf1, 0xf5, 0x2c, 0xcd, 0xaf, 0x0e, 0x2d, 0xcd, 0xd8,
  0x0e, 0x2c, 0xcd, 0xc8, 0x0e, 0x2d, 0xcd, 0xf2, 0x0e, 0x2c, 0xf1, 0x3d,
  0x20, 0xea, 0xc3, 0xa9, 0x0e, 0xcd, 0x00, 0x0f, 0x67, 0x95, 0xd8, 0xca,
  0xa9, 0x0e, 0x6c, 0xe5, 0xf5, 0x4f, 0x06, 0x00, 0xcd, 0x0a, 0x0f, 0x6b,
  0x62, 0xe5, 0x2b, 0xed, 0xb8, 0xe1, 0x74, 0xf1, 0xe1, 0xf5, 0x3a, 0xb0,
  0xf3, 0xfe, 0x29, 0x30, 0x11, 0xf1, 0xf5, 0x2d, 0xcd, 0xae, 0x0e, 0x2c,
  0xcd, 0xd7, 0x0e, 0x2d, 0xf1, 0x3d, 0x20, 0xf2, 0x18, 0x17, 0xf1, 0xf5,
  0x2d, 0xcd, 0xaf, 0x0e, 0x2c, 0xcd, 0xd8, 0x0e, 0x2d, 0xcd, 0xc8, 0x0e,
  0x2c, 0xcd, 0xf2, 0x0e, 0x2d, 0xf1, 0x3d, 0x20, 0xea, 0x26, 0x01, 0xc3,
  0x96, 0x05, 0xf6, 0xaf, 0xe5, 0xf5, 0x26, 0x01, 0xcd, 0x35, 0x0f, 0xf1,
  0x3a, 0xb0, 0xf3, 0x20, 0x02, 0xd6, 0x28, 0x47, 0x11, 0x18, 0xfc, 0xcd,
  0x22, 0x0f, 0xe1, 0xc9, 0xe5, 0x3a, 0xb0, 0xf3, 0xd6, 0x28, 0x3c, 0x67,
  0xcd, 0x35, 0x0f, 0x06, 0x28, 0x18, 0xe9, 0xf6, 0xaf, 0xe5, 0xf5, 0x26,
  0x01, 0xcd, 0x35, 0x0f, 0xf1, 0x3a, 0xb0, 0xf3, 0x20, 0x02, 0xd6, 0x28,
  0x47, 0xeb, 0x21, 0x18, 0xfc, 0xcd, 0x2b, 0x0f, 0xe1, 0xc9, 0xe5, 0x3a,
  0xb0, 0xf3, 0xd6, 0x27, 0x67, 0xcd, 0x35, 0x0f, 0x06, 0x28, 0x18, 0xe9,
  0x3a, 0xde, 0xf3, 0xe5, 0x21, 0xb1, 0xf3, 0x86, 0xe1, 0xc9, 0xe5, 0x11,
  0xb1, 0xfb, 0x26, 0x00, 0x19, 0x7e, 0xeb, 0xe1, 0xa7, 0xc9, 0xe5, 0xcd,
  0x35, 0x0f, 0xcd, 0xe3, 0x08, 0x79, 0xd3, 0x98, 0xe1, 0xc9, 0xcd, 0xf1,
  0x08, 0xeb, 0x0e, 0x98, 0xed, 0xb2, 0xc9, 0xeb, 0xcd, 0xe3, 0x08, 0xeb,
  0x0e, 0x98, 0xed, 0xb3, 0xc9, 0xc5, 0x25, 0x2d, 0x5c, 0x26, 0x00, 0x54,
  0x29, 0x29, 0x29, 0x4d, 0x44, 0x29, 0x29, 0x3a, 0xaf, 0xfc, 0xa7, 0x3a,
  0xb0, 0xf3, 0x28, 0x04, 0xd6, 0x22, 0x18, 0x0d, 0xfe, 0x29, 0x38, 0x06,
  0x09, 0x29, 0xd6, 0x52, 0x18, 0x03, 0x09, 0xd6, 0x2a, 0x19, 0x2f, 0xa7,
  0x1f, 0x5f, 0x19, 0xeb, 0x2a, 0x22, 0xf9, 0x19, 0xc1, 0xc9, 0xe5, 0x57,
  0xcd, 0xf9, 0x0f, 0xcd, 0xf1, 0x08, 0xe3, 0xe3, 0xdb, 0x98, 0x47, 0x00,
  0x00, 0xdb, 0x98, 0x4f, 0xe1, 0xc9, 0xe5, 0x16, 0x00, 0xcd, 0xf9, 0x0f,
  0xcd, 0xf1, 0x08, 0x42, 0x0e, 0x10, 0xcd, 0x47, 0x06, 0x06, 0x10, 0xdb,
  0x98, 0x00, 0xd3, 0x9a, 0x00, 0xdb, 0x98, 0x00, 0xd3, 0x9a, 0x00, 0x10,
  0xf2, 0xe1, 0xc9, 0xe5, 0x21, 0xb3, 0x0f, 0x06, 0x10, 0x16, 0x00, 0x7e,
  0x23, 0x5e, 0x23, 0xcd, 0xd3, 0x0f, 0x14, 0x10, 0xf6, 0xe1, 0xc9, 0x00,
  0x00, 0x00, 0x00, 0x11, 0x06, 0x33, 0x07, 0x17, 0x01, 0x27, 0x03, 0x51,
  0x01, 0x27, 0x06, 0x71, 0x01, 0x73, 0x03, 0x61, 0x06, 0x64, 0x06, 0x11,
  0x04, 0x65, 0x02, 0x55, 0x05, 0x77, 0x07, 0xc5, 0xe5, 0x42, 0x0e, 0x10,
  0xf5, 0xcd, 0x47, 0x06, 0xf1, 0x0e, 0x9a, 0xed, 0x79, 0xf5, 0xf1, 0xed,
  0x59, 0xcd, 0xf9, 0x0f, 0xf5, 0xcd, 0xe3, 0x08, 0xe3, 0xe3, 0xf1, 0xd3,
  0x98, 0xf5, 0xf1, 0x7b, 0xd3, 0x98, 0xe1, 0xc1, 0xc9, 0xf5, 0x3a, 0xaf,
  0xfc, 0x21, 0x20, 0x10, 0xc5, 0x3c, 0x4f, 0x06, 0x00, 0x3d, 0x20, 0x08,
  0x3a, 0xb0, 0xf3, 0xfe, 0x29, 0x30, 0x01, 0x0d, 0x09, 0x09, 0xc1, 0x7e,
  0x23, 0x66, 0x6f, 0xd5, 0x5a, 0x16, 0x00, 0x19, 0x19, 0xd1, 0xf1, 0xc9,
  0x00, 0x04, 0x00, 0x0f, 0x20, 0x20, 0x80, 0x1b, 0x20, 0x20, 0x80, 0x1b,
  0x80, 0x76, 0x80, 0x76, 0x80, 0xfa, 0x80, 0xfa, 0x3e, 0x02, 0xcd, 0x8b,
  0x29, 0xe6, 0x40, 0x20, 0xf7, 0x3e, 0x02, 0xcd, 0x8b, 0x29, 0xe6, 0x40,
  0x28, 0xf7, 0xc9, 0xf1, 0xc9, 0xf5, 0x78, 0xfe, 0x21, 0x38, 0xf8, 0xfe,
  0x28, 0x38, 0x08, 0xfe, 0x30, 0x38, 0xf0, 0xfe, 0x50, 0x30, 0xec, 0x79,
  0xfe, 0x21, 0x38, 0xe7, 0xfe, 0x7f, 0x30, 0xe3, 0xf1, 0xe5, 0xd5, 0xc5,
  0xf5, 0x79, 0xd6, 0x20, 0x5f, 0x16, 0x00, 0x78, 0xd6, 0x20, 0x6f, 0x62,
  0x4d, 0x44, 0x29, 0x09, 0x29, 0x29, 0x29, 0x29, 0x29, 0x19, 0xfe, 0x10,
  0x38, 0x02, 0x25, 0x25, 0x7d, 0xd3, 0xd8, 0x29, 0x29, 0x7c, 0xd3, 0xd9,
  0x01, 0xd9, 0x20, 0x21, 0x18, 0xfc, 0xed, 0xb2, 0xf1, 0xf5, 0xa7, 0x0e,
  0x02, 0x28, 0x2a, 0x21, 0x18, 0xfc, 0x5d, 0x54, 0x3d, 0x28, 0x01, 0x23,
  0x0e, 0x02, 0x06, 0x08, 0x7e, 0x12, 0x23, 0x23, 0x13, 0x78, 0xfe, 0x05,
  0x20, 0x06, 0xc5, 0x01, 0x08, 0x00, 0x09, 0xc1, 0x10, 0xee, 0xc5, 0x01,
  0xf0, 0xff, 0x09, 0xc1, 0x0d, 0x20, 0xe3, 0x0e, 0x01, 0x2a, 0xb7, 0xfc,
  0xe5, 0x2a, 0xb9, 0xfc, 0xe5, 0x11, 0x18, 0xfc, 0x2a, 0xb9, 0xfc, 0xe5,
  0x2a, 0xb7, 0xfc, 0xe5, 0x06, 0x02, 0xc5, 0xeb, 0x11, 0x40, 0xfc, 0x01,
  0x08, 0x00, 0xed, 0xb0, 0xe5, 0xcd, 0x2d, 0x11, 0xd1, 0xc1, 0x10, 0xee,
  0xe1, 0x22, 0xb7, 0xfc, 0xe1, 0xc5, 0x01, 0x08, 0x00, 0x09, 0xc1, 0x22,
  0xb9, 0xfc, 0x0d, 0x20, 0xd3, 0xe1, 0x22, 0xb9, 0xfc, 0xe1, 0x01, 0x10,
  0x00, 0x09, 0x22, 0xb7, 0xfc, 0xf1, 0xc1, 0xd1, 0xe1, 0xc9, 0xe5, 0xd5,
  0xc5, 0xf5, 0x21, 0x09, 0x11, 0xe5, 0xcd, 0xa5, 0x12, 0xd0, 0x20, 0x08,
  0xfe, 0x0d, 0xca, 0x10, 0x12, 0xfe, 0x20, 0xd8, 0xcd, 0xd9, 0x07, 0x3a,
  0xe9, 0xf3, 0x32, 0xf2, 0xf3, 0x2a, 0xb9, 0xfc, 0xeb, 0xed, 0x4b, 0xb7,
  0xfc, 0xcd, 0xc4, 0x12, 0xd0, 0xcd, 0x42, 0x13, 0x11, 0x40, 0xfc, 0xcd,
  0x80, 0x29, 0xd5, 0xaf, 0xcd, 0xdb, 0x29, 0xcd, 0x76, 0x13, 0x5f, 0xcd,
  0xa5, 0x29, 0x7b, 0xd6, 0xcd, 0x2e, 0x08, 0x38, 0x05, 0x6f, 0x3e, 0x07,
  0x95, 0x6f, 0x45, 0x11, 0x08, 0x00, 0x62, 0xcd, 0xc4, 0x29, 0xd1, 0x3a,
  0xf2, 0xf3, 0x6f, 0x3a, 0xea, 0xf3, 0x67, 0x1a, 0x87, 0x4f, 0x7c, 0x30,
  0x01, 0x7d, 0xcd, 0xeb, 0x29, 0x3a, 0x02, 0xfb, 0xe6, 0x0f, 0xf6, 0xb0,
  0xcd, 0xe3, 0x29, 0xf3, 0x3e, 0xac, 0xd3, 0x99, 0x3e, 0x91, 0xd3, 0x99,
  0x79, 0x0e, 0x9b, 0xf3, 0x18, 0x15, 0xf3, 0x3e, 0xac, 0xd3, 0x99, 0x3e,
  0x91, 0xd3, 0x99, 0x13, 0x1a, 0x07, 0x30, 0x05, 0xed, 0x69, 0xc3, 0xa3,
  0x11, 0xed, 0x61, 0x07, 0x30, 0x05, 0xed, 0x69, 0xc3, 0xad, 0x11, 0xed,
  0x61, 0x07, 0x30, 0x05, 0xed, 0x69, 0xc3, 0xb7, 0x11, 0xed, 0x61, 0x07,
  0x30, 0x05, 0xed, 0x69, 0xc3, 0xc1, 0x11, 0xed, 0x61, 0x07, 0x30, 0x05,
  0xed, 0x69, 0xc3, 0xcb, 0x11, 0xed, 0x61, 0x07, 0x30, 0x05, 0xed, 0x69,
  0xc3, 0xd5, 0x11, 0xed, 0x61, 0x07, 0x30, 0x05, 0xed, 0x69, 0xc3, 0xdf,
  0x11, 0xed, 0x61, 0x07, 0x30, 0x05, 0xed, 0x69, 0xc3, 0xe9, 0x11, 0xed,
  0x61, 0xfb, 0x10, 0xa2, 0x3a, 0xaf, 0xfc, 0xe6, 0xfe, 0xfe, 0x06, 0x28,
  0x0b, 0x3a, 0xb7, 0xfc, 0xc6, 0x08, 0x38, 0x14, 0x32, 0xb7, 0xfc, 0xc9,
  0x2a, 0xb7, 0xfc, 0x01, 0x08, 0x00, 0x09, 0x7c, 0xe6, 0xfe, 0x20, 0x04,
  0x22, 0xb7, 0xfc, 0xc9, 0x21, 0x00, 0x00, 0x22, 0xb7, 0xfc, 0x3a, 0xb9,
  0xfc, 0xc6, 0x08, 0xfe, 0xd4, 0x38, 0x01, 0xaf, 0x32, 0xb9, 0xfc, 0xc9,
  0xe5, 0xd5, 0xc5, 0xf5, 0x21, 0x09, 0x11, 0xe5, 0xcd, 0xa5, 0x12, 0xd0,
  0x20, 0x08, 0xfe, 0x07, 0xca, 0x62, 0x1a, 0xfe, 0x20, 0xd8, 0xcd, 0xd9,
  0x07, 0x11, 0x40, 0xfc, 0xd5, 0xcd, 0x80, 0x29, 0xaf, 0xcd, 0xdb, 0x29,
  0xcd, 0x76, 0x13, 0xcd, 0xa5, 0x29, 0x21, 0x08, 0x00, 0x11, 0x10, 0x00,
  0xcd, 0xc4, 0x29, 0xd1, 0x21, 0x03, 0x01, 0x1a, 0x87, 0x4f, 0x7c, 0x30,
  0x01, 0x7d, 0xf5, 0xcd, 0xeb, 0x29, 0x3e, 0xb0, 0xcd, 0xe3, 0x29, 0xf3,
  0x3e, 0xac, 0xd3, 0x99, 0x3e, 0x91, 0xd3, 0x99, 0xf1, 0xd3, 0x9b, 0x79,
  0x0e, 0x9b, 0x06, 0x08, 0xc5, 0x05, 0x18, 0x05, 0x13, 0x1a, 0xc5, 0x06,
  0x08, 0x07, 0x30, 0x08, 0xed, 0x69, 0xf5, 0xf1, 0xed, 0x69, 0x18, 0x06,
  0xed, 0x61, 0xf5, 0xf1, 0xed, 0x61, 0x10, 0xed, 0xc1, 0x10, 0xe5, 0x2a,
  0x2a, 0xf9, 0x01, 0x10, 0x00, 0x09, 0xc3, 0x72, 0x13, 0xe5, 0xf5, 0x21,
  0xa6, 0xfc, 0xaf, 0xbe, 0x77, 0x28, 0x0d, 0xf1, 0xd6, 0x40, 0xfe, 0x20,
  0x38, 0x04, 0xc6, 0x40, 0xbf, 0x37, 0xe1, 0xc9, 0xf1, 0xfe, 0x01, 0x20,
  0xf7, 0x77, 0xe1, 0xc9, 0xcd, 0x2c, 0x06, 0xd2, 0x05, 0x13, 0xe5, 0xc5,
  0x06, 0x01, 0xeb, 0x7c, 0x87, 0x30, 0x05, 0x21, 0x00, 0x00, 0x18, 0x08,
  0x11, 0xc0, 0x00, 0xe7, 0x38, 0x04, 0xeb, 0x2b, 0x06, 0x00, 0xe3, 0x7c,
  0x87, 0x30, 0x05, 0x21, 0x00, 0x00, 0x18, 0x08, 0x11, 0x00, 0x01, 0xe7,
  0x38, 0x04, 0xeb, 0x2b, 0x06, 0x00, 0xd1, 0xcb, 0x3d, 0xcb, 0x3d, 0xcb,
  0x3b, 0xcb, 0x3b, 0x78, 0x0f, 0x4d, 0x44, 0xe1, 0xc9, 0xe5, 0xc5, 0x06,
  0x01, 0xeb, 0x7c, 0x87, 0x30, 0x05, 0x21, 0x00, 0x00, 0x18, 0x08, 0x11,
  0xd4, 0x00, 0xe7, 0x38, 0x04, 0xeb, 0x2b, 0x06, 0x00, 0xe3, 0x7c, 0x87,
  0x30, 0x05, 0x21, 0x00, 0x00, 0x18, 0x12, 0x3a, 0xaf, 0xfc, 0xe6, 0x02,
  0x11, 0x00, 0x02, 0x20, 0x03, 0x11, 0x00, 0x01, 0xe7, 0x38, 0x04, 0xeb,
  0x2b, 0x06, 0x00, 0x78, 0x0f, 0x44, 0x4d, 0xd1, 0xe1, 0xc9, 0xcd, 0x2c,
  0x06, 0x38, 0x08, 0x60, 0x69, 0x7b, 0x32, 0x2c, 0xf9, 0x18, 0x23, 0xc5,
  0x79, 0x0f, 0x3e, 0xf0, 0x30, 0x02, 0x3e, 0x0f, 0x32, 0x2c, 0xf9, 0x79,
  0x87, 0x87, 0xe6, 0xf8, 0x4f, 0x7b, 0xe6, 0x07, 0xb1, 0x4f, 0x7b, 0x0f,
  0x0f, 0x0f, 0xe6, 0x07, 0x47, 0x2a, 0xd5, 0xf3, 0x09, 0xc1, 0x22, 0x2a,
  0xf9, 0xc9, 0x3a, 0x2c, 0xf9, 0x2a, 0x2a, 0xf9, 0xc9, 0x32, 0x2c, 0xf9,
  0x22, 0x2a, 0xf9, 0xc9, 0xcd, 0x2c, 0x06, 0xd2, 0xa1, 0x13, 0xc5, 0xe5,
  0xcd, 0x76, 0x13, 0x47, 0xcd, 0xd3, 0x08, 0x04, 0x05, 0xf2, 0x9c, 0x13,
  0x0f, 0x0f, 0x0f, 0x0f, 0xe6, 0x0f, 0xe1, 0xc1, 0xc9, 0xe5, 0x2a, 0x2a,
  0xf9, 0x3a, 0x2c, 0xf9, 0xcd, 0x49, 0x29, 0xe1, 0xc9, 0xcd, 0x47, 0x1e,
  0xd8, 0x32, 0xf2, 0xf3, 0xc9, 0xc5, 0xd5, 0xe5, 0xcd, 0x2c, 0x06, 0x3a,
  0x2c, 0xf9, 0x2a, 0x2a, 0xf9, 0x38, 0x07, 0xcd, 0x61, 0x29, 0xe1, 0xd1,
  0xc1, 0xc9, 0x47, 0xcd, 0xd6, 0x08, 0x4f, 0x78, 0x2f, 0xa1, 0x4f, 0x3a,
  0xf2, 0xf3, 0x04, 0x05, 0xf2, 0xdf, 0x13, 0x87, 0x87, 0x87, 0x87, 0xb1,
  0xcd, 0xcb, 0x08, 0xe1, 0xd1, 0xc1, 0xc9, 0xe5, 0xcd, 0x2c, 0x06, 0xcd,
  0x76, 0x13, 0xda, 0x66, 0x14, 0x2b, 0x7c, 0xb7, 0xfa, 0x71, 0x14, 0x22,
  0x2a, 0xf9, 0xe1, 0xc9, 0xe5, 0xcd, 0x2c, 0x06, 0xcd, 0x76, 0x13, 0xda,
  0x74, 0x14, 0x3a, 0x2c, 0xf9, 0xfe, 0xd3, 0x30, 0x64, 0x3c, 0x32, 0x2c,
  0xf9, 0xe1, 0xa7, 0xc9, 0xcd, 0x2c, 0x06, 0xda, 0xae, 0x14, 0x3a, 0x2c,
  0xf9, 0xb7, 0x37, 0xc8, 0x3d, 0x32, 0x2c, 0xf9, 0xb7, 0xc9, 0xe5, 0xcd,
  0x76, 0x13, 0xa7, 0x3e, 0x0f, 0xfa, 0x60, 0x14, 0x7d, 0xe6, 0xf8, 0xfe,
  0xf8, 0x20, 0x0c, 0x18, 0x38, 0xe5, 0xcd, 0x76, 0x13, 0xa7, 0x3e, 0x0f,
  0xfa, 0x60, 0x14, 0xd5, 0x11, 0x08, 0x00, 0x3e, 0xf0, 0x18, 0x10, 0xe5,
  0xcd, 0x76, 0x13, 0xa7, 0x3e, 0xf0, 0xf2, 0x60, 0x14, 0xd5, 0x11, 0xf8,
  0xff, 0x3e, 0x0f, 0x19, 0x22, 0x2a, 0xf9, 0xd1, 0x32, 0x2c, 0xf9, 0xa7,
  0xe1, 0xc9, 0xa7, 0x3e, 0xf0, 0xf2, 0x60, 0x14, 0x7d, 0xe6, 0xf8, 0x20,
  0xe4, 0x37, 0xe1, 0xc9, 0xd5, 0xe5, 0x2a, 0xd5, 0xf3, 0x11, 0x00, 0x05,
  0x19, 0xeb, 0xe1, 0xe7, 0x38, 0x0c, 0x7d, 0x3c, 0xe6, 0x07, 0x20, 0x06,
  0x37, 0xd1, 0xe1, 0xc9, 0xe5, 0xd5, 0xcd, 0x76, 0x13, 0x23, 0x7d, 0x11,
  0xf8, 0x00, 0x18, 0x0a, 0xe5, 0xd5, 0xcd, 0x76, 0x13, 0x7d, 0x2b, 0x11,
  0x08, 0xff, 0xe6, 0x07, 0x20, 0x01, 0x19, 0x22, 0x2a, 0xf9, 0xa7, 0xd1,
  0xe1, 0xc9, 0xe5, 0xd5, 0x2a, 0xd5, 0xf3, 0x11, 0x00, 0x01, 0x19, 0xeb,
  0x2a, 0x2a, 0xf9, 0xe7, 0x30, 0xdc, 0x7d, 0xe6, 0x07, 0x20, 0xd7, 0x37,
  0xd1, 0xe1, 0xc9, 0xa7, 0xf5, 0x3a, 0xaf, 0xfc, 0xfe, 0x08, 0x28, 0x08,
  0xf1, 0xfe, 0x10, 0x3f, 0x32, 0xb2, 0xfc, 0xc9, 0xf1, 0x18, 0xf9, 0x21,
  0x00, 0x00, 0x4d, 0xcd, 0x2c, 0x06, 0xda, 0x66, 0x15, 0xe5, 0xc5, 0xd5,
  0x2a, 0x2a, 0xf9, 0x3a, 0x2c, 0xf9, 0x5f, 0x16, 0x00, 0x3a, 0xb2, 0xfc,
  0xcd, 0xe0, 0x28, 0x38, 0x06, 0xd1, 0xc1, 0xe1, 0x54, 0x5c, 0xc9, 0xd1,
  0xe5, 0x2a, 0x2a, 0xf9, 0x19, 0xd1, 0xb7, 0xed, 0x52, 0x38, 0xef, 0x28,
  0xed, 0xc1, 0xc1, 0xe5, 0xeb, 0x22, 0x42, 0xf9, 0x3a, 0x2c, 0xf9, 0x32,
  0x44, 0xf9, 0x5f, 0x16, 0x00, 0x3a, 0xb2, 0xfc, 0xcd, 0xe4, 0x28, 0xf5,
  0x38, 0x0d, 0x3a, 0xaf, 0xfc, 0xe6, 0x02, 0x21, 0xff, 0x01, 0x20, 0x03,
  0x21, 0xff, 0x00, 0x22, 0x2a, 0xf9, 0xf1, 0x38, 0x01, 0x23, 0xe5, 0xeb,
  0x2a, 0x42, 0xf9, 0xeb, 0xb7, 0xed, 0x52, 0xe3, 0xe5, 0xeb, 0x3a, 0x44,
  0xf9, 0x5f, 0x16, 0x00, 0x3a, 0xf2, 0xf3, 0xcd, 0xe0, 0x28, 0xd1, 0x30,
  0x0c, 0xe7, 0x30, 0x09, 0xd1, 0x2a, 0x42, 0xf9, 0xcd, 0xdb, 0x15, 0xd1,
  0xc9, 0x0e, 0x00, 0xe1, 0xd1, 0xc9, 0xcd, 0x33, 0x16, 0x30, 0x0d, 0x1b,
  0x7a, 0xb3, 0xc8, 0xcd, 0x26, 0x14, 0x30, 0xf2, 0x11, 0x00, 0x00, 0xc9,
  0xcd, 0x76, 0x13, 0x22, 0x42, 0xf9, 0x32, 0x44, 0xf9, 0x21, 0x00, 0x00,
  0x23, 0xcd, 0x26, 0x14, 0xd8, 0xcd, 0x33, 0x16, 0x30, 0xf6, 0xc9, 0x21,
  0x00, 0x00, 0x4d, 0xcd, 0x2c, 0x06, 0xda, 0x26, 0x16, 0xcd, 0xe7, 0x13,
  0xd8, 0x2a, 0x2a, 0xf9, 0xe5, 0x3a, 0x2c, 0xf9, 0x5f, 0x16, 0x00, 0x3a,
  0xb2, 0xfc, 0xcd, 0xd8, 0x28, 0xf5, 0x38, 0x03, 0x21, 0xff, 0xff, 0x23,
  0x22, 0x2a, 0xf9, 0xeb, 0xe1, 0xe3, 0xe5, 0xb7, 0xed, 0x52, 0x23, 0xe3,
  0xd5, 0x3a, 0x2c, 0xf9, 0x5f, 0x16, 0x00, 0x3a, 0xf2, 0xf3, 0xcd, 0xdc,
  0x28, 0x30, 0x4c, 0xd1, 0xc1, 0xf1, 0xc5, 0xd5, 0x30, 0x03, 0xe7, 0x38,
  0x48, 0xe1, 0xd1, 0x3e, 0x24, 0xf3, 0xd3, 0x99, 0x3e, 0x91, 0xd3, 0x99,
  0x7d, 0xd3, 0x9b, 0x7c, 0xd3, 0x9b, 0x3a, 0x2c, 0xf9, 0xd3, 0x9b, 0x3a,
  0xf6, 0xfa, 0xd3, 0x9b, 0x7b, 0xd3, 0x9b, 0x7a, 0xd3, 0x9b, 0x3e, 0x01,
  0xd3, 0x9b, 0xaf, 0xd3, 0x9b, 0x3a, 0xf2, 0xf3, 0xd3, 0x9b, 0xaf, 0xd3,
  0x9b, 0x3a, 0xaf, 0xfc, 0xfe, 0x08, 0x3e, 0x80, 0x20, 0x02, 0x3e, 0xc0,
  0xd3, 0x9b, 0xfb, 0xeb, 0x0e, 0xff, 0xc9, 0xd1, 0xe1, 0xd1, 0x0e, 0x00,
  0xc9, 0xd1, 0xe1, 0x0e, 0x00, 0xc9, 0xcd, 0xe7, 0x13, 0xd8, 0xcd, 0x33,
  0x16, 0xda, 0x39, 0x14, 0x23, 0x18, 0xf3, 0xcd, 0x84, 0x13, 0x47, 0x3a,
  0xb2, 0xfc, 0x90, 0x37, 0xc8, 0x3a, 0xf2, 0xf3, 0xb8, 0xc8, 0xcd, 0xb5,
  0x13, 0x0e, 0x01, 0xa7, 0xc9, 0xfb, 0x11, 0x60, 0x16, 0xe5, 0x21, 0x89,
  0xfd, 0xcd, 0xad, 0x16, 0xe1, 0xd8, 0x37, 0xc0, 0xcd, 0x5e, 0x16, 0xfb,
  0xa7, 0xc9, 0xd5, 0xc9, 0x4d, 0x45, 0x4d, 0x49, 0x4e, 0x49, 0x00, 0x66,
  0x37, 0x4d, 0x4b, 0x49, 0x4c, 0x4c, 0x00, 0x78, 0x39, 0x4d, 0x4e, 0x41,
  0x4d, 0x45, 0x00, 0xdd, 0x39, 0x4d, 0x46, 0x49, 0x4c, 0x45, 0x53, 0x00,
  0x67, 0x38, 0xff, 0xf5, 0xe5, 0x11, 0x99, 0x16, 0xcd, 0xad, 0x16, 0x38,
  0x08, 0xf1, 0xf1, 0x2b, 0xcd, 0x5e, 0x16, 0xa7, 0xc9, 0xe1, 0xf1, 0x37,
  0xc9, 0xcb, 0x00, 0xdb, 0x16, 0x44, 0x41, 0x54, 0x45, 0x00, 0xe1, 0x16,
  0x4b, 0x41, 0x4e, 0x4a, 0x49, 0x00, 0x95, 0x21, 0xff, 0xe5, 0x1a, 0x3c,
  0x28, 0x14, 0xcd, 0xc9, 0x16, 0x28, 0x06, 0x13, 0x13, 0x13, 0xe1, 0x18,
  0xf0, 0x7e, 0xe3, 0xeb, 0x23, 0x5e, 0x23, 0x56, 0xa7, 0x38, 0x37, 0xe1,
  0xc9, 0x1a, 0xb7, 0xc8, 0xbe, 0x20, 0x04, 0x13, 0x23, 0x18, 0xf6, 0x1a,
  0xa7, 0x13, 0x20, 0xfb, 0x1b, 0x3d, 0xc9, 0x05, 0x01, 0x4b, 0x17, 0x18,
  0x04, 0x05, 0x01, 0x67, 0x17, 0xf2, 0x46, 0x05, 0xd7, 0xc5, 0xcd, 0xd8,
  0x05, 0xcd, 0xd2, 0x05, 0x2b, 0xd7, 0x28, 0x0a, 0xcf, 0x2c, 0xcf, 0x41,
  0xe3, 0x01, 0x0e, 0x00, 0x09, 0xe3, 0xc1, 0xe5, 0xd5, 0xc5, 0x3e, 0x08,
  0xcd, 0xea, 0x05, 0x2a, 0x99, 0xf6, 0xd1, 0xe5, 0x1a, 0x07, 0xe6, 0x01,
  0x47, 0x0e, 0x04, 0xcd, 0x4b, 0x19, 0x0e, 0x02, 0x06, 0x02, 0x1a, 0x3c,
  0x28, 0x05, 0x3d, 0xd3, 0xb4, 0xdb, 0xb5, 0x13, 0xeb, 0x86, 0xeb, 0x1b,
  0x27, 0xe6, 0x0f, 0xf6, 0x30, 0x77, 0x13, 0x13, 0x23, 0x10, 0xe7, 0x0c,
  0x0d, 0x28, 0x07, 0x1a, 0x77, 0x13, 0x23, 0x0d, 0x18, 0xda, 0xcd, 0xd5,
  0x36, 0xd1, 0xe1, 0x36, 0x08, 0x23, 0x73, 0x23, 0x72, 0xe1, 0xc9, 0x05,
  0x00, 0x04, 0x00, 0x3a, 0x03, 0x00, 0x02, 0x00, 0x3a, 0x01, 0x00, 0x00,
  0x00, 0x85, 0x00, 0x84, 0x00, 0x3a, 0x83, 0x00, 0x82, 0x00, 0x3a, 0x81,
  0x00, 0x80, 0x00, 0x0c, 0x08, 0x0b, 0x00, 0x2f, 0x0a, 0x00, 0x09, 0x00,
  0x2f, 0x08, 0x00, 0x07, 0x00, 0xff, 0x00, 0xff, 0x00, 0x2f, 0xff, 0x00,
  0xff, 0x00, 0x2f, 0x88, 0x00, 0x87, 0x00, 0xd7, 0xe5, 0xcd, 0xf7, 0x1c,
  0x06, 0x03, 0x3a, 0xb0, 0xfc, 0x4f, 0x3a, 0xe8, 0xff, 0x0f, 0x0f, 0xe6,
  0x02, 0xb1, 0xcd, 0x59, 0x1a, 0x3a, 0xb0, 0xf3, 0xcd, 0x50, 0x1a, 0x3a,
  0xe9, 0xf3, 0xcd, 0x59, 0x1a, 0x3a, 0xea, 0xf3, 0xcd, 0x59, 0x1a, 0x3a,
  0xeb, 0xf3, 0xcd, 0x59, 0x1a, 0x0e, 0x00, 0x3a, 0xde, 0xf3, 0xb7, 0x28,
  0x02, 0xcb, 0xc1, 0x3a, 0xdb, 0xf3, 0xb7, 0x28, 0x02, 0xcb, 0xc9, 0x3a,
  0x17, 0xf4, 0xb7, 0x28, 0x02, 0xcb, 0xd1, 0x3a, 0xfc, 0xf3, 0x21, 0x06,
  0xf4, 0xbe, 0x28, 0x02, 0xcb, 0xd9, 0x79, 0xc3, 0x8c, 0x1a, 0xcf, 0x28,
  0xcd, 0x0d, 0x18, 0x7b, 0xf5, 0xcf, 0x2c, 0xcd, 0x0d, 0x18, 0xcf, 0x29,
  0xf1, 0xe6, 0x0f, 0x57, 0xcd, 0xf8, 0x17, 0xcd, 0xf7, 0x1c, 0x06, 0x01,
  0x7a, 0xc3, 0x50, 0x1a, 0x7b, 0x07, 0x07, 0x07, 0x07, 0xe6, 0xf0, 0xb2,
  0x57, 0x32, 0xf1, 0xff, 0xf3, 0xd3, 0x99, 0x3e, 0x92, 0xfb, 0xd3, 0x99,
  0xc9, 0xcd, 0x08, 0x06, 0xe5, 0xeb, 0xcd, 0xdc, 0x25, 0xeb, 0x21, 0x07,
  0x00, 0xe7, 0x30, 0x07, 0x21, 0xf7, 0xff, 0xe7, 0xd2, 0x46, 0x05, 0xe1,
  0xc9, 0xcd, 0xfc, 0x05, 0xe5, 0xcd, 0x14, 0x06, 0x7e, 0x23, 0x5e, 0x23,
  0x56, 0xe1, 0xc9, 0xfe, 0xc5, 0xca, 0x83, 0x17, 0xfe, 0xcb, 0xca, 0x8a,
  0x18, 0xfe, 0xc0, 0xca, 0xa6, 0x19, 0x11, 0x4f, 0x18, 0xcd, 0xad, 0x16,
  0xda, 0x40, 0x05, 0x2b, 0xd7, 0xd5, 0xc9, 0x50, 0x41, 0x47, 0x45, 0x00,
  0xb1, 0x1f, 0x56, 0x49, 0x44, 0x45, 0x4f, 0x00, 0xaf, 0x35, 0x41, 0x44,
  0x4a, 0x55, 0x53, 0x54, 0x00, 0xda, 0x17, 0x54, 0x49, 0x54, 0x4c, 0x45,
  0x00, 0x80, 0x19, 0x50, 0x41, 0x53, 0x53, 0x57, 0xf7, 0x44, 0x00, 0xdd,
  0x19, 0x50, 0x52, 0x4f, 0x4d, 0x50, 0x54, 0x00, 0xe1, 0x19, 0x44, 0x41,
  0x54, 0x45, 0x00, 0x8e, 0x18, 0xff, 0xd7, 0x3e, 0x3a, 0x01, 0x3e, 0x2f,
  0xf5, 0xcd, 0x25, 0x18, 0xdd, 0xe1, 0xfe, 0x08, 0xc2, 0x40, 0x05, 0xe5,
  0xeb, 0xcd, 0x5e, 0x19, 0x1e, 0x24, 0x20, 0x03, 0x57, 0x1e, 0x13, 0xbb,
  0x30, 0x1a, 0x47, 0xcd, 0x56, 0x19, 0x1e, 0x32, 0x28, 0x02, 0x1e, 0x60,
  0xbb, 0x30, 0x0d, 0x4f, 0xcd, 0x56, 0x19, 0x20, 0x05, 0x47, 0x79, 0x4a,
  0x18, 0x05, 0xfe, 0x60, 0xd2, 0x46, 0x05, 0x57, 0xe1, 0xdd, 0xe5, 0x2b,
  0xd7, 0x3e, 0x00, 0x28, 0x06, 0xcf, 0x2c, 0xcf, 0x41, 0xf6, 0x01, 0xdd,
  0xe1, 0xe5, 0xf5, 0xc5, 0xd5, 0x20, 0x0b, 0x01, 0x04, 0x00, 0xcd, 0x4b,
  0x19, 0x01, 0x00, 0x0e, 0x18, 0x0e, 0x01, 0x08, 0x01, 0xcd, 0x4b, 0x19,
  0xcd, 0x6c, 0x19, 0x28, 0x08, 0x01, 0x00, 0x0d, 0x3e, 0x0f, 0xcd, 0x4d,
  0x19, 0xd1, 0x06, 0x00, 0xcd, 0x6c, 0x19, 0x20, 0x02, 0x06, 0x07, 0x7a,
  0xcd, 0x50, 0x1a, 0xd1, 0xf1, 0xf5, 0x28, 0x05, 0xcd, 0x6c, 0x19, 0x28,
  0x2c, 0x7b, 0xcd, 0x50, 0x1a, 0x7a, 0xcd, 0x6c, 0x19, 0x20, 0x1f, 0xf5,
  0xc5, 0xcb, 0x67, 0x28, 0x02, 0xc6, 0x02, 0xe6, 0x03, 0xf5, 0x3e, 0x01,
  0xcd, 0xf9, 0x1c, 0xf1, 0x06, 0x0b, 0xcd, 0x59, 0x1a, 0xaf, 0xcd, 0xf9,
  0x1c, 0xc1, 0xf1, 0xd6, 0x80, 0x27, 0xcd, 0x50, 0x1a, 0xf1, 0xe1, 0x06,
  0x04, 0x20, 0x02, 0x06, 0x08, 0x0e, 0x0f, 0x3e, 0x0d, 0xd3, 0xb4, 0xdb,
  0xb5, 0xa1, 0xb0, 0xd3, 0xb5, 0xc9, 0xdd, 0xe5, 0xf1, 0xbe, 0x23, 0xc2,
  0x40, 0x05, 0xcd, 0x74, 0x19, 0x07, 0x07, 0x07, 0x07, 0xe6, 0xf0, 0x5f,
  0xcd, 0x74, 0x19, 0xb3, 0xc5, 0xdd, 0xe5, 0xc1, 0xcb, 0x60, 0xc1, 0xc9,
  0x7e, 0x23, 0xd6, 0x30, 0x38, 0x03, 0xfe, 0x0a, 0xd8, 0xc3, 0x46, 0x05,
  0xfe, 0x2c, 0x28, 0x07, 0xaf, 0xcd, 0xec, 0x19, 0x2b, 0xd7, 0xc8, 0xcf,
  0x2c, 0xef, 0xc0, 0x3d, 0xfe, 0x04, 0x30, 0xe9, 0xf5, 0xcd, 0xf7, 0x1c,
  0x06, 0x0b, 0xcd, 0xd2, 0x1c, 0xe6, 0x0c, 0x4f, 0xf1, 0xb1, 0x05, 0xc3,
  0x59, 0x1a, 0xcd, 0xf7, 0x1c, 0x06, 0x0a, 0xcd, 0xd2, 0x1c, 0xf5, 0xd7,
  0xfe, 0x2c, 0x28, 0x14, 0xef, 0x3d, 0xfe, 0x04, 0x30, 0x14, 0x07, 0x07,
  0xe6, 0x0c, 0x47, 0xf1, 0xe6, 0x03, 0xb0, 0xf5, 0x2b, 0xd7, 0x28, 0x0f,
  0xcf, 0x2c, 0xef, 0x3d, 0xfe, 0x04, 0xd2, 0x46, 0x05, 0x47, 0xf1, 0xe6,
  0x0c, 0xb0, 0xf5, 0x06, 0x0a, 0xf1, 0xc3, 0x59, 0x1a, 0x3e, 0x01, 0x18,
  0x02, 0x3e, 0x02, 0xcd, 0xec, 0x19, 0x2b, 0xd7, 0xc2, 0x40, 0x05, 0xc9,
  0xf5, 0xcd, 0x25, 0x18, 0x4f, 0xcd, 0xf3, 0x1c, 0x06, 0x0c, 0xaf, 0xcd,
  0x59, 0x1a, 0x05, 0x10, 0xfa, 0xf1, 0xcd, 0x59, 0x1a, 0xe5, 0xeb, 0x3d,
  0x28, 0x11, 0x1e, 0x06, 0x0d, 0x0c, 0x28, 0x09, 0x7e, 0x23, 0xcd, 0x50,
  0x1a, 0x0d, 0x1d, 0x20, 0xf3, 0xe1, 0xc9, 0x3e, 0x21, 0xcd, 0x50, 0x1a,
  0x3e, 0x03, 0xcd, 0x59, 0x1a, 0x79, 0xf5, 0xcd, 0xa5, 0x1c, 0x06, 0x04,
  0x7b, 0xcd, 0x50, 0x1a, 0x7a, 0xcd, 0x50, 0x1a, 0xf1, 0x4f, 0xaf, 0xd3,
  0x7f, 0xdb, 0x7f, 0xfe, 0xaa, 0x20, 0xda, 0x79, 0xb7, 0x3e, 0x01, 0x28,
  0x01, 0x3c, 0xcd, 0x59, 0x1a, 0xc5, 0xcd, 0x97, 0x1c, 0xc1, 0x7b, 0xcd,
  0x50, 0x1a, 0x7a, 0xe1, 0xf5, 0xcd, 0x59, 0x1a, 0xf1, 0x0f, 0x0f, 0x0f,
  0x0f, 0xf5, 0x78, 0xd3, 0xb4, 0x04, 0xf1, 0xd3, 0xb5, 0xc9, 0xe5, 0xcd,
  0xd0, 0x1a, 0xf5, 0x05, 0x28, 0x26, 0x05, 0x28, 0x40, 0x05, 0x28, 0x4c,
  0x1e, 0x55, 0xcd, 0x11, 0x1b, 0xcd, 0x1a, 0x1b, 0xcd, 0x32, 0x1b, 0x3e,
  0x08, 0xcd, 0x1e, 0x1b, 0x01, 0xd0, 0x07, 0xcd, 0x28, 0x1b, 0xcd, 0x6b,
  0x05, 0xf1, 0x06, 0x0d, 0xe1, 0xc3, 0x59, 0x1a, 0x21, 0x3e, 0x1b, 0x1e,
  0xb8, 0xcd, 0x1c, 0x1b, 0x1e, 0xa7, 0x3e, 0x02, 0xcd, 0x12, 0x1b, 0x1e,
  0xa8, 0x3e, 0x04, 0xcd, 0x12, 0x1b, 0x1e, 0xa6, 0xcd, 0xea, 0x1a, 0x18,
  0xd9, 0x21, 0x3e, 0x1b, 0xcd, 0x1a, 0x1b, 0x1e, 0x2a, 0xcd, 0xea, 0x1a,
  0x1e, 0x35, 0x18, 0xec, 0x21, 0x46, 0x1b, 0xcd, 0x1a, 0x1b, 0x1e, 0x6b,
  0xcd, 0xea, 0x1a, 0x1e, 0x47, 0xcd, 0xea, 0x1a, 0x1e, 0x55, 0x18, 0xd8,
  0x06, 0x0d, 0xcd, 0xd2, 0x1c, 0xf5, 0xcd, 0xf7, 0x1c, 0x06, 0x0a, 0xcd,
  0xd2, 0x1c, 0x4f, 0x0f, 0x0f, 0xe6, 0x03, 0x47, 0x79, 0xe6, 0x03, 0x4f,
  0xf1, 0xc9, 0xcd, 0x11, 0x1b, 0xc5, 0xe5, 0xcd, 0x32, 0x1b, 0xe1, 0xe5,
  0x09, 0x09, 0x4e, 0x23, 0x46, 0x3e, 0x08, 0xcd, 0x1e, 0x1b, 0x3e, 0x09,
  0xcd, 0x1e, 0x1b, 0x3e, 0x0a, 0xcd, 0x1e, 0x1b, 0xcd, 0x28, 0x1b, 0x1d,
  0x20, 0xeb, 0xe1, 0xc1, 0xc9, 0xaf, 0xcd, 0x1e, 0x1b, 0x1e, 0x00, 0x3c,
  0x18, 0x04, 0x1e, 0xbe, 0x3e, 0x07, 0xf3, 0xd3, 0xa0, 0xf5, 0x7b, 0xfb,
  0xd3, 0xa1, 0xf1, 0xc9, 0xc5, 0x0b, 0xe3, 0xe3, 0x78, 0xb1, 0x20, 0xf9,
  0xc1, 0xc9, 0x06, 0x00, 0x21, 0x3a, 0x1b, 0x09, 0x5e, 0xc9, 0x04, 0x07,
  0x0a, 0x0f, 0xd8, 0x10, 0xa0, 0x09, 0xbd, 0x06, 0x7e, 0x04, 0x9d, 0x05,
  0x35, 0x03, 0x3f, 0x02, 0x7f, 0x01, 0xcd, 0xae, 0x05, 0xcd, 0xf3, 0x1c,
  0xcd, 0xd0, 0x1c, 0xfe, 0x02, 0x21, 0xd7, 0x3f, 0xc2, 0xf6, 0x05, 0xcd,
  0xdb, 0x1c, 0x28, 0x06, 0xdf, 0x78, 0xfe, 0x0d, 0x38, 0xf5, 0xc3, 0xa8,
  0x05, 0xcd, 0x73, 0x1c, 0x4f, 0x2f, 0xcd, 0x74, 0x1c, 0xcd, 0x73, 0x1c,
  0x2f, 0xb9, 0x79, 0xcd, 0x74, 0x1c, 0x21, 0x64, 0x1c, 0x0e, 0x04, 0x28,
  0x05, 0x21, 0x68, 0x1c, 0x0e, 0x02, 0xe5, 0x3a, 0xfc, 0xfa, 0xe6, 0xf9,
  0xb1, 0x32, 0xfc, 0xfa, 0x21, 0x68, 0x00, 0x3e, 0xb4, 0xcd, 0x2b, 0x1d,
  0x21, 0x76, 0x3e, 0xcd, 0x4b, 0x1c, 0xe1, 0xcd, 0x4b, 0x1c, 0x21, 0x6c,
  0x1c, 0xcd, 0x3d, 0x3e, 0xaf, 0xd3, 0x99, 0xd3, 0x99, 0xd3, 0x99, 0x3e,
  0x8e, 0xd3, 0x99, 0xcd, 0xf3, 0x1c, 0xcd, 0xd0, 0x1c, 0x28, 0x76, 0x3d,
  0xc0, 0xcd, 0xd2, 0x1c, 0xfe, 0x01, 0xc0, 0xcd, 0xd2, 0x1c, 0xfe, 0x02,
  0xc0, 0xcd, 0xd2, 0x1c, 0xfe, 0x03, 0xc0, 0x06, 0x08, 0xcd, 0xd2, 0x1c,
  0x28, 0x15, 0xaf, 0xd3, 0x7f, 0xdb, 0x7f, 0xfe, 0xaa, 0x20, 0x0c, 0xc5,
  0xcd, 0x97, 0x1c, 0xc1, 0xcd, 0xea, 0x1c, 0xe7, 0xc8, 0x18, 0x11, 0x3e,
  0x06, 0xcd, 0x90, 0x05, 0xe6, 0x04, 0x20, 0x08, 0x3e, 0x07, 0xcd, 0x90,
  0x05, 0xe6, 0x10, 0xc8, 0x21, 0x32, 0x00, 0x3e, 0xd0, 0xcd, 0x2b, 0x1d,
  0x21, 0x54, 0x1c, 0xcd, 0x4b, 0x1c, 0x06, 0x08, 0xcd, 0xd2, 0x1c, 0x3d,
  0x28, 0xfe, 0x21, 0x5e, 0xf5, 0x06, 0xff, 0xcd, 0x65, 0x05, 0xfe, 0x0d,
  0x28, 0x04, 0x77, 0x23, 0x10, 0xf5, 0x3e, 0xff, 0x90, 0xcd, 0xa2, 0x1c,
  0x06, 0x04, 0xcd, 0xea, 0x1c, 0xe7, 0xc8, 0x18, 0xe1, 0x21, 0xc8, 0x00,
  0x7d, 0xcd, 0x2b, 0x1d, 0xcd, 0xdb, 0x1c, 0xc8, 0xcd, 0x24, 0x12, 0x78,
  0xfe, 0x0d, 0x38, 0xf4, 0xc3, 0x65, 0x05, 0x7e, 0x23, 0xb7, 0xc8, 0xcd,
  0x24, 0x12, 0x18, 0xf7, 0x50, 0x61, 0x73, 0x73, 0x77, 0x6f, 0x72, 0x64,
  0x3a, 0x00, 0x56, 0x52, 0x41, 0x4d, 0x3a, 0x00, 0x31, 0x32, 0x38, 0x00,
  0x20, 0x36, 0x34, 0x00, 0x4b, 0x62, 0x79, 0x74, 0x65, 0x73, 0x00, 0xf6,
  0x37, 0xf5, 0x3e, 0x07, 0xd3, 0x99, 0x3e, 0x8e, 0xd3, 0x99, 0x3e, 0xff,
  0xd3, 0x99, 0xf1, 0xf5, 0x3e, 0x7f, 0x38, 0x02, 0x3e, 0x3f, 0xd3, 0x99,
  0xe3, 0xe3, 0xf1, 0x38, 0x03, 0xdb, 0x98, 0xc9, 0xd3, 0x98, 0xc9, 0xdb,
  0x7f, 0x6f, 0xdb, 0x7f, 0x67, 0x22, 0x5e, 0xf5, 0x3e, 0x02, 0x21, 0x5e,
  0xf5, 0x11, 0x00, 0x00, 0x4f, 0xb7, 0xc8, 0x37, 0xf5, 0x06, 0x08, 0xf1,
  0xf5, 0x30, 0x02, 0xcb, 0x06, 0xcb, 0x13, 0xcb, 0x12, 0x30, 0x08, 0x7a,
  0xee, 0x80, 0x57, 0x7b, 0xee, 0x05, 0x5f, 0x10, 0xea, 0x23, 0x0d, 0x20,
  0xe4, 0xf1, 0xd0, 0xb7, 0x0e, 0x02, 0x18, 0xdc, 0x06, 0x00, 0x78, 0xd3,
  0xb4, 0x04, 0xdb, 0xb5, 0xe6, 0x0f, 0xc9, 0xd5, 0xcd, 0xd2, 0x1c, 0x57,
  0xcd, 0xd2, 0x1c, 0x07, 0x07, 0x07, 0x07, 0xb2, 0xd1, 0xc9, 0xcd, 0xdb,
  0x1c, 0x6f, 0xcd, 0xdb, 0x1c, 0x67, 0xc9, 0x3e, 0x03, 0x18, 0x02, 0x3e,
  0x02, 0xc5, 0xf5, 0x06, 0x0d, 0xcd, 0xd2, 0x1c, 0xe6, 0x0c, 0xc1, 0xb0,
  0xd3, 0xb5, 0xc1, 0xc9, 0xcd, 0x1a, 0x1d, 0xdb, 0xb5, 0xe6, 0x0f, 0xc9,
  0xf5, 0xcd, 0x1a, 0x1d, 0xf1, 0xe6, 0x0f, 0xd3, 0xb5, 0xc9, 0x79, 0xf5,
  0xe6, 0x30, 0x0f, 0x0f, 0x0f, 0x0f, 0xcd, 0xf9, 0x1c, 0xf1, 0xe6, 0x0f,
  0xd3, 0xb4, 0xc9, 0x22, 0x2a, 0xf9, 0x32, 0x2c, 0xf9, 0xc9, 0x7e, 0xe3,
  0xbe, 0xc2, 0x40, 0x05, 0x23, 0xe3, 0xcd, 0x48, 0xff, 0x23, 0x7e, 0xfe,
  0x3a, 0xd0, 0xfe, 0x20, 0x28, 0xf4, 0x30, 0x69, 0xb7, 0xc8, 0xfe, 0x0b,
  0x38, 0x5e, 0xfe, 0x1e, 0x20, 0x05, 0x3a, 0x68, 0xf6, 0xb7, 0xc9, 0xfe,
  0x10, 0x28, 0x34, 0xf5, 0x23, 0x32, 0x68, 0xf6, 0xd6, 0x1c, 0x30, 0x30,
  0xd6, 0xf5, 0x30, 0x06, 0xfe, 0xfe, 0x20, 0x16, 0x7e, 0x23, 0x22, 0x66,
  0xf6, 0x26, 0x00, 0x6f, 0x22, 0x6a, 0xf6, 0x3e, 0x02, 0x32, 0x69, 0xf6,
  0x21, 0xe6, 0x46, 0xf1, 0xb7, 0xc9, 0x7e, 0x23, 0x23, 0x22, 0x66, 0xf6,
  0x2b, 0x66, 0x18, 0xe7, 0xcd, 0xb7, 0x1d, 0x2a, 0x66, 0xf6, 0x18, 0xaa,
  0x3c, 0x07, 0x32, 0x69, 0xf6, 0xd5, 0xc5, 0x11, 0x6a, 0xf6, 0xcd, 0xf0,
  0x1d, 0xc1, 0xd1, 0x22, 0x66, 0xf6, 0xf1, 0x21, 0xe6, 0x46, 0xb7, 0xc9,
  0xfe, 0x09, 0xd2, 0x3a, 0x1d, 0xfe, 0x30, 0x3f, 0x3c, 0x3d, 0xc9, 0x3a,
  0x68, 0xf6, 0xfe, 0x0f, 0x30, 0x13, 0xfe, 0x0d, 0x38, 0x0f, 0x2a, 0x6a,
  0xf6, 0x20, 0x07, 0x23, 0x23, 0x23, 0x5e, 0x23, 0x56, 0xeb, 0xc3, 0xde,
  0x05, 0x3a, 0x69, 0xf6, 0x32, 0x63, 0xf6, 0xfe, 0x02, 0x20, 0x06, 0x2a,
  0x6a, 0xf6, 0x22, 0xf8, 0xf7, 0x21, 0x6a, 0xf6, 0x11, 0xf6, 0xf7, 0x3a,
  0x63, 0xf6, 0xfe, 0x04, 0x30, 0x02, 0x13, 0x13, 0x4f, 0x06, 0x00, 0xed,
  0xb0, 0xc9, 0xca, 0xd5, 0x1e, 0xfe, 0xef, 0xca, 0xca, 0x1e, 0xfe, 0xc7,
  0xca, 0x40, 0x20, 0xed, 0x5b, 0xe9, 0xf3, 0xd5, 0xfe, 0x2c, 0x28, 0x0b,
  0xef, 0xcd, 0x40, 0x1e, 0xd1, 0x5f, 0xd5, 0x2b, 0xd7, 0x28, 0x1c, 0xcf,
  0x2c, 0xfe, 0x2c, 0x28, 0x0b, 0xef, 0xcd, 0x40, 0x1e, 0xd1, 0x57, 0xd5,
  0x2b, 0xd7, 0x28, 0x0b, 0xcf, 0x2c, 0xef, 0xcd, 0x40, 0x1e, 0x32, 0xeb,
  0xf3, 0x2b, 0xd7, 0xe3, 0x22, 0xe9, 0xf3, 0x7d, 0x32, 0xf2, 0xf3, 0xcd,
  0x53, 0x09, 0xe1, 0xc9, 0xcd, 0x47, 0x1e, 0xd0, 0xc3, 0x46, 0x05, 0xf5,
  0x3a, 0xaf, 0xfc, 0xfe, 0x06, 0x28, 0x0c, 0xfe, 0x08, 0x28, 0x05, 0xf1,
  0xfe, 0x10, 0x3f, 0xc9, 0xf1, 0xa7, 0xc9, 0xf1, 0xfe, 0x20, 0x3f, 0xd8,
  0xfe, 0x10, 0x38, 0x03, 0xe6, 0x0f, 0xc9, 0xe6, 0x03, 0xc5, 0x47, 0x87,
  0x87, 0x80, 0xc1, 0xc9, 0xd7, 0x3e, 0x0f, 0xcd, 0xdc, 0x1e, 0xf5, 0xcd,
  0x6a, 0x0f, 0xc5, 0xcf, 0x2c, 0xfe, 0x2c, 0x28, 0x17, 0x3e, 0x07, 0xcd,
  0xdc, 0x1e, 0x87, 0x87, 0x87, 0x87, 0x5f, 0xc1, 0x78, 0xe6, 0x0f, 0xb3,
  0x47, 0xc5, 0x2b, 0xd7, 0xfe, 0x29, 0x28, 0x22, 0xcf, 0x2c, 0xfe, 0x2c,
  0x28, 0x0e, 0x3e, 0x07, 0xcd, 0xdc, 0x1e, 0xc1, 0x4f, 0xc5, 0x2b, 0xd7,
  0xfe, 0x29, 0x28, 0x0e, 0xcf, 0x2c, 0x3e, 0x07, 0xcd, 0xdc, 0x1e, 0xc1,
  0x78, 0xe6, 0xf0, 0xb3, 0x47, 0xc5, 0xcf, 0x29, 0xc1, 0x78, 0x59, 0xc1,
  0x50, 0xf5, 0xcd, 0x34, 0x10, 0xf1, 0xcd, 0xd3, 0x0f, 0xc9, 0xd7, 0xfe,
  0x28, 0x28, 0xa1, 0xfe, 0x8c, 0x28, 0x05, 0xcf, 0x94, 0xc3, 0x9f, 0x0f,
  0xd7, 0xc3, 0x7e, 0x0f, 0xf5, 0xef, 0xf1, 0xbb, 0x7b, 0xd0, 0xc3, 0x46,
  0x05, 0xfe, 0x2c, 0x28, 0x34, 0xef, 0xfe, 0x09, 0xd2, 0x46, 0x05, 0xfe,
  0x05, 0x38, 0x1b, 0xf5, 0x3a, 0xfc, 0xfa, 0x0f, 0xe6, 0x03, 0x4f, 0xf1,
  0xfe, 0x07, 0xf5, 0x79, 0x30, 0x06, 0xfe, 0x01, 0x38, 0x04, 0x18, 0x05,
  0xfe, 0x02, 0xda, 0x46, 0x05, 0xf1, 0xe5, 0xcd, 0xbf, 0x09, 0x3a, 0xb0,
  0xf3, 0x5f, 0xcd, 0x33, 0x20, 0xe1, 0x2b, 0xd7, 0xc8, 0xcf, 0x2c, 0xfe,
  0x2c, 0x28, 0x17, 0xef, 0xfe, 0x04, 0xd2, 0x46, 0x05, 0x3a, 0xe0, 0xf3,
  0xe6, 0xfc, 0xb3, 0x32, 0xe0, 0xf3, 0xe5, 0xcd, 0xf5, 0x06, 0xe1, 0x2b,
  0xd7, 0xc8, 0xcf, 0x2c, 0xfe, 0x2c, 0x28, 0x05, 0xef, 0x32, 0xdb, 0xf3,
  0xc8, 0xcf, 0x2c, 0xfe, 0x2c, 0x28, 0x06, 0xcd, 0x7a, 0x1f, 0x2b, 0xd7,
  0xc8, 0xcf, 0x2c, 0xfe, 0x2c, 0x28, 0x05, 0xef, 0x32, 0x17, 0xf4, 0xc8,
  0xcf, 0x2c, 0xef, 0xfe, 0x04, 0xd2, 0x46, 0x05, 0x87, 0xcb, 0x4f, 0x28,
  0x02, 0xcb, 0xdf, 0xe6, 0x0c, 0x47, 0x3a, 0xe8, 0xff, 0xe6, 0xf3, 0xb0,
  0x0e, 0x09, 0x47, 0xc3, 0x47, 0x06, 0xef, 0x3d, 0xfe, 0x02, 0xd2, 0x46,
  0x05, 0xe5, 0x01, 0x05, 0x00, 0xa7, 0x21, 0xfc, 0xf3, 0x28, 0x01, 0x09,
  0x11, 0x06, 0xf4, 0xed, 0xb0, 0xe1, 0xc9, 0xc5, 0x47, 0xcd, 0x2c, 0x06,
  0x38, 0x14, 0xfe, 0x07, 0x3e, 0x01, 0x30, 0x0d, 0x3a, 0xfc, 0xfa, 0xe6,
  0x06, 0xfe, 0x04, 0x3e, 0x01, 0x38, 0x02, 0x3e, 0x03, 0xb8, 0x78, 0xc1,
  0xc9, 0xed, 0x5b, 0xf5, 0xfa, 0xfe, 0x2c, 0x28, 0x0e, 0xd5, 0xef, 0xd1,
  0xcd, 0x93, 0x1f, 0xda, 0x46, 0x05, 0x5f, 0x2b, 0xd7, 0x28, 0x0b, 0xd5,
  0xcf, 0x2c, 0xef, 0xd1, 0xcd, 0x93, 0x1f, 0x38, 0xee, 0x57, 0xed, 0x53,
  0xf5, 0xfa, 0xe5, 0xcd, 0x80, 0x29, 0xcd, 0xa8, 0x06, 0xe1, 0xc9, 0xca,
  0x46, 0x05, 0x3a, 0xb0, 0xfc, 0xa7, 0x7b, 0x28, 0x05, 0xfe, 0x21, 0xd2,
  0x46, 0x05, 0xfe, 0x29, 0x38, 0x05, 0xfe, 0x51, 0xd2, 0x46, 0x05, 0x3a,
  0xb0, 0xf3, 0xbb, 0xc8, 0x3e, 0x0c, 0xdf, 0x7b, 0x32, 0xb0, 0xf3, 0xcd,
  0x33, 0x20, 0x3a, 0xb0, 0xfc, 0x3d, 0x7b, 0x20, 0x07, 0x32, 0xaf, 0xf3,
  0x3e, 0x0c, 0xdf, 0xc9, 0x0e, 0x29, 0x3a, 0xae, 0xf3, 0xb9, 0x7b, 0x32,
  0xae, 0xf3, 0xf5, 0x3e, 0x0c, 0xdf, 0xf1, 0x38, 0x03, 0xb9, 0xd0, 0x4f,
  0xb9, 0xd8, 0xf5, 0xe5, 0xaf, 0xcd, 0xbf, 0x09, 0xe1, 0xf1, 0x5f, 0xd6,
  0x0e, 0x30, 0xfc, 0xc6, 0x1c, 0x2f, 0x3c, 0x83, 0x32, 0xb2, 0xf3, 0xc9,
  0xcd, 0x26, 0x06, 0xda, 0x46, 0x05, 0xd7, 0xfe, 0x24, 0x28, 0x1a, 0x3e,
  0x1f, 0xcd, 0x18, 0x23, 0xe5, 0xcd, 0x75, 0x07, 0xe3, 0xcf, 0xef, 0xef,
  0xa7, 0xfa, 0x46, 0x05, 0x01, 0x10, 0x00, 0xe3, 0xcd, 0x77, 0x09, 0xe1,
  0xc9, 0xcf, 0x24, 0x3e, 0x1f, 0xcd, 0x18, 0x23, 0xe5, 0xcd, 0x75, 0x07,
  0xe3, 0xcf, 0xef, 0xcd, 0xfc, 0x05, 0xe5, 0xcd, 0x14, 0x06, 0x7e, 0xfe,
  0x11, 0x38, 0x02, 0x3e, 0x10, 0x23, 0x5e, 0x23, 0x56, 0xe1, 0xe3, 0xa7,
  0x47, 0xeb, 0xc4, 0x2b, 0x0f, 0xe1, 0xc9, 0xd7, 0xef, 0xfe, 0x20, 0xd2,
  0x46, 0x05, 0x32, 0x60, 0xf5, 0xe5, 0xf5, 0xcd, 0x75, 0x07, 0x22, 0x18,
  0xfc, 0x11, 0x1a, 0xfc, 0x06, 0x10, 0xcd, 0x22, 0x0f, 0xf1, 0xf5, 0xcd,
  0x6a, 0x07, 0x22, 0x5e, 0xf5, 0xf1, 0x47, 0x3e, 0x20, 0x90, 0x47, 0x32,
  0x61, 0xf5, 0x11, 0x62, 0xf5, 0xd5, 0xcd, 0x22, 0x0f, 0xe1, 0xe3, 0xcf,
  0x2c, 0xfe, 0x2c, 0x28, 0x2c, 0xcd, 0x9c, 0x05, 0xe3, 0x73, 0x23, 0x78,
  0x87, 0x79, 0x0e, 0x00, 0x30, 0x04, 0xc6, 0x20, 0x0e, 0x80, 0x77, 0xe5,
  0x21, 0x1a, 0xfc, 0x06, 0x10, 0x7e, 0xe6, 0x7f, 0xb1, 0x77, 0x23, 0x10,
  0xf8, 0xcd, 0x7a, 0x21, 0xe1, 0x23, 0xe3, 0x2b, 0xd7, 0xc1, 0x28, 0x3a,
  0xc5, 0xcf, 0x2c, 0xfe, 0x2c, 0x28, 0x1e, 0xef, 0xa7, 0xfa, 0x46, 0x05,
  0xe5, 0x21, 0x1a, 0xfc, 0x4f, 0x06, 0x10, 0x7e, 0xe6, 0x80, 0xb1, 0x77,
  0x23, 0x10, 0xf8, 0xcd, 0x7a, 0x21, 0xe1, 0x2b, 0xd7, 0xc1, 0x28, 0x16,
  0xc5, 0xcf, 0x2c, 0xef, 0xcd, 0x7f, 0x07, 0x7b, 0x30, 0x07, 0xfe, 0x40,
  0xd2, 0x46, 0x05, 0x87, 0x87, 0xe3, 0x77, 0x44, 0x4d, 0xe1, 0xe5, 0x3a,
  0x60, 0xf5, 0xd6, 0x1f, 0x28, 0x34, 0x2a, 0x18, 0xfc, 0x3a, 0x61, 0xf5,
  0x47, 0x11, 0x10, 0x00, 0x19, 0xe5, 0xc5, 0x11, 0x1a, 0xfc, 0x06, 0x10,
  0xcd, 0x22, 0x0f, 0xcd, 0x87, 0x21, 0xc1, 0xe1, 0x28, 0x02, 0x10, 0xe9,
  0x3a, 0x61, 0xf5, 0x90, 0x28, 0x10, 0x47, 0x21, 0x66, 0xf5, 0xed, 0x5b,
  0x62, 0xf5, 0x73, 0x23, 0x72, 0x23, 0x23, 0x23, 0x10, 0xf8, 0x3c, 0x87,
  0x87, 0x47, 0x21, 0x62, 0xf5, 0xed, 0x5b, 0x5e, 0xf5, 0xcd, 0x2b, 0x0f,
  0xe1, 0xc9, 0x21, 0x1a, 0xfc, 0xed, 0x5b, 0x18, 0xfc, 0x06, 0x10, 0xcd,
  0x2b, 0x0f, 0xc9, 0x21, 0x1a, 0xfc, 0x06, 0x10, 0x7e, 0xe6, 0x40, 0xc0,
  0x23, 0x10, 0xf9, 0xaf, 0xc9, 0x05, 0xfa, 0x40, 0x05, 0x3a, 0xaf, 0xfc,
  0xfe, 0x05, 0xda, 0x46, 0x05, 0xd7, 0xfe, 0x2c, 0xc4, 0x9c, 0x05, 0xcf,
  0x2c, 0xcd, 0x08, 0x06, 0xd5, 0xcd, 0x6f, 0x25, 0xcd, 0x94, 0x25, 0x2b,
  0xd7, 0xfe, 0x2c, 0x3e, 0x00, 0x20, 0x07, 0xd7, 0xef, 0xfe, 0x03, 0xd2,
  0x46, 0x05, 0xc1, 0xc3, 0x49, 0x10, 0x3e, 0x2f, 0xcd, 0x18, 0x23, 0xfe,
  0x08, 0x38, 0x0e, 0xca, 0x46, 0x05, 0x1d, 0x3d, 0xfe, 0x18, 0x38, 0x05,
  0xfe, 0x20, 0xda, 0x46, 0x05, 0xd5, 0xcf, 0xef, 0xef, 0xc1, 0xc3, 0x76,
  0x1f, 0xd7, 0xcf, 0x28, 0xcd, 0x08, 0x06, 0xcf, 0x29, 0xe5, 0x7a, 0x07,
  0x38, 0x1c, 0xa7, 0x20, 0x03, 0x7b, 0xfe, 0x19, 0xd2, 0x46, 0x05, 0xfe,
  0x09, 0x30, 0x05, 0x21, 0xdf, 0xf3, 0x18, 0x03, 0x21, 0xde, 0xff, 0x19,
  0x7e, 0xcd, 0xe4, 0x05, 0xe1, 0xc9, 0xeb, 0xcd, 0xdc, 0x25, 0xeb, 0x21,
  0x09, 0x00, 0xe7, 0xda, 0x46, 0x05, 0x7b, 0xcd, 0x8b, 0x29, 0x18, 0xe9,
  0x3e, 0x13, 0xcd, 0x18, 0x23, 0x16, 0x00, 0xd5, 0xcf, 0xef, 0xcd, 0x08,
  0x06, 0xfe, 0x40, 0xd2, 0x46, 0x05, 0xe3, 0xe5, 0x4b, 0x42, 0xe1, 0x7d,
  0xf5, 0x29, 0xeb, 0x21, 0x6f, 0x22, 0x19, 0x79, 0xa6, 0x20, 0x03, 0x23,
  0x78, 0xa6, 0xc2, 0x46, 0x05, 0x21, 0xb3, 0xf3, 0x19, 0x71, 0x23, 0x70,
  0xf1, 0x1e, 0xff, 0x1c, 0xd6, 0x05, 0x30, 0xfb, 0x3a, 0xaf, 0xfc, 0xbb,
  0xcc, 0x61, 0x22, 0xe1, 0xc9, 0x3d, 0xfa, 0x42, 0x0b, 0xca, 0x9c, 0x0b,
  0x3d, 0xca, 0xd2, 0x0b, 0xc3, 0x22, 0x0c, 0xff, 0x03, 0x3f, 0x00, 0xff,
  0x07, 0x7f, 0x00, 0xff, 0x07, 0xff, 0x03, 0x3f, 0x00, 0xff, 0x07, 0x7f,
  0x00, 0xff, 0x07, 0xff, 0x03, 0xff, 0x1f, 0xff, 0x1f, 0x7f, 0x00, 0xff,
  0x07, 0xff, 0x03, 0x3f, 0x00, 0xff, 0x07, 0x7f, 0x00, 0xff, 0x07, 0xd7,
  0x3e, 0x2c, 0xcd, 0x18, 0x23, 0xfe, 0x14, 0x30, 0x21, 0xe5, 0xfe, 0x02,
  0x20, 0x0c, 0x3a, 0xb0, 0xf3, 0xfe, 0x29, 0x38, 0x05, 0x21, 0x00, 0x10,
  0x18, 0x0b, 0x21, 0xb3, 0xf3, 0x16, 0x00, 0x19, 0x19, 0x7e, 0x23, 0x66,
  0x6f, 0xcd, 0xde, 0x05, 0xe1, 0xc9, 0xe5, 0xd6, 0x19, 0x30, 0x0c, 0xc6,
  0x0f, 0x5f, 0xfe, 0x0d, 0x20, 0xd4, 0x2a, 0xde, 0x22, 0x18, 0xea, 0x16,
  0x00, 0x5f, 0x21, 0xe0, 0x22, 0x19, 0x66, 0x6a, 0x18, 0xdf, 0x00, 0x1e,
  0x00, 0x00, 0x00, 0x76, 0x78, 0x00, 0x00, 0x00, 0x76, 0x78, 0x00, 0x00,
  0x00, 0xfa, 0xf0, 0x00, 0x00, 0x00, 0xfa, 0xf0, 0xcd, 0x02, 0x06, 0xd5,
  0xcf, 0x2c, 0xef, 0xe3, 0xcd, 0xcb, 0x08, 0x21, 0x00, 0x00, 0xcd, 0xd6,
  0x08, 0xe1, 0xc9, 0xcd, 0xb4, 0x05, 0xcd, 0xd6, 0x08, 0xf5, 0x21, 0x00,
  0x00, 0xcd, 0xd6, 0x08, 0xf1, 0xc3, 0xe4, 0x05, 0xf5, 0xcf, 0x28, 0xef,
  0xf1, 0xbb, 0xda, 0x46, 0x05, 0xcf, 0x29, 0x7b, 0xc9, 0x3a, 0x63, 0xf6,
  0xfe, 0x08, 0x30, 0x05, 0xd6, 0x03, 0xb7, 0x37, 0xc9, 0xd6, 0x03, 0xb7,
  0xc9, 0xcd, 0x25, 0x23, 0x2a, 0xf8, 0xf7, 0xf8, 0xca, 0x52, 0x05, 0xc3,
  0xf0, 0x05, 0xfe, 0xc5, 0xca, 0x76, 0x36, 0x22, 0x5e, 0xf5, 0xfe, 0x28,
  0x28, 0x75, 0xcd, 0xf6, 0x24, 0xed, 0x53, 0x62, 0xf5, 0xed, 0x43, 0x64,
  0xf5, 0x30, 0x31, 0x2b, 0xd7, 0xca, 0x4d, 0x25, 0xfe, 0xd9, 0x20, 0x0b,
  0xd7, 0xfe, 0x28, 0x20, 0x0f, 0xaf, 0x32, 0x6f, 0xf5, 0x18, 0x03, 0xcd,
  0x2b, 0x25, 0xe5, 0x21, 0xa8, 0x30, 0x18, 0x2c, 0xcd, 0xf6, 0x24, 0xda,
  0x4d, 0x25, 0xed, 0x53, 0x66, 0xf5, 0xed, 0x43, 0x68, 0xf5, 0xe5, 0x21,
  0x6f, 0x30, 0x18, 0x31, 0x2b, 0xd7, 0xfe, 0xd9, 0x20, 0x0b, 0xd7, 0xfe,
  0x28, 0x20, 0x14, 0xaf, 0x32, 0x6f, 0xf5, 0x18, 0x03, 0xcd, 0x2b, 0x25,
  0xe5, 0x21, 0x42, 0x2f, 0x22, 0x60, 0xf5, 0xe1, 0xc3, 0xa9, 0x24, 0xcd,
  0xf6, 0x24, 0xd2, 0x40, 0x05, 0xed, 0x53, 0x66, 0xf5, 0xed, 0x43, 0x68,
  0xf5, 0xe5, 0x21, 0x7c, 0x30, 0x22, 0x60, 0xf5, 0xc3, 0xe4, 0x24, 0xe5,
  0x21, 0xb9, 0x2e, 0x22, 0x60, 0xf5, 0xe1, 0xcd, 0x9c, 0x05, 0xc5, 0xd5,
  0xcf, 0xf2, 0xcd, 0xa2, 0x05, 0x2b, 0xd7, 0xfe, 0xd9, 0x3a, 0xf6, 0xfa,
  0x28, 0x03, 0xcf, 0x2c, 0xef, 0xcd, 0x93, 0x1f, 0xda, 0x46, 0x05, 0x32,
  0x65, 0xf5, 0xd1, 0xc1, 0xcf, 0xd9, 0xe5, 0xcd, 0xc4, 0x12, 0xed, 0x43,
  0x62, 0xf5, 0x7b, 0x32, 0x64, 0xf5, 0xcd, 0xf1, 0x25, 0xcd, 0xc4, 0x12,
  0xcd, 0xf1, 0x25, 0x08, 0xaf, 0x08, 0xcd, 0xd5, 0x25, 0x30, 0x04, 0x08,
  0xf6, 0x04, 0x08, 0x23, 0x22, 0x6a, 0xf5, 0xcd, 0xe6, 0x25, 0x30, 0x04,
  0x08, 0xf6, 0x08, 0x08, 0x23, 0x22, 0x6c, 0xf5, 0x08, 0x32, 0x6f, 0xf5,
  0x08, 0xc5, 0xd5, 0xed, 0x4b, 0x6a, 0xf5, 0x5d, 0x54, 0xcd, 0x76, 0x33,
  0xda, 0x46, 0x05, 0xd1, 0xc1, 0xe1, 0x2b, 0xd7, 0xfe, 0x28, 0x28, 0x6d,
  0xcd, 0xf6, 0x24, 0xed, 0x53, 0x66, 0xf5, 0xed, 0x43, 0x68, 0xf5, 0x30,
  0x07, 0xe5, 0x21, 0xb4, 0x31, 0xc3, 0xa4, 0x24, 0xe5, 0xc5, 0xd5, 0xed,
  0x4b, 0x6a, 0xf5, 0xed, 0x5b, 0x6c, 0xf5, 0xcd, 0x52, 0x30, 0x3e, 0x00,
  0x87, 0x5f, 0xcd, 0x3b, 0x25, 0x05, 0x28, 0x25, 0x05, 0x28, 0x15, 0x01,
  0x03, 0x00, 0x09, 0x7b, 0xce, 0x00, 0xcb, 0x3f, 0xcb, 0x1c, 0xcb, 0x1d,
  0xcb, 0x3f, 0xcb, 0x1c, 0xcb, 0x1d, 0x18, 0x0d, 0x01, 0x01, 0x00, 0x09,
  0x7b, 0xce, 0x00, 0xcb, 0x3f, 0xcb, 0x1c, 0xcb, 0x1d, 0xd1, 0x19, 0x38,
  0x0d, 0x00, 0x11, 0x04, 0x00, 0x19, 0x38, 0x06, 0x00, 0xd1, 0xeb, 0xa7,
  0xed, 0x52, 0xda, 0x46, 0x05, 0x21, 0xdf, 0x2e, 0x22, 0x60, 0xf5, 0x18,
  0x35, 0xcd, 0xa2, 0x05, 0xe5, 0xcd, 0xc4, 0x12, 0xed, 0x43, 0x66, 0xf5,
  0x7b, 0x32, 0x68, 0xf5, 0xe1, 0xaf, 0x32, 0x69, 0xf5, 0x2b, 0xd7, 0x3a,
  0xf6, 0xfa, 0x28, 0x0a, 0xcf, 0x2c, 0xfe, 0x2c, 0x3a, 0xf6, 0xfa, 0xc4,
  0x0e, 0x06, 0xcd, 0x93, 0x1f, 0xda, 0x46, 0x05, 0x32, 0x69, 0xf5, 0xcd,
  0x94, 0x25, 0x32, 0x70, 0xf5, 0xe5, 0xcd, 0x2c, 0x06, 0xda, 0x46, 0x05,
  0x21, 0xf0, 0x24, 0xe5, 0x2a, 0x60, 0xf5, 0xe5, 0x21, 0x62, 0xf5, 0xc9,
  0xe1, 0xda, 0x46, 0x05, 0xa7, 0xc9, 0xe5, 0xcd, 0xfc, 0x05, 0x3a, 0x63,
  0xf6, 0xfe, 0x03, 0x28, 0x22, 0xe1, 0x3e, 0x01, 0x32, 0xa5, 0xf6, 0xcd,
  0xd8, 0x05, 0xc2, 0x46, 0x05, 0x32, 0xa5, 0xf6, 0xe5, 0x60, 0x69, 0xeb,
  0x19, 0x2b, 0xe5, 0x0a, 0x87, 0x6f, 0x26, 0x00, 0x03, 0x09, 0xeb, 0xc1,
  0xe1, 0xa7, 0xc9, 0xe5, 0xcd, 0x14, 0x06, 0xe1, 0xd1, 0x37, 0xc9, 0xcf,
  0x2c, 0xef, 0xfe, 0x04, 0xd2, 0x46, 0x05, 0x87, 0x87, 0x32, 0x6f, 0xf5,
  0xcf, 0xd9, 0xc9, 0x06, 0x01, 0x3a, 0xaf, 0xfc, 0xfe, 0x08, 0xc8, 0x04,
  0xfe, 0x05, 0xc8, 0xfe, 0x07, 0xc8, 0x04, 0x04, 0xc9, 0xaf, 0x32, 0xa5,
  0xf6, 0x2a, 0x5e, 0xf5, 0x37, 0xc9, 0xf5, 0xcd, 0xa2, 0x05, 0xf1, 0xcd,
  0x72, 0x25, 0xcd, 0x94, 0x25, 0xe5, 0xcd, 0xc4, 0x12, 0x30, 0x06, 0xcd,
  0x42, 0x13, 0xcd, 0xb5, 0x13, 0xe1, 0xc9, 0x3a, 0xe9, 0xf3, 0xc5, 0xd5,
  0x5f, 0xcd, 0x20, 0x06, 0xda, 0x46, 0x05, 0x2b, 0xd7, 0x28, 0x07, 0xcf,
  0x2c, 0xfe, 0x2c, 0x28, 0x01, 0xef, 0x7b, 0xe5, 0xcd, 0xad, 0x13, 0xda,
  0x46, 0x05, 0xe1, 0xd1, 0xc1, 0xc3, 0x3e, 0x1d, 0x3e, 0x00, 0xd5, 0x16,
  0x00, 0x5f, 0x2b, 0xd7, 0x28, 0x2e, 0xcf, 0x2c, 0xca, 0x4c, 0x05, 0xfe,
  0x2c, 0x28, 0x25, 0x5f, 0xfe, 0x54, 0x28, 0x18, 0xfe, 0xd9, 0x28, 0x0c,
  0x3c, 0x20, 0x18, 0xd7, 0xcf, 0x8d, 0xcf, 0x44, 0x1e, 0xf6, 0x18, 0x05,
  0xd7, 0xcf, 0x52, 0x1e, 0xf7, 0x2b, 0x18, 0x05, 0xd7, 0xca, 0x40, 0x05,
  0x5f, 0x16, 0x08, 0xd7, 0x7b, 0xcd, 0xb6, 0x27, 0xda, 0x40, 0x05, 0xd1,
  0xc9, 0x2a, 0xb3, 0xfc, 0xa7, 0xed, 0x42, 0xd0, 0xaf, 0x95, 0x6f, 0x9c,
  0x95, 0x67, 0xaf, 0xd6, 0x01, 0xc9, 0x2a, 0xb5, 0xfc, 0xa7, 0xed, 0x52,
  0x18, 0xed, 0xcd, 0xc4, 0x12, 0xcd, 0x00, 0x26, 0xe5, 0xc5, 0x2a, 0xb3,
  0xfc, 0xe3, 0x22, 0xb3, 0xfc, 0xc1, 0xe1, 0xc9, 0xe5, 0x2a, 0xb5, 0xfc,
  0xeb, 0x18, 0x33, 0xcd, 0x9c, 0x05, 0xc5, 0xd5, 0xcf, 0xf2, 0xcd, 0xa2,
  0x05, 0xcd, 0x6f, 0x25, 0xd1, 0xc1, 0x2b, 0xd7, 0x28, 0x25, 0xcf, 0x2c,
  0xfe, 0x2c, 0x28, 0x1f, 0xcf, 0x42, 0x28, 0x24, 0xfe, 0x2c, 0x28, 0x20,
  0xcf, 0x46, 0xcd, 0x94, 0x25, 0xe5, 0xcd, 0x98, 0x28, 0x2a, 0xb7, 0xfc,
  0x22, 0xb3, 0xfc, 0x2a, 0xb9, 0xfc, 0x22, 0xb5, 0xfc, 0xe1, 0xc9, 0xcd,
  0x94, 0x25, 0xe5, 0xcd, 0x23, 0x28, 0x18, 0xe9, 0xcd, 0x94, 0x25, 0xe5,
  0xcd, 0xe7, 0x27, 0x18, 0xe0, 0xcd, 0x9c, 0x05, 0xc5, 0xd5, 0xcd, 0x6f,
  0x25, 0x3a, 0xf2, 0xf3, 0x5f, 0x2b, 0xd7, 0x28, 0x03, 0xcf, 0x2c, 0xef,
  0x7b, 0xa7, 0xcd, 0xc7, 0x14, 0xda, 0x46, 0x05, 0xd1, 0xc1, 0xe5, 0xcd,
  0xad, 0x27, 0xcd, 0x42, 0x13, 0x11, 0x01, 0x00, 0xcd, 0x7e, 0x27, 0x28,
  0x14, 0xe5, 0xcd, 0x8f, 0x27, 0xd1, 0x19, 0xeb, 0xaf, 0xcd, 0x5b, 0x27,
  0x3e, 0x40, 0xcd, 0x5b, 0x27, 0x06, 0xc0, 0x18, 0x22, 0xe1, 0xc9, 0x3a,
  0x9b, 0xfc, 0xb7, 0xc4, 0x89, 0x05, 0x3a, 0x4a, 0xf9, 0xb7, 0x28, 0x0c,
  0x2a, 0x4b, 0xf9, 0xe5, 0x2a, 0x49, 0xf9, 0xe5, 0x2a, 0x4d, 0xf9, 0xe5,
  0xd1, 0xc1, 0xe1, 0x79, 0xcd, 0x7d, 0x13, 0x78, 0x32, 0x53, 0xf9, 0x87,
  0x28, 0xd7, 0xd5, 0x30, 0x05, 0xcd, 0x14, 0x14, 0x18, 0x03, 0xcd, 0xfc,
  0x13, 0xd1, 0x38, 0xe4, 0xcd, 0x7e, 0x27, 0xca, 0xac, 0x26, 0xaf, 0x32,
  0x4a, 0xf9, 0xcd, 0x8f, 0x27, 0x5d, 0x54, 0xb7, 0x28, 0x1a, 0x2b, 0x2b,
  0x7c, 0x87, 0x38, 0x14, 0xed, 0x53, 0x4d, 0xf9, 0xcd, 0x76, 0x13, 0x22,
  0x4b, 0xf9, 0x32, 0x49, 0xf9, 0x3a, 0x53, 0xf9, 0x2f, 0x32, 0x4a, 0xf9,
  0x2a, 0x51, 0xf9, 0x19, 0xeb, 0xcd, 0x4f, 0x27, 0x2a, 0x42, 0xf9, 0x3a,
  0x44, 0xf9, 0xcd, 0x7d, 0x13, 0x2a, 0x4f, 0xf9, 0xed, 0x5b, 0x51, 0xf9,
  0xb7, 0xed, 0x52, 0x28, 0x3b, 0x38, 0x1c, 0xeb, 0x06, 0x01, 0xcd, 0x7e,
  0x27, 0x28, 0x31, 0xb7, 0x28, 0xe7, 0xeb, 0x2a, 0x42, 0xf9, 0x3a, 0x44,
  0xf9, 0x4f, 0x3a, 0x53, 0xf9, 0x47, 0xcd, 0x60, 0x27, 0x18, 0xd6, 0xcd,
  0xdc, 0x25, 0x2b, 0x2b, 0x7c, 0x87, 0x38, 0x14, 0x23, 0xe5, 0xeb, 0x2a,
  0x2a, 0xf9, 0xb7, 0xed, 0x52, 0x22, 0x2a, 0xf9, 0xd1, 0x3a, 0x53, 0xf9,
  0x2f, 0xcd, 0x5b, 0x27, 0xc3, 0x93, 0x26, 0x3a, 0x54, 0xf9, 0x4f, 0x3a,
  0x55, 0xf9, 0xb1, 0xc8, 0x3a, 0x53, 0xf9, 0x47, 0xcd, 0x76, 0x13, 0x4f,
  0xe3, 0xc5, 0xd5, 0xe5, 0x0e, 0x02, 0xe5, 0x2a, 0xc6, 0xf6, 0x06, 0x00,
  0x09, 0x09, 0x3e, 0x88, 0x95, 0x6f, 0x3e, 0xff, 0x9c, 0x67, 0x38, 0x03,
  0x39, 0xe1, 0xd8, 0xc3, 0x58, 0x05, 0xcd, 0xdb, 0x14, 0xed, 0x53, 0x4f,
  0xf9, 0x22, 0x51, 0xf9, 0x7c, 0xb5, 0x79, 0x32, 0x55, 0xf9, 0xc9, 0xcd,
  0x76, 0x13, 0xe5, 0xf5, 0x2a, 0x42, 0xf9, 0x3a, 0x44, 0xf9, 0xcd, 0x7d,
  0x13, 0xf1, 0xe1, 0x22, 0x42, 0xf9, 0x32, 0x44, 0xf9, 0xcd, 0x8f, 0x15,
  0x79, 0x32, 0x54, 0xf9, 0xc9, 0xe5, 0xcd, 0xc4, 0x12, 0xd2, 0x46, 0x05,
  0xe1, 0xc9, 0xa7, 0x28, 0x29, 0xc5, 0x47, 0xcd, 0x2c, 0x06, 0x78, 0xc1,
  0xd8, 0xfe, 0xf8, 0x28, 0x1b, 0xfe, 0xf7, 0x28, 0x14, 0xfe, 0xf6, 0x28,
  0x0d, 0xfe, 0xc3, 0x28, 0x06, 0xfe, 0xc2, 0x37, 0xc0, 0xaf, 0xc2, 0x3e,
  0x04, 0xc2, 0x3e, 0x01, 0xc2, 0x3e, 0x02, 0xc2, 0x3e, 0x03, 0xb2, 0x32,
  0x02, 0xfb, 0xc9, 0xcd, 0xee, 0x25, 0xcd, 0xee, 0x25, 0xcd, 0xd5, 0x25,
  0x28, 0x31, 0xdc, 0xf4, 0x25, 0xcd, 0xe6, 0x25, 0x28, 0x29, 0xdc, 0x00,
  0x26, 0x2a, 0xb5, 0xfc, 0xe5, 0xd5, 0xeb, 0xcd, 0x23, 0x28, 0xe1, 0x22,
  0xb5, 0xfc, 0xeb, 0xcd, 0x23, 0x28, 0xe1, 0x2b, 0x13, 0x22, 0xb5, 0xfc,
  0x2a, 0xb3, 0xfc, 0xc5, 0x4d, 0x44, 0xcd, 0x23, 0x28, 0xe1, 0x22, 0xb3,
  0xfc, 0x4d, 0x44, 0xc5, 0xd5, 0xe5, 0x2a, 0xb5, 0xfc, 0xe5, 0x2a, 0xb3,
  0xfc, 0xe5, 0xcd, 0xee, 0x25, 0xcd, 0xc4, 0x12, 0xcd, 0xe6, 0x25, 0xdc,
  0xf1, 0x25, 0xd5, 0xe5, 0x08, 0xaf, 0x08, 0xcd, 0xd5, 0x25, 0xeb, 0x30,
  0x04, 0x08, 0xf6, 0x04, 0x08, 0xe1, 0xe7, 0x38, 0x05, 0xeb, 0x08, 0xf6,
  0x01, 0x08, 0xe3, 0xcd, 0x80, 0x29, 0x3e, 0x24, 0xf3, 0xd3, 0x99, 0x3e,
  0x91, 0xd3, 0x99, 0x79, 0xd3, 0x9b, 0x78, 0xd3, 0x9b, 0x7d, 0xd3, 0x9b,
  0x3a, 0xf6, 0xfa, 0xd3, 0x9b, 0x7b, 0xd3, 0x9b, 0x7a, 0xd3, 0x9b, 0xe1,
  0x7d, 0xd3, 0x9b, 0x7c, 0xd3, 0x9b, 0x3a, 0xf2, 0xf3, 0xd3, 0x9b, 0x08,
  0xd3, 0x9b, 0x3a, 0x02, 0xfb, 0xe6, 0x0f, 0xf6, 0x70, 0xd3, 0x9b, 0xfb,
  0xe1, 0x22, 0xb3, 0xfc, 0xe1, 0x22, 0xb5, 0xfc, 0xe1, 0xd1, 0xc1, 0xc9,
  0xcd, 0xc4, 0x12, 0x69, 0x60, 0x7b, 0xcd, 0xa5, 0x29, 0xcd, 0xf1, 0x25,
  0xcd, 0xee, 0x25, 0x08, 0xaf, 0x08, 0xcd, 0xd5, 0x25, 0x30, 0x04, 0x08,
  0xf6, 0x04, 0x08, 0x23, 0xe5, 0xcd, 0xe6, 0x25, 0x30, 0x04, 0x08, 0xf6,
  0x08, 0x08, 0x23, 0xd1, 0xcd, 0xc4, 0x29, 0x08, 0xcd, 0xdb, 0x29, 0x08,
  0x3a, 0xf2, 0xf3, 0xcd, 0xeb, 0x29, 0x3a, 0x02, 0xfb, 0xe6, 0x0f, 0xc6,
  0x80, 0xcd, 0xe3, 0x29, 0x06, 0x04, 0x18, 0x0a, 0x06, 0x06, 0x18, 0x06,
  0x06, 0x02, 0x18, 0x02, 0x06, 0x00, 0xc5, 0xcd, 0x25, 0x29, 0xf1, 0xf3,
  0xd3, 0x99, 0x3e, 0xad, 0xd3, 0x99, 0x3e, 0x60, 0xd3, 0x99, 0x3e, 0xae,
  0xd3, 0x99, 0xcd, 0x80, 0x29, 0xe6, 0x10, 0xc8, 0x3e, 0x08, 0xf3, 0xd3,
  0x99, 0x3e, 0x8f, 0xd3, 0x99, 0xdb, 0x99, 0x6f, 0x3e, 0x09, 0xd3, 0x99,
  0x3e, 0x8f, 0xd3, 0x99, 0xdb, 0x99, 0xf5, 0xaf, 0xd3, 0x99, 0x3e, 0x8f,
  0xd3, 0x99, 0xfb, 0xf1, 0xe6, 0x01, 0x67, 0x37, 0xc9, 0xf5, 0xcd, 0x80,
  0x29, 0x3e, 0x20, 0xf3, 0xd3, 0x99, 0x3e, 0x91, 0xd3, 0x99, 0x7d, 0xd3,
  0x9b, 0x7c, 0xd3, 0x9b, 0x7b, 0xd3, 0x9b, 0x3a, 0xf6, 0xfa, 0xd3, 0x9b,
  0xf1, 0xd3, 0x99, 0x3e, 0xac, 0xd3, 0x99, 0xfb, 0xc9, 0xd5, 0xcd, 0xa0,
  0x29, 0xaf, 0xcd, 0xdb, 0x29, 0x3e, 0x40, 0xcd, 0xe3, 0x29, 0xcd, 0x80,
  0x29, 0x3e, 0x07, 0xcd, 0x8b, 0x29, 0xfb, 0xd1, 0xc9, 0xcd, 0xa5, 0x29,
  0x3e, 0x2c, 0xf3, 0xd3, 0x99, 0x3e, 0x91, 0xd3, 0x99, 0x3a, 0xf2, 0xf3,
  0xd3, 0x9b, 0xaf, 0xd3, 0x9b, 0x3a, 0x02, 0xfb, 0xe6, 0x0f, 0xf6, 0x50,
  0xd3, 0x9b, 0xfb, 0xc9, 0x3e, 0x02, 0xcd, 0x8b, 0x29, 0xfb, 0x0f, 0x38,
  0xf7, 0x07, 0xc9, 0xf3, 0xd3, 0x99, 0x3e, 0x8f, 0xd3, 0x99, 0xe5, 0xe1,
  0xdb, 0x99, 0xf5, 0xaf, 0xd3, 0x99, 0x3e, 0x8f, 0xd3, 0x99, 0xf1, 0xc9,
  0xf5, 0x3e, 0x20, 0x18, 0x03, 0xf5, 0x3e, 0x24, 0xf5, 0xcd, 0x80, 0x29,
  0xf3, 0xf1, 0xd3, 0x99, 0x3e, 0x91, 0xd3, 0x99, 0x7d, 0xd3, 0x9b, 0x7c,
  0xd3, 0x9b, 0xf1, 0xd3, 0x9b, 0x3a, 0xf6, 0xfa, 0xd3, 0x9b, 0xfb, 0xc9,
  0x3e, 0x28, 0xf3, 0xd3, 0x99, 0x3e, 0x91, 0xd3, 0x99, 0x7b, 0xd3, 0x9b,
  0x7a, 0xd3, 0x9b, 0x7d, 0xd3, 0x9b, 0x7c, 0xd3, 0x9b, 0xfb, 0xc9, 0xf5,
  0xf3, 0xd3, 0x99, 0x3e, 0xad, 0x18, 0x0e, 0xf5, 0xf3, 0xd3, 0x99, 0x3e,
  0xae, 0x18, 0x06, 0xf5, 0xf3, 0xd3, 0x99, 0x3e, 0xac, 0xd3, 0x99, 0xfb,
  0xf1, 0xc9, 0x00, 0x20, 0x00, 0x00, 0x00, 0x00, 0x00, 0x00, 0x08, 0x02,
  0x00, 0x00, 0x00, 0x00, 0x00, 0x00, 0x00, 0x00, 0x00, 0x00, 0x00, 0x3b,
  0x05, 0x00, 0xcd, 0x14, 0x2a, 0xc3, 0x6d, 0x1b, 0xcd, 0x40, 0x2b, 0xf3,
  0x3e, 0x55, 0x21, 0x00, 0x00, 0x01, 0x00, 0x80, 0xcd, 0x77, 0x09, 0xcd,
  0xff, 0x2a, 0x11, 0x05, 0x07, 0xcd, 0xc2, 0x2a, 0x11, 0x00, 0x2d, 0xcd,
  0xc2, 0x2a, 0x16, 0x2a, 0xcd, 0xc2, 0x2a, 0x14, 0xcd, 0xc2, 0x2a, 0x16,
  0x27, 0xcd, 0xc2, 0x2a, 0x1e, 0x37, 0x21, 0xf6, 0x2b, 0xd9, 0x21, 0x6f,
  0x2b, 0xd9, 0x11, 0x60, 0x01, 0xcd, 0xc2, 0x2a, 0x3e, 0xf0, 0x32, 0x5e,
  0xf5, 0xf3, 0xcd, 0x34, 0x10, 0x3a, 0x5e, 0xf5, 0x47, 0x0e, 0x17, 0xcd,
  0x47, 0x06, 0x78, 0x3c, 0x32, 0x5e, 0xf5, 0xfb, 0x3e, 0x03, 0xf5, 0x01,
  0x2d, 0x00, 0x16, 0x26, 0xcd, 0xc2, 0x2a, 0xd9, 0x06, 0x08, 0x4e, 0x23,
  0xd9, 0xcd, 0xd8, 0x2a, 0x7e, 0x23, 0xfe, 0xfe, 0x28, 0x37, 0xe5, 0xc5,
  0x01, 0xa6, 0x01, 0x30, 0x03, 0x06, 0x00, 0x4f, 0xcd, 0xd4, 0x2a, 0xe1,
  0x09, 0x4d, 0x44, 0xe1, 0xf1, 0xee, 0x03, 0xcd, 0xe3, 0x2a, 0xf5, 0xcd,
  0xec, 0x2a, 0xd9, 0xcb, 0x21, 0x10, 0x04, 0x06, 0x08, 0x4e, 0x23, 0xd9,
  0x30, 0xcf, 0x0b, 0xcd, 0xd8, 0x2a, 0x03, 0x3e, 0x02, 0xcd, 0xe3, 0x2a,
  0xcd, 0xfa, 0x2a, 0x18, 0xc0, 0x1c, 0xf1, 0x7e, 0xfe, 0xfe, 0x20, 0x95,
  0xfb, 0xc9, 0xc5, 0xf5, 0xf3, 0x0e, 0x99, 0xed, 0x59, 0x7a, 0xf6, 0x80,
  0xe3, 0xe3, 0xed, 0x79, 0xfb, 0xf1, 0xc1, 0xc9, 0x16, 0x28, 0x18, 0x02,
  0x16, 0x24, 0xd5, 0x59, 0xcd, 0xc2, 0x2a, 0x58, 0x14, 0x18, 0x04, 0xd5,
  0x5f, 0x16, 0x2c, 0xcd, 0xc2, 0x2a, 0xd1, 0xc9, 0xd5, 0x1e, 0x70, 0x16,
  0x2e, 0xcd, 0xc2, 0x2a, 0xcd, 0x80, 0x29, 0xf3, 0xd1, 0xc9, 0xd5, 0x1e,
  0x50, 0x18, 0xf0, 0x3e, 0x02, 0xcd, 0xf9, 0x1c, 0x06, 0x0b, 0xcd, 0xd2,
  0x1c, 0x07, 0x07, 0xe6, 0x0c, 0x4f, 0x06, 0x00, 0x21, 0x5f, 0x2b, 0x09,
  0x4e, 0x23, 0x46, 0xc5, 0x23, 0x5e, 0x23, 0x56, 0xeb, 0x11, 0x00, 0x10,
  0xcd, 0xc2, 0x2a, 0xcd, 0x33, 0x2b, 0xe1, 0xcd, 0x33, 0x2b, 0x21, 0x44,
  0x04, 0xcd, 0x33, 0x2b, 0x21, 0x77, 0x07, 0xc5, 0x0e, 0x9a, 0xf3, 0xed,
  0x69, 0xe3, 0xe3, 0xed, 0x61, 0xfb, 0xc1, 0xc9, 0x06, 0x08, 0x21, 0x4f,
  0x2b, 0x56, 0x23, 0x5e, 0x23, 0xcd, 0xc2, 0x2a, 0x10, 0xf7, 0xc9, 0x00,
  0x08, 0x01, 0x20, 0x08, 0x2a, 0x09, 0x02, 0x02, 0x1f, 0x05, 0xf7, 0x0b,
  0x00, 0x06, 0x0e, 0x07, 0x00, 0x00, 0x00, 0x20, 0x04, 0x27, 0x02, 0x72,
  0x02, 0x56, 0x00, 0x70, 0x05, 0x70, 0x00, 0x00, 0x00, 0x00, 0x00, 0x00,
  0x00, 0x00, 0x00, 0x00, 0x6e, 0x00, 0x9f, 0x00, 0x6f, 0x00, 0x9f, 0x00,
  0x6f, 0x00, 0x9f, 0x00, 0x6f, 0x00, 0x9f, 0x00, 0x6f, 0x00, 0x9f, 0x00,
  0x6f, 0x00, 0x9f, 0x00, 0x6f, 0x00, 0xff, 0x00, 0x07, 0x00, 0xfc, 0x07,
  0x00, 0xf7, 0x00, 0x07, 0x00, 0xf3, 0x00, 0x07, 0x00, 0xf7, 0x00, 0x07,
  0x00, 0xff, 0x00, 0x07, 0x00, 0xff, 0x00, 0x0f, 0x00, 0xfc, 0x3c, 0xfc,
  0x3c, 0xfc, 0x3c, 0x87, 0xc0, 0x7b, 0xc0, 0x87, 0xc0, 0x7b, 0xc0, 0x86,
  0xc0, 0x7b, 0xc0, 0x86, 0xc0, 0x7a, 0xc0, 0x86, 0xc0, 0x78, 0xc0, 0x86,
  0x90, 0x7a, 0xf0, 0x86, 0xf0, 0x7f, 0xc0, 0x83, 0xc0, 0x7f, 0xc0, 0xd7,
  0xc0, 0x2f, 0xc0, 0xd7, 0xc0, 0x2f, 0xc0, 0xd7, 0xc0, 0x2f, 0xc0, 0xd7,
  0xc0, 0x2f, 0xc0, 0xd7, 0xc0, 0x2f, 0xc0, 0xd7, 0xc0, 0x2f, 0xc0, 0xd5,
  0x80, 0x00, 0x00, 0x00, 0x00, 0x00, 0x00, 0x00, 0x00, 0x00, 0xff, 0xfe,
  0xff, 0xfe, 0xff, 0xfe, 0xff, 0xfe, 0xff, 0xfe, 0xff, 0xfe, 0xff, 0xfe,
  0xff, 0xfe, 0xff, 0xfe, 0x44, 0x1d, 0x1d, 0x1c, 0x2f, 0x68, 0x2b, 0x28,
  0x22, 0xfe, 0x44, 0x1d, 0x1c, 0x1e, 0x2a, 0x6d, 0x29, 0x29, 0x22, 0xfe,
  0x43, 0x1f, 0x1b, 0x1e, 0x26, 0x73, 0x25, 0x29, 0x24, 0xfe, 0x43, 0x1f,
  0x1a, 0x20, 0x22, 0x77, 0x23, 0x29, 0x25, 0xfe, 0x42, 0x21, 0x19, 0x20,
  0x1f, 0x7c, 0x1f, 0x29, 0x27, 0xfe, 0x42, 0x21, 0x18, 0x22, 0x1b, 0x80,
  0x1d, 0x29, 0x28, 0xfe, 0x41, 0x23, 0x17, 0x22, 0x19, 0x84, 0x1a, 0x28,
  0x2a, 0xfe, 0x41, 0x23, 0x16, 0x24, 0x17, 0x86, 0x17, 0x29, 0x2b, 0xfe,
  0x40, 0x25, 0x15, 0x24, 0x15, 0x8a, 0x14, 0x28, 0x2d, 0xfe, 0x40, 0x25,
  0x14, 0x26, 0x13, 0x8c, 0x11, 0x29, 0x2e, 0xfe, 0x3f, 0x27, 0x13, 0x26,
  0x12, 0x8f, 0x0e, 0x29, 0x2f, 0xfe, 0x3f, 0x27, 0x12, 0x28, 0x10, 0x91,
  0x0c, 0x28, 0x31, 0xfe, 0x3e, 0x29, 0x11, 0x28, 0x0f, 0x94, 0x08, 0x29,
  0x32, 0xfe, 0x3e, 0x2a, 0x0f, 0x2a, 0x0d, 0x96, 0x06, 0x28, 0x34, 0xfe,
  0x3d, 0x2b, 0x0e, 0x2b, 0x0c, 0x99, 0x02, 0x29, 0x35, 0xfe, 0x3d, 0x2c,
  0x0d, 0x2c, 0x0b, 0xc2, 0x37, 0xfe, 0x3c, 0x2d, 0x0c, 0x2d, 0x0a, 0x26,
  0x4c, 0x50, 0x38, 0xfe, 0x3c, 0x2e, 0x0b, 0x2e, 0x09, 0x23, 0x51, 0x4c,
  0x3a, 0xfe, 0x3b, 0x2f, 0x0a, 0x2f, 0x09, 0x21, 0x54, 0x4a, 0x3b, 0xfe,
  0x3b, 0x30, 0x09, 0x30, 0x08, 0x20, 0x57, 0x46, 0x3d, 0xfe, 0x3a, 0x31,
  0x08, 0x31, 0x08, 0x21, 0x57, 0x44, 0x3e, 0xfe, 0x3a, 0x32, 0x07, 0x32,
  0x07, 0x23, 0x57, 0x41, 0x3f, 0xfe, 0x39, 0x33, 0x06, 0x33, 0x07, 0x26,
  0x55, 0x3e, 0x41, 0xfe, 0x39, 0x34, 0x05, 0x34, 0x07, 0x47, 0x35, 0x3b,
  0x42, 0xfe, 0x38, 0x35, 0x04, 0x35, 0x07, 0x4b, 0x32, 0x38, 0x44, 0xfe,
  0x38, 0x36, 0x03, 0x36, 0x07, 0x4e, 0x30, 0x35, 0x45, 0xfe, 0x37, 0x37,
  0x02, 0x37, 0x08, 0x50, 0x2e, 0x32, 0x47, 0xfe, 0x37, 0x71, 0x08, 0x52,
  0x2d, 0x2f, 0x48, 0xfe, 0x36, 0x72, 0x09, 0x54, 0x2b, 0x2c, 0x4a, 0xfe,
  0x36, 0x73, 0x09, 0x55, 0x2b, 0x29, 0x4b, 0xfe, 0x35, 0x74, 0x0a, 0x55,
  0x29, 0x2a, 0x4b, 0xfe, 0x35, 0x75, 0x0b, 0x55, 0x25, 0x2d, 0x4a, 0xfe,
  0x34, 0x76, 0x0c, 0x55, 0x23, 0x30, 0x48, 0xfe, 0x34, 0x1f, 0x01, 0x37,
  0x01, 0x1f, 0x0d, 0x54, 0x20, 0x33, 0x47, 0xfe, 0x33, 0x20, 0x02, 0x36,
  0x02, 0x1e, 0x10, 0x52, 0x1e, 0x36, 0x45, 0xfe, 0x33, 0x1f, 0x03, 0x35,
  0x03, 0x1f, 0x12, 0x50, 0x1b, 0x39, 0x44, 0xfe, 0x32, 0x20, 0x04, 0x34,
  0x04, 0x1e, 0x15, 0x4e, 0x19, 0x3c, 0x42, 0xfe, 0x32, 0x1f, 0x05, 0x33,
  0x05, 0x1f, 0x18, 0x4a, 0x18, 0x3e, 0x41, 0xfe, 0x31, 0x20, 0x06, 0x32,
  0x06, 0x1e, 0x1c, 0x47, 0x15, 0x42, 0x3f, 0xfe, 0x31, 0x1f, 0x07, 0x31,
  0x07, 0x1f, 0x3c, 0x26, 0x14, 0x44, 0x3e, 0xfe, 0x30, 0x20, 0x08, 0x30,
  0x08, 0x1e, 0x40, 0x22, 0x12, 0x48, 0x3c, 0xfe, 0x30, 0x1f, 0x09, 0x2f,
  0x09, 0x1f, 0x41, 0x20, 0x11, 0x4a, 0x3b, 0xfe, 0x2f, 0x20, 0x0a, 0x2e,
  0x0a, 0x1e, 0x41, 0x20, 0x0f, 0x4e, 0x39, 0xfe, 0x2f, 0x1f, 0x0b, 0x2d,
  0x0b, 0x1f, 0x40, 0x20, 0x0e, 0x28, 0x01, 0x27, 0x38, 0xfe, 0x2e, 0x20,
  0x0c, 0x2c, 0x0c, 0x1e, 0x3e, 0x22, 0x0c, 0x29, 0x04, 0x27, 0x36, 0xfe,
  0x2e, 0x1f, 0x0d, 0x2b, 0x0d, 0x1f, 0x39, 0x26, 0x0b, 0x29, 0x06, 0x27,
  0x35, 0xfe, 0x2d, 0x20, 0x0e, 0x2a, 0x0e, 0x7d, 0x0a, 0x28, 0x0a, 0x27,
  0x33, 0xfe, 0x2d, 0x1f, 0x0f, 0x29, 0x0f, 0x7c, 0x09, 0x29, 0x0c, 0x27,
  0x32, 0xfe, 0x2c, 0x20, 0x10, 0x28, 0x10, 0x7b, 0x08, 0x28, 0x10, 0x27,
  0x30, 0xfe, 0x2c, 0x1f, 0x11, 0x27, 0x11, 0x7a, 0x07, 0x29, 0x12, 0x27,
  0x2f, 0xfe, 0x2b, 0x1f, 0x13, 0x25, 0x13, 0x78, 0x07, 0x28, 0x16, 0x27,
  0x2d, 0xfe, 0x2b, 0x1f, 0x13, 0x25, 0x13, 0x77, 0x06, 0x29, 0x18, 0x27,
  0x2c, 0xfe, 0x2a, 0x1f, 0x15, 0x23, 0x15, 0x75, 0x06, 0x28, 0x1c, 0x27,
  0x2a, 0xfe, 0x2a, 0x1f, 0x15, 0x23, 0x15, 0x74, 0x06, 0x27, 0x1f, 0x27,
  0x29, 0xfe, 0x29, 0x1f, 0x17, 0x21, 0x17, 0x71, 0x06, 0x28, 0x22, 0x27,
  0x27, 0xfe, 0x29, 0x1f, 0x17, 0x21, 0x17, 0x70, 0x06, 0x27, 0x25, 0x27,
  0x26, 0xfe, 0x28, 0x1f, 0x19, 0x1f, 0x19, 0x6d, 0x06, 0x28, 0x28, 0x27,
  0x24, 0xfe, 0x28, 0x1f, 0x19, 0x1f, 0x19, 0x6a, 0x08, 0x27, 0x2b, 0x27,
  0x23, 0xfe, 0x27, 0x1f, 0x1b, 0x1d, 0x1b, 0x66, 0x09, 0x28, 0x2e, 0x27,
  0x21, 0xfe, 0x27, 0x1f, 0x1b, 0x1d, 0x1b, 0x63, 0x0b, 0x27, 0x31, 0x27,
  0x20, 0xfe, 0x26, 0x1f, 0x1d, 0x1b, 0x1d, 0x5f, 0x0c, 0x28, 0x34, 0x27,
  0x1e, 0xfe, 0x26, 0x1f, 0x1d, 0x1b, 0x1d, 0x5b, 0x0e, 0x28, 0x37, 0x27,
  0x1d, 0xfe, 0xff, 0xfe, 0xff, 0xfe, 0xff, 0xfe, 0xff, 0xfe, 0xff, 0xfe,
  0xff, 0xfe, 0xff, 0xfe, 0xff, 0xfe, 0xff, 0xfe, 0xfe, 0xed, 0x4b, 0x6a,
  0xf5, 0xed, 0x5b, 0x6c, 0xf5, 0xcd, 0x76, 0x33, 0xd8, 0xcd, 0x80, 0x29,
  0x3e, 0x20, 0xcd, 0x6e, 0x33, 0x21, 0x62, 0xf5, 0x01, 0x9b, 0x0e, 0xed,
  0xb3, 0x7e, 0xe6, 0x0f, 0xf6, 0x90, 0xed, 0x79, 0xfb, 0xa7, 0xc9, 0xcd,
  0x20, 0x33, 0x3a, 0xaf, 0xfc, 0xd6, 0x06, 0x38, 0x11, 0x28, 0x30, 0x3d,
  0x28, 0x0c, 0xcd, 0x54, 0x33, 0x77, 0x23, 0x0b, 0x79, 0xb0, 0xc2, 0xee,
  0x2e, 0xc9, 0x16, 0x02, 0x36, 0x00, 0xcd, 0x13, 0x2f, 0xcd, 0x54, 0x33,
  0xb6, 0x77, 0x0b, 0x79, 0xb0, 0x28, 0x06, 0x15, 0x20, 0xf0, 0x23, 0x18,
  0xe9, 0x15, 0xc8, 0x7e, 0x87, 0x87, 0x87, 0x87, 0x77, 0xa7, 0xc9, 0x16,
  0x04, 0x36, 0x00, 0x7e, 0x87, 0x87, 0x77, 0xcd, 0x54, 0x33, 0xb6, 0x77,
  0x0b, 0x79, 0xb0, 0x20, 0x04, 0xb3, 0x28, 0x07, 0x1d, 0x15, 0x20, 0xeb,
  0x23, 0x18, 0xe4, 0x15, 0xc8, 0x7e, 0x87, 0x87, 0x15, 0x20, 0xfb, 0x77,
  0xa7, 0xc9, 0xcd, 0xc9, 0x32, 0xd8, 0xcd, 0x80, 0x29, 0x3e, 0x20, 0xcd,
  0x6e, 0x33, 0xc5, 0x21, 0x62, 0xf5, 0x01, 0x9b, 0x0e, 0xed, 0xb3, 0xc1,
  0x7e, 0xe6, 0x0f, 0xf6, 0xb0, 0xe1, 0xf5, 0x3a, 0xaf, 0xfc, 0xd6, 0x06,
  0x38, 0x2c, 0x28, 0x6c, 0x3d, 0x28, 0x27, 0xcd, 0x6c, 0x33, 0x3a, 0xa8,
  0xf5, 0x5f, 0xa7, 0xc4, 0xa2, 0x33, 0x7e, 0xd3, 0x9b, 0xf1, 0xd3, 0x99,
  0x3e, 0xae, 0xd3, 0x99, 0xfb, 0x0b, 0x79, 0xb0, 0xc8, 0x23, 0x7b, 0xa7,
  0xc4, 0xa2, 0x33, 0x38, 0xf4, 0x7e, 0xd3, 0x9b, 0x18, 0xef, 0xcd, 0x6c,
  0x33, 0x16, 0x0f, 0x3a, 0xa8, 0xf5, 0x5f, 0xa7, 0xc4, 0xa2, 0x33, 0x7e,
  0x0f, 0x0f, 0x0f, 0x0f, 0xa2, 0xd3, 0x9b, 0xf1, 0xd3, 0x99, 0x3e, 0xae,
  0xd3, 0x99, 0xfb, 0x0b, 0x79, 0xb0, 0xc8, 0x7b, 0xa7, 0xc4, 0xa2, 0x33,
  0x38, 0x04, 0x7e, 0xa2, 0xd3, 0x9b, 0x23, 0x0b, 0x79, 0xb0, 0xc8, 0x7b,
  0xa7, 0xc4, 0xa2, 0x33, 0x38, 0xe5, 0x7e, 0x0f, 0x0f, 0x0f, 0x0f, 0xa2,
  0xd3, 0x9b, 0x18, 0xdb, 0xcd, 0x6c, 0x33, 0x16, 0x03, 0x3a, 0xa8, 0xf5,
  0xa7, 0xc4, 0xa2, 0x33, 0x7e, 0x0f, 0x0f, 0xa2, 0xd3, 0x9b, 0xf1, 0xd3,
  0x99, 0x3e, 0xae, 0xd3, 0x99, 0xfb, 0x0b, 0x79, 0xb0, 0xc2, 0xf7, 0x2f,
  0xb3, 0xc8, 0x1d, 0x3a, 0xa8, 0xf5, 0xa7, 0xc4, 0xa2, 0x33, 0x38, 0x08,
  0x7e, 0x0f, 0x0f, 0x0f, 0x0f, 0xa2, 0xd3, 0x9b, 0x0b, 0x79, 0xb0, 0xc2,
  0x11, 0x30, 0xb3, 0xc8, 0x1d, 0x3a, 0xa8, 0xf5, 0xa7, 0xc4, 0xa2, 0x33,
  0x38, 0x06, 0x7e, 0x0f, 0x0f, 0xa2, 0xd3, 0x9b, 0x0b, 0x79, 0xb0, 0xc2,
  0x29, 0x30, 0xb3, 0xc8, 0x1d, 0x3a, 0xa8, 0xf5, 0xa7, 0xc4, 0xa2, 0x33,
  0x38, 0x04, 0x7e, 0xa2, 0xd3, 0x9b, 0x0b, 0x79, 0xb0, 0xc2, 0x3f, 0x30,
  0xb3, 0xc8, 0x1d, 0x23, 0x3a, 0xa8, 0xf5, 0xa7, 0xc4, 0xa2, 0x33, 0x38,
  0xa5, 0x7e, 0x07, 0x07, 0xa2, 0xd3, 0x9b, 0xc3, 0xee, 0x2f, 0x21, 0x00,
  0x00, 0x3e, 0x10, 0xa7, 0xf5, 0x29, 0x30, 0x03, 0xf1, 0x37, 0xf5, 0xeb,
  0x29, 0xeb, 0x30, 0x06, 0x09, 0x30, 0x03, 0xf1, 0x37, 0xf5, 0xf1, 0x3d,
  0x20, 0xea, 0xc9, 0xe5, 0xcd, 0xbb, 0x32, 0xe1, 0x23, 0x23, 0x23, 0x23,
  0x1e, 0x00, 0x18, 0x0b, 0xe5, 0x23, 0x23, 0x23, 0x23, 0xcd, 0xbb, 0x32,
  0xe1, 0x1e, 0x01, 0xd5, 0x4e, 0x23, 0x46, 0x23, 0x5e, 0x23, 0x56, 0xeb,
  0xa7, 0xed, 0x42, 0x23, 0xd1, 0xd5, 0xcd, 0xc7, 0x33, 0xd1, 0x1d, 0xf5,
  0xc4, 0x44, 0x34, 0xf1, 0xcc, 0x33, 0x34, 0xcd, 0x57, 0x34, 0xa7, 0xc9,
  0xe5, 0xcd, 0xbb, 0x32, 0x21, 0x00, 0x00, 0x5d, 0xcd, 0xc7, 0x33, 0xcd,
  0x44, 0x34, 0x22, 0x75, 0xf5, 0xed, 0x5b, 0x71, 0xf5, 0xe1, 0x73, 0x23,
  0x72, 0x2b, 0xcd, 0xc9, 0x32, 0x38, 0x2c, 0xcd, 0x80, 0x29, 0x3e, 0x20,
  0xcd, 0x6e, 0x33, 0xc5, 0x21, 0x62, 0xf5, 0x01, 0x9b, 0x0e, 0xed, 0xb3,
  0xc1, 0x7e, 0xe6, 0x0f, 0xf6, 0xb0, 0x21, 0xf2, 0x30, 0xe3, 0xf5, 0x3a,
  0xaf, 0xfc, 0xd6, 0x06, 0x38, 0x32, 0xca, 0x5c, 0x31, 0x3d, 0x28, 0x2c,
  0x18, 0x07, 0xa7, 0xf5, 0xcd, 0x57, 0x34, 0xf1, 0xc9, 0xcd, 0x6c, 0x33,
  0xcd, 0x9d, 0x33, 0x7e, 0xd3, 0x9b, 0xf1, 0xd3, 0x99, 0x3e, 0xae, 0xd3,
  0x99, 0xfb, 0x0b, 0x79, 0xb0, 0xc8, 0x23, 0xcd, 0x79, 0x32, 0xcd, 0x9d,
  0x33, 0x38, 0xf3, 0x7e, 0xd3, 0x9b, 0x18, 0xee, 0xcd, 0x6c, 0x33, 0x16,
  0x00, 0xcd, 0x9d, 0x33, 0x7e, 0x0f, 0x0f, 0x0f, 0x0f, 0xe6, 0x0f, 0xd3,
  0x9b, 0xf1, 0xd3, 0x99, 0x3e, 0xae, 0xd3, 0x99, 0xfb, 0x14, 0x0b, 0x79,
  0xb0, 0x20, 0x03, 0xb3, 0xc8, 0x1d, 0xcd, 0x79, 0x32, 0x7a, 0x0f, 0x7e,
  0x23, 0x38, 0x05, 0x2b, 0x0f, 0x0f, 0x0f, 0x0f, 0xf5, 0xcd, 0x9d, 0x33,
  0x38, 0x07, 0xf1, 0xe6, 0x0f, 0xd3, 0x9b, 0x18, 0xdc, 0xf1, 0x18, 0xd9,
  0xcd, 0x6c, 0x33, 0x16, 0x00, 0xcd, 0x9d, 0x33, 0x7e, 0x0f, 0x0f, 0xe6,
  0x03, 0xd3, 0x9b, 0xf1, 0xd3, 0x99, 0x3e, 0xae, 0xd3, 0x99, 0xfb, 0x14,
  0x0b, 0x79, 0xb0, 0x20, 0x03, 0xb3, 0xc8, 0x1d, 0xcd, 0x79, 0x32, 0x7a,
  0xe6, 0x03, 0x28, 0x13, 0x3d, 0x28, 0x18, 0x3d, 0x28, 0x10, 0xcd, 0x9d,
  0x33, 0x38, 0x05, 0x7e, 0xe6, 0x03, 0xd3, 0x9b, 0x23, 0x18, 0xdc, 0x7e,
  0x18, 0x08, 0x7e, 0x0f, 0x0f, 0x18, 0x05, 0x7e, 0x07, 0x07, 0x07, 0x07,
  0xf5, 0xcd, 0x9d, 0x33, 0x38, 0x07, 0xf1, 0xe6, 0x03, 0xd3, 0x9b, 0x18,
  0xc2, 0xf1, 0x18, 0xbf, 0xe5, 0x23, 0x23, 0x23, 0x23, 0xe5, 0xcd, 0xbb,
  0x32, 0x21, 0x00, 0x00, 0x1e, 0x01, 0xcd, 0xc7, 0x33, 0xed, 0x5b, 0x71,
  0xf5, 0xe1, 0x73, 0x23, 0x72, 0xe1, 0xcd, 0x20, 0x33, 0x3a, 0xaf, 0xfc,
  0xd6, 0x06, 0x38, 0x15, 0x28, 0x4d, 0x3d, 0x28, 0x10, 0xcd, 0x92, 0x32,
  0xcd, 0x54, 0x33, 0x77, 0x23, 0x0b, 0x79, 0xb0, 0x20, 0xf3, 0xc3, 0x70,
  0x32, 0x16, 0x00, 0xcd, 0x92, 0x32, 0x3e, 0x07, 0xf3, 0xd3, 0x99, 0x3e,
  0x8f, 0xd3, 0x99, 0xe5, 0xe1, 0x7a, 0x0f, 0xdb, 0x99, 0x30, 0x05, 0xb6,
  0x77, 0x23, 0x18, 0x05, 0x87, 0x87, 0x87, 0x87, 0x77, 0xaf, 0xd3, 0x99,
  0x3e, 0x8f, 0xd3, 0x99, 0xfb, 0x14, 0x0b, 0x79, 0xb0, 0x20, 0xd4, 0xb3,
  0x28, 0x03, 0x1d, 0x18, 0xce, 0x7a, 0x0f, 0x38, 0x4c, 0x18, 0x49, 0x16,
  0x00, 0xcd, 0x92, 0x32, 0x3e, 0x07, 0xf3, 0xd3, 0x99, 0x3e, 0x8f, 0xd3,
  0x99, 0xe5, 0xe1, 0x7a, 0xe6, 0x03, 0x28, 0x0d, 0x3d, 0x28, 0x10, 0x3d,
  0xdb, 0x99, 0x28, 0x0f, 0xb6, 0x77, 0x23, 0x18, 0x0e, 0xdb, 0x99, 0x0f,
  0x0f, 0x18, 0x07, 0xdb, 0x99, 0x07, 0x07, 0x07, 0x07, 0xb6, 0x77, 0xaf,
  0xd3, 0x99, 0x3e, 0x8f, 0xd3, 0x99, 0xfb, 0x14, 0x0b, 0x79, 0xb0, 0x20,
  0xc4, 0xb3, 0x28, 0x03, 0x1d, 0x18, 0xbe, 0x7a, 0xe6, 0x03, 0x20, 0x01,
  0x2b, 0xcd, 0xb0, 0x32, 0xcd, 0x57, 0x34, 0xa7, 0xc9, 0xd5, 0xe5, 0x2a,
  0x71, 0xf5, 0xed, 0x5b, 0x75, 0xf5, 0x19, 0xeb, 0xe1, 0xe7, 0xd1, 0xd8,
  0xc5, 0xd5, 0xcd, 0x44, 0x34, 0x22, 0x75, 0xf5, 0x18, 0x18, 0xd5, 0xe5,
  0x2a, 0x71, 0xf5, 0xed, 0x5b, 0x73, 0xf5, 0x19, 0xeb, 0xe1, 0xe7, 0xd1,
  0xd8, 0x2a, 0x73, 0xf5, 0xc5, 0xd5, 0xcd, 0x36, 0x34, 0xa7, 0xd1, 0xc1,
  0x2a, 0x71, 0xf5, 0xc9, 0xed, 0x5b, 0x71, 0xf5, 0xa7, 0xed, 0x52, 0x23,
  0xc3, 0x36, 0x34, 0x7e, 0x23, 0x66, 0x6f, 0xcd, 0xba, 0x05, 0x7a, 0xfe,
  0x09, 0xd8, 0xc3, 0x2e, 0x05, 0x2a, 0x62, 0xf5, 0x4e, 0x23, 0x46, 0x23,
  0x5e, 0x23, 0x56, 0x23, 0xcd, 0x76, 0x33, 0xd8, 0xe5, 0xc5, 0xd5, 0x2a,
  0x66, 0xf5, 0x3a, 0x6f, 0xf5, 0xe6, 0x04, 0x20, 0x08, 0xeb, 0xcd, 0x90,
  0x33, 0xa7, 0xed, 0x52, 0x3e, 0x23, 0x22, 0xa0, 0xf5, 0x22, 0xa2, 0xf5,
  0x50, 0x59, 0xeb, 0xed, 0x52, 0x30, 0x03, 0x21, 0x00, 0x00, 0x22, 0xa4,
  0xf5, 0x22, 0xa6, 0xf5, 0x7c, 0xb5, 0x32, 0xa8, 0xf5, 0xd1, 0xc1, 0xed,
  0x43, 0x6a, 0xf5, 0xed, 0x53, 0x6c, 0xf5, 0xcd, 0x52, 0x30, 0x44, 0x4d,
  0x3e, 0x00, 0x8f, 0x5f, 0xa7, 0xe1, 0xe3, 0xe9, 0xcd, 0x80, 0x29, 0x3e,
  0x20, 0xcd, 0x6e, 0x33, 0x21, 0x62, 0xf5, 0x01, 0x9b, 0x0e, 0xed, 0xb3,
  0x3e, 0xa0, 0xed, 0x79, 0xfb, 0xed, 0x4b, 0x6a, 0xf5, 0xed, 0x5b, 0x6c,
  0xf5, 0x2a, 0x66, 0xf5, 0x71, 0x23, 0x70, 0x23, 0x73, 0x23, 0x72, 0x23,
  0xe5, 0xcd, 0x52, 0x30, 0x44, 0x4d, 0x3e, 0x00, 0x8f, 0x5f, 0xe1, 0xc9,
  0xf3, 0x3e, 0x07, 0xd3, 0x99, 0x3e, 0x8f, 0xd3, 0x99, 0xe5, 0xe1, 0xdb,
  0x99, 0xf5, 0xaf, 0xd3, 0x99, 0x3e, 0x8f, 0xd3, 0x99, 0xf1, 0xfb, 0xc9,
  0x3e, 0xac, 0xf3, 0xd3, 0x99, 0x3e, 0x91, 0xd3, 0x99, 0xc9, 0x78, 0xb1,
  0x37, 0xc8, 0x7a, 0xb3, 0x37, 0xc8, 0xe5, 0xd5, 0x59, 0x50, 0xcd, 0x90,
  0x33, 0xe7, 0xd1, 0xe1, 0xd8, 0xe5, 0x21, 0xd4, 0x00, 0xe7, 0xe1, 0xc9,
  0x21, 0x00, 0x01, 0x3a, 0xaf, 0xfc, 0xe6, 0x06, 0xfe, 0x06, 0xc0, 0x24,
  0xc9, 0x3a, 0xa8, 0xf5, 0xa7, 0xc8, 0xe5, 0x2a, 0xa2, 0xf5, 0x7d, 0xb4,
  0x28, 0x06, 0x2b, 0x22, 0xa2, 0xf5, 0xe1, 0xc9, 0x2a, 0xa6, 0xf5, 0x2b,
  0x7d, 0xb4, 0x20, 0x09, 0x2a, 0xa0, 0xf5, 0x22, 0xa2, 0xf5, 0x2a, 0xa4,
  0xf5, 0x22, 0xa6, 0xf5, 0xe1, 0x37, 0xc9, 0x3a, 0xa7, 0xff, 0xfe, 0xc9,
  0xca, 0x46, 0x05, 0xc5, 0xe5, 0x21, 0x77, 0xf5, 0xe5, 0x72, 0x7b, 0xa7,
  0xf5, 0xeb, 0x13, 0x21, 0x66, 0xf8, 0x01, 0x0b, 0x00, 0xed, 0xb0, 0xaf,
  0x06, 0x19, 0x12, 0x13, 0x10, 0xfc, 0xf1, 0xd1, 0xf5, 0x0e, 0x0f, 0x28,
  0x02, 0x0e, 0x16, 0xcd, 0x5c, 0x34, 0x3c, 0x20, 0x08, 0xf1, 0xca, 0x5e,
  0x05, 0x1e, 0x43, 0x18, 0x53, 0x21, 0x01, 0x00, 0x22, 0x85, 0xf5, 0xf1,
  0xe1, 0xd1, 0x7c, 0xb5, 0x20, 0x1a, 0x21, 0x00, 0xfe, 0x39, 0x30, 0x0d,
  0xed, 0x5b, 0xc6, 0xf6, 0xa7, 0xed, 0x52, 0x38, 0x04, 0x7c, 0xa7, 0x20,
  0x07, 0xed, 0x5b, 0x62, 0xf8, 0x21, 0x00, 0x01, 0xed, 0x53, 0x71, 0xf5,
  0x22, 0x73, 0xf5, 0x0e, 0x1a, 0x18, 0x29, 0x2a, 0x73, 0xf5, 0x11, 0x77,
  0xf5, 0x0e, 0x26, 0xcd, 0x5c, 0x34, 0xa7, 0xc8, 0x1e, 0x42, 0x18, 0x10,
  0x2a, 0x73, 0xf5, 0x11, 0x77, 0xf5, 0x0e, 0x27, 0xcd, 0x5c, 0x34, 0x7d,
  0xb4, 0xc0, 0x1e, 0x37, 0xc3, 0xc6, 0x05, 0x11, 0x77, 0xf5, 0x0e, 0x10,
  0xdd, 0x21, 0xfd, 0x7f, 0xc3, 0x62, 0x02, 0x06, 0x00, 0xe6, 0x7f, 0x4f,
  0xed, 0x42, 0xc9, 0xdb, 0xba, 0x2f, 0xe6, 0x08, 0xc8, 0x3e, 0xff, 0xc9,
  0x21, 0xff, 0xfa, 0xaf, 0xcb, 0x7e, 0xc8, 0xcb, 0xbe, 0xdb, 0xba, 0xe6,
  0x07, 0x57, 0xdb, 0xb8, 0x6f, 0x26, 0x00, 0xdb, 0xb9, 0xcb, 0x3a, 0x1f,
  0x5f, 0xcb, 0x14, 0xe5, 0xd5, 0x01, 0xfd, 0xff, 0x09, 0xeb, 0x0e, 0xee,
  0x09, 0x7b, 0xd3, 0xb8, 0xcb, 0x1a, 0xed, 0x6a, 0x7d, 0xd3, 0xb9, 0x7c,
  0xd3, 0xba, 0xd1, 0xe1, 0xdb, 0xba, 0xe6, 0x20, 0xc8, 0x3a, 0x01, 0xfb,
  0xcd, 0x63, 0x34, 0x01, 0xd3, 0x00, 0xcd, 0xc7, 0x34, 0x7d, 0x32, 0x00,
  0xfb, 0xeb, 0x3a, 0xff, 0xfa, 0xcd, 0x63, 0x34, 0x01, 0xff, 0x00, 0x7c,
  0x17, 0x38, 0x09, 0xe5, 0xed, 0x42, 0xe1, 0x38, 0x05, 0x69, 0x60, 0xda,
  0x2e, 0x00, 0x7d, 0x32, 0xfe, 0xfa, 0x3e, 0xff, 0xc9, 0xfe, 0x08, 0x28,
  0x93, 0xfe, 0x0b, 0x28, 0x86, 0x1e, 0x0f, 0x01, 0xbf, 0x00, 0x21, 0xef,
  0x10, 0xfe, 0x0c, 0x28, 0x18, 0x01, 0xff, 0x40, 0x21, 0xdf, 0x20, 0xfe,
  0x10, 0x28, 0x0e, 0xe6, 0x03, 0xd6, 0x02, 0x3a, 0xfe, 0xfa, 0xf8, 0x3a,
  0x00, 0xfb, 0xc8, 0xaf, 0xc9, 0xf3, 0xcd, 0x7f, 0x35, 0xcd, 0x9a, 0x35,
  0xf5, 0xcd, 0x85, 0x35, 0xcd, 0x91, 0x35, 0xf5, 0xcd, 0x7f, 0x35, 0xcd,
  0x97, 0x35, 0xf5, 0xcd, 0x85, 0x35, 0xcd, 0x97, 0x35, 0xf5, 0xcd, 0x7f,
  0x35, 0xcd, 0x97, 0x35, 0xf5, 0xcd, 0x85, 0x35, 0xcd, 0x91, 0x35, 0xf5,
  0xcd, 0x7f, 0x35, 0xcd, 0xaa, 0x35, 0xcd, 0x85, 0x35, 0xcd, 0xaa, 0x35,
  0xcd, 0x7f, 0x35, 0xfb, 0xf1, 0xe1, 0xd1, 0xc1, 0xee, 0x08, 0xd6, 0x02,
  0xfe, 0x0d, 0x38, 0x0d, 0xf1, 0xcd, 0x77, 0x35, 0x32, 0x00, 0xfb, 0xf1,
  0xcd, 0x77, 0x35, 0x18, 0x14, 0x7a, 0x87, 0x87, 0x87, 0x87, 0xb4, 0xed,
  0x44, 0x32, 0x00, 0xfb, 0xf1, 0xd1, 0x87, 0x87, 0x87, 0x87, 0xb0, 0xed,
  0x44, 0x32, 0xfe, 0xfa, 0x3e, 0xff, 0xc9, 0xee, 0x08, 0xcb, 0x5f, 0xc8,
  0xf6, 0xf0, 0xc9, 0xcd, 0xa2, 0x35, 0xa5, 0x18, 0x04, 0xcd, 0xa2, 0x35,
  0xb4, 0xf5, 0x7b, 0xd3, 0xa0, 0xf1, 0xd3, 0xa1, 0xc9, 0xcd, 0xaa, 0x35,
  0xcd, 0xaa, 0x35, 0xcd, 0xaa, 0x35, 0x3e, 0x0e, 0xcd, 0xa3, 0x35, 0xe6,
  0x0f, 0xc9, 0x7b, 0xd3, 0xa0, 0xdb, 0xa2, 0xa1, 0xb0, 0xc9, 0xe3, 0xe3,
  0xe3, 0xe3, 0xc9, 0xfe, 0x2c, 0x28, 0x3c, 0xef, 0xfe, 0x04, 0x30, 0x7d,
  0xa7, 0x28, 0x07, 0xfe, 0x01, 0x28, 0x03, 0x1e, 0x00, 0x3d, 0xd5, 0x0f,
  0x0f, 0x57, 0x0f, 0x0f, 0x5f, 0x3a, 0xe8, 0xff, 0xe6, 0xcf, 0xb3, 0x0e,
  0x09, 0xcd, 0xb4, 0x36, 0x7a, 0xee, 0xc0, 0x5f, 0x3e, 0x3f, 0xcd, 0x61,
  0x36, 0xd1, 0x7b, 0x0f, 0x0f, 0x0f, 0x5f, 0x3a, 0xe7, 0xff, 0xe6, 0xdf,
  0xb3, 0xcd, 0xb2, 0x36, 0x2b, 0xd7, 0xc8, 0xcf, 0x2c, 0xfe, 0x2c, 0x28,
  0x0b, 0xcd, 0x6c, 0x36, 0x3e, 0xdf, 0xcd, 0x61, 0x36, 0x2b, 0xd7, 0xc8,
  0xcf, 0x2c, 0xfe, 0x2c, 0x28, 0x11, 0xcd, 0x6c, 0x36, 0xcb, 0x0b, 0x3a,
  0xe7, 0xff, 0xe6, 0xef, 0xb3, 0xcd, 0xb2, 0x36, 0x2b, 0xd7, 0xc8, 0xcf,
  0x2c, 0xfe, 0x2c, 0x28, 0x0f, 0xcd, 0x6c, 0x36, 0x07, 0x07, 0x07, 0x5f,
  0x3e, 0xf7, 0xcd, 0x61, 0x36, 0x2b, 0xd7, 0xc8, 0xcf, 0x2c, 0xfe, 0x2c,
  0x28, 0x12, 0xcd, 0xfd, 0x36, 0xd2, 0x46, 0x05, 0x2f, 0xe6, 0x03, 0x5f,
  0x3e, 0xfc, 0xcd, 0x61, 0x36, 0x2b, 0xd7, 0xc8, 0xcf, 0x2c, 0xfe, 0x2c,
  0x28, 0x0e, 0xcd, 0x6c, 0x36, 0x07, 0x07, 0x5f, 0x3e, 0xfb, 0xcd, 0x61,
  0x36, 0x2b, 0xd7, 0xc8, 0xcf, 0x2c, 0xcd, 0x6c, 0x36, 0xcb, 0x0b, 0x3e,
  0xef, 0xe5, 0x21, 0xf7, 0xfa, 0xa6, 0xb3, 0x77, 0xd3, 0xf7, 0xe1, 0xc9,
  0xef, 0xfe, 0x02, 0x30, 0xc4, 0xa7, 0xc8, 0x1e, 0x20, 0xc9, 0xd7, 0x28,
  0x0d, 0xfe, 0x2c, 0x28, 0x09, 0xcd, 0x6c, 0x36, 0x3d, 0x20, 0x03, 0x1e,
  0x00, 0x01, 0x1e, 0x02, 0x2b, 0xd7, 0x3e, 0xff, 0x28, 0x05, 0xd5, 0xcf,
  0x2c, 0xef, 0xd1, 0x57, 0x3a, 0xe6, 0xf3, 0xf5, 0x7a, 0xcd, 0xae, 0x36,
  0xcd, 0xb8, 0x36, 0xf6, 0x40, 0xcd, 0xb4, 0x36, 0xcd, 0xb8, 0x36, 0xfb,
  0xe6, 0xbf, 0xcd, 0xb4, 0x36, 0xf1, 0x0e, 0x07, 0x18, 0x02, 0x0e, 0x08,
  0x47, 0xc3, 0x47, 0x06, 0x3e, 0x02, 0xcd, 0x8b, 0x29, 0xe6, 0x40, 0x28,
  0xf7, 0x3e, 0x02, 0xcd, 0x8b, 0x29, 0xcb, 0x77, 0x20, 0xf7, 0xb3, 0xe6,
  0x02, 0x28, 0xe9, 0x3a, 0xdf, 0xf3, 0x0e, 0x00, 0xc9, 0xcd, 0x47, 0x19,
  0x01, 0xf8, 0xff, 0x09, 0x54, 0x5d, 0x46, 0x23, 0x4e, 0x23, 0xcb, 0x66,
  0xc0, 0x23, 0xc5, 0x01, 0x05, 0x00, 0xed, 0xb0, 0xc1, 0x13, 0xeb, 0x70,
  0x23, 0x71, 0xc9, 0x32, 0xf7, 0xfa, 0xaf, 0xd3, 0xf8, 0x32, 0xf8, 0xff,
  0xc9, 0xef, 0xfe, 0x10, 0xd0, 0xf5, 0x0f, 0x0f, 0xe6, 0x03, 0x5f, 0x3e,
  0xfc, 0xcd, 0x11, 0x37, 0xf1, 0xe6, 0x03, 0x37, 0xc9, 0xe5, 0x21, 0xf8,
  0xff, 0xa6, 0xb3, 0x77, 0xd3, 0xf8, 0xe1, 0xc9, 0x0a, 0x00, 0x00, 0x00,
  0x05, 0x02, 0x0f, 0x04, 0x04, 0x03, 0x01, 0x00, 0x02, 0xff, 0xfb, 0x3c,
  0x20, 0x06, 0xcd, 0xc3, 0x39, 0xc8, 0x37, 0xc9, 0xf5, 0xcd, 0x88, 0x3d,
  0xf1, 0xdd, 0x21, 0xaa, 0x3c, 0xdd, 0xe5, 0xe5, 0x21, 0x4d, 0x37, 0x85,
  0x6f, 0x30, 0x01, 0x24, 0x7e, 0x23, 0x66, 0x6f, 0xe3, 0xc9, 0x0d, 0x3a,
  0x98, 0x3a, 0x39, 0x39, 0xb2, 0x3a, 0x2f, 0x3b, 0xe0, 0x38, 0xef, 0x38,
  0x36, 0x39, 0x61, 0x39, 0x8d, 0x3b, 0x8b, 0x06, 0x67, 0x01, 0x3a, 0x09,
  0xfd, 0xcb, 0x6f, 0x20, 0x3f, 0xe6, 0x70, 0x47, 0x3a, 0x62, 0x37, 0xf6,
  0x10, 0xb0, 0x32, 0x09, 0xfd, 0xcb, 0x77, 0x28, 0x0e, 0x06, 0x40, 0xcd,
  0x9a, 0x3b, 0x3a, 0x28, 0xfc, 0xb7, 0xc2, 0x84, 0x3d, 0x10, 0xf4, 0x3a,
  0x63, 0x37, 0x4f, 0x11, 0x00, 0x00, 0x2b, 0xd7, 0x79, 0x28, 0x3d, 0xcf,
  0x28, 0xc5, 0xcd, 0xcd, 0x3c, 0xc1, 0x47, 0xc5, 0xcf, 0x29, 0xc1, 0xc0,
  0x78, 0xb9, 0x38, 0x08, 0x20, 0x02, 0x7a, 0xb3, 0xc2, 0x46, 0x05, 0x78,
  0xb7, 0x20, 0x21, 0xe5, 0x21, 0x00, 0xe6, 0x19, 0xe1, 0x38, 0x19, 0xe5,
  0x21, 0x09, 0xfd, 0xcb, 0xb6, 0xcd, 0xd7, 0x38, 0x4e, 0x6f, 0x20, 0x52,
  0x41, 0x4d, 0x20, 0x64, 0x69, 0x73, 0x6b, 0x0d, 0x0a, 0x00, 0xe1, 0xc9,
  0xe5, 0xd5, 0xf5, 0x21, 0x62, 0xf5, 0x77, 0x2b, 0x72, 0x2b, 0x73, 0xb7,
  0x28, 0x09, 0xcb, 0xe2, 0xfe, 0x01, 0x28, 0x03, 0x11, 0xff, 0x7f, 0x2b,
  0x72, 0x2b, 0x73, 0x11, 0x00, 0x40, 0x01, 0x05, 0x00, 0xcd, 0xaf, 0x3c,
  0xcd, 0x68, 0x3c, 0xf1, 0xd1, 0x6f, 0x26, 0x00, 0x29, 0x29, 0x29, 0x29,
  0x29, 0x29, 0x5a, 0x16, 0x00, 0x19, 0x11, 0xe7, 0xff, 0x19, 0xe5, 0x21,
  0xff, 0xff, 0x22, 0x38, 0xfc, 0xed, 0x4b, 0x64, 0x37, 0xcd, 0xc2, 0x3b,
  0x0b, 0x78, 0xb1, 0x20, 0xf8, 0xc1, 0xc5, 0x23, 0x22, 0x38, 0xfc, 0xcd,
  0xc2, 0x3b, 0x0b, 0x78, 0xb1, 0x20, 0xf8, 0xcd, 0x5a, 0x38, 0x06, 0x40,
  0xcd, 0x9b, 0x3b, 0x10, 0xfb, 0x21, 0x09, 0xfd, 0xcb, 0xf6, 0xe1, 0xcd,
  0x68, 0x3d, 0xcd, 0xd7, 0x38, 0x20, 0x62, 0x79, 0x74, 0x65, 0x73, 0x20,
  0x61, 0x6c, 0x6c, 0x6f, 0x63, 0x61, 0x74, 0x65, 0x64, 0x0d, 0x0a, 0x00,
  0xe1, 0xc9, 0xc5, 0xaf, 0x06, 0x20, 0x21, 0x18, 0xfc, 0x77, 0x23, 0x10,
  0xfc, 0xc1, 0xc9, 0xcd, 0x88, 0x3d, 0xcd, 0xae, 0x05, 0xe5, 0x01, 0x00,
  0x40, 0xcd, 0x9a, 0x3b, 0x21, 0x18, 0xfc, 0x7e, 0xa7, 0x28, 0x33, 0x0c,
  0xc5, 0x11, 0x5e, 0xf5, 0xd5, 0x01, 0x0b, 0x00, 0xed, 0xb0, 0xe1, 0x06,
  0x08, 0xcd, 0xd1, 0x38, 0x7e, 0xfe, 0x20, 0x28, 0x02, 0x3e, 0x2e, 0xdf,
  0x06, 0x03, 0xcd, 0xd1, 0x38, 0x3a, 0x61, 0xf6, 0xa7, 0x28, 0x0e, 0xc6,
  0x0c, 0x21, 0xb0, 0xf3, 0xbe, 0x30, 0x03, 0x3e, 0x20, 0xdf, 0xd4, 0xae,
  0x05, 0xc1, 0x10, 0xc1, 0x79, 0xb7, 0xca, 0x5e, 0x05, 0xcd, 0xae, 0x05,
  0xcd, 0x61, 0x39, 0xcd, 0x72, 0x3d, 0xcd, 0xd7, 0x38, 0x20, 0x62, 0x79,
  0x74, 0x65, 0x73, 0x20, 0x66, 0x72, 0x65, 0x65, 0x0d, 0x0a, 0x00, 0xe1,
  0xc9, 0x7e, 0x23, 0xdf, 0x10, 0xfb, 0xc9, 0xe3, 0x7e, 0x23, 0xe3, 0xa7,
  0xc8, 0xdf, 0x18, 0xf7, 0xcd, 0x94, 0x3b, 0x2a, 0x26, 0xfc, 0xfd, 0x4e,
  0x06, 0x45, 0x6c, 0x26, 0x00, 0x18, 0x11, 0xcd, 0x94, 0x3b, 0xed, 0x4b,
  0x34, 0xfc, 0x7e, 0x0f, 0x38, 0x03, 0xfd, 0x4e, 0x06, 0x2a, 0x36, 0xfc,
  0xc5, 0xdd, 0x21, 0xff, 0x46, 0xcd, 0x1c, 0x00, 0x01, 0x45, 0x65, 0x11,
  0x53, 0x60, 0xdd, 0x21, 0x5c, 0x32, 0xcd, 0x1c, 0x00, 0x21, 0xf6, 0xf7,
  0x11, 0x47, 0xf8, 0x01, 0x08, 0x00, 0xed, 0xb0, 0xe1, 0xdd, 0x21, 0xff,
  0x46, 0xcd, 0x1c, 0x00, 0xdd, 0x21, 0x42, 0x30, 0xcd, 0x1c, 0x00, 0xdd,
  0x21, 0x9a, 0x26, 0xc3, 0x1c, 0x00, 0x7e, 0xfe, 0x01, 0x1e, 0x3d, 0xc2,
  0x90, 0x3d, 0xcd, 0x50, 0x39, 0x21, 0xff, 0xff, 0x38, 0x01, 0x23, 0x22,
  0xf8, 0xf7, 0x3e, 0x02, 0x32, 0x63, 0xf6, 0xc9, 0xe5, 0xfd, 0xe1, 0xfd,
  0x7e, 0x07, 0xe6, 0x01, 0xc8, 0xfd, 0x7e, 0x06, 0xfd, 0xbe, 0x05, 0x3f,
  0xc9, 0xed, 0x4b, 0x64, 0x37, 0x21, 0x00, 0x00, 0xcd, 0xc1, 0x3b, 0x20,
  0x01, 0x23, 0x0b, 0x78, 0xb1, 0x20, 0xf5, 0x45, 0x6c, 0x61, 0x18, 0x88,
  0xcd, 0xa8, 0x39, 0xcf, 0x29, 0xcd, 0x7c, 0x3d, 0xaf, 0x32, 0x18, 0xfc,
  0xcd, 0x9b, 0x3b, 0xed, 0x5b, 0x32, 0xfc, 0x7a, 0xb3, 0xc8, 0xe5, 0x42,
  0x4b, 0xcd, 0xc1, 0x3b, 0xed, 0x5b, 0x38, 0xfc, 0x21, 0x00, 0x00, 0x22,
  0x38, 0xfc, 0xcd, 0xc2, 0x3b, 0x7a, 0xa3, 0x3c, 0x20, 0xe9, 0xe1, 0xc9,
  0xcf, 0x28, 0xcd, 0x88, 0x3d, 0xcd, 0xba, 0x05, 0xc8, 0x7a, 0xfe, 0xfc,
  0x30, 0x0a, 0xfe, 0x09, 0x38, 0x06, 0xe5, 0xcd, 0xc3, 0x39, 0xe1, 0xc8,
  0xc3, 0x2e, 0x05, 0x21, 0x89, 0xfd, 0x11, 0xd8, 0x39, 0x1a, 0xbe, 0x20,
  0x06, 0x23, 0x13, 0xb7, 0x20, 0xf7, 0xc9, 0xd6, 0x30, 0xc0, 0xb6, 0xc9,
  0x4d, 0x45, 0x4d, 0x30, 0x00, 0xcd, 0xa8, 0x39, 0xcd, 0x7c, 0x3d, 0xc5,
  0xcf, 0x41, 0xcf, 0x53, 0xcd, 0xad, 0x39, 0xcf, 0x29, 0xcd, 0xf7, 0x3b,
  0x1e, 0x41, 0xca, 0x90, 0x3d, 0xc1, 0xcd, 0x9a, 0x3b, 0xe5, 0xcd, 0x8a,
  0x3a, 0xe1, 0xc3, 0x9b, 0x3b, 0xd1, 0x3e, 0xff, 0xfd, 0x46, 0x01, 0x32,
  0x28, 0xfc, 0xc3, 0x9b, 0x3b, 0xd5, 0xcd, 0xf7, 0x3b, 0xdd, 0x21, 0x01,
  0x3a, 0xdd, 0xe5, 0xf5, 0xb7, 0xc2, 0x3a, 0x05, 0x7b, 0x0f, 0x0f, 0x38,
  0x49, 0x0f, 0xda, 0x34, 0x05, 0xf1, 0xc2, 0x5e, 0x05, 0xcd, 0xb6, 0x3c,
  0xcb, 0x43, 0x20, 0x1e, 0x2a, 0x35, 0xfc, 0x22, 0x26, 0xfc, 0x21, 0x34,
  0xfc, 0x7e, 0xfd, 0x77, 0x06, 0xaf, 0x77, 0x2a, 0x32, 0xfc, 0x7c, 0xb5,
  0xc8, 0x2a, 0x2c, 0xfc, 0x22, 0x24, 0xfc, 0xc3, 0x35, 0x3c, 0x67, 0x6f,
  0x22, 0x24, 0xfc, 0x22, 0x26, 0xfc, 0x2a, 0x34, 0xfc, 0xfd, 0x75, 0x05,
  0x2b, 0x7c, 0xb7, 0xc0, 0x3a, 0x36, 0xfc, 0xb7, 0xc0, 0xfd, 0xcb, 0x07,
  0xc6, 0xc9, 0xf1, 0x20, 0x03, 0xcd, 0x80, 0x39, 0x06, 0x40, 0xcd, 0x9a,
  0x3b, 0x3a, 0x18, 0xfc, 0xa7, 0x28, 0x07, 0x10, 0xf5, 0x1e, 0x43, 0xc3,
  0x90, 0x3d, 0x1e, 0x02, 0xcd, 0xb6, 0x3c, 0xcd, 0x5a, 0x38, 0xc5, 0x11,
  0x18, 0xfc, 0x21, 0x66, 0xf8, 0x01, 0x0b, 0x00, 0xed, 0xb0, 0xc1, 0xc9,
  0xcd, 0x94, 0x3b, 0xc5, 0xaf, 0x32, 0x28, 0xfc, 0x7e, 0x0f, 0x38, 0x0a,
  0xfd, 0x7e, 0x06, 0x32, 0x34, 0xfc, 0xa7, 0xc4, 0x36, 0x3c, 0xc1, 0xc3,
  0x9b, 0x3b, 0xe5, 0xfd, 0xe1, 0xfd, 0x7e, 0x06, 0xa7, 0x20, 0x4c, 0xe5,
  0xc5, 0xcd, 0x94, 0x3b, 0x01, 0x01, 0x00, 0x2a, 0x64, 0x37, 0xcd, 0xc1,
  0x3b, 0x28, 0x0b, 0x2b, 0x03, 0x7c, 0xb5, 0x20, 0xf5, 0x1e, 0x42, 0xc3,
  0x90, 0x3d, 0x2a, 0x32, 0xfc, 0x7c, 0xb5, 0x20, 0x04, 0xed, 0x43, 0x32,
  0xfc, 0xed, 0x43, 0x38, 0xfc, 0xc5, 0xed, 0x4b, 0x24, 0xfc, 0xc4, 0xc2,
  0x3b, 0xc1, 0xed, 0x43, 0x2c, 0xfc, 0xed, 0x43, 0x24, 0xfc, 0x21, 0xff,
  0xff, 0x22, 0x38, 0xfc, 0xcd, 0xc2, 0x3b, 0xfd, 0x46, 0x01, 0xcd, 0x9b,
  0x3b, 0xc1, 0xe1, 0xe5, 0x11, 0x09, 0x00, 0x19, 0xfd, 0x5e, 0x06, 0x19,
  0x71, 0xfd, 0x34, 0x06, 0xe1, 0xc0, 0xcd, 0x94, 0x3b, 0xc5, 0xcd, 0x36,
  0x3c, 0xc1, 0x2a, 0x35, 0xfc, 0x23, 0x22, 0x35, 0xfc, 0x2a, 0x26, 0xfc,
  0x23, 0x22, 0x26, 0xfc, 0xc3, 0x9b, 0x3b, 0xcd, 0x50, 0x39, 0xd8, 0xfd,
  0x7e, 0x03, 0xb7, 0x0e, 0x00, 0xfd, 0x71, 0x03, 0xc0, 0xfd, 0x7e, 0x06,
  0xa7, 0x28, 0x17, 0x01, 0x09, 0x00, 0x09, 0x4f, 0x09, 0x7e, 0xfd, 0x34,
  0x06, 0xc0, 0xf5, 0xfd, 0x46, 0x01, 0xcd, 0x9a, 0x3b, 0xcd, 0x25, 0x3b,
  0xf1, 0xc9, 0xcd, 0x94, 0x3b, 0xc5, 0xed, 0x4b, 0x24, 0xfc, 0x78, 0xb1,
  0x2a, 0x32, 0xfc, 0x22, 0x38, 0xfc, 0xc4, 0xc1, 0x3b, 0x2a, 0x38, 0xfc,
  0x22, 0x24, 0xfc, 0xe5, 0xcd, 0x35, 0x3c, 0xfd, 0x34, 0x06, 0xd1, 0x2a,
  0x2c, 0xfc, 0xe7, 0x20, 0x04, 0xfd, 0xcb, 0x07, 0xc6, 0xc1, 0xcd, 0x9b,
  0x3b, 0xfd, 0x7e, 0x09, 0xc9, 0xe5, 0xfd, 0xe1, 0xfd, 0x71, 0x03, 0xc9,
  0x23, 0x46, 0x2b, 0xe5, 0xfd, 0xe1, 0xf6, 0x37, 0xe5, 0xd5, 0xc5, 0xf5,
  0x78, 0xb7, 0x28, 0x4e, 0xfe, 0x41, 0x30, 0x4a, 0x68, 0x26, 0x00, 0x2b,
  0x29, 0x29, 0x29, 0x29, 0x29, 0x11, 0x00, 0x51, 0x19, 0x11, 0x18, 0xfc,
  0xf1, 0x30, 0x01, 0xeb, 0x01, 0x20, 0x00, 0x18, 0x18, 0xf6, 0x37, 0xe5,
  0xd5, 0xc5, 0xf5, 0xcd, 0xe8, 0x3b, 0x21, 0xfe, 0x40, 0x09, 0x09, 0x11,
  0x38, 0xfc, 0xf1, 0x30, 0x01, 0xeb, 0x01, 0x02, 0x00, 0xcd, 0xaf, 0x3c,
  0xcd, 0x68, 0x3c, 0x2a, 0x38, 0xfc, 0x7c, 0xb5, 0xc1, 0xd1, 0xe1, 0xc9,
  0x78, 0xb1, 0x28, 0x06, 0x2a, 0x64, 0x37, 0xed, 0x42, 0xd0, 0x1e, 0x3c,
  0xc3, 0x90, 0x3d, 0xe5, 0xd5, 0x11, 0x66, 0xf8, 0x06, 0x0b, 0x1a, 0xfe,
  0x61, 0x38, 0x07, 0xfe, 0x7b, 0x30, 0x03, 0xe6, 0xdf, 0x12, 0x13, 0x10,
  0xf1, 0x06, 0x40, 0xcd, 0x9a, 0x3b, 0xc5, 0x21, 0x18, 0xfc, 0x7e, 0xa7,
  0x28, 0x11, 0x11, 0x66, 0xf8, 0x06, 0x0b, 0x1a, 0xbe, 0x20, 0x08, 0x13,
  0x23, 0x10, 0xf8, 0xaf, 0xc1, 0x18, 0x04, 0xc1, 0x10, 0xe1, 0x04, 0x3a,
  0x28, 0xfc, 0xd1, 0xe1, 0xc9, 0xf6, 0x37, 0xf5, 0xfd, 0xe5, 0xe1, 0x01,
  0x09, 0x00, 0x09, 0xe5, 0xed, 0x4b, 0x24, 0xfc, 0xcd, 0xe8, 0x3b, 0x21,
  0x18, 0x00, 0x09, 0x7d, 0xe6, 0x3f, 0xf6, 0x40, 0x57, 0x1e, 0x00, 0x29,
  0x29, 0x3e, 0x02, 0x84, 0xfe, 0x04, 0x30, 0x02, 0xee, 0x01, 0xd3, 0xfd,
  0xe1, 0xf1, 0x38, 0x01, 0xeb, 0x01, 0x00, 0x01, 0xd9, 0x21, 0xff, 0xff,
  0x3a, 0x09, 0xfd, 0x57, 0x0f, 0x0f, 0xe6, 0xc0, 0x4f, 0x0f, 0x0f, 0x0f,
  0x0f, 0xb1, 0x4f, 0xdb, 0xa8, 0x47, 0xe6, 0x33, 0xb1, 0x5f, 0xf3, 0xd3,
  0xa8, 0x7a, 0xe6, 0x0c, 0x57, 0x7e, 0x2f, 0x4f, 0xe6, 0xf3, 0xb2, 0x77,
  0x7b, 0xe6, 0x3f, 0x57, 0x78, 0xe6, 0xc0, 0xb2, 0xfb, 0xd3, 0xa8, 0xd9,
  0xed, 0xb0, 0xd9, 0x7b, 0xf3, 0xd3, 0xa8, 0x79, 0x77, 0x78, 0xfb, 0xd3,
  0xa8, 0xd9, 0xf5, 0x3e, 0x02, 0x18, 0x03, 0xf5, 0x3e, 0x03, 0xd3, 0xfd,
  0xf1, 0xc9, 0xe5, 0xfd, 0xe1, 0xe5, 0xaf, 0x22, 0x64, 0xf8, 0x73, 0x23,
  0x70, 0x23, 0x23, 0x77, 0x23, 0x23, 0x77, 0x23, 0x77, 0x23, 0x77, 0xe1,
  0xc9, 0xcd, 0xfc, 0x05, 0x3a, 0x63, 0xf6, 0xfe, 0x03, 0xca, 0x46, 0x05,
  0xfe, 0x02, 0x20, 0x0f, 0xed, 0x5b, 0xf8, 0xf7, 0x13, 0x7a, 0x07, 0x07,
  0xe6, 0x03, 0xcb, 0xba, 0xcb, 0xb2, 0xc9, 0xe5, 0x01, 0x41, 0x10, 0x11,
  0x00, 0x00, 0xdd, 0x21, 0x4e, 0x32, 0xcd, 0x1c, 0x00, 0x2a, 0xf6, 0xf7,
  0xed, 0x5b, 0xf8, 0xf7, 0xe5, 0xd5, 0xe5, 0xd5, 0x21, 0x45, 0x16, 0x22,
  0xf6, 0xf7, 0x21, 0x38, 0x40, 0x22, 0xf8, 0xf7, 0xd1, 0xc1, 0xdd, 0x21,
  0x67, 0x32, 0xcd, 0x1c, 0x00, 0x2a, 0xf6, 0xf7, 0xe5, 0x2a, 0xf8, 0xf7,
  0xe5, 0xdd, 0x21, 0xdb, 0x30, 0xcd, 0x1c, 0x00, 0x01, 0xc5, 0x16, 0x11,
  0x38, 0x40, 0xdd, 0x21, 0x5c, 0x32, 0xcd, 0x1c, 0x00, 0xc1, 0xe1, 0xd1,
  0xe3, 0xc5, 0x4d, 0x44, 0xdd, 0x21, 0x4e, 0x32, 0xcd, 0x1c, 0x00, 0xdd,
  0x21, 0x8a, 0x2f, 0xcd, 0x1c, 0x00, 0xd1, 0xc1, 0xe5, 0xed, 0x43, 0xf6,
  0xf7, 0xed, 0x53, 0xf8, 0xf7, 0x3e, 0x04, 0x32, 0x63, 0xf6, 0xdd, 0x21,
  0x11, 0x52, 0xcd, 0x1c, 0x00, 0xc2, 0x46, 0x05, 0x7b, 0xd1, 0xe1, 0xc9,
  0x11, 0x00, 0x01, 0xdd, 0x21, 0x93, 0x31, 0xcd, 0x1c, 0x00, 0xdd, 0x21,
  0x25, 0x34, 0xcd, 0x1c, 0x00, 0xc3, 0xf6, 0x05, 0xcd, 0xf7, 0x3b, 0xc2,
  0x5e, 0x05, 0xa7, 0xc8, 0x1e, 0x40, 0x18, 0x08, 0x3a, 0x09, 0xfd, 0xcb,
  0x77, 0xc0, 0x1e, 0x46, 0xaf, 0x32, 0x7c, 0xf8, 0xd5, 0xcd, 0xc0, 0x05,
  0xd1, 0xc3, 0xc6, 0x05, 0x01, 0xbf, 0x3d, 0x0a, 0x03, 0xb7, 0xc8, 0x93,
  0x28, 0x04, 0x03, 0x03, 0x18, 0xf5, 0x69, 0x60, 0x5e, 0x23, 0x56, 0x21,
  0x5e, 0xf5, 0xe5, 0x77, 0x13, 0x23, 0x1a, 0x77, 0xb7, 0x20, 0xf9, 0xe1,
  0x1e, 0x01, 0xc9, 0x3c, 0xd4, 0x3d, 0x3d, 0xdc, 0x3d, 0x40, 0xea, 0x3d,
  0x41, 0xfa, 0x3d, 0x42, 0x0e, 0x3e, 0x43, 0x1c, 0x3e, 0x46, 0x2b, 0x3e,
  0x00, 0x42, 0x61, 0x64, 0x20, 0x46, 0x41, 0x54, 0x00, 0x42, 0x61, 0x64,
  0x20, 0x66, 0x69, 0x6c, 0x65, 0x20, 0x6d, 0x6f, 0x64, 0x65, 0x00, 0x46,
  0x69, 0x6c, 0x65, 0x20, 0x73, 0x74, 0x69, 0x6c, 0x6c, 0x20, 0x6f, 0x70,
  0x65, 0x6e, 0x00, 0x46, 0x69, 0x6c, 0x65, 0x20, 0x61, 0x6c, 0x72, 0x65,
  0x61, 0x64, 0x79, 0x20, 0x65, 0x78, 0x69, 0x73, 0x74, 0x73, 0x00, 0x52,
  0x41, 0x4d, 0x20, 0x64, 0x69, 0x73, 0x6b, 0x20, 0x66, 0x75, 0x6c, 0x6c,
  0x00, 0x54, 0x6f, 0x6f, 0x20, 0x6d, 0x61, 0x6e, 0x79, 0x20, 0x66, 0x69,
  0x6c, 0x65, 0x73, 0x00, 0x52, 0x41, 0x4d, 0x20, 0x64, 0x69, 0x73, 0x6b,
  0x20, 0x6f, 0x66, 0x66, 0x6c, 0x69, 0x6e, 0x65, 0x00, 0xe5, 0xcd, 0x4b,
  0x1c, 0x3e, 0xbe, 0x21, 0x68, 0x00, 0xcd, 0x2b, 0x1d, 0x21, 0x81, 0x3e,
  0xcd, 0x4b, 0x1c, 0x3a, 0x63, 0x37, 0x3c, 0x3c, 0x6f, 0x26, 0x00, 0x29,
  0x29, 0x29, 0x29, 0x22, 0xf8, 0xf7, 0x3e, 0x02, 0x32, 0x63, 0xf6, 0xdd,
  0x21, 0x26, 0x34, 0x3e, 0x80, 0x01, 0x00, 0x03, 0xcd, 0x1c, 0x00, 0xcd,
  0x4b, 0x1c, 0xe1, 0xc3, 0x4b, 0x1c, 0x56, 0x49, 0x44, 0x45, 0x4f, 0x20,
  0x52, 0x41, 0x4d, 0x3a, 0x00, 0x55, 0x53, 0x45, 0x52, 0x20, 0x20, 0x52,
  0x41, 0x4d, 0x3a, 0x00, 0x00, 0x00, 0x00, 0x00, 0x00, 0x00, 0x00, 0x00,
  0x00, 0x00, 0x00, 0x00, 0x00, 0x00, 0x00, 0x00, 0x00, 0x00, 0x00, 0x00,
  0x00, 0x00, 0x00, 0x00, 0x00, 0x00, 0x00, 0x00, 0x00, 0x00, 0x00, 0x00,
  0x00, 0x00, 0x00, 0x00, 0x00, 0x00, 0x00, 0x00, 0x00, 0x00, 0x00, 0x00,
  0x00, 0x00, 0x00, 0x00, 0x00, 0x00, 0x00, 0x00, 0x00, 0x00, 0x00, 0x00,
  0x00, 0x00, 0x00, 0x00, 0x00, 0x00, 0x00, 0x00, 0x00, 0x00, 0x00, 0x00,
  0x00, 0x00, 0x00, 0x00, 0x00, 0x00, 0x00, 0x00, 0x00, 0x00, 0x00, 0x00,
  0x00, 0x00, 0x00, 0x00, 0x00, 0x00, 0x00, 0x00, 0x00, 0x00, 0x00, 0x00,
  0x00, 0x00, 0x00, 0x00, 0x00, 0x00, 0x00, 0x00, 0x00, 0x00, 0x00, 0x00,
  0x00, 0x00, 0x00, 0x00, 0x00, 0x00, 0x00, 0x00, 0x00, 0x00, 0x00, 0x00,
  0x00, 0x00, 0x00, 0x00, 0x00, 0x00, 0x00, 0x00, 0x00, 0x00, 0x00, 0x00,
  0x00, 0x00, 0x00, 0x00, 0x00, 0x00, 0x00, 0x00, 0x00, 0x00, 0x00, 0x00,
  0x00, 0x00, 0x00, 0x00, 0x00, 0x00, 0x00, 0x00, 0x00, 0x00, 0x00, 0x00,
  0x00, 0x00, 0x00, 0x00, 0x00, 0x00, 0x00, 0x00, 0x00, 0x00, 0x00, 0x00,
  0x00, 0x00, 0x00, 0x00, 0x00, 0x00, 0x00, 0x00, 0x00, 0x00, 0x00, 0x00,
  0x00, 0x00, 0x00, 0x00, 0x00, 0x00, 0x00, 0x00, 0x00, 0x00, 0x00, 0x00,
  0x00, 0x00, 0x00, 0x00, 0x00, 0x00, 0x00, 0x00, 0x00, 0x00, 0x00, 0x00,
  0x00, 0x00, 0x00, 0x00, 0x00, 0x00, 0x00, 0x00, 0x00, 0x00, 0x00, 0x00,
  0x00, 0x00, 0x00, 0x00, 0x00, 0x00, 0x00, 0x00, 0x00, 0x00, 0x00, 0x00,
  0x00, 0x00, 0x00, 0x00, 0x00, 0x00, 0x00, 0x00, 0x00, 0x00, 0x00, 0x00,
  0x00, 0x00, 0x00, 0x00, 0x00, 0x00, 0x00, 0x00, 0x00, 0x00, 0x00, 0x00,
  0x00, 0x00, 0x00, 0x00, 0x00, 0x00, 0x00, 0x00, 0x00, 0x00, 0x00, 0x00,
  0x00, 0x00, 0x00, 0x00, 0x00, 0x00, 0x00, 0x00, 0x00, 0x00, 0x00, 0x00,
  0x00, 0x00, 0x00, 0x00, 0x00, 0x00, 0x00, 0x00, 0x00, 0x00, 0x00, 0x00,
  0x00, 0x00, 0x00, 0x00, 0x00, 0x00, 0x00, 0x00, 0x00, 0x00, 0x00, 0x00,
  0x00, 0x00, 0x00, 0x00, 0x00, 0x00, 0x00, 0x00, 0x00, 0x00, 0x00, 0x00,
  0x00, 0x00, 0x00, 0x00, 0x00, 0x00, 0x00, 0x00, 0x00, 0x00, 0x00, 0x00,
  0x00, 0x00, 0x00, 0x00, 0x00, 0x00, 0x00, 0x00, 0x00, 0x00, 0x00, 0x00,
  0x00, 0x00, 0x00, 0x00, 0x00, 0x00, 0x00, 0x00, 0x00, 0x00, 0x00, 0x00,
  0x00, 0x00, 0x00, 0x00, 0x00, 0x00, 0x00, 0x00, 0x00, 0x00, 0x00, 0x00,
  0x00, 0x00, 0x00, 0x00, 0x00, 0x00, 0x00, 0x00, 0x00, 0x00, 0x00, 0x00,
  0x00, 0x00, 0x00, 0x00
};
unsigned int fMSX_ROMs_MSX2EXT_ROM_len = 16384;
