unsigned char fMSX_ROMs_NET_ROM[] = {
	0x41,0x42,0x53,0x41,0xe1,0x45,0x00,0x00,0x00,0x00,0x00,0x00,
	0x00,0x00,0x00,0x00,0xc3,0x95,0x40,0xc3,0x34,0x40,0xc3,0x28,
	0x40,0xc3,0x43,0x40,0xc3,0xb0,0x4b,0xc9,0xc9,0xc9,0xf5,0xc5,
	0xd5,0xe5,0x18,0x32,0xf5,0xc5,0xd5,0xe5,0xcd,0x0e,0x58,0xe1,
	0xd1,0xc1,0xf1,0xc9,0xc5,0xd5,0xe5,0xcd,0xac,0x4b,0xe1,0xd1,
	0xc1,0xc9,0xc9,0xc9,0x52,0x4e,0x54,0xf5,0xc5,0xd5,0xe5,0x79,
	0xb7,0x28,0x17,0x3a,0x9b,0x7c,0xcb,0x4f,0x28,0x35,0xcd,0x6c,
	0x41,0xcd,0x86,0x41,0x18,0x13,0x3a,0x9b,0x7c,0xcb,0xff,0x32,
	0x9b,0x7c,0x79,0xb7,0x28,0x07,0x3a,0x9b,0x7c,0xcb,0x47,0x28,
	0x1a,0x21,0xd0,0x40,0x79,0xfe,0x1c,0x30,0x12,0xaf,0x47,0xcb,
	0x21,0x09,0x4e,0x23,0x46,0xc5,0xfd,0xe1,0xe1,0xd1,0xc1,0xf1,
	0xfb,0xfd,0xe9,0xe1,0xd1,0xc1,0x3a,0x9b,0x7c,0xcb,0x7f,0xc2,
	0xc7,0x42,0xf1,0x37,0xc9,0xf5,0xc5,0xd5,0xe5,0x79,0xfe,0xb4,
	0x28,0x16,0x3a,0x9b,0x7c,0xcb,0x57,0x28,0xe2,0x21,0x08,0x41,
	0x7e,0xb7,0x28,0xdb,0x23,0xb9,0x28,0xca,0x23,0x23,0x18,0xf4,
	0x78,0xb7,0x28,0x0f,0xfe,0x16,0x30,0xcb,0xfe,0x14,0x30,0x0a,
	0x3a,0x9b,0x7c,0xcb,0x57,0x28,0xc0,0xcd,0x6c,0x41,0x48,0x21,
	0x27,0x41,0x18,0xa5,0xb0,0x4b,0xda,0x50,0xe0,0x50,0xf8,0x50,
	0x03,0x51,0x0d,0x51,0x3e,0x51,0x46,0x51,0x5e,0x52,0x6c,0x52,
	0x4c,0x54,0xda,0x54,0xe9,0x54,0xd4,0x55,0x1c,0x56,0x75,0x56,
	0xbe,0x56,0x0c,0x57,0x53,0x57,0xb0,0x57,0xc1,0x57,0xce,0x57,
	0x44,0x47,0xf1,0x57,0x0e,0x58,0x60,0x50,0xb5,0x50,0x7e,0x46,
	0x8f,0xf1,0x6c,0x90,0xf1,0x6c,0x91,0xf1,0x6c,0x92,0xf1,0x6c,
	0x93,0xf1,0x6c,0x94,0xf1,0x6c,0x95,0xf1,0x6c,0x96,0xf1,0x6c,
	0x97,0xf1,0x6c,0xb3,0xed,0x6c,0x00,0x34,0x40,0xda,0x50,0xe0,
	0x50,0xf8,0x50,0x03,0x51,0xf1,0x57,0x3e,0x51,0x60,0x50,0xb5,
	0x50,0x0c,0x57,0x53,0x57,0xd4,0x55,0x1c,0x56,0xb0,0x57,0x00,
	0x6c,0x3e,0x6c,0x70,0x6c,0xb0,0x6c,0x44,0x47,0x7e,0x46,0x2e,
	0x44,0x32,0x44,0xf5,0xc5,0xd5,0xe5,0xaf,0x32,0x9b,0x7c,0xcd,
	0x37,0x4d,0xcd,0x9e,0x43,0xcd,0xd1,0x4f,0xcd,0x8c,0x4b,0xe1,
	0xd1,0xc1,0xf1,0xc9,0xc5,0x21,0x78,0x7c,0xeb,0x01,0x08,0x00,
	0xcd,0xa5,0x41,0xc1,0xc9,0x79,0xfe,0x08,0xc8,0xfe,0x09,0xc8,
	0xfe,0x0b,0xc8,0xfe,0x0c,0xc9,0xc5,0xcd,0x79,0x41,0x20,0x17,
	0x3a,0x79,0x7c,0xb7,0x28,0x11,0x2a,0x7c,0x7c,0xed,0x5b,0x89,
	0x7c,0xed,0x53,0x7c,0x7c,0x01,0x25,0x00,0xcd,0xa5,0x41,0xc1,
	0xc9,0xfd,0x21,0x92,0x89,0x18,0x04,0xfd,0x21,0x40,0x89,0xf3,
	0xcd,0x13,0x42,0x38,0x09,0xcd,0x2d,0x42,0x38,0x04,0xcd,0xe5,
	0x41,0xd0,0xdd,0x21,0xec,0x89,0xcd,0x3c,0x44,0x38,0xf3,0xc9,
	0xfd,0x21,0x92,0x89,0xf3,0xcd,0x38,0x42,0x38,0x09,0xcd,0x4f,
	0x42,0x38,0x04,0xcd,0xfd,0x41,0xd0,0xdd,0x21,0x15,0x8a,0xcd,
	0x3c,0x44,0x38,0xf3,0xc9,0xe5,0xd5,0x11,0x00,0x40,0xb7,0xed,
	0x52,0xd1,0xe1,0x28,0x0a,0x7e,0x12,0x23,0x13,0x0b,0x78,0xb1,
	0x20,0xeb,0xc9,0x37,0xc9,0xe5,0x21,0x00,0x40,0xb7,0xed,0x52,
	0xe1,0x28,0x0a,0x7e,0x12,0x23,0x13,0x0b,0x78,0xb1,0x20,0xd5,
	0xc9,0x37,0xc9,0xd5,0xe5,0x11,0x00,0x40,0xb7,0xed,0x52,0xe1,
	0x38,0x0c,0xe5,0x16,0x80,0xb7,0xed,0x52,0xe1,0x30,0x03,0xd1,
	0x37,0xc9,0xd1,0xb7,0xc9,0xd5,0xe5,0x11,0x00,0x40,0xb7,0xed,
	0x52,0xe1,0xd1,0xc9,0xe5,0xb7,0x21,0xff,0x7f,0xed,0x52,0x38,
	0x0b,0xb7,0x21,0xff,0x3f,0xed,0x52,0x30,0x03,0xe1,0x37,0xc9,
	0xe1,0xb7,0xc9,0xe5,0xd5,0xeb,0xb7,0x11,0x00,0x40,0xed,0x52,
	0xd1,0xe1,0xc9,0xc5,0xe5,0x21,0x89,0xfd,0x1a,0x3c,0x28,0x12,
	0xcd,0x7a,0x42,0x28,0x05,0x13,0x13,0x13,0x18,0xef,0xeb,0x23,
	0x5e,0x23,0x56,0xa7,0x18,0x01,0x37,0xe1,0xc1,0xc9,0x1a,0xcd,
	0x95,0x43,0x4f,0x7e,0xcd,0x95,0x43,0xb9,0x20,0x06,0xa7,0xc8,
	0x13,0x23,0x18,0xee,0x1a,0xa7,0x28,0x03,0x13,0x18,0xf9,0x7e,
	0xa7,0x28,0x03,0x23,0x18,0xf9,0x7d,0xb4,0xc9,0xdd,0x21,0x6b,
	0x6e,0x18,0x3a,0xdd,0x21,0x80,0x6e,0x18,0x34,0xdd,0x21,0x86,
	0x6e,0x18,0x2e,0xdd,0x21,0x6e,0x6e,0x18,0x28,0xdd,0x21,0x77,
	0x6e,0x18,0x22,0xdd,0x21,0x1c,0x48,0x18,0x1c,0xdd,0x21,0x55,
	0x40,0x18,0x16,0xdd,0x21,0x5a,0x47,0x18,0x10,0xdd,0x21,0x6d,
	0x40,0x18,0x0a,0xdd,0x21,0x74,0x6e,0x18,0x04,0xdd,0x21,0xb2,
	0x73,0xc3,0x3e,0x7d,0xdd,0xe5,0xdd,0x21,0xb7,0x00,0xcd,0x43,
	0x7d,0xdd,0xe1,0xc9,0x2b,0x18,0x08,0x7e,0xe3,0xbe,0xc2,0xc1,
	0x42,0x23,0xe3,0xdd,0xe5,0xdd,0x21,0x66,0x46,0xd9,0xe5,0xd9,
	0xcd,0x3e,0x7d,0xd9,0xe1,0xd9,0xdd,0xe1,0xc9,0xdd,0xe5,0xdd,
	0x21,0x64,0x4c,0x18,0x06,0xdd,0xe5,0xdd,0x21,0xa4,0x5e,0xcd,
	0x3e,0x7d,0xdd,0xe1,0xc9,0xdd,0xe5,0xdd,0x21,0xd0,0x67,0x18,
	0xf2,0xdd,0xe5,0xdd,0x21,0x7a,0x51,0x18,0xea,0xdd,0x21,0xc0,
	0x00,0xc3,0x3e,0x7d,0xdd,0x21,0xa5,0x00,0xc3,0x3e,0x7d,0xdd,
	0x21,0xa2,0x00,0xc3,0x3e,0x7d,0xdd,0x21,0x57,0x42,0xc3,0x3e,
	0x7d,0xdd,0x21,0x57,0x42,0xc3,0x43,0x7d,0xdd,0xe5,0xdd,0x21,
	0xea,0x54,0xcd,0x43,0x7d,0xdd,0xe1,0xc9,0xe5,0x21,0x63,0xf6,
	0x7e,0xfe,0x02,0x28,0x25,0xfe,0x04,0x28,0x11,0xfe,0x08,0xc2,
	0xcd,0x42,0x36,0x02,0xd5,0x3e,0x08,0xcd,0x25,0x43,0x0e,0x08,
	0x18,0x0a,0x36,0x02,0xd5,0x3e,0x04,0xcd,0x25,0x43,0x0e,0x04,
	0xd1,0x21,0xf6,0xf7,0x18,0x05,0x21,0xf8,0xf7,0x0e,0x02,0x06,
	0x00,0xed,0xb0,0xe1,0xc9,0xfe,0x61,0xd8,0xfe,0x7b,0xd0,0xd6,
	0x20,0xc9,0xf3,0xdb,0xa8,0x47,0xe6,0x0c,0x57,0x0f,0x0f,0x4f,
	0x0f,0x0f,0xb2,0xd3,0xa8,0x3a,0xff,0xff,0x2f,0xe6,0x0c,0x28,
	0x02,0xf6,0x80,0xb1,0x4f,0x78,0xd3,0xa8,0x79,0x21,0xd9,0x43,
	0x11,0x7a,0xf9,0x01,0x19,0x00,0xed,0xb0,0x32,0x7b,0xf9,0x32,
	0x80,0xf9,0x32,0x85,0xf9,0x32,0x8a,0xf9,0x32,0x8f,0xf9,0xfb,
	0xc9,0xf7,0x00,0x10,0x40,0xc9,0xf7,0x00,0x13,0x40,0xc9,0xf7,
	0x00,0x16,0x40,0xc9,0xf7,0x00,0x19,0x40,0xc9,0xf7,0x00,0x1c,
	0x40,0xc9,0xf5,0xc5,0xcd,0x12,0x44,0x4f,0xe6,0x03,0x17,0x17,
	0x17,0x17,0xcb,0x79,0x28,0x05,0x47,0x79,0xe6,0x0c,0xb0,0x17,
	0x06,0x00,0x4f,0x21,0x09,0xfd,0x09,0xc1,0xf1,0xc9,0xc5,0xe5,
	0xdb,0xa8,0x0f,0x0f,0xe6,0x03,0x4f,0x06,0x00,0x21,0xc1,0xfc,
	0x09,0xb6,0x4f,0x23,0x23,0x23,0x23,0x7e,0xe6,0x0c,0xb1,0xe1,
	0xc1,0xc9,0x06,0x01,0x18,0x02,0x06,0x02,0xdd,0x21,0x2c,0x8d,
	0xfd,0x21,0x92,0x89,0xf3,0xf5,0xe5,0xd5,0xdb,0xa8,0x32,0x5f,
	0x7d,0xe6,0xcf,0x67,0xe6,0x0c,0x6f,0x07,0x07,0x07,0x07,0xb5,
	0xd3,0xa8,0x32,0x60,0x7d,0x3a,0xff,0xff,0x2f,0x32,0x5e,0x7d,
	0xe6,0xcf,0x57,0xe6,0x0c,0x07,0x07,0xb2,0x32,0xff,0xff,0x7d,
	0x07,0x07,0xb4,0xd3,0xa8,0xd1,0xe1,0xf1,0xcd,0x88,0x44,0xf5,
	0xe5,0x2a,0x5e,0x7d,0x3a,0x60,0x7d,0xd3,0xa8,0x7d,0x32,0xff,
	0xff,0x7c,0xd3,0xa8,0xe1,0xf1,0xfb,0xc9,0xfd,0xe9,0xf3,0xf5,
	0xe5,0xd5,0xdb,0xa8,0x32,0x5f,0x7d,0xe6,0xfc,0x67,0xe6,0x0c,
	0x6f,0x07,0x07,0x07,0x07,0xb5,0xd3,0xa8,0x32,0x60,0x7d,0x3a,
	0xff,0xff,0x2f,0x32,0x5e,0x7d,0xe6,0xfc,0x57,0xe6,0xc0,0x07,
	0x07,0xb2,0x32,0xff,0xff,0x7c,0xe6,0xc0,0x07,0x07,0xb4,0xd3,
	0xa8,0xd1,0xe1,0xf1,0x7e,0x18,0xb0,0xf3,0xf5,0xd5,0x3a,0x64,
	0x7d,0xe6,0xec,0xf6,0xec,0x5f,0xcd,0xf6,0x46,0x1e,0x80,0xcd,
	0x30,0x47,0x3e,0xff,0xd3,0x0b,0xd1,0xf1,0xfb,0xc9,0xf3,0xf5,
	0xd5,0x3a,0x64,0x7d,0xf6,0x23,0x5f,0xcd,0xf6,0x46,0xcd,0x2e,
	0x47,0x18,0xeb,0xf5,0xfb,0x3e,0x05,0xf3,0xd3,0x09,0xdb,0x0c,
	0xcb,0x47,0x20,0xf4,0xcb,0x77,0x28,0xf0,0xf1,0xd3,0x0e,0xc9,
	0x21,0xfa,0x00,0x18,0x03,0x21,0x02,0x00,0x3a,0xa5,0x7c,0xcb,
	0x9f,0x32,0xa5,0x7c,0xaf,0x32,0xa8,0x7c,0xcd,0x5d,0x45,0xcd,
	0x6e,0x45,0xfb,0x00,0x00,0xf3,0x3a,0xa5,0x7c,0xcb,0x5f,0x28,
	0x07,0x3a,0xa8,0x7c,0xcb,0x47,0x20,0x11,0xcd,0xd0,0x45,0x30,
	0xe9,0x2b,0x7c,0xb5,0x20,0xe1,0x3e,0x02,0x32,0xa8,0x7c,0x18,
	0x04,0xcb,0x87,0xcb,0x97,0xb7,0xfb,0xc9,0xf5,0xfb,0x00,0x00,
	0xf3,0x3e,0x05,0xd3,0x09,0xdb,0x0c,0xcb,0x47,0x20,0xf2,0xcb,
	0x77,0x28,0xee,0xf1,0xc9,0xf5,0xfb,0x00,0x00,0xf3,0x3e,0x05,
	0xd3,0x09,0xdb,0x0c,0xcb,0x7f,0x28,0xf2,0xf1,0xc9,0xf5,0xe5,
	0x21,0x03,0x00,0x22,0xaa,0x7c,0x3e,0x01,0x32,0xac,0x7c,0x3a,
	0xa9,0x7c,0xcb,0xc7,0x32,0xa9,0x7c,0xe1,0xf1,0xfb,0xc9,0xf5,
	0xe5,0x21,0x2c,0x01,0x22,0xb0,0x7c,0x3e,0x01,0x32,0xb2,0x7c,
	0x3a,0xa9,0x7c,0xcb,0xd7,0x18,0xe5,0x3e,0xf0,0xcd,0xa6,0x45,
	0x3e,0x00,0xcd,0xa6,0x45,0x7b,0xf5,0x3e,0x05,0xd3,0x09,0xdb,
	0x0c,0xcb,0x47,0x20,0xf6,0xcb,0x77,0x28,0xf2,0xf1,0xd3,0x0e,
	0xf5,0xe5,0x21,0x0a,0x00,0x22,0xad,0x7c,0x3e,0x01,0x32,0xaf,
	0x7c,0x3a,0xa9,0x7c,0xcb,0xcf,0x32,0xa9,0x7c,0xe1,0xf1,0xc9,
	0x3a,0xac,0x7c,0xb7,0xc0,0x37,0xc9,0x3a,0xaf,0x7c,0x18,0xf7,
	0x3a,0xb2,0x7c,0x18,0xf2,0xfb,0xe5,0xcd,0xf2,0x43,0x4e,0x23,
	0x46,0xe1,0xe5,0x03,0x78,0xb1,0x28,0x21,0x11,0xfe,0x81,0x3a,
	0x9d,0x7c,0xdd,0xe1,0xb7,0x28,0x0c,0x11,0x41,0x80,0x3a,0xba,
	0x7c,0xb7,0x28,0x03,0x11,0xed,0x80,0xfd,0x21,0x5b,0x42,0xcd,
	0x3c,0x44,0xd8,0xd5,0xc9,0xe1,0x37,0xc9,0xcd,0x62,0x46,0x01,
	0x00,0x96,0xcb,0x67,0x20,0x03,0x01,0xc0,0x12,0x79,0xb0,0x28,
	0x1d,0x21,0x44,0x46,0x5e,0x23,0x56,0x23,0x7b,0xb2,0x28,0x12,
	0xe5,0x6b,0x62,0xa7,0xed,0x42,0xe1,0x28,0x04,0x23,0x23,0x18,
	0xeb,0x5e,0x23,0x56,0xb7,0xc9,0x37,0xc9,0x2c,0x01,0x1d,0x00,
	0xb0,0x04,0x1b,0x00,0x60,0x09,0x1a,0x00,0xc0,0x12,0x19,0x00,
	0x80,0x25,0x18,0x00,0x00,0x4b,0x10,0x00,0x00,0x96,0x00,0x00,
	0x00,0x00,0x1e,0x80,0x3e,0x94,0xcd,0x32,0x47,0x3e,0x96,0xcd,
	0x4f,0x47,0xf5,0xe6,0x0f,0x1e,0x80,0x20,0x02,0x1e,0x00,0x3e,
	0x95,0xcd,0x32,0x47,0xf1,0xc9,0xfd,0x21,0x22,0x80,0xcd,0x3c,
	0x44,0xd8,0xf5,0xcd,0x8e,0x46,0xf1,0xc3,0x5c,0x4c,0xf5,0xd5,
	0xc5,0x3e,0x85,0xe6,0xfe,0x5f,0xcd,0x4b,0x47,0x3e,0x54,0xcd,
	0x4f,0x47,0xe6,0x01,0x20,0xf7,0xd1,0x3e,0x44,0xcd,0x32,0x47,
	0x1e,0x10,0x3e,0x45,0xcd,0x32,0x47,0x3e,0x85,0x5f,0xcd,0x4b,
	0x47,0x3e,0x21,0x32,0x64,0x7d,0xe6,0xfe,0x5f,0xcd,0xf6,0x46,
	0x3e,0x34,0xcd,0x4f,0x47,0xe6,0x01,0x20,0xf7,0xd1,0x3e,0x24,
	0xcd,0x32,0x47,0x1e,0x10,0x3e,0x25,0xcd,0x32,0x47,0xf1,0x28,
	0x19,0xf5,0x1e,0x80,0x3e,0x26,0xcd,0x32,0x47,0xf1,0xf6,0x80,
	0x5f,0x3e,0x27,0xcd,0x32,0x47,0x3a,0x64,0x7d,0xf6,0x23,0x32,
	0x64,0x7d,0x3a,0x64,0x7d,0x5f,0x3e,0x35,0x18,0x38,0xf5,0xd5,
	0xc5,0xf3,0x3e,0x80,0xd3,0x09,0x00,0x00,0x00,0x00,0xaf,0xd3,
	0x09,0x1e,0x01,0x3e,0x66,0xcd,0x32,0x47,0x11,0xe8,0x03,0x3e,
	0x84,0xcd,0x32,0x47,0x7a,0xf6,0x80,0x5f,0x3e,0x85,0xcd,0x32,
	0x47,0x1e,0x80,0x3e,0x03,0xcd,0x32,0x47,0xc1,0xd1,0xf1,0xcd,
	0x8e,0x46,0x1e,0xa0,0x3e,0x06,0xc5,0xf5,0x0f,0x0f,0x0f,0x0f,
	0xd3,0x09,0xf1,0xe6,0x07,0xc6,0x08,0x4f,0xed,0x59,0xc1,0xc9,
	0x1e,0x8d,0xcd,0x4b,0x47,0x1e,0x01,0x3e,0x55,0x18,0xe3,0xc5,
	0xf5,0x0f,0x0f,0x0f,0x0f,0xd3,0x09,0xf1,0xe6,0x07,0xc6,0x08,
	0x4f,0xed,0x78,0xc1,0xc9,0x3e,0x03,0xd3,0x09,0xdb,0x0c,0xe6,
	0x70,0xc8,0x1e,0xec,0xf5,0x3a,0x64,0x7d,0xb3,0x5f,0x3e,0x03,
	0xd3,0x09,0x7b,0xd3,0x0d,0xf1,0xc9,0x3e,0x80,0xd3,0x0b,0xc9,
	0x21,0xaf,0x5f,0x3a,0x9d,0x7c,0xb7,0x20,0x03,0x21,0xd7,0x5b,
	0xe9,0xc5,0x01,0x00,0x00,0x3e,0x03,0xd3,0x09,0xdb,0x0c,0xcb,
	0x7f,0x28,0x09,0xe6,0x03,0x20,0x05,0xdb,0x0e,0xc1,0xb7,0xc9,
	0x0b,0x78,0xb1,0x20,0xe8,0xc1,0x37,0xc9,0x3e,0x03,0xd3,0x09,
	0xdb,0x0c,0xc9,0xdb,0x0a,0xcb,0x6f,0x20,0x08,0xcb,0x7f,0xc2,
	0x2f,0x4a,0xc3,0x62,0x4e,0xcd,0x38,0x7d,0xcd,0xac,0x47,0xcb,
	0x7f,0x28,0x47,0xcb,0x5f,0xc2,0x8c,0x48,0xcd,0x61,0x47,0x20,
	0x3d,0xcd,0x8d,0x47,0x38,0x38,0xfe,0xf0,0x20,0xe6,0xcd,0x61,
	0x47,0x20,0x2f,0xcd,0x8d,0x47,0x38,0x2a,0xfe,0x00,0x20,0xd8,
	0xcd,0x80,0x47,0xcd,0x61,0x47,0x20,0x1e,0xcd,0x8d,0x47,0x38,
	0x19,0xcb,0x7f,0x20,0xc7,0x5f,0xcd,0x8c,0x47,0x7c,0xb5,0x28,
	0xbf,0x7a,0xb7,0x28,0x10,0x18,0x61,0x73,0x21,0x78,0x7f,0x22,
	0x54,0x7d,0xf3,0xcd,0xe5,0x48,0xdb,0x99,0xc9,0x3a,0xa5,0x7c,
	0xcb,0xdf,0x32,0xa5,0x7c,0x06,0x02,0x7c,0xb5,0x28,0x42,0xcd,
	0x61,0x47,0x20,0x60,0xcd,0x8d,0x47,0x38,0x5b,0xcb,0x7f,0x20,
	0x31,0xc5,0xcd,0x8c,0x47,0xc1,0x10,0xe7,0x2a,0x00,0x7d,0x7c,
	0xb5,0x28,0x26,0x21,0x78,0x7f,0x06,0x02,0xcd,0x61,0x47,0x20,
	0x3f,0xcd,0x8d,0x47,0x38,0x14,0x5f,0xcb,0x7f,0x20,0xb4,0x78,
	0x3d,0x28,0x03,0x7b,0x0f,0x4f,0x10,0xe8,0x7b,0xb1,0x77,0x23,
	0x18,0xe0,0xcd,0xc6,0x5b,0xc3,0xc4,0x47,0xcd,0xc6,0x5b,0xcd,
	0x9b,0x45,0xf3,0xcd,0x61,0x47,0x20,0xf1,0xcd,0x8d,0x47,0x38,
	0xec,0xcd,0xa6,0x45,0xcb,0x7f,0x28,0xee,0xcd,0x38,0x52,0xcd,
	0xb8,0x45,0x18,0x86,0x5f,0x3a,0xa8,0x7c,0xb3,0x32,0xa8,0x7c,
	0x32,0x04,0x7d,0x1e,0x08,0xcd,0x6c,0x47,0x3a,0x9d,0x7c,0xb7,
	0x21,0x00,0x00,0xca,0xc9,0x5b,0x3a,0xf1,0x7c,0xf5,0xcd,0xd9,
	0x4f,0xcd,0xc6,0x5b,0x3a,0xa8,0x7c,0xe6,0xfa,0x32,0xa8,0x7c,
	0x32,0x04,0x7d,0x3a,0xa5,0x7c,0xcb,0xbf,0x32,0xa5,0x7c,0xcb,
	0x47,0x20,0x02,0xf1,0xc9,0xcd,0x14,0x4f,0x3a,0xa5,0x7c,0xcb,
	0x87,0xcb,0xa7,0x32,0xa5,0x7c,0xf1,0xfe,0x41,0xcc,0x76,0x5b,
	0xcd,0x31,0x68,0x11,0x1f,0x41,0xc3,0x8c,0x68,0xf3,0xfd,0x21,
	0x00,0x00,0xfd,0x39,0x11,0x4d,0x0c,0x06,0x10,0xe1,0xb7,0xed,
	0x52,0x28,0x04,0x10,0xf8,0x18,0x04,0x21,0x02,0x0d,0xe5,0xfd,
	0xf9,0xc9,0x3a,0x3d,0x7d,0xb7,0xc2,0x56,0x49,0x3a,0xa5,0x7c,
	0xcb,0x8f,0x32,0xa5,0x7c,0x3a,0x57,0x7d,0x3c,0x20,0x0b,0xaf,
	0x32,0x57,0x7d,0xfd,0x21,0x4f,0x84,0xcd,0x3c,0x44,0x3a,0xa5,
	0x7c,0x32,0xa6,0x7c,0xcb,0x77,0x28,0x08,0xcb,0xb7,0x32,0xa5,
	0x7c,0xc3,0xd9,0x42,0xcb,0x6f,0x28,0x1e,0xcb,0xaf,0x32,0xa5,
	0x7c,0x3a,0x14,0x7d,0xcb,0x87,0x32,0x14,0x7d,0x4f,0x3a,0x15,
	0x7d,0xb1,0xc4,0x4d,0x4f,0x18,0x07,0x3a,0x9d,0x7c,0xb7,0xcc,
	0x4b,0x69,0x11,0x2e,0x7d,0xc3,0xd9,0x49,0xc5,0x25,0x2d,0x5c,
	0x26,0x00,0x54,0x29,0x29,0x29,0x4d,0x44,0x29,0x29,0x3a,0xaf,
	0xfc,0xa7,0x3a,0xb0,0xf3,0x28,0x04,0xd6,0x22,0x18,0x0d,0xfe,
	0x29,0x38,0x06,0x09,0x29,0xd6,0x52,0x18,0x03,0x09,0xd6,0x2a,
	0x19,0x2f,0xa7,0x1f,0x5f,0x19,0xeb,0x2a,0x22,0xf9,0x19,0xc1,
	0xc9,0x3a,0x3d,0x7d,0xb7,0x20,0x10,0x3a,0x9d,0x7c,0xb7,0x28,
	0x0a,0x3a,0xff,0x7c,0xcb,0x7f,0x28,0x03,0xcd,0xac,0x49,0x11,
	0x33,0x7d,0x18,0x2d,0xf3,0xcb,0xbf,0x32,0xff,0x7c,0xcd,0xef,
	0x4e,0x54,0x5d,0x36,0x15,0x13,0x2a,0x8b,0x7c,0x3a,0xff,0x7c,
	0x4f,0x06,0x00,0xed,0xb0,0x3e,0x0d,0x12,0x13,0xed,0x53,0xf8,
	0xf3,0xc9,0x3a,0xa5,0x7c,0xcb,0xcf,0x32,0xa5,0x7c,0x11,0x29,
	0x7d,0xd5,0xdd,0xe1,0x11,0x46,0x45,0xd5,0xdd,0xe9,0x3a,0x9d,
	0x7c,0xb7,0xc0,0x3a,0x1e,0x7d,0xcb,0xb7,0x32,0x1e,0x7d,0xaf,
	0x32,0x17,0x7d,0x32,0xa7,0x7c,0xc9,0x3e,0x01,0x32,0x56,0x7d,
	0x32,0x8f,0x7d,0xc9,0xf5,0xaf,0x32,0x56,0x7d,0xf1,0xc9,0x3a,
	0x56,0x7d,0xb7,0x28,0x0a,0xcd,0x00,0x4a,0xfe,0x01,0xc0,0x3a,
	0x21,0x7d,0x47,0x2a,0x00,0x7d,0x7c,0xb5,0xc8,0xed,0x5b,0x54,
	0x7d,0x1a,0x13,0xed,0x53,0x54,0x7d,0xc5,0xcd,0x8c,0x47,0xc1,
	0x10,0xd9,0xc9,0xcd,0x7b,0x47,0xcd,0x09,0x4e,0xcd,0x54,0x4d,
	0x3a,0x9d,0x7c,0xb7,0x28,0x0c,0x06,0x10,0xcd,0x07,0x4a,0xf3,
	0xcd,0xe5,0x48,0xdb,0x99,0xc9,0x3a,0xa7,0x7c,0xb7,0x28,0x14,
	0x2a,0x00,0x7d,0x7c,0xb5,0x28,0x05,0xcd,0xb8,0x45,0x18,0xe2,
	0xcd,0xd7,0x45,0x30,0xdd,0xcd,0xe2,0x49,0x3a,0xb3,0x7c,0xb7,
	0x28,0x1b,0x3a,0x1e,0x7d,0xe6,0xc0,0x20,0xcd,0xcd,0xf5,0x4a,
	0x30,0x0f,0x3a,0xb4,0x7c,0xb7,0x28,0x06,0x3d,0x32,0xb4,0x7c,
	0x18,0xbc,0xcd,0x1b,0x4b,0x3a,0x17,0x7d,0xb7,0x28,0x07,0x3d,
	0x32,0x17,0x7d,0xc3,0x3e,0x4a,0x3a,0x16,0x7d,0x32,0x17,0x7d,
	0x3a,0x1e,0x7d,0xcb,0x77,0x20,0xf0,0xcb,0x7f,0x20,0xec,0xe6,
	0x0f,0xfe,0x0f,0x28,0x03,0x3c,0x18,0x02,0x3e,0x01,0x47,0xcb,
	0xff,0x32,0x1e,0x7d,0x3a,0xa0,0x7c,0x4f,0xc5,0xed,0x5b,0x9e,
	0x7c,0xd5,0x78,0x32,0xa0,0x7c,0xcd,0x48,0x4b,0x3e,0x03,0x28,
	0x02,0xcb,0xdf,0x32,0x9e,0x7c,0x3e,0x05,0x32,0x9f,0x7c,0xcd,
	0xd1,0x58,0x3e,0x01,0x32,0xb3,0x7c,0x3a,0xb5,0x7c,0x32,0xb4,
	0x7c,0xd1,0xc1,0x79,0x32,0xa0,0x7c,0xed,0x53,0x9e,0x7c,0xaf,
	0x32,0xa8,0x7c,0xcd,0x4b,0x69,0xc3,0x3e,0x4a,0x3a,0xa8,0x7c,
	0xcb,0x47,0x28,0x1d,0x3a,0xee,0x7c,0xfe,0x15,0x20,0x16,0x3a,
	0x1e,0x7d,0xe6,0x0f,0x47,0x3a,0xef,0x7c,0xb8,0x20,0x0a,0xc5,
	0xcd,0x62,0x4b,0xc1,0xcd,0x3a,0x4b,0x18,0x12,0x37,0xc9,0x3a,
	0x1e,0x7d,0xe6,0x0f,0x47,0xc5,0xcd,0x30,0x4b,0xc1,0x30,0x03,
	0xcd,0x74,0x4b,0xaf,0x32,0xb3,0x7c,0xc9,0xcd,0x40,0x4b,0x3e,
	0x1e,0xbe,0xd8,0x34,0xb7,0xc9,0xcd,0x40,0x4b,0x36,0x00,0xc9,
	0x48,0x06,0x00,0x21,0x04,0x7d,0x09,0xc9,0x2a,0xba,0x7c,0xcd,
	0x51,0x4b,0xcb,0x45,0xc9,0xcb,0x3c,0xcb,0x1d,0x10,0xfa,0xc9,
	0x11,0x01,0x00,0xcb,0x23,0xcb,0x12,0x10,0xfa,0xc9,0xcd,0x58,
	0x4b,0x3a,0x02,0x7d,0xb3,0x5f,0x3a,0x03,0x7d,0xb2,0x57,0xed,
	0x53,0x02,0x7d,0xc9,0xcd,0x58,0x4b,0x7b,0x2f,0x5f,0x3a,0x02,
	0x7d,0xa3,0x5f,0x7a,0x2f,0x57,0x3a,0x03,0x7d,0xa2,0x57,0xed,
	0x53,0x02,0x7d,0xc9,0x3e,0x08,0xcd,0x41,0x01,0xcb,0x5f,0xc8,
	0xcd,0xc3,0x44,0xf3,0xaf,0x32,0x9c,0x7c,0xcd,0x62,0x46,0xe6,
	0x0f,0xfd,0x21,0x06,0x80,0xcc,0x3c,0x44,0x3e,0x01,0x18,0x06,
	0x3e,0x04,0x18,0x02,0x3e,0x02,0xf3,0x32,0x9b,0x7c,0xcd,0x12,
	0x44,0x32,0x23,0x7d,0xfd,0x21,0x9a,0xfd,0x01,0xb3,0x47,0xcd,
	0x7b,0x58,0xca,0xa2,0x4c,0xdd,0x21,0x78,0x7c,0xcd,0x14,0x46,
	0xed,0x53,0x78,0x7c,0xed,0x53,0x7a,0x7c,0x4b,0x42,0xc5,0xc5,
	0xcd,0xc3,0x44,0xf3,0xcd,0xf2,0x43,0x71,0x23,0x70,0x23,0x3a,
	0x23,0x7d,0x22,0x5c,0x7d,0xe5,0x23,0x23,0x44,0x4d,0x36,0xf7,
	0x23,0x77,0x23,0x11,0xd5,0x6b,0x73,0x23,0x72,0xe1,0x71,0x23,
	0x70,0xcd,0x0a,0x4d,0xcd,0xcf,0x4c,0xcd,0xd9,0x4f,0xaf,0x32,
	0x3d,0x7d,0x32,0x56,0x7d,0x3e,0x08,0x32,0x16,0x7d,0x3e,0x03,
	0x32,0xb5,0x7c,0x3e,0xff,0x32,0x1e,0x7d,0x32,0x57,0x7d,0x21,
	0x00,0x01,0x22,0x1f,0x7d,0xcd,0x37,0x4d,0xcd,0xaa,0x4c,0x21,
	0x00,0x78,0x22,0x80,0x7c,0x24,0x22,0x84,0x7c,0x24,0x22,0x82,
	0x7c,0x24,0x22,0x86,0x7c,0x21,0x2b,0x7c,0x22,0x89,0x7c,0x21,
	0x78,0x7e,0x22,0x8b,0x7c,0xcd,0x62,0x46,0xe6,0x0f,0x32,0x9d,
	0x7c,0xc1,0xd1,0xf5,0xcd,0xfa,0x46,0xf1,0x28,0x0e,0xcd,0x84,
	0x4c,0x32,0x02,0x7d,0x32,0x03,0x7d,0xcd,0xde,0x44,0x18,0x0f,
	0xcd,0x44,0x47,0xcd,0x84,0x4c,0xcd,0x62,0x46,0xcd,0xf5,0x51,
	0xcd,0xf3,0x4f,0xaf,0x32,0x1e,0x7d,0x3a,0x9d,0x7c,0xfb,0xc9,
	0xcd,0xc6,0x5b,0x21,0x38,0x00,0x22,0x21,0x7d,0xc9,0xf7,0x00,
	0xb3,0x47,0xc9,0xf7,0x00,0xce,0x49,0xc9,0xf7,0x00,0x91,0x49,
	0xc9,0xf7,0x00,0x02,0x49,0xc9,0xcd,0xaa,0x4c,0x3a,0x9d,0x7c,
	0xfb,0xc9,0x3a,0x9b,0x7c,0x21,0x7d,0xf3,0xcb,0x47,0x20,0x10,
	0x21,0x7c,0x8a,0xcb,0x4f,0x20,0x09,0x21,0x05,0x00,0xed,0x5b,
	0x77,0xf9,0x18,0x02,0x54,0x5d,0x22,0x95,0x7c,0xed,0x53,0x97,
	0x7c,0xaf,0xc9,0x21,0x8e,0x4c,0x11,0x9a,0xfd,0xcd,0x2b,0x4d,
	0x32,0x9b,0xfd,0x21,0x93,0x4c,0x11,0x3e,0xff,0xcd,0x2b,0x4d,
	0x32,0x3f,0xff,0x21,0x98,0x4c,0x11,0x0c,0xff,0xcd,0x2b,0x4d,
	0x32,0x0d,0xff,0x21,0x9d,0x4c,0x11,0x07,0xff,0xcd,0x2b,0x4d,
	0x32,0x08,0xff,0x01,0xc9,0x05,0x21,0x38,0x7d,0x71,0x23,0x10,
	0xfc,0xc9,0x21,0x9a,0xfd,0x11,0x24,0x7d,0xcd,0x2b,0x4d,0x21,
	0x3e,0xff,0x11,0x29,0x7d,0xcd,0x2b,0x4d,0x21,0x07,0xff,0x11,
	0x2e,0x7d,0xcd,0x2b,0x4d,0x21,0x0c,0xff,0x11,0x33,0x7d,0x01,
	0x05,0x00,0xed,0xb0,0xc9,0x3a,0x9b,0x7c,0xcb,0x47,0xc9,0x21,
	0x43,0x4d,0x11,0x3e,0x7d,0x01,0x11,0x00,0xed,0xb0,0xc9,0xcd,
	0x43,0x7d,0xfb,0xc9,0xfd,0xe5,0xfd,0x2a,0xc0,0xfc,0xcd,0x1c,
	0x00,0xfd,0xe1,0xc9,0x3a,0xb6,0x7c,0xcb,0x7f,0xc8,0x3a,0xaf,
	0xfc,0xfe,0x02,0x38,0x07,0xfd,0x21,0x9a,0x8b,0xc3,0x3c,0x44,
	0xcd,0xa5,0x4d,0x2a,0xdc,0xf3,0xe5,0xcd,0x35,0x4e,0x21,0x18,
	0x01,0x22,0xdc,0xf3,0xcd,0x91,0x4f,0x2a,0xb7,0x7c,0xcd,0xae,
	0x4d,0x0b,0x3a,0xef,0x7c,0xb7,0x28,0x03,0x0b,0x0b,0x0b,0xb7,
	0xed,0x42,0x30,0x04,0xed,0x4b,0xb7,0x7c,0x2a,0x82,0x7c,0xcd,
	0xc6,0x4f,0xe1,0x22,0xdc,0xf3,0xf3,0x3e,0x01,0x32,0xb9,0x7c,
	0xc9,0x3a,0xb6,0x7c,0xcb,0xbf,0x32,0xb6,0x7c,0xc9,0x3a,0xb0,
	0xf3,0x4f,0x06,0x00,0xc9,0xf3,0x7c,0xe6,0xc0,0x07,0x07,0x47,
	0x18,0x1a,0x21,0x67,0x7d,0x01,0x00,0x08,0xf3,0xc5,0x46,0xcd,
	0xda,0x4d,0xc1,0x23,0x0c,0x10,0xf5,0xfd,0x21,0x49,0x8c,0xcd,
	0x3c,0x44,0x06,0x00,0x0e,0x0e,0x78,0xf3,0xd3,0x99,0x79,0xf6,
	0x80,0xd3,0x99,0xc9,0xf3,0x7d,0xd3,0x99,0x7c,0xe6,0x3f,0xf6,
	0x40,0xd3,0x99,0xc9,0xf3,0x7d,0xd3,0x99,0x7c,0xe6,0x3f,0xd3,
	0x99,0xc9,0xcd,0xf0,0x4d,0xe3,0xe3,0xdb,0x98,0x12,0x13,0x0b,
	0x79,0xb0,0x20,0xf7,0xc9,0x3a,0xb9,0x7c,0xb7,0xc8,0x2a,0xfa,
	0xf3,0xed,0x5b,0xf8,0xf3,0xb7,0xed,0x52,0xc8,0xaf,0x32,0xb9,
	0x7c,0xed,0x5b,0xa1,0x7d,0x21,0xa3,0x7d,0xcd,0xae,0x4d,0xeb,
	0xcd,0xe4,0x4d,0x1a,0xd3,0x98,0x13,0x0b,0x79,0xb0,0x20,0xf7,
	0xc9,0x21,0x18,0x01,0x22,0xdc,0xf3,0xcd,0x5c,0x49,0xe5,0x3a,
	0xb9,0x7c,0xb7,0x20,0x0c,0x22,0xa1,0x7d,0x11,0xa3,0x7d,0xcd,
	0xae,0x4d,0xcd,0xfa,0x4d,0xe1,0x3a,0xb0,0xf3,0x47,0x3e,0x20,
	0xf5,0xcd,0xe4,0x4d,0xf1,0xd3,0x98,0x10,0xfc,0xc9,0xe5,0xf5,
	0x3a,0xa9,0x7c,0xe6,0x07,0x28,0x7b,0xcb,0x47,0x28,0x26,0x3a,
	0xac,0x7c,0xb7,0x28,0x1d,0x2a,0xaa,0x7c,0x2b,0x22,0xaa,0x7c,
	0x7c,0xb5,0x20,0x12,0xaf,0x32,0xac,0x7c,0x21,0x00,0x00,0x22,
	0xaa,0x7c,0x3a,0xa9,0x7c,0xcb,0x87,0x32,0xa9,0x7c,0x3a,0xa9,
	0x7c,0xcb,0x4f,0x28,0x26,0x3a,0xaf,0x7c,0xb7,0x28,0x1d,0x2a,
	0xad,0x7c,0x2b,0x22,0xad,0x7c,0x7c,0xb5,0x20,0x12,0xaf,0x32,
	0xaf,0x7c,0x21,0x00,0x00,0x22,0xad,0x7c,0x3a,0xa9,0x7c,0xcb,
	0x8f,0x32,0xa9,0x7c,0x3a,0xa9,0x7c,0xcb,0x57,0x28,0x23,0x3a,
	0xb2,0x7c,0xb7,0x28,0x1d,0x2a,0xb0,0x7c,0x2b,0x22,0xb0,0x7c,
	0x7c,0xb5,0x20,0x12,0xaf,0x32,0xb2,0x7c,0x21,0x00,0x00,0x22,
	0xb0,0x7c,0x3a,0xa9,0x7c,0xcb,0x97,0x32,0xa9,0x7c,0xf1,0xe1,
	0x11,0xcc,0x5b,0xd5,0xc3,0x24,0x7d,0x21,0xf0,0xfb,0x22,0xf8,
	0xf3,0x22,0xfa,0xf3,0xc9,0xf5,0xcd,0x31,0x4d,0x28,0x13,0x3e,
	0x03,0x32,0x9b,0xfc,0xcd,0xef,0x4e,0x36,0x03,0x23,0x22,0xf8,
	0xf3,0x3e,0x02,0x32,0x56,0x7d,0xf1,0xc9,0xcd,0xae,0xfd,0x3a,
	0xaf,0xfc,0xfe,0x02,0xd0,0x2a,0xdc,0xf3,0x3a,0xcc,0xfb,0x4f,
	0xe5,0xcd,0x5c,0x49,0xcd,0x42,0x4f,0xfd,0x21,0xf0,0x83,0xcd,
	0x3c,0x44,0x79,0xd3,0x98,0xcd,0x3a,0x4f,0xe1,0xc9,0xf5,0x3a,
	0x02,0xfb,0xe6,0x7f,0x18,0x06,0xf5,0x3a,0x02,0xfb,0xf6,0x80,
	0x32,0x02,0xfb,0xf1,0xc9,0xcd,0x31,0x4d,0xc8,0x3a,0x9d,0x7c,
	0xb7,0xc0,0xfd,0x21,0x5a,0x8b,0xc3,0x3c,0x44,0x3a,0xdd,0xf3,
	0x3d,0xc8,0x3e,0x0d,0xcd,0x69,0x4f,0x3e,0x0a,0xdd,0xe5,0xf5,
	0x3a,0x9b,0x7c,0xcb,0x57,0x20,0x07,0xf1,0xcd,0x3b,0x43,0xdd,
	0xe1,0xc9,0xe5,0x2a,0xdc,0xf3,0xe5,0xcd,0x5c,0x49,0xcd,0xe4,
	0x4d,0xd1,0xe1,0xf1,0xd3,0x98,0x14,0xed,0x53,0xdc,0xf3,0x18,
	0xe6,0x3a,0xef,0x7c,0x4f,0xb7,0xc8,0xfe,0x0a,0x38,0x0c,0x3e,
	0x31,0xcd,0x69,0x4f,0x79,0xd6,0x0a,0xf6,0x30,0x18,0x06,0xcd,
	0xb7,0x4f,0x79,0xf6,0x30,0xcd,0x69,0x4f,0x3e,0x3a,0x18,0xb5,
	0xcd,0x69,0x4f,0x3e,0x20,0x18,0xae,0xcd,0x31,0x4d,0xc8,0xfd,
	0x21,0x16,0x8b,0xc3,0x3c,0x44,0x7e,0x23,0xcd,0x69,0x4f,0x0b,
	0x78,0xb1,0x20,0xf6,0xc9,0x21,0xa5,0x7c,0x06,0x49,0xcd,0xe6,
	0x4f,0x21,0x9e,0x7c,0x06,0x07,0xcd,0xe6,0x4f,0x21,0xee,0x7c,
	0x06,0x12,0xaf,0x77,0x23,0x10,0xfc,0xc9,0x21,0x8e,0x7c,0x06,
	0x03,0x18,0xf3,0xed,0x4b,0x14,0x7d,0xc5,0x3e,0x15,0x32,0x1a,
	0x7d,0x3e,0xff,0x32,0x02,0x7d,0x32,0x03,0x7d,0xcd,0x0b,0x5b,
	0xed,0x4b,0x14,0x7d,0x79,0x2f,0x4f,0x78,0x2f,0x47,0xed,0x43,
	0x02,0x7d,0xc1,0xed,0x43,0x14,0x7d,0xc9,0xcd,0xee,0x51,0x3a,
	0x9d,0x7c,0xb7,0x3a,0x78,0x7c,0x20,0x05,0xb7,0x20,0x02,0x3e,
	0x7f,0x32,0xa0,0x7c,0xc9,0x3a,0xef,0x7c,0x18,0xf7,0x3a,0x9d,
	0x7c,0xb7,0xc0,0x3a,0xa0,0x7c,0xfe,0x7f,0xc8,0xb7,0xc9,0x3a,
	0x9d,0x7c,0xb7,0xc9,0x3a,0x9c,0x7c,0xb7,0xc9,0x3a,0xf0,0x7c,
	0xfe,0x7f,0xc9,0x3a,0xa5,0x7c,0xcb,0xbf,0xcb,0x87,0xcb,0xa7,
	0x32,0xa5,0x7c,0xc9,0x3a,0x78,0x7c,0x47,0xfe,0x10,0xd2,0xd8,
	0x50,0xb7,0x20,0x05,0x21,0xff,0xff,0x18,0x0c,0xcd,0x58,0x4b,
	0x2a,0xba,0x7c,0x7d,0xb3,0x6f,0x7c,0xb2,0x67,0x22,0xba,0x7c,
	0xb7,0xc9,0xd5,0xcd,0x58,0x4b,0x2a,0xbc,0x7c,0x7d,0xb3,0x6f,
	0x7c,0xb2,0x67,0x22,0xbc,0x7c,0xd1,0xc9,0x2a,0xba,0x7c,0x22,
	0xbc,0x7c,0xc9,0xc5,0xe5,0x04,0x2a,0xba,0x7c,0xcd,0x51,0x4b,
	0xe1,0xc1,0xc9,0xc5,0xe5,0xd5,0x04,0x2a,0xbc,0x7c,0xcd,0x51,
	0x4b,0xd1,0xe1,0xc1,0xc9,0x3a,0x78,0x7c,0x47,0xfe,0x10,0x30,
	0x1b,0xb7,0x20,0x05,0x21,0x00,0x00,0x18,0x0e,0xcd,0x58,0x4b,
	0x2a,0xba,0x7c,0x7b,0x2f,0xa5,0x6f,0x7a,0x2f,0xa4,0x67,0x22,
	0xba,0x7c,0xb7,0xc9,0x37,0xc9,0xf3,0xcd,0xde,0x44,0x18,0x04,
	0xf3,0xcd,0xc3,0x44,0xcd,0x53,0x50,0xcd,0xd9,0x4f,0xcd,0xc6,
	0x5b,0x3a,0xa8,0x7c,0xe6,0xf8,0x32,0xa8,0x7c,0xb7,0xfb,0xc9,
	0xcd,0x0f,0x52,0xcd,0xf3,0x4f,0xaf,0x32,0x1e,0x7d,0xc9,0xcd,
	0x0f,0x52,0x3e,0x40,0x32,0x1e,0x7d,0xb7,0xc9,0xaf,0xdd,0x21,
	0xc3,0x00,0xcd,0x3e,0x7d,0xf5,0x3a,0x9d,0x7c,0xfd,0x21,0xaa,
	0x84,0xcd,0x3c,0x44,0xf1,0xc9,0xdd,0xe5,0xcd,0x3e,0x51,0xfe,
	0x0a,0x38,0x0b,0x4f,0x3e,0x31,0xcd,0x3b,0x43,0x79,0xc6,0x26,
	0x18,0x02,0xf6,0x30,0xcd,0x3b,0x43,0xdd,0xe1,0xc9,0xf3,0xcd,
	0x62,0x46,0xe6,0x0f,0xfb,0xc9,0xcd,0x1c,0x50,0x3e,0x41,0x32,
	0x9f,0x7c,0x3e,0x06,0x32,0x1a,0x7d,0xcd,0x32,0x54,0x20,0x34,
	0xcd,0x50,0x43,0xcd,0x39,0x6a,0xda,0x59,0x52,0x2a,0xc2,0xf6,
	0x22,0xf2,0x7c,0xed,0x5b,0x76,0xf6,0x18,0x07,0x2a,0xf2,0x7c,
	0xed,0x5b,0xf7,0x7c,0xcd,0xe0,0x42,0xda,0x46,0x52,0xcd,0xfd,
	0x5a,0x28,0x06,0xcd,0xc7,0x51,0xda,0x46,0x52,0xcd,0xa6,0x53,
	0x28,0xe3,0x18,0x26,0xcd,0x14,0x54,0xcd,0x3c,0x54,0x21,0x01,
	0x00,0xcd,0x77,0x6b,0xc2,0x59,0x52,0xcd,0x39,0x6a,0xda,0x59,
	0x52,0x2a,0x8b,0x7c,0x7e,0x3c,0xc2,0x59,0x52,0x11,0x01,0x00,
	0xcd,0xac,0x53,0xda,0x46,0x52,0xcd,0x36,0x50,0x28,0x05,0xcd,
	0xee,0x5a,0x18,0x06,0xcd,0xfd,0x51,0xc2,0x46,0x52,0xcd,0x4b,
	0x69,0xaf,0xc9,0xcd,0x36,0x50,0x20,0x1d,0xc5,0xed,0x4b,0x02,
	0x7d,0x3a,0x15,0x7d,0x2f,0xa0,0x32,0x03,0x7d,0x47,0x3a,0x14,
	0x7d,0x2f,0xa1,0x32,0x02,0x7d,0xcb,0x87,0xb0,0xc1,0xc0,0x37,
	0xc9,0xcd,0x56,0x5b,0x37,0xc9,0xcd,0x43,0x50,0xc0,0xcd,0x0f,
	0x52,0xaf,0x32,0x14,0x7d,0x32,0x15,0x7d,0xc9,0xcd,0x43,0x50,
	0x28,0x02,0xaf,0xc9,0xc5,0xed,0x4b,0x14,0x7d,0x78,0xcb,0x87,
	0xb1,0xc1,0xc9,0x3a,0xb3,0x7c,0xb7,0x20,0xfa,0xf3,0x3a,0x1e,
	0x7d,0xcb,0x77,0x20,0x10,0x3a,0x1e,0x7d,0xcb,0x7f,0x28,0x06,
	0xfb,0x00,0x00,0xf3,0x18,0xf3,0xcd,0x2f,0x52,0xfb,0xc9,0x3a,
	0x1e,0x7d,0xcb,0xff,0x32,0x1e,0x7d,0xc9,0x3a,0x1e,0x7d,0xcb,
	0xf7,0x32,0x1e,0x7d,0x3e,0x01,0x32,0xa7,0x7c,0xc9,0xcd,0x44,
	0x47,0xaf,0x32,0xa5,0x7c,0xcd,0xd9,0x4f,0xcd,0xc6,0x5b,0xcd,
	0x43,0x50,0xcc,0xf3,0x4f,0xcd,0x4b,0x69,0x37,0xc9,0xcd,0x39,
	0x6a,0xd8,0xcd,0xee,0x51,0x3e,0x42,0x32,0x9f,0x7c,0x18,0x14,
	0xcd,0x39,0x6a,0xd8,0xcd,0xee,0x51,0x3a,0x79,0x7c,0xb7,0x3e,
	0x43,0x28,0x02,0x3e,0x45,0x32,0x9f,0x7c,0x3a,0x79,0x7c,0xb7,
	0xca,0x0e,0x53,0xcd,0x1f,0x50,0x3a,0x9f,0x7c,0xf5,0xcd,0x73,
	0x53,0x2a,0x7c,0x7c,0x22,0xfd,0x7c,0xcd,0x14,0x54,0xcd,0x3c,
	0x54,0x21,0x07,0x00,0xcd,0x77,0x6b,0x20,0x5f,0x2a,0x8b,0x7c,
	0x7e,0x3c,0x3c,0x20,0x57,0x23,0x5e,0x23,0x56,0x23,0x7e,0x23,
	0x66,0x6f,0xeb,0x3a,0x79,0x7c,0xfe,0xfe,0x30,0x03,0x2a,0x7a,
	0x7c,0xed,0x4b,0x7e,0x7c,0xe5,0xd5,0xeb,0xb7,0xed,0x42,0xd1,
	0xe1,0x38,0x02,0x50,0x59,0xe5,0xd5,0xeb,0xb7,0xed,0x52,0x11,
	0x07,0x00,0x19,0x30,0x03,0xcd,0x28,0x54,0x22,0xf9,0x7c,0xd1,
	0xe1,0xcd,0xe0,0x42,0x38,0x20,0xcd,0x02,0x5b,0x28,0x05,0xcd,
	0xc7,0x51,0x38,0x16,0xf1,0x32,0x9f,0x7c,0x11,0x07,0x00,0xcd,
	0xac,0x53,0xda,0x46,0x52,0xc3,0x6a,0x53,0xc1,0xdd,0xe1,0xc3,
	0x59,0x52,0xf1,0xc3,0x46,0x52,0xcd,0x1f,0x50,0x3a,0x9f,0x7c,
	0xf5,0xcd,0x7e,0x53,0xed,0x5b,0x7c,0x7c,0xed,0x53,0xa3,0x7c,
	0x2a,0x7e,0x7c,0x23,0x22,0xf2,0x7c,0x2b,0xcd,0xe0,0x42,0x38,
	0xdd,0xb7,0xed,0x52,0xed,0x5b,0x7a,0x7c,0x19,0xeb,0xcd,0x02,
	0x5b,0x28,0x05,0xcd,0xc7,0x51,0x38,0xca,0xf1,0x32,0x9f,0x7c,
	0xed,0x5b,0xa3,0x7c,0x18,0x04,0xed,0x5b,0xf7,0x7c,0x2a,0xf2,
	0x7c,0xcd,0xe0,0x42,0xda,0x46,0x52,0xcd,0xfd,0x5a,0x28,0x06,
	0xcd,0xc7,0x51,0xda,0x46,0x52,0xcd,0xa6,0x53,0x28,0xe3,0xcd,
	0xd6,0x4d,0xcd,0xfd,0x51,0xc2,0x46,0x52,0xc3,0xc2,0x51,0xfe,
	0x45,0x20,0x0b,0x3e,0x55,0x32,0x9f,0x7c,0x18,0x09,0xfe,0x43,
	0x28,0x10,0x3e,0x52,0x32,0x9f,0x7c,0x3e,0x06,0x32,0x1a,0x7d,
	0x3e,0x03,0x32,0x9e,0x7c,0xc9,0x3e,0x53,0x32,0x9f,0x7c,0xfd,
	0x21,0x8f,0x8c,0xcd,0x3c,0x44,0x18,0xe7,0x3a,0xf6,0x7c,0xfe,
	0x17,0xc9,0x3a,0x9e,0x7c,0xfe,0x17,0xc9,0x2a,0xf9,0x7c,0xb7,
	0xed,0x52,0x30,0x03,0xcd,0x21,0x54,0x22,0xf9,0x7c,0xcd,0x3c,
	0x54,0x2a,0xf9,0x7c,0xed,0x5b,0x21,0x7d,0xb7,0xed,0x52,0x28,
	0x02,0x30,0x0d,0xed,0x4b,0xfb,0x7c,0x78,0xb1,0x28,0x0f,0x0b,
	0xed,0x43,0xfb,0x7c,0x22,0xf9,0x7c,0x2a,0x21,0x7d,0x3e,0x17,
	0x18,0x05,0x2a,0xf9,0x7c,0x3e,0x03,0x22,0xa1,0x7c,0x32,0x9e,
	0x7c,0xcd,0x77,0x6b,0xc2,0xd8,0x50,0xcd,0xe0,0x42,0xd8,0xcd,
	0x02,0x5b,0x28,0x04,0xcd,0xc7,0x51,0xd8,0xcd,0xa6,0x53,0x28,
	0xb8,0xb7,0xc9,0x2a,0xfd,0x7c,0x11,0x0e,0x00,0x19,0x36,0x01,
	0x23,0x36,0x00,0xc9,0xcd,0x07,0x54,0x23,0x11,0xf9,0x7c,0x01,
	0x04,0x00,0xed,0xb0,0xc9,0xed,0x5b,0xfb,0x7c,0x1b,0x18,0x05,
	0xed,0x5b,0xfb,0x7c,0x13,0xed,0x53,0xfb,0x7c,0xc9,0x2a,0x79,
	0x7c,0x22,0xfd,0x7c,0x23,0x7c,0xb5,0xc9,0x11,0x78,0x7e,0xed,
	0x53,0x8b,0x7c,0xed,0x53,0xa3,0x7c,0x0e,0x1a,0xc3,0x85,0x6b,
	0xcd,0x1c,0x50,0x3e,0x62,0x32,0x9f,0x7c,0xcd,0x8c,0x53,0x3e,
	0x4b,0x32,0x1a,0x7d,0xcd,0x39,0x6a,0xd8,0xcd,0x32,0x54,0x20,
	0x4f,0x2a,0x76,0xf6,0x22,0xf7,0x7c,0xcd,0xe0,0x42,0x38,0x2b,
	0xcd,0xd1,0x58,0xcd,0x04,0x45,0x20,0x20,0xcd,0xe0,0x42,0x38,
	0x1e,0xcd,0x03,0x69,0xcd,0xa0,0x53,0x28,0xee,0xcd,0x4b,0x69,
	0x2a,0xf7,0x7c,0x23,0x22,0xc2,0xf6,0xed,0x5b,0x76,0xf6,0xcd,
	0x42,0x43,0x18,0x13,0xcd,0x56,0x5b,0xcd,0x46,0x52,0x3a,0xa5,
	0x7c,0xcb,0xef,0xcb,0xf7,0x32,0xa5,0x7c,0xcd,0x76,0x5b,0xcd,
	0x31,0x68,0x11,0x1f,0x41,0xc3,0x8c,0x68,0xcd,0xd1,0x54,0x36,
	0xff,0x21,0x01,0x00,0xcd,0x7f,0x6b,0xc2,0x59,0x52,0xcd,0x3c,
	0x54,0xcd,0xe0,0x42,0xda,0x46,0x52,0xcd,0xd1,0x58,0xc3,0x9d,
	0x55,0xcd,0x07,0x54,0xcd,0x3c,0x54,0xc3,0xcd,0x55,0xcd,0xee,
	0x51,0x3e,0x57,0x32,0x9f,0x7c,0x3e,0x4c,0x32,0x1a,0x7d,0x18,
	0x1f,0xcd,0xee,0x51,0x3a,0x79,0x7c,0xb7,0x28,0x0c,0x3e,0x5b,
	0x32,0x9f,0x7c,0x3e,0x4e,0x32,0x1a,0x7d,0x18,0x0a,0x3e,0x58,
	0x32,0x9f,0x7c,0x3e,0x54,0x32,0x1a,0x7d,0xcd,0x1f,0x50,0xcd,
	0x8c,0x53,0xcd,0x39,0x6a,0xd8,0x3a,0x79,0x7c,0xb7,0x28,0x39,
	0x2a,0x7c,0x7c,0x22,0xfd,0x7c,0xcd,0xd1,0x54,0x36,0xfe,0x23,
	0xed,0x4b,0x7a,0x7c,0xed,0x5b,0x7e,0x7c,0x71,0x23,0x70,0x23,
	0x73,0x23,0x72,0x23,0x71,0x23,0x70,0x21,0x07,0x00,0xcd,0x7f,
	0x6b,0xc2,0x59,0x52,0xcd,0x3c,0x54,0xcd,0x49,0x55,0xc3,0xc5,
	0x54,0x2a,0x7a,0x7c,0xed,0x5b,0x7e,0x7c,0xc9,0xcd,0x49,0x55,
	0xcd,0xe0,0x42,0xda,0x46,0x52,0xcd,0xd1,0x58,0x3a,0x9f,0x7c,
	0xfe,0x58,0x20,0x1f,0xcd,0x04,0x45,0xc2,0x16,0x56,0xcd,0xe0,
	0x42,0xda,0x46,0x52,0x3a,0xf6,0x7c,0xfe,0x03,0xc2,0x16,0x56,
	0xcd,0xbe,0x4d,0xcd,0x03,0x69,0x3e,0x4d,0x32,0x1a,0x7d,0xcd,
	0x04,0x45,0xc2,0x16,0x56,0xcd,0xe0,0x42,0xda,0x46,0x52,0xcd,
	0x03,0x69,0xcd,0xa0,0x53,0x28,0xec,0xcd,0xd6,0x4d,0xc3,0xc2,
	0x51,0xcd,0xcd,0x55,0xcd,0x04,0x45,0xc2,0x16,0x56,0x2a,0xf9,
	0x7c,0xcd,0x7f,0x6b,0xc2,0x46,0x52,0xcd,0xcd,0x55,0xcd,0xe0,
	0x42,0xda,0x46,0x52,0xcd,0xa0,0x53,0x20,0x05,0xcd,0x03,0x69,
	0x18,0xde,0x3a,0xf1,0x7c,0xfe,0x4b,0xc4,0x03,0x69,0xc3,0xc2,
	0x51,0x2a,0x8b,0x7c,0x22,0xf7,0x7c,0xc9,0xcd,0xee,0x51,0x3e,
	0x46,0x32,0x9f,0x7c,0xcd,0x1f,0x50,0xcd,0x87,0x53,0x2a,0x79,
	0x7c,0x22,0xa3,0x7c,0x2a,0x7b,0x7c,0xed,0x5b,0x21,0x7d,0xb7,
	0xed,0x52,0x30,0x04,0xed,0x5b,0x7b,0x7c,0xed,0x53,0xa1,0x7c,
	0xcd,0xe0,0x42,0xda,0x46,0x52,0xcd,0x02,0x5b,0x20,0x09,0xcd,
	0x36,0x50,0xc4,0xee,0x5a,0xc3,0xc2,0x51,0xcd,0x36,0x50,0xca,
	0x46,0x52,0xcd,0x56,0x5b,0xc3,0x46,0x52,0xcd,0x43,0x50,0x5f,
	0x28,0x0e,0x3a,0x78,0x7c,0xb7,0x28,0x0b,0xbb,0x28,0x05,0xcd,
	0x39,0x6a,0x30,0x08,0x3e,0xff,0xc9,0xcd,0x43,0x6a,0x38,0xf8,
	0xcd,0x1f,0x50,0xcd,0x87,0x53,0x3e,0x46,0x32,0x9f,0x7c,0x2a,
	0x79,0x7c,0xed,0x5b,0x7b,0x7c,0xed,0x53,0xa1,0x7c,0x22,0xa3,
	0x7c,0xcd,0xe0,0x42,0x38,0xda,0xcd,0xd1,0x58,0xcd,0x04,0x45,
	0x20,0xd2,0xcd,0xa6,0x67,0xaf,0xc9,0x3a,0xa7,0x7c,0xcb,0xff,
	0x32,0xa7,0x7c,0xc9,0x3a,0xa7,0x7c,0xcb,0xbf,0x32,0xa7,0x7c,
	0xc9,0xcd,0x1c,0x50,0x3e,0x49,0x32,0x9f,0x7c,0xcd,0x87,0x53,
	0x2a,0x84,0x7c,0xe5,0xed,0x5b,0x1f,0x7d,0x19,0x22,0xf2,0x7c,
	0xd1,0xed,0x53,0xa3,0x7c,0x18,0x09,0x3e,0x4a,0x32,0x9f,0x7c,
	0xed,0x5b,0xf7,0x7c,0x2a,0xf2,0x7c,0xcd,0xe0,0x42,0xda,0x46,
	0x52,0xcd,0xfd,0x5a,0x28,0x06,0xcd,0xc7,0x51,0xda,0x46,0x52,
	0xcd,0xa6,0x53,0x28,0xde,0xcd,0xfd,0x51,0xc2,0x46,0x52,0xc3,
	0xc2,0x51,0xcd,0x1c,0x50,0x3e,0x64,0x32,0x9f,0x7c,0x3e,0x51,
	0x32,0x1a,0x7d,0xcd,0x8c,0x53,0x2a,0x86,0x7c,0x22,0xf7,0x7c,
	0xaf,0x32,0x18,0x7d,0x32,0x19,0x7d,0xcd,0xe0,0x42,0xda,0x46,
	0x52,0xcd,0xd1,0x58,0xcd,0xe0,0x42,0xda,0x46,0x52,0xcd,0x04,
	0x45,0xc2,0x16,0x56,0xcd,0xe0,0x42,0xda,0x46,0x52,0x2a,0xf2,
	0x7c,0xed,0x5b,0x18,0x7d,0x19,0x22,0x18,0x7d,0xcd,0x03,0x69,
	0xcd,0xa0,0x53,0x28,0xe1,0xc3,0xc2,0x51,0x3a,0x7c,0x7c,0xfe,
	0x02,0x20,0x0b,0x2a,0x79,0x7c,0x3a,0x7b,0x7c,0x77,0xb7,0xc9,
	0x37,0xc9,0xb7,0x28,0x04,0xfe,0x01,0x20,0xf7,0xcd,0x43,0x50,
	0x20,0xf2,0xcd,0x1c,0x50,0x3a,0x7c,0x7c,0xb7,0x3e,0x5c,0x28,
	0x02,0x3e,0x5d,0x32,0x9f,0x7c,0xcd,0x87,0x53,0xcd,0xe0,0x42,
	0xda,0x46,0x52,0x2a,0x79,0x7c,0x3a,0x7b,0x7c,0x47,0xcd,0x02,
	0x5b,0xc2,0x10,0x56,0xc3,0xc2,0x51,0x3a,0x7c,0x7c,0xfe,0x02,
	0x20,0x08,0x2a,0x79,0x7c,0x7e,0xb7,0xc9,0x37,0xc9,0xb7,0x28,
	0x04,0xfe,0x01,0x20,0xf7,0xcd,0x43,0x50,0x20,0xf2,0xcd,0x1c,
	0x50,0x3a,0x7c,0x7c,0xb7,0x3e,0x5f,0x28,0x02,0x3e,0x60,0x32,
	0x9f,0x7c,0x3e,0x61,0x32,0x1a,0x7d,0xcd,0x8c,0x53,0xcd,0xe0,
	0x42,0xda,0x46,0x52,0x2a,0x79,0x7c,0xcd,0xd1,0x58,0xcd,0xe0,
	0x42,0xda,0x46,0x52,0xcd,0x04,0x45,0xc2,0x16,0x56,0x06,0x01,
	0xcd,0xf0,0x5a,0xcd,0xe0,0x42,0xda,0x46,0x52,0xcd,0xc2,0x51,
	0x3a,0xf8,0x7c,0xc9,0xcd,0x43,0x50,0xc2,0xd8,0x50,0xcd,0xee,
	0x51,0x3e,0x48,0x32,0x9f,0x7c,0xc3,0xdc,0x55,0xcd,0xee,0x51,
	0x3e,0x5e,0x32,0x9f,0x7c,0x2a,0x79,0x7c,0x18,0x08,0xcd,0xee,
	0x51,0x3e,0x65,0x32,0x9f,0x7c,0xcd,0x1f,0x50,0xcd,0x87,0x53,
	0xcd,0xe0,0x42,0xda,0x46,0x52,0xcd,0x02,0x5b,0xc2,0x10,0x56,
	0xcd,0x36,0x50,0xc4,0xee,0x5a,0xc3,0xc2,0x51,0xf3,0x2a,0x02,
	0x7d,0x7c,0x2f,0xcb,0x3f,0x67,0x7d,0x2f,0x1f,0x6f,0xed,0x5b,
	0xba,0x7c,0x7a,0x2f,0xcb,0x3f,0x57,0x7b,0x2f,0x1f,0x5f,0xb7,
	0xfb,0xc9,0xf3,0x3a,0x9b,0x7c,0xe6,0x0f,0x28,0x62,0xcd,0xc3,
	0x44,0x1e,0x00,0xcd,0x30,0x47,0xfd,0x21,0x9a,0xfd,0x01,0xb3,
	0x47,0xcd,0x7b,0x58,0x20,0x4e,0xfd,0x21,0x3e,0xff,0x01,0xce,
	0x49,0xcd,0x7b,0x58,0x20,0x42,0xfd,0x21,0x07,0xff,0x01,0x02,
	0x49,0xcd,0x7b,0x58,0x20,0x36,0xfd,0x21,0x0c,0xff,0x01,0x91,
	0x49,0xcd,0x7b,0x58,0x20,0x2a,0x21,0x24,0x7d,0x11,0x9a,0xfd,
	0xcd,0x2b,0x4d,0x21,0x29,0x7d,0x11,0x3e,0xff,0xcd,0x2b,0x4d,
	0x21,0x2e,0x7d,0x11,0x07,0xff,0xcd,0x2b,0x4d,0x21,0x33,0x7d,
	0x11,0x0c,0xff,0xcd,0x2b,0x4d,0xaf,0x32,0x9b,0x7c,0xfb,0xc9,
	0x37,0xfb,0xc9,0x3a,0x23,0x7d,0xfd,0xbe,0x01,0xc0,0x79,0xfd,
	0xbe,0x02,0xc0,0x78,0xfd,0xbe,0x03,0xc9,0x21,0x20,0xfb,0xcb,
	0x46,0xc8,0xaf,0x11,0x01,0x08,0xcd,0xca,0xff,0xb7,0xc9,0xed,
	0x53,0xa3,0x7c,0x7d,0xb4,0x28,0x1e,0xb7,0xed,0x52,0xd8,0xed,
	0x5b,0x21,0x7d,0x13,0xb7,0xed,0x52,0x38,0x17,0x1b,0xed,0x53,
	0xa1,0x7c,0x2a,0xa3,0x7c,0x19,0x22,0xf7,0x7c,0x3e,0x17,0x18,
	0x0d,0x2b,0xb7,0xed,0x52,0x23,0x18,0xdf,0x19,0x22,0xa1,0x7c,
	0x3e,0x03,0x32,0x9e,0x7c,0x3a,0x9f,0x7c,0xfe,0x05,0x28,0x12,
	0xfe,0x06,0x28,0x0e,0xfe,0x15,0x28,0x0a,0xfe,0x20,0xd8,0xfe,
	0x66,0xd2,0xd8,0x50,0x3e,0x01,0xf5,0x3e,0xf0,0xcd,0xef,0x44,
	0x3e,0x00,0xcd,0xef,0x44,0x3a,0xa0,0x7c,0xcd,0xef,0x44,0xf1,
	0xcd,0xef,0x44,0x3a,0x9d,0x7c,0xcd,0xef,0x44,0x3a,0x9f,0x7c,
	0xfe,0x41,0xca,0xb2,0x59,0x30,0x45,0xfe,0x20,0x30,0x41,0xfe,
	0x06,0x20,0x0e,0x3a,0x8e,0x7c,0xcd,0xcc,0x5a,0x2a,0x8f,0x7c,
	0xcd,0xc7,0x5a,0x18,0x1a,0xfe,0x15,0x20,0x08,0xf5,0x3a,0xa8,
	0x7c,0xcd,0xcc,0x5a,0xf1,0xfe,0x05,0x20,0x05,0x3a,0x9e,0x7c,
	0x18,0x07,0xfe,0x65,0xcc,0xee,0x5a,0x3e,0x03,0xf6,0x80,0xcd,
	0xef,0x44,0xb7,0xc9,0x3e,0xff,0xcd,0xcc,0x5a,0x3e,0xff,0xcd,
	0xcc,0x5a,0x18,0xeb,0xf5,0xcd,0xcc,0x5a,0xf1,0xfe,0x52,0x38,
	0x70,0xfe,0x62,0x28,0xe7,0x30,0xd7,0xfe,0x61,0x28,0x45,0xcd,
	0xc7,0x5a,0x3a,0x9f,0x7c,0xfe,0x5c,0x28,0x3b,0xfe,0x5d,0x28,
	0x37,0xfe,0x52,0x28,0x24,0xfe,0x53,0x28,0x26,0xfe,0x54,0x28,
	0x22,0xfe,0x55,0x28,0x18,0xfe,0x56,0x28,0x1a,0xfe,0x57,0x28,
	0x10,0xfe,0x58,0x28,0x0c,0xfe,0x59,0x28,0x08,0xfe,0x5a,0x28,
	0x04,0xfe,0x5b,0x20,0x9d,0xeb,0xcd,0xc7,0x5a,0x18,0x97,0xeb,
	0xcd,0xc7,0x5a,0xcd,0xd9,0x5a,0x18,0x8e,0x78,0xcd,0xcc,0x5a,
	0x18,0x88,0x3a,0xa5,0x7c,0xcb,0x57,0x28,0x07,0x3e,0x41,0xcd,
	0xcc,0x5a,0x18,0x0d,0x3e,0x40,0xcd,0xcc,0x5a,0x3a,0xa5,0x7c,
	0xcb,0xd7,0x32,0xa5,0x7c,0x2a,0xa1,0x7c,0xcd,0xc7,0x5a,0xeb,
	0x01,0x00,0x00,0x7a,0xb3,0x28,0x4b,0x2a,0xa3,0x7c,0x3a,0x9f,
	0x7c,0xfe,0x43,0x28,0x39,0xfe,0x44,0x28,0x3a,0xfe,0x45,0x28,
	0x2c,0xfe,0x4d,0x28,0x2d,0xfe,0x4e,0x28,0x29,0xfe,0x2d,0x28,
	0x2a,0xfe,0x2c,0x28,0x26,0xfe,0x42,0x28,0x12,0xfe,0x49,0x28,
	0x14,0xfe,0x4a,0x28,0x10,0xfe,0x51,0x28,0x0c,0xfe,0x46,0x30,
	0x12,0x18,0x06,0x3a,0x79,0x7c,0xb7,0x28,0x0a,0xcd,0x69,0x5a,
	0x18,0x08,0xcd,0x40,0x5a,0x18,0x03,0xcd,0x58,0x5a,0x60,0x69,
	0xcd,0xc7,0x5a,0x3a,0x9e,0x7c,0xfe,0x03,0xc2,0x41,0x59,0xf5,
	0x3a,0xa5,0x7c,0xcb,0x97,0x32,0xa5,0x7c,0xf1,0xc3,0x41,0x59,
	0xc5,0xcd,0xb5,0x4d,0xc1,0xcd,0xf0,0x4d,0xe3,0xe3,0xdb,0x98,
	0xcd,0xe6,0x5a,0xcd,0xcc,0x5a,0x1b,0x7a,0xb3,0x20,0xf3,0xc9,
	0xcd,0x13,0x42,0x38,0x12,0xe5,0xd5,0xb7,0x11,0x00,0x40,0xed,
	0x52,0xd1,0xe1,0x38,0x0c,0xcd,0xb1,0x5a,0x20,0xfb,0xc9,0xcd,
	0x7b,0x5a,0x38,0xf5,0xc9,0xcd,0x9a,0x5a,0x38,0xf5,0xc9,0xfd,
	0x21,0x40,0x89,0xdd,0x21,0xe6,0x89,0xd5,0xeb,0xb7,0x21,0x00,
	0x80,0xed,0x52,0xeb,0xd1,0xca,0xd8,0x50,0xcd,0x3c,0x44,0xcd,
	0xb2,0x5a,0x20,0xeb,0xb7,0xc9,0xd5,0xeb,0xb7,0x21,0x00,0x40,
	0xed,0x52,0xeb,0xd1,0xca,0xd8,0x50,0xcd,0x8a,0x44,0xcd,0xb2,
	0x5a,0x20,0xeb,0xb7,0xc9,0x7e,0xcd,0xe6,0x5a,0xf5,0xe6,0x80,
	0x07,0xcd,0xef,0x44,0xf1,0xe6,0x7f,0xcd,0xef,0x44,0x23,0x1b,
	0x7a,0xb3,0xc9,0x7c,0xcd,0xcc,0x5a,0x7d,0xf5,0xe6,0x80,0x07,
	0xcd,0xef,0x44,0xf1,0xe6,0x7f,0xc3,0xef,0x44,0x06,0x28,0x21,
	0x67,0x7d,0x7e,0xcd,0xcc,0x5a,0x23,0x10,0xf9,0xc9,0xf5,0x81,
	0x4f,0x30,0x01,0x04,0xf1,0xc9,0x06,0x0a,0xf5,0xcd,0x6e,0x45,
	0xcd,0xd0,0x45,0x30,0xfb,0x10,0xf6,0xf1,0xc9,0xcd,0x9b,0x58,
	0x18,0x03,0xcd,0xd1,0x58,0xcd,0x36,0x50,0xc2,0x04,0x45,0xcd,
	0xf5,0x51,0x06,0x01,0xcd,0xf0,0x5a,0xed,0x4b,0x9e,0x7c,0x3a,
	0xa0,0x7c,0xc5,0xf5,0xaf,0x32,0xa0,0x7c,0x3a,0xa0,0x7c,0x3c,
	0xcb,0x67,0x20,0x1e,0x32,0xa0,0x7c,0x47,0xcd,0x6a,0x5b,0x30,
	0xef,0x3e,0x05,0x32,0x9f,0x7c,0xcd,0x8c,0x53,0xcd,0xd1,0x58,
	0xcd,0x09,0x45,0x28,0xdf,0xcd,0x56,0x5b,0x18,0xda,0xf1,0x32,
	0xa0,0x7c,0xc1,0xed,0x43,0x9e,0x7c,0xed,0x4b,0x14,0x7d,0x79,
	0xb0,0xc9,0x3a,0xa0,0x7c,0x47,0xcd,0x58,0x4b,0x2a,0x14,0x7d,
	0x7d,0xb3,0x6f,0x7c,0xb2,0x67,0x22,0x14,0x7d,0xc9,0xc5,0xe5,
	0x04,0x2a,0x02,0x7d,0xcd,0x51,0x4b,0xe1,0xc1,0xc9,0x2a,0x76,
	0xf6,0xaf,0x77,0x23,0x77,0x23,0x77,0x22,0xc2,0xf6,0xc9,0x3a,
	0xa8,0x7c,0xcb,0x97,0x18,0x05,0x3a,0xa8,0x7c,0xcb,0xd7,0x32,
	0xa8,0x7c,0xc9,0x3a,0xa8,0x7c,0xcb,0xf7,0x32,0xa8,0x7c,0xc9,
	0x32,0xee,0x7c,0xfe,0x01,0x28,0x11,0xfe,0x06,0x28,0x04,0xfe,
	0x15,0x20,0x0d,0xf5,0x3a,0x1a,0x7d,0x5f,0xf1,0xbb,0x20,0x04,
	0x21,0xde,0x5b,0xc9,0x21,0x00,0x00,0xc9,0x3a,0xa8,0x7c,0xcb,
	0xd7,0xcb,0xc7,0x32,0xa8,0x7c,0x21,0x00,0x00,0x22,0x00,0x7d,
	0xc9,0x21,0x54,0x63,0x18,0xf7,0x21,0xcf,0x5e,0x18,0xf2,0xcd,
	0x28,0x68,0x21,0x17,0x5c,0xc9,0x32,0xef,0x7c,0xfe,0x01,0xda,
	0xbc,0x5b,0xfe,0x10,0xd2,0xbc,0x5b,0xe6,0x0f,0x32,0xef,0x7c,
	0x47,0x7a,0xb7,0x28,0x1c,0x3a,0xee,0x7c,0xfe,0x01,0x28,0x08,
	0xcd,0xa7,0x50,0xd2,0xbc,0x5b,0x18,0x0d,0xcd,0x9b,0x50,0xd2,
	0xbc,0x5b,0xcd,0x94,0x50,0x42,0xcd,0x82,0x50,0x21,0x21,0x5c,
	0xc3,0xc9,0x5b,0xfe,0x7f,0xca,0xb8,0x5b,0x57,0x21,0x9c,0x5b,
	0xc9,0x32,0xf1,0x7c,0x47,0x3a,0xee,0x7c,0xfe,0x06,0x28,0x4b,
	0xfe,0x15,0x28,0x60,0x78,0xfe,0x20,0xda,0xbc,0x5b,0xfe,0x66,
	0xd2,0xbc,0x5b,0x3a,0xb3,0x7c,0xb7,0x78,0x20,0x00,0xcd,0x48,
	0x50,0x78,0x28,0x0b,0x21,0x16,0x60,0x0e,0x06,0xcd,0x1c,0x60,
	0xd2,0xbc,0x5b,0x3a,0xf1,0x7c,0xfe,0x48,0x28,0x3b,0xfe,0x40,
	0x28,0x3e,0xfe,0x52,0x38,0x4c,0xfe,0x62,0x38,0x4d,0x28,0x68,
	0xfe,0x63,0x28,0x14,0xfe,0x64,0x28,0x20,0xfe,0x65,0x28,0x14,
	0xc3,0xbc,0x5b,0x78,0x32,0x8e,0x7c,0x21,0xec,0x5c,0x18,0x69,
	0xcd,0x4d,0x50,0x20,0x0b,0xc3,0xbc,0x5b,0xcd,0x39,0x69,0x20,
	0x03,0xcd,0xf9,0x4e,0x21,0xcf,0x5e,0x18,0x54,0xcd,0x39,0x69,
	0x20,0x14,0x18,0x0f,0xcd,0x39,0x69,0x20,0x0d,0x3a,0xa5,0x7c,
	0xcb,0xff,0xcb,0xc7,0x32,0xa5,0x7c,0xcd,0xf9,0x4e,0x21,0x0c,
	0x5d,0x18,0x36,0x78,0xfe,0x5e,0x20,0x08,0xcd,0x39,0x69,0xcc,
	0xf9,0x4e,0x18,0x0b,0xcd,0x24,0x60,0x20,0x06,0xcd,0x4d,0x50,
	0xca,0xbc,0x5b,0x21,0x31,0x5e,0x18,0x19,0xcd,0x4d,0x50,0xca,
	0xbc,0x5b,0xcd,0x39,0x69,0x20,0x0b,0x3a,0xa5,0x7c,0xcb,0xc7,
	0x32,0xa5,0x7c,0xcd,0xf9,0x4e,0x21,0xfb,0x5c,0xc3,0xc9,0x5b,
	0x32,0x90,0x7c,0x21,0xf5,0x5c,0xc3,0xc9,0x5b,0x32,0x8f,0x7c,
	0xc3,0xd2,0x5b,0x3c,0xc2,0xbc,0x5b,0x21,0x05,0x5d,0xc3,0xc9,
	0x5b,0x3c,0xc2,0xbc,0x5b,0xc3,0xd2,0x5b,0x32,0xf3,0x7c,0x32,
	0x1c,0x7d,0x21,0x18,0x5d,0xc3,0xc9,0x5b,0x32,0xf2,0x7c,0x32,
	0x1b,0x7d,0xcd,0x2f,0x69,0xf5,0x3a,0xf3,0x7c,0x5f,0xf1,0xb3,
	0xca,0x2b,0x5e,0x3a,0xf1,0x7c,0xfe,0x2d,0xca,0xb5,0x5d,0xfe,
	0x3d,0xca,0xb5,0x5d,0xfe,0x2c,0x28,0x30,0xfe,0x3c,0x28,0x32,
	0xfe,0x30,0x38,0x33,0xfe,0x40,0x38,0x35,0x28,0x65,0xfe,0x48,
	0x28,0x54,0xcd,0x2c,0x61,0x28,0x35,0xcd,0x41,0x61,0x28,0x3d,
	0xcd,0x20,0x61,0x28,0x36,0xcd,0x38,0x61,0x28,0x2b,0xfe,0x49,
	0xc2,0xbc,0x5b,0x2a,0x86,0x7c,0x18,0x24,0x3a,0xf0,0x7c,0xcd,
	0x27,0x6b,0x2a,0x8b,0x7c,0x18,0x19,0x3a,0xf0,0x7c,0xcd,0x0e,
	0x6b,0x2a,0x89,0x7c,0x2b,0x2b,0x2b,0xcd,0xf7,0x49,0x18,0x08,
	0xcd,0xf7,0x49,0x18,0x28,0x2a,0x82,0x7c,0x22,0xf7,0x7c,0x18,
	0x20,0xcd,0xf7,0x49,0xed,0x5b,0xf2,0x7c,0xed,0x53,0xf9,0x7c,
	0x18,0x13,0xcd,0x39,0x69,0x20,0x0e,0x2a,0x8b,0x7c,0x22,0xf7,
	0x7c,0x18,0x06,0xcd,0x39,0x69,0xcc,0x75,0x5f,0x21,0xbb,0x5d,
	0xc3,0xc9,0x5b,0x32,0x9e,0x7c,0xcd,0x24,0x69,0xcd,0xed,0x61,
	0x20,0x05,0xcd,0x48,0x50,0x20,0x55,0x2a,0xf7,0x7c,0xcd,0xfc,
	0x61,0x28,0x2f,0xcd,0x0b,0x62,0x28,0x32,0xfe,0x41,0x28,0x04,
	0xfe,0x40,0x20,0x3b,0x3a,0xa5,0x7c,0xcb,0x7f,0x28,0x39,0x3a,
	0x17,0x7d,0xb7,0x28,0x2e,0xfe,0x01,0x79,0x20,0x07,0x32,0x18,
	0x7d,0x3e,0x02,0x18,0x04,0x32,0x19,0x7d,0xaf,0x32,0x17,0x7d,
	0x18,0x1a,0xcd,0x11,0x62,0x79,0xd3,0x98,0x18,0x12,0xcd,0x39,
	0x69,0x20,0x0d,0x3a,0xa5,0x7c,0xcb,0x7f,0x28,0x06,0xcd,0x98,
	0x62,0x38,0x01,0x71,0x23,0x22,0xf7,0x7c,0xcd,0xa5,0x5f,0x28,
	0x06,0x21,0xbb,0x5d,0xc3,0xc9,0x5b,0x21,0xad,0x5e,0xc3,0xc9,
	0x5b,0x32,0xf8,0x7c,0x21,0x44,0x5e,0x3a,0xf1,0x7c,0xfe,0x61,
	0x20,0x03,0x21,0xcf,0x5e,0xc3,0xc9,0x5b,0x32,0xf7,0x7c,0x3a,
	0xf1,0x7c,0xfe,0x52,0x38,0x04,0xfe,0x5e,0x38,0x05,0x21,0xcf,
	0x5e,0x18,0x03,0x21,0x5d,0x5e,0xc3,0xc9,0x5b,0x32,0xf3,0x7c,
	0x3a,0xf1,0x7c,0xfe,0x5c,0x28,0x09,0xfe,0x5d,0x28,0x05,0x21,
	0x76,0x5e,0x18,0x03,0x21,0xcf,0x5e,0xc3,0xc9,0x5b,0x32,0xf2,
	0x7c,0x3a,0xf1,0x7c,0xfe,0x53,0x28,0x17,0xfe,0x54,0x28,0x13,
	0xfe,0x56,0x28,0x0f,0x21,0xcf,0x5e,0xfe,0x40,0x30,0x11,0xcd,
	0x2f,0x69,0x21,0xbb,0x5d,0x18,0x09,0x21,0x67,0x7d,0x22,0x8f,
	0x7d,0x21,0xa3,0x5e,0xc3,0xc9,0x5b,0xcd,0x96,0x5f,0xc0,0x21,
	0xcf,0x5e,0xc3,0xc9,0x5b,0x32,0x1c,0x7d,0x21,0xb6,0x5e,0xc3,
	0xc9,0x5b,0x32,0x1b,0x7d,0xed,0x5b,0x1b,0x7d,0x2a,0xf4,0x7c,
	0xb7,0xed,0x52,0xca,0xd2,0x5b,0xcd,0x93,0x5b,0xcd,0x28,0x68,
	0xc3,0xc6,0x5b,0xcb,0x7f,0xca,0xbc,0x5b,0xcb,0xbf,0x32,0xf6,
	0x7c,0x47,0x3a,0xee,0x7c,0xfe,0x01,0x28,0x17,0xcd,0xc6,0x5b,
	0x78,0xfe,0x03,0xc2,0xbc,0x5b,0x3a,0xee,0x7c,0xfe,0x06,0xca,
	0xef,0x67,0xfe,0x15,0x28,0x45,0x18,0x2c,0xcd,0x45,0x63,0x28,
	0x14,0xfe,0x40,0x38,0x1a,0xfe,0x46,0x38,0x0c,0xfe,0x49,0x38,
	0x12,0xfe,0x51,0x28,0x04,0xfe,0x4f,0x30,0x0a,0x78,0xfe,0x17,
	0x20,0x05,0xcd,0x8a,0x5b,0x18,0x09,0x78,0xfe,0x03,0xc2,0xbc,
	0x5b,0xcd,0x83,0x5b,0x3a,0xee,0x7c,0xfe,0x01,0xc2,0xc6,0x5b,
	0x11,0xfe,0x63,0xcd,0xe9,0x63,0xda,0xbc,0x5b,0xcd,0x28,0x68,
	0xc3,0xe1,0x63,0x3a,0xf1,0x7c,0xcb,0x7f,0x28,0x24,0x78,0xfe,
	0x03,0xc2,0xbc,0x5b,0x3a,0xa7,0x7c,0xb7,0xc0,0xf3,0xcd,0x38,
	0x52,0xcd,0x31,0x50,0x3a,0xa8,0x7c,0xcb,0xff,0x32,0xa8,0x7c,
	0xcd,0xc6,0x67,0xaf,0x32,0xa8,0x7c,0xc3,0xb8,0x45,0xf3,0xaf,
	0x32,0xa7,0x7c,0x3a,0x1e,0x7d,0xcb,0xb7,0x32,0x1e,0x7d,0x18,
	0xa6,0x2a,0x76,0xf6,0x22,0xf7,0x7c,0xaf,0x77,0x23,0x77,0x23,
	0x77,0x32,0x18,0x7d,0x32,0x19,0x7d,0x3e,0x01,0x32,0x17,0x7d,
	0x22,0xc2,0xf6,0x22,0xc4,0xf6,0x22,0xc6,0xf6,0xc9,0x2a,0x8f,
	0x7d,0x77,0x23,0x22,0x8f,0x7d,0x11,0x8f,0x7d,0xb7,0xed,0x52,
	0xc9,0x2a,0x1b,0x7d,0x2b,0x22,0x1b,0x7d,0x7c,0xb5,0xc9,0x21,
	0xfb,0x5f,0xc9,0x3a,0xa8,0x7c,0xcb,0xd7,0xcb,0xc7,0x32,0xa8,
	0x7c,0xc3,0xa6,0x48,0x32,0xee,0x7c,0xfe,0x01,0x28,0x0d,0xfe,
	0x05,0x28,0x09,0xfe,0x06,0x28,0x05,0xfe,0x15,0xc2,0xb8,0x5b,
	0x21,0xd8,0x5f,0xc9,0x32,0xef,0x7c,0xb7,0xda,0xb8,0x5b,0xfe,
	0x10,0xd2,0xb8,0x5b,0xe6,0x0f,0x32,0xef,0x7c,0x3a,0xee,0x7c,
	0xfe,0x05,0x20,0x05,0x21,0x54,0x63,0x18,0x03,0x21,0x30,0x60,
	0xc3,0xc9,0x5b,0x16,0x00,0xfe,0x7f,0x32,0xf0,0x7c,0x28,0x0e,
	0xb7,0xda,0xb8,0x5b,0xfe,0x10,0xd2,0xb8,0x5b,0xe6,0x0f,0x32,
	0xf0,0x7c,0x21,0xc0,0x5f,0xc9,0x40,0x41,0x48,0x5e,0x5f,0x62,
	0xbe,0xc8,0x23,0x0d,0x20,0xfa,0x37,0xc9,0xfe,0x57,0xc8,0xfe,
	0x58,0xc8,0xfe,0x59,0xc8,0xfe,0x5f,0xc9,0x32,0xf1,0x7c,0x47,
	0x3a,0xee,0x7c,0xfe,0x06,0x28,0x44,0xfe,0x15,0x28,0x59,0x78,
	0xfe,0x20,0xda,0xb3,0x5f,0xfe,0x66,0xd2,0xb3,0x5f,0xcd,0x48,
	0x50,0x78,0x28,0x0b,0x21,0x16,0x60,0x0e,0x06,0xcd,0x1c,0x60,
	0xd2,0xb3,0x5f,0x3a,0xf1,0x7c,0xfe,0x48,0x28,0x3b,0xfe,0x40,
	0x28,0x3e,0xfe,0x52,0x38,0x4c,0xfe,0x62,0x38,0x4d,0x28,0x68,
	0xfe,0x63,0x28,0x14,0xfe,0x64,0x28,0x20,0xfe,0x65,0x28,0x14,
	0xc3,0xb3,0x5f,0x78,0x32,0x8e,0x7c,0x21,0xf4,0x60,0x18,0x69,
	0xcd,0x4d,0x50,0x20,0x0b,0xc3,0xb3,0x5f,0xcd,0x39,0x69,0x20,
	0x03,0xcd,0xf9,0x4e,0x21,0x54,0x63,0x18,0x54,0xcd,0x39,0x69,
	0x20,0x14,0x18,0x0f,0xcd,0x39,0x69,0x20,0x0d,0x3a,0xa5,0x7c,
	0xcb,0xff,0xcb,0xc7,0x32,0xa5,0x7c,0xcd,0xf9,0x4e,0x21,0x14,
	0x61,0x18,0x36,0x78,0xfe,0x5e,0x20,0x08,0xcd,0x39,0x69,0xcc,
	0xf9,0x4e,0x18,0x0b,0xcd,0x24,0x60,0x20,0x06,0xcd,0x4d,0x50,
	0xca,0xb3,0x5f,0x21,0xad,0x62,0x18,0x19,0xcd,0x4d,0x50,0xca,
	0xb3,0x5f,0xcd,0x39,0x69,0x20,0x0b,0x3a,0xa5,0x7c,0xcb,0xc7,
	0x32,0xa5,0x7c,0xcd,0xf9,0x4e,0x21,0x03,0x61,0xc3,0xc9,0x5b,
	0x32,0x90,0x7c,0x21,0xfd,0x60,0xc3,0xc9,0x5b,0x32,0x8f,0x7c,
	0xc3,0xcd,0x5b,0x3c,0xc2,0xb3,0x5f,0x21,0x0d,0x61,0xc3,0xc9,
	0x5b,0x3c,0xc2,0xb3,0x5f,0xc3,0xcd,0x5b,0x32,0xf3,0x7c,0x32,
	0x1c,0x7d,0x21,0x4d,0x61,0xc3,0xc9,0x5b,0xfe,0x41,0xc8,0xfe,
	0x42,0xc8,0xfe,0x4f,0xc8,0xfe,0x4a,0xc9,0xfe,0x43,0xc8,0xfe,
	0x44,0xc8,0xfe,0x45,0xc8,0xfe,0x51,0xc9,0xfe,0x46,0xc8,0xfe,
	0x47,0xc8,0xfe,0x50,0xc9,0xfe,0x4b,0xc8,0xfe,0x4c,0xc8,0xfe,
	0x4d,0xc8,0xfe,0x4e,0xc9,0x32,0xf2,0x7c,0x32,0x1b,0x7d,0xcd,
	0x2f,0x69,0xf5,0x3a,0xf3,0x7c,0x5f,0xf1,0xb3,0xca,0x92,0x62,
	0x3a,0xf1,0x7c,0xfe,0x2d,0xca,0xe7,0x61,0xfe,0x3d,0xca,0xe7,
	0x61,0xfe,0x2c,0x28,0x30,0xfe,0x3c,0x28,0x32,0xfe,0x30,0x38,
	0x33,0xfe,0x40,0x38,0x35,0x28,0x62,0xfe,0x48,0x28,0x54,0xcd,
	0x2c,0x61,0x28,0x35,0xcd,0x41,0x61,0x28,0x3d,0xcd,0x20,0x61,
	0x28,0x36,0xcd,0x38,0x61,0x28,0x2b,0xfe,0x49,0xc2,0xb3,0x5f,
	0x2a,0x86,0x7c,0x18,0x24,0x3a,0xf0,0x7c,0xcd,0x27,0x6b,0x2a,
	0x8b,0x7c,0x18,0x19,0x3a,0xf0,0x7c,0xcd,0x0e,0x6b,0x2a,0x89,
	0x7c,0x2b,0x2b,0x2b,0xcd,0xf7,0x49,0x18,0x08,0xcd,0xf7,0x49,
	0x18,0x25,0x2a,0x82,0x7c,0x22,0xf7,0x7c,0x18,0x1d,0xcd,0xf7,
	0x49,0xed,0x5b,0xf2,0x7c,0xed,0x53,0xf9,0x7c,0x18,0x10,0xcd,
	0x39,0x69,0x20,0x0b,0xcd,0xcd,0x55,0x18,0x06,0xcd,0x39,0x69,
	0xcc,0x75,0x5f,0x21,0x22,0x62,0xc3,0xc9,0x5b,0x3a,0xf1,0x7c,
	0xfe,0x48,0xc8,0xfe,0x5e,0xc8,0xfe,0x41,0xc8,0xfe,0x40,0xc9,
	0x3a,0xf1,0x7c,0xfe,0x43,0xc8,0xfe,0x44,0xc8,0xfe,0x45,0xc8,
	0xfe,0x4d,0xc9,0xfe,0x42,0xc8,0xfe,0x4c,0xc9,0x3a,0x8f,0x7d,
	0xb7,0xc8,0xaf,0x32,0x8f,0x7d,0xc5,0xcd,0xb5,0x4d,0xc1,0xc3,
	0xe4,0x4d,0x32,0x9e,0x7c,0xcd,0x24,0x69,0xcd,0xed,0x61,0x20,
	0x05,0xcd,0x48,0x50,0x20,0x55,0x2a,0xf7,0x7c,0xcd,0xfc,0x61,
	0x28,0x2f,0xcd,0x0b,0x62,0x28,0x32,0xfe,0x41,0x28,0x04,0xfe,
	0x40,0x20,0x3b,0x3a,0xa5,0x7c,0xcb,0x7f,0x28,0x39,0x3a,0x17,
	0x7d,0xb7,0x28,0x2e,0xfe,0x01,0x79,0x20,0x07,0x32,0x18,0x7d,
	0x3e,0x02,0x18,0x04,0x32,0x19,0x7d,0xaf,0x32,0x17,0x7d,0x18,
	0x1a,0xcd,0x11,0x62,0x79,0xd3,0x98,0x18,0x12,0xcd,0x39,0x69,
	0x20,0x0d,0x3a,0xa5,0x7c,0xcb,0x7f,0x28,0x06,0xcd,0x98,0x62,
	0x38,0x01,0x71,0x23,0x22,0xf7,0x7c,0xcd,0xa5,0x5f,0x28,0x06,
	0x21,0x22,0x62,0xc3,0xc9,0x5b,0x21,0x26,0x63,0xc3,0xc9,0x5b,
	0xcd,0x13,0x42,0x38,0x04,0xcd,0x2d,0x42,0xd0,0xf3,0xfd,0x21,
	0x92,0x89,0xdd,0x21,0x90,0x89,0xc3,0x3c,0x44,0x32,0xf8,0x7c,
	0x21,0xc0,0x62,0x3a,0xf1,0x7c,0xfe,0x61,0x20,0x03,0x21,0x54,
	0x63,0xc3,0xc9,0x5b,0x32,0xf7,0x7c,0x3a,0xf1,0x7c,0xfe,0x52,
	0x38,0x04,0xfe,0x5e,0x38,0x05,0x21,0x54,0x63,0x18,0x03,0x21,
	0xd9,0x62,0xc3,0xc9,0x5b,0x32,0xf3,0x7c,0x3a,0xf1,0x7c,0xfe,
	0x5c,0x28,0x09,0xfe,0x5d,0x28,0x05,0x21,0xf2,0x62,0x18,0x03,
	0x21,0x54,0x63,0xc3,0xc9,0x5b,0x32,0xf2,0x7c,0x3a,0xf1,0x7c,
	0xfe,0x53,0x28,0x17,0xfe,0x54,0x28,0x13,0xfe,0x56,0x28,0x0f,
	0x21,0x54,0x63,0xfe,0x40,0x30,0x11,0xcd,0x2f,0x69,0x21,0x22,
	0x62,0x18,0x09,0x21,0x67,0x7d,0x22,0x8f,0x7d,0x21,0x1f,0x63,
	0xc3,0xc9,0x5b,0xcd,0x96,0x5f,0xc0,0xc3,0xcd,0x5b,0x32,0x1c,
	0x7d,0x21,0x2f,0x63,0xc3,0xc9,0x5b,0x32,0x1b,0x7d,0xed,0x5b,
	0x1b,0x7d,0x2a,0xf4,0x7c,0xb7,0xed,0x52,0xca,0xcd,0x5b,0xcd,
	0x93,0x5b,0xc3,0xb3,0x5f,0x3a,0xf1,0x7c,0xfe,0x2d,0xc8,0xfe,
	0x3d,0xc8,0xfe,0x2c,0xc8,0xfe,0x3c,0xc9,0xcb,0x7f,0xca,0xc6,
	0x5b,0xcb,0xbf,0x32,0xf6,0x7c,0xcd,0x39,0x69,0xc2,0xc6,0x5b,
	0x3a,0xee,0x7c,0x47,0xfe,0x01,0x28,0x39,0xcd,0xc6,0x5b,0x78,
	0xfe,0x05,0x20,0x1b,0x3a,0xf6,0x7c,0xcb,0x9f,0xfe,0x03,0xc2,
	0xb3,0x5f,0x06,0x00,0x3a,0xf6,0x7c,0xcb,0x5f,0x28,0x01,0x04,
	0x78,0x32,0xba,0x7c,0xc3,0x97,0x67,0x3a,0xf6,0x7c,0xfe,0x03,
	0xc2,0xb3,0x5f,0x78,0xfe,0x06,0xca,0xef,0x67,0xfe,0x15,0xca,
	0x22,0x68,0xc3,0xc6,0x5b,0xcd,0x45,0x63,0x28,0x14,0xfe,0x40,
	0x38,0x1c,0xfe,0x46,0x38,0x0c,0xfe,0x49,0x38,0x14,0xfe,0x51,
	0x28,0x04,0xfe,0x4f,0x30,0x0c,0x3a,0xf6,0x7c,0xfe,0x17,0x20,
	0x05,0xcd,0x8a,0x5b,0x18,0x0b,0x3a,0xf6,0x7c,0xfe,0x03,0xc2,
	0xc6,0x5b,0xcd,0x83,0x5b,0x11,0xfe,0x63,0xcd,0xe9,0x63,0xda,
	0xc6,0x5b,0xcd,0x28,0x68,0xe5,0xcd,0xc6,0x5b,0xcd,0x31,0x50,
	0xc9,0x0e,0x20,0x3a,0xf1,0x7c,0xb9,0xd8,0x91,0x6f,0x26,0x00,
	0x29,0x19,0x7e,0x23,0x66,0x6f,0xb4,0xc0,0x37,0xc9,0xac,0x69,
	0xac,0x69,0xac,0x69,0xac,0x69,0xac,0x69,0xac,0x69,0xac,0x69,
	0xac,0x69,0x00,0x00,0x00,0x00,0x00,0x00,0x00,0x00,0xe3,0x68,
	0xe3,0x68,0xa0,0x69,0xa6,0x69,0x59,0x69,0x59,0x69,0x59,0x69,
	0x59,0x69,0x59,0x69,0x59,0x69,0x59,0x69,0x59,0x69,0x00,0x00,
	0x00,0x00,0x00,0x00,0x00,0x00,0x86,0x69,0x86,0x69,0x59,0x69,
	0x59,0x69,0x95,0x64,0xa3,0x64,0x0d,0x65,0x0d,0x65,0x13,0x65,
	0x0d,0x65,0x33,0x65,0x94,0x64,0x5e,0x65,0xeb,0x68,0xeb,0x68,
	0x94,0x64,0x94,0x64,0x94,0x64,0x94,0x64,0x94,0x64,0x94,0x64,
	0x94,0x64,0xeb,0x64,0xe6,0x64,0x94,0x64,0x0a,0x65,0x94,0x64,
	0x1d,0x67,0xe0,0x66,0xcb,0x66,0x19,0x67,0x19,0x67,0x5f,0x66,
	0x7d,0x66,0xd8,0x65,0x8f,0x66,0x89,0x66,0x94,0x64,0xb7,0x66,
	0x69,0x67,0x05,0x67,0xeb,0x68,0x00,0x00,0x3a,0xa5,0x7c,0xcb,
	0x47,0xc4,0xe5,0x48,0xc9,0x3a,0xa5,0x7c,0xcb,0x7f,0xc8,0xcd,
	0xeb,0x68,0xcd,0xbb,0x4f,0x18,0x09,0x3a,0xa5,0x7c,0xcb,0x7f,
	0xc8,0xcd,0xeb,0x68,0xcd,0x48,0x50,0xc0,0x3a,0xf6,0x7c,0xfe,
	0x03,0x28,0x06,0xcd,0x8a,0x5b,0xc3,0x8c,0x64,0xcd,0x83,0x5b,
	0xcd,0x53,0x50,0xcd,0xe2,0x49,0x2a,0x76,0xf6,0xed,0x5b,0x18,
	0x7d,0x73,0x23,0x72,0x2a,0xf7,0x7c,0x22,0xc2,0xf6,0xed,0x5b,
	0x76,0xf6,0xcd,0x49,0x43,0xcd,0x19,0x4e,0xcd,0x14,0x4f,0xc3,
	0xdc,0x48,0xcd,0xbe,0x4d,0x18,0x1f,0xcd,0x48,0x50,0x20,0x1a,
	0x37,0xed,0x5b,0xf2,0x7c,0x2a,0x4a,0xfc,0xed,0x52,0xda,0xa6,
	0x48,0x37,0xed,0x5b,0xf7,0x7c,0x21,0xff,0x7f,0xed,0x52,0xd2,
	0xa6,0x48,0xc3,0xe3,0x68,0x3a,0xa5,0x7c,0xcb,0x7f,0xc8,0x3a,
	0xf6,0x7c,0xfe,0x03,0xc2,0xeb,0x68,0xcd,0x31,0x4d,0xcb,0x57,
	0x20,0x0b,0x3a,0xa5,0x7c,0xcb,0xbf,0x32,0xa5,0x7c,0xcd,0xd6,
	0x4d,0xcd,0xeb,0x68,0xc3,0xe2,0x49,0xcd,0xeb,0x68,0xcd,0xe2,
	0x49,0x3e,0x80,0x32,0xb6,0x7c,0x2a,0xf2,0x7c,0x22,0xb7,0x7c,
	0xcd,0x48,0x50,0xc0,0xcd,0x2d,0x43,0x3a,0xa5,0x7c,0xcb,0x4f,
	0xc0,0xcd,0x31,0x4d,0xc8,0xcd,0x14,0x4f,0x11,0x1f,0x41,0xc3,
	0x8c,0x68,0xcd,0xeb,0x68,0xcd,0x48,0x50,0xc0,0x3a,0xa5,0x7c,
	0xcb,0x4f,0xc0,0x3a,0xf2,0x7c,0xb7,0xc8,0xcb,0xff,0x32,0xff,
	0x7c,0xcd,0x31,0x4d,0x20,0x06,0x3a,0xff,0x7c,0xc3,0xac,0x49,
	0xcd,0x14,0x4f,0xcd,0xd2,0x00,0xaf,0x32,0x16,0xf4,0x3a,0x15,
	0xf4,0xb7,0x28,0x12,0x3e,0x0d,0xcd,0xa5,0x00,0x38,0x3e,0x3e,
	0x0a,0xcd,0xa5,0x00,0x38,0x37,0xaf,0x32,0x15,0xf4,0xdd,0x21,
	0x7b,0x6d,0xcd,0x3e,0x7d,0x3a,0x61,0xf6,0xb7,0x28,0x20,0xcd,
	0xe9,0xfe,0x3e,0x0d,0xdf,0x3e,0x0a,0xdf,0xcd,0x4a,0x01,0x28,
	0x03,0xaf,0x18,0x0f,0x3a,0xa9,0xf6,0xb7,0x28,0x06,0xaf,0x32,
	0x15,0xf4,0x18,0x03,0x32,0x61,0xf6,0x11,0x34,0x41,0xc3,0x8c,
	0x68,0xc3,0xd9,0x42,0xcd,0xeb,0x68,0xcd,0x48,0x50,0xc0,0xed,
	0x4b,0x8b,0x7c,0x3e,0x0d,0x02,0x03,0x3e,0x72,0x02,0x03,0x3e,
	0x75,0x02,0x03,0x3e,0x6e,0x02,0x03,0x2a,0xf7,0x7c,0x23,0x7c,
	0xb5,0x28,0x43,0x3e,0x20,0x02,0x03,0xc5,0x2b,0x11,0x10,0x27,
	0xcd,0x50,0x66,0x11,0xe8,0x03,0xcd,0x50,0x66,0x11,0x64,0x00,
	0xcd,0x50,0x66,0x11,0x0a,0x00,0xcd,0x50,0x66,0x7d,0xf6,0x30,
	0x02,0xd1,0x62,0x6b,0xd5,0x16,0x00,0x7e,0xfe,0x30,0x20,0x04,
	0x23,0x14,0x18,0xf7,0x7a,0xd1,0xc5,0x01,0x04,0x00,0xed,0xb0,
	0xe1,0x06,0x00,0x4f,0xb7,0xed,0x42,0x44,0x4d,0x03,0x60,0x69,
	0xed,0x4b,0x8b,0x7c,0xb7,0xed,0x42,0xcb,0xfd,0x7d,0x32,0xff,
	0x7c,0xc3,0x80,0x65,0xaf,0xb7,0xed,0x52,0x38,0x03,0x3c,0x18,
	0xf8,0x19,0xc6,0x30,0x02,0x03,0xc9,0xcd,0xeb,0x68,0xf3,0x3a,
	0xf3,0x7c,0x2a,0xf7,0x7c,0xcd,0x13,0x42,0x30,0x0d,0xdd,0x21,
	0xe8,0x89,0xfd,0x21,0x92,0x89,0xcd,0x3c,0x44,0xfb,0xc9,0x77,
	0xc9,0xcd,0xeb,0x68,0xf3,0x3a,0xf3,0x7c,0x2a,0xf7,0x7c,0x77,
	0xc9,0xf3,0x2a,0xf7,0x7c,0x18,0x16,0xf3,0x2a,0xf7,0x7c,0xcd,
	0x13,0x42,0x30,0x0d,0xdd,0x21,0xea,0x89,0xfd,0x21,0x92,0x89,
	0xcd,0x3c,0x44,0x18,0x01,0x46,0x3e,0x61,0x32,0x9f,0x7c,0xcd,
	0x8c,0x53,0xcd,0xd1,0x58,0x3e,0x02,0x32,0xa8,0x7c,0xc9,0xcd,
	0xbb,0x4f,0xcd,0x50,0x43,0x2a,0xc2,0xf6,0xed,0x5b,0x76,0xf6,
	0x3e,0x4b,0x32,0x9f,0x7c,0x18,0x5f,0xcd,0x97,0x53,0x3e,0x56,
	0x32,0x9f,0x7c,0x2a,0xf7,0x7c,0xed,0x5b,0xf2,0x7c,0xcd,0xd1,
	0x58,0xc3,0x42,0x67,0xcd,0x97,0x53,0x3e,0x54,0x32,0x9f,0x7c,
	0x2a,0xf7,0x7c,0xed,0x5b,0xf2,0x7c,0xcd,0xd1,0x58,0x3e,0x4d,
	0x32,0x9f,0x7c,0x2a,0xf2,0x7c,0x23,0x22,0xf2,0x7c,0x3e,0x02,
	0x32,0xa8,0x7c,0x18,0x37,0x2a,0x84,0x7c,0xe5,0xed,0x5b,0x1f,
	0x7d,0x19,0x22,0xf2,0x7c,0xd1,0x3e,0x51,0x32,0x9f,0x7c,0x18,
	0x14,0x3e,0x4e,0x18,0x02,0x3e,0x4c,0x32,0x9f,0x7c,0x2a,0xf2,
	0x7c,0x23,0xed,0x5b,0xf7,0x7c,0x22,0xf2,0x7c,0xcd,0x9b,0x58,
	0x3e,0x02,0x32,0xa8,0x7c,0x3a,0x9e,0x7c,0xfe,0x03,0x28,0x06,
	0xcd,0x8a,0x5b,0xc3,0x8c,0x64,0x3a,0xa5,0x7c,0xcb,0x47,0xc8,
	0x3a,0xa8,0x7c,0xcb,0x8f,0x32,0xa8,0x7c,0x3a,0xa5,0x7c,0xcd,
	0x58,0x50,0x3a,0x9f,0x7c,0xfe,0x4b,0x20,0x06,0xcd,0x19,0x4e,
	0xcd,0x14,0x4f,0xcd,0xd6,0x4d,0xc3,0xdc,0x48,0x3a,0x03,0x7d,
	0x57,0xcb,0x7a,0xc8,0xcb,0xba,0x3a,0x02,0x7d,0x5f,0xed,0x53,
	0xa1,0x7c,0x2a,0x80,0x7c,0x3e,0x4f,0x32,0x9f,0x7c,0xaf,0x32,
	0x02,0x7d,0x32,0x03,0x7d,0x22,0xa3,0x7c,0xcd,0x8c,0x53,0x3e,
	0x02,0x32,0xa8,0x7c,0xc3,0xd1,0x58,0x3a,0xa8,0x7c,0xcb,0x47,
	0x28,0x08,0xe6,0x04,0x32,0xa8,0x7c,0xc3,0x03,0x69,0x3a,0xa7,
	0x7c,0xcb,0x7f,0x20,0x07,0x3a,0x03,0x7d,0xcb,0x7f,0x28,0x0a,
	0x3a,0xa8,0x7c,0xcb,0xff,0x32,0xa8,0x7c,0x18,0x08,0x3a,0xa8,
	0x7c,0xcb,0xbf,0x32,0xa8,0x7c,0xed,0x4b,0x9e,0x7c,0xc5,0x3a,
	0xa0,0x7c,0xf5,0xcd,0x31,0x50,0x3e,0x15,0x32,0x9f,0x7c,0xcd,
	0x8c,0x53,0xcd,0xd1,0x58,0x3a,0xa8,0x7c,0xe6,0x06,0x32,0xa8,
	0x7c,0xf1,0x32,0xa0,0x7c,0xc1,0xed,0x43,0x9e,0x7c,0xc9,0x3e,
	0x0f,0xcd,0x8b,0x69,0xcd,0x28,0x68,0x3a,0xa8,0x7c,0xcb,0x4f,
	0xc8,0xcb,0x8f,0x32,0xa8,0x7c,0xcb,0x57,0xc8,0x3a,0x9f,0x7c,
	0xfe,0x51,0x28,0x0c,0xfe,0x4b,0xda,0xa6,0x48,0xfe,0x4f,0x38,
	0x03,0xc3,0xa6,0x48,0x2a,0xf2,0x7c,0xed,0x5b,0xf7,0x7c,0xc3,
	0x2d,0x67,0x3a,0xf1,0x7c,0xcb,0x7f,0xc8,0x3a,0xa8,0x7c,0xcb,
	0xc7,0x32,0xa8,0x7c,0xc9,0xaf,0x32,0xaa,0xf6,0x21,0x4c,0xfc,
	0x06,0x4e,0xcd,0xe6,0x4f,0x21,0xce,0xfb,0x06,0x0a,0xcd,0xe6,
	0x4f,0x32,0xd8,0xfb,0x21,0xca,0xf6,0x06,0x1a,0x3e,0x08,0xcd,
	0xe7,0x4f,0xdd,0x21,0x24,0x2c,0xcd,0x3e,0x7d,0xaf,0x32,0xbb,
	0xf6,0x6f,0x67,0x22,0xb9,0xf6,0x22,0xc0,0xf6,0x2a,0x72,0xf6,
	0x22,0x9b,0xf6,0xdd,0x21,0xc9,0x63,0xcd,0x3e,0x7d,0x2a,0xc2,
	0xf6,0x22,0xc4,0xf6,0x22,0xc6,0xf6,0xdd,0x21,0x1c,0x6c,0xcd,
	0x3e,0x7d,0x3a,0x7c,0xf8,0xe6,0x01,0xc0,0x32,0x7c,0xf8,0xc9,
	0xf3,0x2a,0x74,0xf6,0x2b,0x2b,0x22,0xb1,0xf6,0x23,0x23,0xf9,
	0xd5,0x21,0x7a,0xf6,0x22,0x78,0xf6,0xcd,0xc5,0x68,0xcd,0x5c,
	0xff,0xaf,0x67,0x6f,0x32,0x16,0xf4,0x22,0x64,0xf8,0x22,0xe6,
	0xf6,0x32,0xb7,0xf7,0x22,0x4e,0xf7,0x22,0xba,0xf7,0x22,0xe4,
	0xf6,0x32,0xa5,0xf6,0xdd,0xe1,0xc3,0x3e,0x7d,0xaf,0x32,0x16,
	0xf4,0x3a,0x15,0xf4,0xb7,0xc8,0x3e,0x0d,0xcd,0x34,0x43,0xda,
	0xd9,0x42,0x3e,0x0a,0xcd,0x34,0x43,0xda,0xd9,0x42,0xaf,0x32,
	0x15,0xf4,0xc9,0x3a,0xa5,0x7c,0xcb,0xff,0x32,0xa5,0x7c,0xcd,
	0xec,0x4f,0xcd,0x4d,0x50,0x3a,0xa8,0x7c,0x20,0x08,0xe6,0x05,
	0xcb,0xc7,0x32,0xa8,0x7c,0xc9,0xe6,0x04,0x32,0xa8,0x7c,0xed,
	0x4b,0x9e,0x7c,0xc5,0x3a,0xa0,0x7c,0xf5,0xcd,0x31,0x50,0x3e,
	0x06,0x32,0x9f,0x7c,0xcd,0x8c,0x53,0xcd,0xd1,0x58,0xf1,0x32,
	0xa0,0x7c,0xc1,0xed,0x43,0x9e,0x7c,0xc9,0x2a,0xf4,0x7c,0x4f,
	0x06,0x00,0x09,0x22,0xf4,0x7c,0xc9,0xf5,0xaf,0x32,0xf4,0x7c,
	0x32,0xf5,0x7c,0xf1,0xc9,0x3a,0xf0,0x7c,0xb7,0xc8,0xfe,0x7f,
	0xc8,0xd5,0xf5,0x3a,0x9d,0x7c,0x5f,0xf1,0xbb,0xd1,0xc9,0x3e,
	0x15,0x32,0x1a,0x7d,0x3a,0x1e,0x7d,0xcb,0xbf,0x32,0x1e,0x7d,
	0xc9,0xcd,0xe3,0x68,0x2a,0x89,0x7c,0xed,0x5b,0x91,0x7c,0x01,
	0x25,0x00,0xcd,0xc8,0x41,0x3a,0xf1,0x7c,0xfe,0x34,0x28,0x10,
	0xfe,0x31,0x28,0x04,0xfe,0x32,0x20,0x0b,0x01,0x20,0x00,0xcd,
	0x96,0x69,0x18,0x03,0xcd,0x93,0x69,0xaf,0x18,0x05,0xcd,0xe3,
	0x68,0x3e,0x01,0x32,0x8d,0x7c,0xc9,0x3e,0xff,0x18,0xf8,0x01,
	0x80,0x00,0x2a,0x8b,0x7c,0xed,0x5b,0x93,0x7c,0xc3,0xc8,0x41,
	0x0e,0x33,0x3e,0x3e,0x18,0x10,0x0e,0x0f,0x3e,0x3f,0x18,0x0a,
	0x3a,0xf1,0x7c,0xe6,0x0f,0xf6,0x10,0x4f,0xf6,0x30,0x32,0x9f,
	0x7c,0xf3,0xf1,0xf1,0xdb,0x99,0xc5,0xcd,0xec,0x4f,0xc1,0xcd,
	0x4d,0x50,0x3a,0xa8,0x7c,0x20,0x15,0xe6,0x05,0xcb,0xc7,0x32,
	0xa8,0x7c,0xcd,0x37,0x6b,0xf5,0xc1,0x7c,0x32,0x8e,0x7c,0xed,
	0x43,0x8f,0x7c,0xc9,0xe6,0x04,0x32,0xa8,0x7c,0xcd,0x37,0x6b,
	0xf5,0xc1,0x7c,0xcd,0x0b,0x6a,0xcd,0x87,0x53,0xcd,0xb3,0x6a,
	0xd8,0x2a,0x89,0x7c,0x2b,0x2b,0x2b,0x22,0xa3,0x7c,0x11,0x28,
	0x00,0xed,0x53,0xa1,0x7c,0xcd,0xd1,0x58,0xc3,0xe2,0x49,0x2a,
	0x89,0x7c,0x2b,0x70,0x2b,0x71,0x2b,0x77,0xc9,0xcd,0x43,0x50,
	0xc8,0x3e,0x15,0x32,0x1a,0x7d,0xcd,0x63,0x56,0x06,0x05,0xc5,
	0xcd,0x04,0x45,0xc1,0x28,0x37,0x05,0x20,0xf6,0x18,0x2d,0xcd,
	0x1c,0x50,0x3a,0x78,0x7c,0xfe,0x10,0x30,0x26,0xcd,0x43,0x50,
	0xc8,0x3a,0xba,0x7c,0xb7,0x28,0x1c,0x3e,0x15,0x32,0x1a,0x7d,
	0xcd,0x63,0x56,0x06,0x0a,0xc5,0xcd,0xe0,0x42,0x38,0x09,0xcd,
	0x04,0x45,0xc1,0x28,0x08,0x05,0x20,0xf1,0xcd,0x6c,0x56,0x37,
	0xc9,0xcd,0x6c,0x56,0xb7,0xc9,0xe5,0x21,0x00,0x40,0x19,0xeb,
	0xe1,0xc9,0x11,0x21,0x00,0x18,0x16,0xe5,0x11,0x80,0xff,0xb7,
	0xed,0x52,0xe1,0x38,0x04,0x21,0xff,0xff,0xc9,0x11,0x80,0x00,
	0x18,0x03,0x11,0x81,0x00,0x19,0xc9,0x11,0x00,0x00,0x2a,0x89,
	0x7c,0x2b,0x46,0x78,0xfe,0xff,0x28,0x16,0xaf,0x77,0x2b,0x4e,
	0x2b,0x7e,0xfe,0xff,0x20,0x0c,0xeb,0x78,0xb7,0x28,0x06,0x11,
	0x20,0x00,0x19,0x10,0xfd,0xeb,0x2a,0x8b,0x7c,0x19,0xc9,0x3a,
	0x9f,0x7c,0xfe,0x34,0x28,0x16,0xfe,0x31,0x28,0x06,0xfe,0x32,
	0x28,0x02,0xb7,0xc9,0xf5,0xcd,0x8b,0x6a,0x22,0xa3,0x7c,0xcd,
	0x6e,0x6a,0x18,0x0a,0xf5,0x2a,0x8b,0x7c,0x22,0xa3,0x7c,0xcd,
	0x86,0x6a,0x22,0xf2,0x7c,0x3e,0x3c,0x32,0x9f,0x7c,0xed,0x5b,
	0xa3,0x7c,0x18,0x09,0x3e,0x3d,0x32,0x9f,0x7c,0xed,0x5b,0xf7,
	0x7c,0x2a,0xf2,0x7c,0xcd,0xfd,0x5a,0x20,0x0b,0xcd,0xa6,0x53,
	0x28,0xea,0xf1,0xb7,0x32,0x9f,0x7c,0xc9,0xf1,0x37,0x18,0xf8,
	0xe5,0x21,0x2b,0x7c,0x18,0x04,0xe5,0x21,0x03,0x7c,0xfe,0x7f,
	0x20,0x03,0x21,0x53,0x7c,0x22,0x89,0x7c,0xe1,0xc9,0xcd,0x08,
	0x6b,0xe5,0x21,0x78,0x7e,0x18,0x04,0xe5,0x21,0xf8,0x7d,0xfe,
	0x7f,0x20,0x03,0x21,0xf8,0x7e,0x22,0x8b,0x7c,0xe1,0xc9,0x3a,
	0x9b,0x7c,0xcb,0x57,0x28,0x14,0xc5,0x2a,0x89,0x7c,0x4e,0x0d,
	0x2a,0x95,0xf9,0xcd,0x8c,0x47,0xc1,0x7c,0xb5,0x20,0x07,0x26,
	0x0c,0xc9,0x79,0xfe,0x33,0xc8,0xc5,0x0e,0x1a,0xed,0x5b,0x8b,
	0x7c,0xcd,0x65,0x6b,0xc1,0xed,0x5b,0x89,0x7c,0xf3,0xd5,0x1e,
	0x00,0xcd,0xe3,0x6b,0xd1,0xfd,0xe5,0xdd,0xe5,0xdd,0x2a,0x97,
	0x7c,0x18,0x3e,0x0e,0x27,0xed,0x5b,0xfd,0x7c,0x18,0x06,0x0e,
	0x26,0xed,0x5b,0xfd,0x7c,0xf3,0xd5,0x1e,0x00,0xcd,0xe3,0x6b,
	0xd1,0xfd,0xe5,0xdd,0xe5,0xed,0x73,0x58,0x7d,0x3a,0xa7,0xff,
	0xfe,0xc9,0x20,0x05,0x3e,0xff,0xb7,0x18,0x27,0xfd,0x2a,0x23,
	0xf3,0xfd,0x22,0x5a,0x7d,0xfd,0x2a,0x5c,0x7d,0xfd,0x22,0x23,
	0xf3,0xdd,0x2a,0x95,0x7c,0xfd,0x21,0x40,0x89,0xcd,0x66,0x6a,
	0xcd,0x3c,0x44,0xf3,0xfd,0x2a,0x5a,0x7d,0xfd,0x22,0x23,0xf3,
	0xdd,0xe1,0xfd,0xe1,0xd5,0x1e,0xa0,0xcd,0xe3,0x6b,0xd1,0xfb,
	0xc9,0xf3,0xed,0x7b,0x58,0x7d,0xcd,0x73,0x44,0x3e,0xff,0xb7,
	0x37,0x18,0xdc,0xf5,0xe5,0xc5,0x3e,0x06,0xcd,0x32,0x47,0x21,
	0x24,0x7d,0x11,0x9a,0xfd,0x06,0x05,0x4e,0x1a,0x77,0x79,0x12,
	0x23,0x13,0x10,0xf7,0xc1,0xe1,0xf1,0xc9,0xcd,0x2f,0x6a,0xda,
	0x59,0x52,0x3a,0x79,0x7c,0xb7,0xf5,0x01,0x08,0x00,0x28,0x03,
	0x01,0x28,0x00,0x2a,0x7a,0x7c,0x11,0x67,0x7d,0xcd,0xa5,0x41,
	0xf1,0x20,0x07,0xfd,0x21,0x92,0x8c,0xcd,0x3c,0x44,0xcd,0x87,
	0x53,0x3e,0x53,0x32,0x9f,0x7c,0x2a,0x7c,0x7c,0xed,0x5b,0x7e,
	0x7c,0xcd,0x02,0x5b,0xc2,0x46,0x52,0xc3,0xc2,0x51,0xcd,0x2f,
	0x6a,0xda,0x59,0x52,0xcd,0x87,0x53,0x3e,0x59,0x32,0x9f,0x7c,
	0xcd,0xd1,0x58,0xcd,0x04,0x45,0xc2,0x16,0x56,0x3a,0xf6,0x7c,
	0xfe,0x03,0xc2,0x46,0x52,0xcd,0x03,0x69,0x21,0x67,0x7d,0xed,
	0x5b,0x7a,0x7c,0x01,0x28,0x00,0xcd,0xc8,0x41,0xc3,0xc2,0x51,
	0xcd,0x2f,0x6a,0xda,0x59,0x52,0x2a,0x7a,0x7c,0x22,0xa3,0x7c,
	0xcd,0x73,0x6a,0x22,0xf2,0x7c,0xcd,0x87,0x53,0x3e,0x44,0x32,
	0x9f,0x7c,0xed,0x5b,0xa3,0x7c,0x18,0x04,0xed,0x5b,0xf7,0x7c,
	0x2a,0xf2,0x7c,0xcd,0xfd,0x5a,0x28,0x06,0xcd,0xc7,0x51,0xda,
	0x46,0x52,0xcd,0xa6,0x53,0x28,0xe9,0xcd,0xfd,0x51,0xc2,0x46,
	0x52,0xc3,0xc2,0x51,0xcd,0x2f,0x6a,0xda,0x59,0x52,0x2a,0x7a,
	0x7c,0x22,0x93,0x7c,0x2a,0x7c,0x7c,0xe5,0xcd,0x73,0x6a,0xeb,
	0xe1,0xcd,0x87,0x53,0x3e,0x5a,0x32,0x9f,0x7c,0xcd,0xd1,0x58,
	0x3a,0x78,0x7c,0xcd,0x21,0x6b,0xcd,0xcd,0x55,0xcd,0x04,0x45,
	0xc2,0x16,0x56,0xcd,0x03,0x69,0xcd,0xa0,0x53,0x28,0xf2,0xcd,
	0x93,0x69,0xc3,0xc2,0x51,0x3e,0x2e,0x18,0x05,0x79,0xe6,0x0f,
	0xf6,0x20,0xd5,0xc5,0x32,0x9f,0x7c,0xcd,0xee,0x51,0xfd,0x21,
	0xe7,0x88,0xcd,0x3c,0x44,0x38,0x6d,0xcd,0x1e,0x6b,0x22,0x93,
	0x7c,0xed,0x53,0x91,0x7c,0xeb,0xed,0x5b,0x89,0x7c,0xc5,0xd5,
	0x01,0x25,0x00,0xcd,0xa5,0x41,0xe1,0xc1,0x70,0xcd,0x43,0x50,
	0x20,0x0d,0x3a,0xa0,0x7c,0xfe,0x7f,0x28,0x06,0x47,0xcd,0x6a,
	0x5b,0x30,0x41,0xcd,0x87,0x53,0x3a,0x9f,0x7c,0xfe,0x25,0x20,
	0x0c,0xf5,0xcd,0x2b,0x6e,0x38,0x37,0xf1,0x32,0x9f,0x7c,0x18,
	0x05,0xcd,0x39,0x6a,0x38,0x26,0xcd,0x8b,0x6e,0xcd,0x8f,0x69,
	0xcd,0xd1,0x58,0x3a,0xa0,0x7c,0xfe,0x7f,0x28,0x27,0xcd,0x68,
	0x6e,0x38,0x18,0xcd,0x4b,0x69,0x2a,0x89,0x7c,0x2b,0x56,0x2b,
	0x5e,0x2b,0x66,0xd5,0xf1,0xc1,0xd1,0xc9,0xf5,0xcd,0x4b,0x69,
	0x18,0x05,0xf1,0xf5,0xcd,0x46,0x52,0xf1,0x37,0x26,0xfc,0x18,
	0xec,0xcd,0xc2,0x6d,0x20,0xea,0xcd,0x92,0x6d,0xcd,0x4b,0x69,
	0x18,0xd7,0x01,0x01,0x0f,0xc5,0x41,0xcd,0x6a,0x5b,0xc1,0x30,
	0x0c,0x79,0xcd,0x1f,0x6e,0x7e,0xfe,0xff,0x20,0x0a,0xcd,0xb2,
	0x6d,0x0c,0x10,0xe9,0x21,0xc1,0x7c,0xc9,0x3e,0xfb,0x11,0xbe,
	0x7c,0x12,0x23,0x13,0x7e,0x12,0x23,0x13,0x7e,0x12,0x13,0x6b,
	0x62,0xc9,0xcd,0xf5,0x51,0x06,0x10,0xcd,0xf0,0x5a,0x3e,0xfb,
	0x06,0x30,0x21,0xbe,0x7c,0xcd,0xe7,0x4f,0xed,0x4b,0x9e,0x7c,
	0x3a,0xa0,0x7c,0xc5,0xf5,0xaf,0x32,0xa0,0x7c,0x3a,0xa0,0x7c,
	0x3c,0xcb,0x67,0xc2,0x46,0x5b,0x32,0xa0,0x7c,0x47,0xcd,0x6a,
	0x5b,0x30,0xee,0x3e,0x05,0x32,0x9f,0x7c,0xcd,0x8c,0x53,0xcd,
	0x8f,0x69,0xcd,0xd1,0x58,0xcd,0x7b,0x6e,0x38,0x14,0x3a,0xa0,
	0x7c,0xcd,0x1f,0x6e,0x3a,0x8e,0x7c,0xed,0x5b,0x8f,0x7c,0x77,
	0x23,0x73,0x23,0x72,0x18,0xc7,0xcd,0x56,0x5b,0x18,0xc2,0x6f,
	0x26,0x00,0x5d,0x54,0x29,0x19,0x11,0xbe,0x7c,0x19,0xc9,0xcd,
	0x39,0x6a,0xd8,0x2a,0x93,0x7c,0x22,0xa3,0x7c,0xcd,0x86,0x6a,
	0x22,0xf2,0x7c,0x3e,0x2c,0x32,0x9f,0x7c,0xed,0x5b,0xa3,0x7c,
	0x18,0x09,0x3e,0x2d,0x32,0x9f,0x7c,0xed,0x5b,0xf7,0x7c,0x2a,
	0xf2,0x7c,0xcd,0xfd,0x5a,0x28,0x04,0xcd,0xc7,0x51,0xd8,0xcd,
	0xa6,0x53,0x28,0xe6,0xcd,0xfd,0x51,0xc2,0xd8,0x50,0xb7,0xc9,
	0xcd,0x87,0x45,0x3a,0x8d,0x7c,0xb7,0xc8,0xfe,0x01,0x28,0xf4,
	0xcd,0xdc,0x45,0x20,0xf2,0x37,0xc9,0xcd,0x87,0x45,0x3a,0x8d,
	0x7c,0xfe,0x0f,0xc8,0xcd,0xdc,0x45,0x20,0xf5,0x37,0xc9,0x3a,
	0xa0,0x7c,0xfe,0x7f,0x20,0x0e,0x11,0x00,0x00,0x3a,0x9f,0x7c,
	0xfe,0x25,0x28,0x07,0xfe,0x20,0x28,0x03,0x11,0x28,0x00,0xed,
	0x53,0xa1,0x7c,0xaf,0x47,0x4f,0xcd,0x0b,0x6a,0x22,0xa3,0x7c,
	0xc9,0xfd,0x21,0xbd,0x83,0xc3,0x3c,0x44,0xfd,0x21,0xc2,0x83,
	0xc3,0x3c,0x44,0xc3,0x22,0x40,0xdd,0xe5,0xdd,0x21,0x0e,0x6a,
	0xcd,0x3e,0x7d,0xdd,0xe1,0xc9,0xc5,0xdd,0xe5,0xdd,0x21,0x64,
	0x4c,0xcd,0x3e,0x7d,0x3a,0x63,0xf6,0xfe,0x03,0xca,0xc1,0x42,
	0xfe,0x02,0x20,0x06,0xed,0x5b,0xf8,0xf7,0x18,0x09,0xe5,0xdd,
	0x21,0x5d,0x30,0xcd,0x3e,0x7d,0xe1,0xdd,0xe1,0xc1,0xc9,0xcd,
	0xb3,0x77,0xcd,0xce,0x6e,0xd5,0xcd,0xef,0x42,0x29,0x28,0x03,
	0xc3,0xc1,0x42,0xd1,0xed,0x53,0x7c,0x7c,0xe5,0x0e,0x1b,0xcd,
	0xbf,0x6e,0xe1,0xda,0xc1,0x42,0xb7,0xc9,0xcd,0xb3,0x77,0x7e,
	0xfe,0x2c,0x28,0x35,0xcd,0x11,0x43,0xcd,0xf6,0x6f,0xda,0xc1,
	0x42,0x7e,0xfe,0x2c,0x28,0x18,0xd5,0xcd,0xef,0x42,0x29,0xc2,
	0xc1,0x42,0xe5,0x0e,0x17,0xcd,0xbf,0x6e,0x22,0xf8,0xf7,0xe1,
	0xd1,0xcd,0x5c,0x43,0xb7,0xc9,0xd5,0xe5,0x0e,0x17,0xcd,0xbf,
	0x6e,0x22,0xf8,0xf7,0xe1,0xd1,0xcd,0x5c,0x43,0xcd,0xef,0x42,
	0x2c,0xcd,0x11,0x43,0xcd,0xf6,0x6f,0xda,0xc1,0x42,0xd5,0xcd,
	0xef,0x42,0x29,0xc2,0xc1,0x42,0xe5,0x0e,0x17,0xcd,0xbf,0x6e,
	0xeb,0x18,0xc9,0x3a,0x9d,0x7c,0xb7,0x28,0x20,0xbb,0xca,0xc7,
	0x42,0x7a,0xb7,0xc2,0xc7,0x42,0x7b,0xfe,0x10,0xd2,0xc7,0x42,
	0xc9,0x3a,0x9d,0x7c,0xb7,0x28,0x07,0xaf,0xc9,0xcd,0xce,0x6e,
	0x18,0x03,0x11,0x00,0x00,0x7a,0xb7,0xc2,0xc7,0x42,0x7b,0xb7,
	0x28,0x13,0xfe,0x10,0xd2,0xc7,0x42,0xdd,0xe5,0xc5,0x47,0xcd,
	0x6a,0x5b,0xc1,0xdd,0xe1,0xd8,0xc3,0xd9,0x42,0xd5,0xed,0x5b,
	0x02,0x7d,0x7b,0xe6,0xfe,0xb2,0xd1,0x28,0xf1,0x7b,0xc9,0x3a,
	0x9d,0x7c,0xb7,0x28,0x10,0xbb,0xca,0xc7,0x42,0x7a,0xb7,0xc2,
	0xc7,0x42,0x7b,0xfe,0x10,0xd2,0xc7,0x42,0xc9,0x7a,0xb7,0x20,
	0x16,0x7b,0xb7,0x28,0x12,0xfe,0x10,0x30,0x0e,0xc5,0x47,0xdd,
	0xe5,0xcd,0x6a,0x5b,0xdd,0xe1,0xc1,0xd8,0xc3,0xd9,0x42,0xc3,
	0xc7,0x42,0x3a,0x63,0xf6,0xfe,0x02,0x28,0x0a,0xfe,0x04,0x28,
	0x06,0xfe,0x08,0x28,0x02,0x37,0xc9,0xb7,0xc9,0xcd,0x09,0x43,
	0xe5,0xcd,0x1d,0x43,0x46,0x23,0x5e,0x23,0x56,0xe1,0xc9,0x11,
	0x2b,0x7c,0xed,0x53,0x89,0x7c,0xc9,0x11,0x78,0x7e,0xed,0x53,
	0x8b,0x7c,0xc9,0xe5,0xcd,0x17,0x70,0x62,0x6b,0x06,0x25,0xaf,
	0xcd,0xe7,0x4f,0xe1,0xcd,0xc2,0x6e,0xe5,0x7a,0xcd,0x17,0x70,
	0x12,0x13,0x21,0x66,0xf8,0x01,0x0b,0x00,0xed,0xb0,0x13,0x13,
	0x3e,0x01,0x12,0xcd,0x17,0x70,0xe1,0xc9,0x0e,0x0d,0xcd,0x85,
	0x6b,0x3e,0xff,0x32,0x41,0xf2,0x32,0x46,0xf2,0xc9,0xf5,0x3a,
	0xa7,0xff,0xfe,0xc9,0xca,0xd9,0x42,0xf1,0xc9,0xcd,0x5e,0x70,
	0xcd,0x50,0x70,0x0e,0x0f,0x18,0x08,0xcd,0x5e,0x70,0xcd,0x50,
	0x70,0x0e,0x16,0xcd,0x17,0x70,0xcd,0x85,0x6b,0xb7,0xc2,0xd9,
	0x42,0xc9,0xcd,0x5e,0x70,0x0e,0x10,0x18,0xee,0x13,0x7a,0xb3,
	0x1b,0xc9,0xcd,0xec,0x42,0xc2,0xc1,0x42,0xe5,0xcd,0x8c,0x4b,
	0xe1,0xb7,0xc9,0xcd,0xec,0x42,0xc2,0xc1,0x42,0x0e,0x18,0x18,
	0x0e,0x0e,0x01,0x18,0x0a,0x0e,0x02,0x18,0x06,0x0e,0x03,0x18,
	0x02,0x0e,0x04,0xe5,0xcd,0xbf,0x6e,0xe1,0xb7,0xc9,0xcd,0xec,
	0x42,0x28,0x17,0xfe,0x28,0x20,0x13,0xcd,0xf7,0x42,0x28,0x0e,
	0xfe,0x29,0x28,0x0a,0xcd,0x91,0x6f,0x47,0xcd,0xef,0x42,0x29,
	0x28,0x03,0xc3,0xc1,0x42,0xe5,0x78,0x32,0x78,0x7c,0x0e,0x19,
	0xc3,0x65,0x76,0xcd,0xec,0x42,0x28,0x17,0xfe,0x28,0x20,0x13,
	0xcd,0xf7,0x42,0x28,0x0e,0xfe,0x29,0x28,0x0a,0xcd,0x91,0x6f,
	0x47,0xcd,0xef,0x42,0x29,0x28,0x03,0xc3,0xc1,0x42,0xe5,0x78,
	0x32,0x78,0x7c,0x0e,0x1a,0xc3,0x65,0x76,0xcd,0xec,0x42,0xc2,
	0xc1,0x42,0x0e,0x05,0x18,0x9d,0xcd,0xec,0x42,0x28,0x29,0xfe,
	0x28,0x20,0x14,0xcd,0xf7,0x42,0x28,0x0f,0xcd,0x11,0x43,0xcd,
	0xf6,0x6f,0x38,0x07,0xd5,0xcd,0xef,0x42,0x29,0x28,0x03,0xc3,
	0xc1,0x42,0xe5,0x0e,0x06,0xcd,0xbf,0x6e,0xe6,0x0f,0x6f,0x26,
	0x00,0xc3,0x3c,0x6f,0xe5,0x0e,0x06,0xcd,0xbf,0x6e,0xe6,0x0f,
	0xfe,0x0a,0x38,0x09,0x47,0x3e,0x31,0xcd,0x69,0x4f,0x78,0xd6,
	0x0a,0xf6,0x30,0xcd,0x69,0x4f,0xe1,0xb7,0xc9,0xcd,0xb3,0x77,
	0x7e,0xfe,0x2c,0x28,0x3c,0xcd,0x09,0x70,0x3a,0x21,0x7d,0x3c,
	0x4f,0x78,0xb7,0x28,0x30,0xb9,0x30,0x2d,0x0e,0x01,0xc5,0xd5,
	0x7e,0xfe,0x29,0x28,0x27,0xcd,0xef,0x42,0x2c,0xfe,0x29,0x28,
	0x1f,0xe5,0xcd,0x11,0x43,0xcd,0xf6,0x6f,0xe1,0x38,0x12,0xd5,
	0xcd,0xce,0x6e,0xcd,0x73,0x6f,0xdd,0xe1,0xd1,0xc1,0x4f,0xcd,
	0xef,0x42,0x29,0x28,0x0d,0xc3,0xc1,0x42,0xcd,0xf7,0x42,0x20,
	0xf8,0xd1,0xc1,0xaf,0x18,0x03,0x79,0x0e,0x00,0xe5,0xdd,0xe5,
	0x32,0x78,0x7c,0xed,0x53,0x79,0x7c,0x78,0x32,0x7b,0x7c,0xaf,
	0x32,0x7c,0x7c,0x41,0x0e,0x0e,0xc5,0xcd,0xbf,0x6e,0xc1,0xd1,
	0x4f,0xf5,0x78,0xb7,0x20,0x09,0x69,0x26,0x00,0x22,0xf8,0xf7,
	0xcd,0x5c,0x43,0xf1,0xe1,0xb7,0xc9,0x11,0xff,0xff,0xcd,0xec,
	0x42,0x28,0x3b,0xfe,0x28,0x20,0x2e,0xcd,0xf7,0x42,0x28,0x29,
	0x7e,0xfe,0x2c,0x28,0x07,0xfe,0x29,0x28,0x24,0xcd,0x27,0x70,
	0xd5,0x7e,0xfe,0x29,0x28,0x1a,0xcd,0xef,0x42,0x2c,0x7e,0xfe,
	0x29,0x28,0x11,0xcd,0xce,0x6e,0xcd,0x73,0x6f,0x47,0xd1,0xcd,
	0xef,0x42,0x29,0x28,0x0f,0xc3,0xc1,0x42,0xd1,0xcd,0xf7,0x42,
	0x20,0xf7,0xd5,0xcd,0x89,0x6f,0x47,0xd1,0xe5,0xcd,0x8d,0x70,
	0x28,0x22,0xd5,0xc5,0xcd,0x5e,0x70,0xdd,0xe5,0xcd,0x1f,0x70,
	0xdd,0xe1,0x0e,0x1a,0xcd,0x85,0x6b,0xcd,0x17,0x70,0x0e,0x11,
	0xcd,0x85,0x6b,0xb7,0xc2,0xd3,0x42,0xcd,0x69,0x70,0xc1,0xd1,
	0x0e,0x07,0xc3,0xa4,0x72,0xcd,0xe7,0x71,0xe5,0x0e,0x14,0x3e,
	0xff,0x32,0x79,0x7c,0x32,0x7a,0x7c,0xc3,0x65,0x76,0xcd,0xb3,
	0x77,0x11,0xff,0xff,0xfe,0x2c,0x28,0x03,0xcd,0x27,0x70,0xd5,
	0xcd,0xef,0x42,0x2c,0xca,0xc1,0x42,0xcd,0xce,0x6e,0xcd,0xc3,
	0x6f,0x47,0xcd,0xef,0x42,0x29,0xc2,0xc1,0x42,0xd1,0xe5,0xcd,
	0x8d,0x70,0x28,0x0a,0xd5,0xc5,0xcd,0x5e,0x70,0xcd,0x73,0x70,
	0xc1,0xd1,0x0e,0x0a,0xd5,0x78,0x32,0x78,0x7c,0xed,0x53,0x79,
	0x7c,0xcd,0xbf,0x6e,0xd1,0x38,0x09,0xcd,0x8d,0x70,0xc4,0x86,
	0x70,0xe1,0xa7,0xc9,0xcd,0x8d,0x70,0xc4,0x86,0x70,0xc3,0x0e,
	0x74,0xcd,0x3f,0x74,0xda,0x77,0x73,0xfe,0x2c,0x28,0x08,0xcd,
	0x27,0x70,0x3e,0xff,0x32,0x79,0x7c,0xd5,0x7e,0xfe,0x29,0xca,
	0x88,0x73,0xfe,0x2c,0x28,0x07,0xfe,0x29,0x20,0x04,0xc3,0x88,
	0x73,0x23,0xcd,0x38,0x74,0x01,0x00,0x00,0xfe,0x2c,0x28,0x12,
	0xcd,0xce,0x6e,0xcd,0x73,0x6f,0x47,0x7e,0xfe,0x29,0xca,0x8e,
	0x73,0xfe,0x2c,0x20,0x72,0x23,0xcd,0x38,0x74,0xfe,0x29,0xca,
	0x8e,0x73,0xfe,0x2c,0x28,0x31,0x3e,0xfd,0x32,0x79,0x7c,0xcd,
	0xce,0x6e,0xd5,0xdd,0xe1,0xcd,0xef,0x42,0x2c,0x28,0x54,0xfe,
	0x29,0x28,0x5a,0xfe,0x2c,0x28,0x2d,0xcd,0xce,0x6e,0xd5,0xfd,
	0xe1,0xcd,0x19,0x74,0x38,0x41,0xcd,0x38,0x74,0xfe,0x2c,0x28,
	0x27,0xfe,0x29,0x28,0x39,0x18,0x34,0x3e,0xfe,0x32,0x79,0x7c,
	0xdd,0x21,0x00,0x00,0x23,0xcd,0x38,0x74,0xfe,0x29,0x28,0x23,
	0xfe,0x2c,0x20,0x06,0xfd,0x21,0xff,0xff,0x18,0x06,0xcd,0xce,
	0x6e,0xd5,0xfd,0xe1,0xcd,0xef,0x42,0x2c,0x28,0x0d,0xfe,0x29,
	0x28,0x09,0xcd,0x23,0x74,0xcd,0xef,0x42,0x29,0x28,0x26,0xc3,
	0xc1,0x42,0xcd,0xf7,0x42,0x20,0xf8,0x18,0x1a,0xcd,0xf7,0x42,
	0x20,0xf1,0x18,0x0f,0xd5,0xcd,0x89,0x6f,0x47,0xd1,0xcd,0xf7,
	0x42,0x20,0xe4,0xdd,0x21,0xff,0xff,0xfd,0x21,0xff,0xff,0x0e,
	0x00,0xd1,0xe5,0xfd,0xe5,0xc5,0xdd,0xe5,0xcd,0x8d,0x70,0x28,
	0x30,0xcd,0x5e,0x70,0xcd,0x1f,0x70,0x0e,0x1a,0xcd,0x85,0x6b,
	0xcd,0x17,0x70,0x0e,0x11,0xcd,0x85,0x6b,0xb7,0xc2,0xd3,0x42,
	0xcd,0x69,0x70,0xdd,0xe1,0xc1,0xcd,0x17,0x70,0x62,0x6b,0xd1,
	0x79,0xb7,0x0e,0x08,0x28,0x02,0x0e,0x09,0x3a,0x79,0x7c,0x18,
	0x10,0xdd,0xe1,0xdd,0xe5,0xe1,0xc1,0xd1,0x79,0xb7,0x0e,0x08,
	0x28,0x02,0x0e,0x09,0xaf,0xdd,0xe5,0x22,0x7c,0x7c,0xed,0x53,
	0x7e,0x7c,0x32,0x79,0x7c,0x78,0x32,0x78,0x7c,0xe1,0x22,0x7a,
	0x7c,0xcd,0xbf,0x6e,0xf5,0x3a,0x79,0x7c,0xb7,0xc4,0x86,0x70,
	0xf1,0x38,0x03,0xe1,0xa7,0xc9,0x3a,0xa5,0x7c,0xcb,0xef,0x32,
	0xa5,0x7c,0xc3,0xd9,0x42,0xe5,0xdd,0xe5,0xe1,0xeb,0xb7,0xed,
	0x52,0xe1,0xc9,0x7e,0x23,0xb7,0xca,0xc1,0x42,0xfe,0x20,0x28,
	0xf6,0xcd,0x95,0x43,0xfe,0x53,0xc2,0xc1,0x42,0x0e,0x01,0xc9,
	0x7e,0xfe,0x20,0xc0,0x23,0x18,0xf9,0x11,0xff,0xff,0xcd,0xec,
	0x42,0x28,0x10,0xfe,0x28,0x20,0x0c,0xcd,0xf7,0x42,0x28,0x07,
	0x7e,0xfe,0x29,0x28,0x02,0xb7,0xc9,0x37,0xc9,0xcd,0x3f,0x74,
	0xda,0xfc,0x74,0xfe,0x2c,0x28,0x03,0xcd,0x27,0x70,0xd5,0x7e,
	0xfe,0x29,0xca,0x0d,0x75,0xfe,0x2c,0x28,0x07,0xfe,0x29,0x20,
	0x04,0xc3,0x0d,0x75,0x23,0xcd,0x38,0x74,0x01,0x00,0x00,0xfe,
	0x2c,0x28,0x12,0xcd,0xce,0x6e,0xcd,0x73,0x6f,0x47,0x7e,0xfe,
	0x29,0xca,0x13,0x75,0xfe,0x2c,0x20,0x68,0x23,0xcd,0x38,0x74,
	0xfe,0x29,0xca,0x13,0x75,0xfe,0x2c,0x28,0x2c,0xcd,0xce,0x6e,
	0xd5,0xdd,0xe1,0xcd,0xef,0x42,0x2c,0x28,0x4f,0xfe,0x29,0x28,
	0x55,0xfe,0x2c,0x28,0x28,0xcd,0xce,0x6e,0xd5,0xfd,0xe1,0xcd,
	0x19,0x74,0x38,0x3c,0xcd,0x38,0x74,0xfe,0x2c,0x28,0x22,0xfe,
	0x29,0x28,0x34,0x18,0x2f,0xdd,0x21,0x00,0x00,0x23,0xcd,0x38,
	0x74,0xfe,0x29,0x28,0x23,0xfe,0x2c,0x20,0x06,0xfd,0x21,0xff,
	0xff,0x18,0x06,0xcd,0xce,0x6e,0xd5,0xfd,0xe1,0xcd,0xef,0x42,
	0x2c,0x28,0x0d,0xfe,0x29,0x28,0x09,0xcd,0x23,0x74,0xcd,0xef,
	0x42,0x29,0x28,0x26,0xc3,0xc1,0x42,0xcd,0xf7,0x42,0x20,0xf8,
	0x18,0x1a,0xcd,0xf7,0x42,0x20,0xf1,0x18,0x0f,0xd5,0xcd,0x96,
	0x6f,0x47,0xd1,0xcd,0xf7,0x42,0x20,0xe4,0xdd,0x21,0xff,0xff,
	0xfd,0x21,0xff,0xff,0x0e,0x00,0xd1,0xe5,0xfd,0xe5,0xc5,0xdd,
	0xe5,0xcd,0x8d,0x70,0x28,0x26,0xcd,0x5e,0x70,0xcd,0x1f,0x70,
	0x0e,0x1a,0xcd,0x85,0x6b,0xcd,0x17,0x70,0xcd,0x73,0x70,0xdd,
	0xe1,0xc1,0xcd,0x17,0x70,0x62,0x6b,0xd1,0x79,0xb7,0x0e,0x0b,
	0x28,0x02,0x0e,0x0c,0x3e,0xff,0x18,0x10,0xdd,0xe1,0xdd,0xe5,
	0xe1,0xc1,0xd1,0x79,0xb7,0x0e,0x0b,0x28,0x02,0x0e,0x0c,0xaf,
	0xdd,0xe5,0x22,0x7c,0x7c,0xed,0x53,0x7e,0x7c,0xc3,0xf2,0x73,
	0xcd,0xec,0x42,0x28,0x1f,0xfe,0x28,0x20,0x13,0xcd,0xf7,0x42,
	0x28,0x0e,0xfe,0x29,0x28,0x0d,0xcd,0x91,0x6f,0x47,0xcd,0xef,
	0x42,0x29,0x28,0x0c,0xc3,0xc1,0x42,0xcd,0xf7,0x42,0x20,0xf8,
	0xcd,0x96,0x6f,0x47,0x0e,0x0f,0x18,0x13,0xcd,0xb3,0x77,0xcd,
	0xce,0x6e,0xcd,0xd9,0x6f,0x47,0xcd,0xef,0x42,0x29,0xc2,0xc1,
	0x42,0x0e,0x10,0xe5,0x78,0x32,0x78,0x7c,0xc3,0x65,0x76,0xcd,
	0xb3,0x77,0xcd,0x09,0x70,0x3a,0x21,0x7d,0x3c,0x4f,0x78,0xb7,
	0x28,0x1e,0xb9,0x30,0x1b,0x7e,0xfe,0x29,0x28,0x19,0xcd,0xef,
	0x42,0x2c,0xfe,0x29,0x28,0x11,0xd5,0xc5,0xcd,0x91,0x6f,0xc1,
	0x4f,0xd1,0xcd,0xef,0x42,0x29,0x28,0x0e,0xc3,0xc1,0x42,0xcd,
	0xf7,0x42,0x20,0xf8,0xd5,0xcd,0x96,0x6f,0x4f,0xd1,0xe5,0x79,
	0x32,0x78,0x7c,0xed,0x53,0x79,0x7c,0x48,0x06,0x00,0xed,0x43,
	0x7b,0x7c,0x0e,0x0d,0xc3,0x65,0x76,0xcd,0xb3,0x77,0xcd,0xce,
	0x6e,0x7a,0xb7,0x20,0x35,0x7b,0xf5,0xcd,0xef,0x42,0x2c,0x28,
	0x2d,0xcd,0xce,0x6e,0xd5,0x7e,0xfe,0x29,0x28,0x27,0xcd,0xef,
	0x42,0x2c,0xfe,0x29,0x28,0x1f,0xcd,0xce,0x6e,0xcd,0x73,0x6f,
	0x47,0x0e,0x00,0x7e,0xfe,0x29,0x28,0x08,0xfe,0x2c,0x20,0x0a,
	0x23,0xcd,0x6e,0x76,0xcd,0xef,0x42,0x29,0x28,0x0b,0xc3,0xc1,
	0x42,0xcd,0xf7,0x42,0x20,0xf8,0x01,0x02,0x00,0xd1,0xf1,0xe5,
	0x32,0x7b,0x7c,0x79,0x32,0x7c,0x7c,0x78,0x32,0x78,0x7c,0xed,
	0x53,0x79,0x7c,0x0e,0x11,0xcd,0xbf,0x6e,0xda,0x0e,0x74,0xe1,
	0xa7,0xc9,0x7e,0x23,0xb7,0xca,0xc1,0x42,0xfe,0x20,0x28,0xf6,
	0xcd,0x95,0x43,0xfe,0x4e,0xc2,0xc1,0x42,0x0e,0x01,0xc9,0xcd,
	0xef,0x42,0x28,0x28,0x3f,0xcd,0x11,0x43,0x3a,0x63,0xf6,0xf5,
	0xd5,0xcd,0xef,0x42,0x2c,0x28,0x31,0xcd,0xce,0x6e,0xd5,0xdd,
	0xe1,0x7e,0xfe,0x29,0x28,0x29,0xcd,0xef,0x42,0x2c,0x28,0x20,
	0xfe,0x29,0x28,0x1f,0xcd,0xce,0x6e,0xcd,0xc3,0x6f,0x47,0x0e,
	0x00,0x7e,0xfe,0x29,0x28,0x08,0xfe,0x2c,0x20,0x0a,0x23,0xcd,
	0x6e,0x76,0xcd,0xef,0x42,0x29,0x28,0x0b,0xc3,0xc1,0x42,0xcd,
	0xf7,0x42,0x20,0xf8,0x01,0x02,0x00,0xd1,0xe5,0xd5,0xdd,0xe5,
	0xe1,0x78,0x32,0x78,0x7c,0x79,0x32,0x7c,0x7c,0x22,0x79,0x7c,
	0x0e,0x12,0xcd,0xbf,0x6e,0xda,0x0e,0x74,0xd1,0x6f,0x26,0x00,
	0x22,0xf8,0xf7,0xe1,0xf1,0x32,0x63,0xf6,0xcd,0x5c,0x43,0xa7,
	0xc9,0xcd,0xec,0x42,0x28,0x42,0xfe,0x28,0x20,0x36,0xcd,0xf7,
	0x42,0x28,0x31,0xfe,0x29,0x28,0x30,0xfe,0x2c,0x20,0x05,0x11,
	0x00,0x00,0x18,0x03,0xcd,0xce,0x6e,0xcd,0x99,0x6f,0x47,0x11,
	0xff,0xff,0x7e,0xfe,0x29,0x28,0x26,0xcd,0xef,0x42,0x2c,0x28,
	0x0f,0xfe,0x29,0x28,0x1c,0xc5,0xcd,0xce,0x6e,0xc1,0xcd,0xef,
	0x42,0x29,0x28,0x16,0xc3,0xc1,0x42,0xcd,0xf7,0x42,0x20,0xf8,
	0xcd,0x96,0x6f,0x47,0x11,0xff,0xff,0x18,0x05,0xcd,0xf7,0x42,
	0x20,0xea,0xe5,0x0e,0x14,0x78,0x32,0x78,0x7c,0xed,0x53,0x79,
	0x7c,0xc3,0x65,0x76,0xcd,0xb3,0x77,0xcd,0x09,0x70,0x78,0xfe,
	0x26,0x30,0x3f,0x7e,0xfe,0x29,0x28,0x19,0xcd,0xef,0x42,0x2c,
	0xfe,0x29,0x28,0x11,0xd5,0xc5,0xcd,0x91,0x6f,0xc1,0x4f,0xd1,
	0xcd,0xef,0x42,0x29,0x28,0x0e,0xc3,0xc1,0x42,0xcd,0xf7,0x42,
	0x20,0xf8,0xd5,0xcd,0x96,0x6f,0xd1,0x4f,0xe5,0x79,0x32,0x78,
	0x7c,0xed,0x53,0x79,0x7c,0x78,0x32,0x7b,0x7c,0xaf,0x32,0x7c,
	0x7c,0x0e,0x13,0xc3,0x65,0x76,0x1e,0x0f,0xdd,0x21,0x6f,0x40,
	0xc3,0x3e,0x7d,0xcd,0xec,0x42,0x28,0x08,0xfe,0x28,0x20,0x04,
	0xcd,0xf7,0x42,0xc0,0xc3,0xc1,0x42,0xcd,0xec,0x42,0x28,0x1f,
	0xfe,0x28,0x20,0x13,0xcd,0xf7,0x42,0x28,0x0e,0xfe,0x29,0x28,
	0x0d,0xcd,0x91,0x6f,0x47,0xcd,0xef,0x42,0x29,0x28,0x0c,0xc3,
	0xc1,0x42,0xcd,0xf7,0x42,0x20,0xf8,0xcd,0x96,0x6f,0x47,0xe5,
	0x0e,0x15,0x78,0x32,0x78,0x7c,0xc3,0x65,0x76,0x00,0x00,0x00,
	0x00,0x00,0x00,0x00,0x00,0x00,0x00,0x00,0x00,0xff,0x00,0xfd,
	0xde,0x20,0x55,0x14,0x0c,0x67,0x0a,0xff,0xed,0x00,0x5f,0x00,
	0x9d,0x19,0x43,0x14,0x61,0xaf,0x02,0xfe,0x6f,0x91,0xb6,0x00,
	0x80,0xaf,0x20,0x76,0xfb,0x10,0x79,0x60,0x00,0xfd,0x12,0x5f,
	0xbf,0x44,0xf7,0x00,0x41,0xf7,0x18,0x86,0x02,0x5d,0x90,0x64,
	0xec,0x68,0xd7,0x02,0xa6,0xcd,0x10,0xdf,0xfb,0x84,0x7b,0x20,
	0x80,0xbb,0x20,0x67,0xdd,0x44,0xde,0x01,0x08,0xfb,0x11,0xdb,
	0xfb,0x04,0xfb,0x29,0xee,0x51,0x47,0x03,0x80,0x15,0x0b,0xff,
	0x58,0x90,0xf2,0x04,0x9f,0x7d,0x39,0x7e,0xeb,0x00,0x96,0x70,
	0x63,0x76,0x42,0x77,0xaf,0x82,0xf7,0xd0,0x3a,0x5f,0x48,0xaf,
	0x25,0xde,0x80,0xef,0xfe,0x00,0xfb,0x03,0x00,0x4f,0x81,0xcb,
	0xef,0x25,0xff,0x15,0x18,0x3f,0x04,0xef,0xdb,0x42,0xfe,0x0c,
	0x03,0x7f,0x40,0xde,0xff,0x40,0xff,0x40,0x7f,0x80,0xc7,0x40,
	0x09,0x5f,0x07,0xff,0xf4,0x05,0xbf,0x27,0xa0,0xfe,0x02,0xf7,
	0xfc,0x14,0xef,0x58,0x41,0xf9,0x48,0xaf,0x99,0xb0,0xfc,0x10,
	0x02,0xeb,0x01,0x5f,0x00,0x6f,0x00,0x7d,0xe7,0x09,0x9f,0x20,
	0x11,0xc7,0xa0,0x9f,0xf5,0x33,0x76,0x40,0x50,0x7f,0x68,0xf7,
	0xec,0x2c,0xf5,0x48,0x2a,0x79,0x1c,0x7f,0xe3,0x86,0xd6,0x23,
	0xef,0x0f,0x1e,0x02,0x04,0xfd,0x80,0xcd,0xf5,0x18,0x3f,0x40,
	0x85,0xab,0x02,0x6b,0xbf,0x50,0xf9,0x06,0x11,0xfe,0x8b,0x3f,
	0x46,0x00,0xfd,0x10,0x0a,0xee,0x01,0xfe,0xa4,0xa4,0x14,0x6f,
	0xdb,0x41,0xf7,0x22,0x01,0x77,0x22,0xff,0xfb,0x40,0x97,0xc0,
	0x00,0x49,0x19,0xad,0xff,0x09,0xef,0x74,0x26,0xaf,0x10,0xda,
	0xbf,0x14,0xbf,0xc0,0xfc,0x12,0xeb,0x32,0x00,0xee,0x01,0x5f,
	0x8d,0x4c,0xf6,0x00,0x02,0x6f,0x09,0xfe,0xcf,0xc0,0xf7,0x50,
	0x15,0x5e,0x01,0xff,0xfb,0x18,0xbe,0x20,0xa2,0x9a,0x00,0xc6,
	0x20,0x9d,0x45,0xff,0xfa,0x40,0xf7,0x20,0x80,0xfa,0x00,0x6e,
	0xf8,0x12,0xfe,0x00,0x09,0x7f,0x31,0xee,0xda,0x80,0x5b,0x84,
	0x24,0xff,0x54,0x7f,0xde,0x09,0xaf,0xe3,0xff,0x30,0x9f,0x40,
	0x12,0x9f,0x9f,0xfe,0xaf,0x94,0xee,0x93,0x00,0xd2,0x00,0x7f,
	0xb8,0x10,0xfe,0x08,0x60,0xfe,0x10,0x95,0x9f,0x49,0xff,0x0e,
	0x70,0xba,0x30,0xf7,0x01,0xdd,0x10,0xc9,0xfd,0x81,0xfd,0x01,
	0xa0,0xfb,0x48,0x77,0xff,0x40,0xfd,0x21,0x80,0xf7,0x40,0xf7,
	0xdd,0x0d,0xef,0x08,0x10,0xef,0x01,0x7b,0xff,0x2c,0xf6,0x4a,
	0xe7,0x80,0xdf,0x90,0x02,0xfe,0x8c,0x3e,0xef,0x80,0x7f,0x00,
	0x41,0x7a,0x01,0xdd,0x76,0x18,0xfe,0x08,0x11,0x9f,0x20,0xdd,
	0xff,0x68,0xe7,0x0c,0xb8,0xf9,0x01,0xfb,0x02,0xef,0x02,0xff,
	0x9d,0x20,0xf9,0x33,0x44,0xfd,0x62,0x4f,0xf3,0x30,0x7f,0xa2,
	0x00,0xb5,0x54,0xaf,0xfe,0x22,0xfd,0x44,0x41,0xf1,0x29,0xfe,
	0xb9,0x00,0x6d,0x0d,0xdd,0x10,0xff,0x01,0x80,0xb6,0x90,0xfa,
	0xbf,0x16,0xbf,0x11,0x21,0x4f,0x15,0xdf,0xde,0x04,0xb8,0x05,
	0x08,0xff,0x00,0xff,0x7d,0xa0,0x3f,0x0b,0x45,0x7d,0x04,0xfd,
	0x10,0xbd,0x6c,0x7f,0xfc,0x08,0x63,0x08,0x2e,0x6f,0x10,0x7f,
	0xf3,0x80,0xf9,0x81,0xcc,0x69,0x88,0x7d,0xe6,0x02,0xf9,0x07,
	0x04,0xff,0x00,0xdb,0xb9,0x08,0xff,0x1c,0xfd,0x12,0xbc,0x22,
	0x74,0x72,0x01,0x7f,0xd6,0x60,0xfd,0x1c,0x02,0xee,0x36,0xf7,
	0x7f,0x84,0xb8,0x80,0x0b,0xfe,0xa0,0xf5,0xfd,0x00,0x67,0x81,
	0x21,0xff,0x05,0x62,0x12,0x57,0x21,0x7d,0xff,0x02,0xfb,0x00,
	0x0c,0xff,0xc0,0xff,0xad,0x50,0xfd,0x61,0x11,0xf1,0x5c,0x8f,
	0x5c,0xe8,0x9f,0x10,0x60,0x7c,0x00,0x1d,0xbb,0x02,0xbd,0x80,
	0x9d,0x3a,0xf7,0x12,0x77,0xff,0x12,0xcf,0xff,0x46,0x7f,0x20,
	0x10,0xfe,0x20,0x7f,0xfd,0x34,0xbf,0x08,0x00,0xba,0x09,0x76,
	0xcf,0x63,0xbe,0x86,0x02,0x7f,0xc5,0x1f,0x5c,0xf7,0x0a,0xe7,
	0xff,0x21,0xfe,0x04,0x5a,0xfb,0x10,0xff,0xff,0x48,0xda,0xc4,
	0x40,0x7e,0x00,0xd7,0xdb,0x92,0xff,0x92,0x45,0xe7,0xd6,0xff,
	0xb9,0x44,0xff,0x68,0xf9,0x10,0xad,0x00,0xb0,0xcd,0xa4,0xff,
	0xff,0x04,0xfe,0x48,0x09,0xfd,0x90,0xff,0xfe,0x81,0xff,0x02,
	0x00,0x7f,0x01,0xd4,0xf7,0x88,0x3f,0x60,0x5c,0x6f,0x18,0xfe,
	0xe4,0xd7,0x04,0x7f,0xff,0x83,0xdb,0x22,0x20,0xbb,0x28,0x37,
	0xef,0x0a,0xf8,0x00,0x93,0xff,0x25,0x6f,0xcf,0x4c,0xdb,0x4d,
	0xc0,0xfe,0x00,0xfd,0xf8,0x03,0xbf,0x00,0xed,0x10,0xe7,0x42,
	0x31,0xff,0x00,0x5f,0xdf,0x04,0xd3,0x00,0xd0,0x7e,0x15,0xdf,
	0xfb,0x02,0xff,0x05,0x98,0x7f,0x04,0xfe,0x7e,0x01,0xde,0x0f,
	0x82,0xf7,0xa1,0xfa,0x83,0xf3,0x80,0xef,0x5b,0x14,0x3d,0xb0,
	0x18,0xef,0x5c,0xff,0xfe,0x00,0xfd,0x41,0x3a,0xdd,0x18,0xff,
	0xd3,0x84,0x5d,0x49,0x00,0x3f,0x80,0x3b,0xdf,0x80,0xff,0x59,
	0xdf,0x0e,0xed,0x96,0x20,0xbf,0x02,0x7f,0x3f,0x84,0x77,0x4a,
	0x40,0x7a,0xa0,0xdf,0xb5,0xd5,0x7f,0x40,0x00,0x9f,0x41,0xfc,
	0xfa,0x08,0xde,0x10,0x82,0xf7,0x00,0xcf,0x1a,0xf4,0x43,0xfe,
	0xff,0x20,0xcf,0x50,0x82,0xff,0x0e,0xbe,0xfe,0x88,0xbf,0xc0,
	0x80,0xf9,0x06,0x7f,0xeb,0x21,0xf7,0x40,0x60,0xff,0x03,0xf3,
	0x2f,0x80,0xff,0x04,0xff,0x54,0xb7,0x14,0x61,0x6d,0x20,0x6f,
	0xef,0xd2,0xd7,0x04,0x83,0xff,0x38,0xfe,0x9f,0x01,0xfc,0x02,
	0x40,0x9f,0x0a,0xfc,0xfe,0x82,0xaf,0x00,0x09,0xaf,0x82,0x7f,
	0x50,0xec,0x00,0xee,0xef,0x09,0xfd,0x47,0x01,0x6f,0x60,0x2f,
	0xbb,0x79,0xb6,0x00,0x44,0xb2,0x88,0xa9,0xff,0x81,0xff,0x01,
	0x10,0xcd,0x21,0x7e,0xf4,0x00,0xed,0x50,0xdf,0x40,0xfc,0x00,
	0xab,0xff,0x44,0xfb,0xcf,0x00,0xb9,0x41,0x10,0xfa,0xc0,0xfd,
	0x3d,0x12,0xff,0x91,0x70,0xfc,0x09,0x75,0xe7,0x03,0xf3,0x00,
	0x24,0xba,0x48,0xaf,0x00,0xf9,0x44,0xbb,0xbb,0x00,0xf7,0x08,
	0x04,0xfe,0x20,0xfb,0xf1,0x44,0x7f,0x40,0x08,0xf6,0x20,0xdf,
	0x97,0x01,0xcb,0x80,0xad,0xfb,0x04,0xed,0xf5,0x01,0xc7,0x99,
	0xf2,0x40,0xb9,0x04,0x08,0xed,0x23,0xdf,0xfe,0x0a,0xfb,0x0c,
	0x00,0xfe,0x08,0xea,0x9f,0x30,0xf7,0x36,0x01,0xf1,0x00,0xe7,
	0xaf,0x00,0x9f,0x00,0x0f,0x7f,0x40,0xf7,0x00,0xdb,0x08,0xf6,
	0xee,0x10,0xbf,0x88,0x10,0xff,0x00,0xfb,0x6a,0x20,0x36,0x00,
	0xc1,0x7b,0x06,0x79,0xbe,0x00,0xc7,0x04,0x10,0xef,0xf1,0x2f,
	0xd6,0x19,0xfb,0x8d,0xff,0x69,0x5f,0x81,0x82,0xb6,0x04,0x9f,
	0xfa,0x48,0x78,0x40,0x00,0xf3,0x80,0x39,0xff,0x84,0xc3,0x21,
	0x07,0xd9,0x82,0xb7,0xbf,0x00,0xa7,0x15,0x00,0xb7,0x00,0x37,
	0x04,0xd7,0x09,0x6f,0x7b,0x30,0xbf,0xc8,0x4a,0x5f,0x00,0x7f,
	0x5b,0x00,0xef,0x90,0x24,0xfb,0x80,0x3f,0xff,0x2e,0xf6,0x1c,
	0x08,0x7f,0x04,0xbf,0xcf,0x04,0xfb,0x0d,0xff,0x00,0xdd,0x00,
	0x20,0xfb,0x20,0x6f,0xfd,0x59,0xff,0x00,0x00,0xd4,0x05,0x65,
	0xde,0x10,0x77,0x56,0x28,0x9b,0x10,0x9b,0xe9,0x84,0xcf,0x0a,
	0x01,0xfe,0x06,0xff,0xa8,0xee,0x22,0xe7,0x7d,0x22,0xda,0x00,
	0x00,0x00,0x00,0x00,0x7f,0x68,0xdf,0x00,0x00,0x78,0x00,0x7a,
	0x00,0x79,0x00,0x7b,0x64,0x2b,0x7c,0x78,0x7e,0x0a,0xb7,0x1a,
	0xed,0x5b,0xe6,0x01,0x06,0x7d,0xf3,0x7d,0xf3,0x53,0x7e,0x01,
	0x00,0x03,0x00,0x00,0x00,0x00,0x00,0x00,0x00,0x00,0x00,0x00,
	0x00,0x00,0x00,0x00,0x00,0x00,0x00,0x00,0x00,0x00,0x00,0x00,
	0x00,0x03,0x00,0x00,0x00,0x00,0x00,0x00,0x00,0x00,0x00,0x00,
	0x00,0x00,0x00,0x00,0x00,0x00,0x00,0x00,0x00,0x00,0x00,0x00,
	0x00,0x00,0x00,0x00,0x00,0x00,0x00,0x00,0x00,0x00,0x00,0x00,
	0x00,0x00,0x00,0x00,0x00,0x00,0x00,0x00,0x00,0x00,0x00,0x00,
	0x00,0x00,0x00,0x00,0x00,0x00,0x00,0x00,0x00,0x00,0x00,0x00,
	0x00,0x00,0x00,0x00,0x00,0x00,0x00,0x00,0x00,0x00,0x00,0x00,
	0x00,0x00,0x00,0x00,0x00,0x00,0x03,0x03,0xde,0x24,0x47,0x24,
	0x24,0x93,0x46,0x7a,0xc7,0x10,0xfb,0x31,0x4b,0x48,0xf3,0x18,
	0x8a,0xff,0x08,0xef,0xfb,0x00,0xbd,0x00,0xc8,0xef,0x00,0x00,
	0x01,0x38,0x00,0x8f,0xc9,0xc9,0xc9,0xc9,0xc9,0xc9,0xc9,0xc9,
	0xc9,0xc9,0xc9,0xc9,0xc9,0xc9,0xc9,0xc9,0xc9,0xc9,0xc9,0xc9,
	0xc9,0xc9,0xc9,0xc9,0xc9,0x00,0xcd,0x43,0x7d,0xfb,0xc9,0xfd,
	0xe5,0xfd,0x2a,0xc0,0xfc,0xcd,0x1c,0x00,0xfd,0xe1,0xc9,0x48,
	0xf9,0x16,0x7b,0x00,0x00,0x77,0x00,0x00,0xbf,0xe0,0xbd,0x8a,
	0x83,0xfd,0xac,0xfc,0xcc,0x08,0x77,0x20,0x23,0xe1,0x03,0xef,
	0xff,0x00,0xfa,0x39,0x0a,0x7d,0xa0,0xe5,0xd0,0xda,0x02,0xf9,
	0xbf,0x10,0xeb,0x00,0xc0,0x7b,0xd4,0x79,0xe7,0x01,0x3f,0x12,
	0x00,0xfb,0x22,0x7b,0xd7,0x80,0xa7,0x00,0xa0,0x6f,0x20,0xbf,
	0x7f,0x10,0xff,0x1b,0x7f,0x00,0x6f,0x20,0x40,0x32,0xe0,0xce,
	0xff,0x60,0xdf,0x00,0x80,0xf4,0xa0,0xe7,0xff,0x60,0xf7,0x5c,
	0x10,0xdd,0x40,0xff,0xdf,0x20,0xdc,0x00,0x09,0xf7,0x5a,0xdf,
	0x40,0xc7,0xa4,0x3f,0x2f,0x12,0x7f,0xb8,0xa8,0xff,0x18,0xf7,
	0xfe,0x48,0xfd,0x01,0x01,0xbe,0x25,0xef,0xfa,0x00,0xed,0x16,
	0x20,0xf8,0x08,0x7e,0xff,0x60,0x2f,0x0c,0xff,0x30,0xd7,0x01,
	0xc4,0xbf,0x90,0xd7,0x9f,0x20,0x7f,0x0d,0x36,0xbd,0x48,0xee,
	0x73,0x34,0x7a,0x24,0x91,0xfb,0x20,0xf7,0xef,0x03,0x5e,0x02,
	0x60,0x54,0xa2,0xff,0x02,0xbf,0x01,0x6e,0x77,0xa4,0xff,0x48,
	0x06,0xc9,0x8a,0x6f,0xbb,0x00,0xc7,0x82,0x80,0xfe,0xe8,0xd3,
	0xdf,0x00,0x7f,0x13,0x05,0xcb,0x44,0xd7,0x7d,0x00,0xff,0x28,
	0xce,0x21,0xfb,0x00,0x26,0x7f,0x42,0xe7,0x5f,0x10,0xfa,0x40,
	0x01,0xff,0x18,0xfe,0xff,0x10,0xf3,0x51,0x18,0xaf,0x44,0xff,
	0xae,0x10,0xff,0x4d,0x28,0xdd,0xa4,0xff,0x04,0xd7,0x49,0x3f,
	0xff,0x04,0xfc,0x30,0x14,0xbf,0x12,0xfe,0xff,0x02,0xff,0x10,
	0xd0,0xff,0x44,0xbf,0xff,0x0a,0x7f,0x10,0x22,0xf7,0x80,0xb7,
	0x7f,0x02,0xfd,0x10,0x3d,0x44,0x7e,0x04,0x6c,0xff,0x04,0xdf,
	0xcd,0x00,0xda,0x32,0x16,0xb7,0xf0,0xff,0xd6,0x00,0x39,0x44,
	0xa4,0xbe,0x44,0xef,0xae,0x26,0xcf,0x84,0x44,0xff,0x70,0x77,
	0x40,0xfd,0x02,0x5f,0xff,0xc4,0xde,0xc8,0x48,0x5c,0x42,0xbf,
	0x7f,0x40,0xfd,0xd0,0xa4,0x7f,0x3a,0xfb,0x7f,0x10,0xff,0x00,
	0x01,0xff,0x44,0x7b,0xbb,0x9d,0xef,0x89,0xc5,0x32,0x3d,0x87,
	0x50,0xce,0x1b,0x7f,0xfb,0x29,0xab,0x84,0x80,0x5f,0x08,0xbd,
	0xfe,0x02,0xea,0x21,0x80,0x2d,0x00,0xfd,0xdb,0xb4,0xff,0x68,
	0xe4,0xff,0x8b,0xf3,0x21,0xb9,0xa1,0xd7,0xfd,0x23,0xaa,0x04,
	0x19,0xf8,0x00,0x7f,0xf7,0x40,0xc4,0x8d,0x00,0xd7,0x04,0xf7,
	0xb5,0x10,0xef,0x01,0x13,0xfb,0x82,0x3f,0xe7,0x45,0xff,0x01,
	0xfe,0x2b,0xef,0x09,0x04,0xdf,0x05,0xff,0xfe,0x28,0xbf,0x30,
	0x62,0xfb,0xc0,0xf1,0x71,0x20,0xed,0x04,0xa3,0xe5,0x26,0xee,
	0x77,0x15,0xf7,0x00,0x8a,0xdb,0xc0,0xff,0x04,0xff,0x40,0xdb,
	0xf3,0x00,0xdf,0x47,0x8a,0x5f,0x01,0xb1,0xde,0x80,0xf2,0x82,
	0xa4,0x37,0x22,0x7f,0xb7,0x05,0xcf,0x0a,0x30,0xf7,0x00,0xfd,
	0xcd,0xc0,0x3f,0x6c,0xed,0x8c,0xff,0x01,0x86,0xce,0x84,0xdf,
	0x77,0x03,0x9d,0xa0,0x18,0xf6,0x08,0x9c,0xf4,0x12,0x3f,0x04,
	0x04,0xbb,0x32,0x5e,0xef,0x20,0xb5,0x83,0x0e,0xfb,0x26,0x67,
	0x04,0xb7,0x20,0xfd,0x7f,0xb4,0xfe,0x74,0x21,0xfd,0x20,0xe6,
	0xf3,0x81,0xbf,0x20,0x55,0x37,0x40,0xf7,0xfd,0x21,0xc9,0x41,
	0x00,0xb5,0x84,0xbb,0x7f,0x0c,0xf7,0x8f,0x8f,0x10,0xff,0x43,
	0x00,0xfb,0x04,0x7f,0xd7,0x64,0xfb,0xa2,0x10,0xad,0x12,0xbf,
	0xf4,0x69,0xd2,0x50,0x10,0xff,0x90,0x7f,0xcb,0x20,0x7b,0x80,
	0x00,0xfe,0x4c,0xec,0x18,0xfc,0x24,0xed,0xdb,0x20,0xe3,0xc0,
	0x80,0xf7,0x32,0xde,0x7f,0x01,0xfd,0x01,0x53,0x4d,0x09,0x56,
	0xbe,0x05,0xba,0x26,0xc0,0xdd,0x08,0xfe,0x19,0x82,0xdb,0x8a,
	0x1f,0xd0,0x6f,0xcf,0x94,0xd0,0x88,0xff,0x9e,0x71,0x6f,0x04,
	0x60,0xff,0x3a,0xff,0xfd,0x08,0xf3,0x62,0xc0,0xef,0x01,0xfb,
	0xfd,0x13,0x1d,0x90,0x4b,0xfb,0x80,0x9b,0x00,0x7d,0xb1,0xaf,
	0xff,0x68,0x6a,0x50,0xf0,0x6f,0x60,0xed,0xdf,0x04,0xb7,0x16,
	0x01,0x7f,0xc8,0xbb,0xee,0x40,0x7c,0x10,0x01,0xfd,0x46,0xbb,
	0xe5,0x1e,0x93,0x71,0x9f,0x20,0xff,0x60,0x2a,0xf3,0x86,0xd7,
	0xec,0x40,0xf6,0x15,0x00,0xff,0x10,0xf6,0xdf,0x01,0xff,0x18,
	0x81,0xf7,0x20,0xf6,0x6c,0x08,0xfa,0x04,0x09,0xe6,0x02,0xd7,
	0xf9,0x27,0x0c,0xf7,0xba,0x08,0x64,0x01,0x14,0xbf,0x00,0xef,
	0x2f,0x64,0xaf,0x24,0xed,0x79,0x70,0xed,0x51,0xc9,0x21,0x12,
	0x80,0x11,0xdf,0xf8,0x01,0x10,0x00,0xed,0xb0,0xc9,0x5f,0x70,
	0x6f,0x66,0x66,0x0d,0x00,0x20,0x20,0x20,0x20,0x20,0x20,0x20,
	0x20,0x20,0xed,0x4b,0x7c,0x7c,0xcd,0x21,0x46,0xd8,0xed,0x53,
	0x78,0x7c,0xed,0x53,0x7a,0x7c,0xf3,0xd5,0xd5,0xcd,0x62,0x46,
	0xe6,0x0f,0x32,0x9d,0x7c,0xc1,0xd1,0xb7,0xc9,0x48,0x45,0x4c,
	0x50,0x00,0x10,0x71,0x57,0x48,0x4f,0x00,0x1a,0x71,0x54,0x41,
	0x4c,0x4b,0x00,0x65,0x71,0x50,0x4f,0x4b,0x45,0x00,0x07,0x76,
	0x50,0x45,0x45,0x4b,0x00,0x83,0x76,0x4f,0x4e,0x4c,0x49,0x00,
	0xa9,0x70,0x4f,0x4e,0x4c,0x49,0x4e,0x00,0xa9,0x70,0x4f,0x4e,
	0x4c,0x49,0x4e,0x45,0x00,0xa9,0x70,0x4f,0x46,0x46,0x4c,0x00,
	0xad,0x70,0x4f,0x46,0x46,0x4c,0x49,0x00,0xad,0x70,0x4f,0x46,
	0x46,0x4c,0x49,0x4e,0x00,0xad,0x70,0x4f,0x46,0x46,0x4c,0x49,
	0x4e,0x45,0x00,0xad,0x70,0x3f,0x56,0x45,0x52,0x00,0xb1,0x6e,
	0x3f,0x52,0x45,0x4c,0x00,0xb8,0x6e,0x6e,0x65,0x74,0x69,0x00,
	0x92,0x70,0x6e,0x65,0x74,0x69,0x6e,0x00,0x92,0x70,0x6e,0x65,
	0x74,0x69,0x6e,0x69,0x00,0x92,0x70,0x6e,0x65,0x74,0x69,0x6e,
	0x69,0x74,0x00,0x92,0x70,0x6e,0x65,0x74,0x65,0x00,0x9f,0x70,
	0x6e,0x65,0x74,0x65,0x6e,0x00,0x9f,0x70,0x6e,0x65,0x74,0x65,
	0x6e,0x64,0x00,0x9f,0x70,0x72,0x61,0x74,0x65,0x00,0xf7,0x6e,
	0xff,0x48,0x45,0x4c,0x50,0x00,0x10,0x71,0x57,0x48,0x4f,0x00,
	0x1a,0x71,0x54,0x41,0x4c,0x4b,0x00,0x65,0x71,0x53,0x45,0x4e,
	0x44,0x00,0xe7,0x71,0x42,0x53,0x45,0x4e,0x00,0xc5,0x72,0x42,
	0x53,0x45,0x4e,0x44,0x00,0xc5,0x72,0x52,0x45,0x43,0x45,0x00,
	0x6e,0x72,0x52,0x45,0x43,0x45,0x49,0x00,0x6e,0x72,0x52,0x45,
	0x43,0x45,0x49,0x56,0x00,0x6e,0x72,0x52,0x45,0x43,0x45,0x49,
	0x56,0x45,0x00,0x6e,0x72,0x42,0x52,0x45,0x43,0x00,0x59,0x74,
	0x42,0x52,0x45,0x43,0x45,0x00,0x59,0x74,0x42,0x52,0x45,0x43,
	0x45,0x49,0x00,0x59,0x74,0x42,0x52,0x45,0x43,0x45,0x49,0x56,
	0x00,0x59,0x74,0x42,0x52,0x45,0x43,0x45,0x49,0x56,0x45,0x00,
	0x59,0x74,0x50,0x4f,0x4b,0x45,0x00,0x07,0x76,0x50,0x45,0x45,
	0x4b,0x00,0x83,0x76,0x4f,0x4e,0x4c,0x49,0x00,0xa9,0x70,0x4f,
	0x4e,0x4c,0x49,0x4e,0x00,0xa9,0x70,0x4f,0x4e,0x4c,0x49,0x4e,
	0x45,0x00,0xa9,0x70,0x4f,0x46,0x46,0x4c,0x00,0xad,0x70,0x4f,
	0x46,0x46,0x4c,0x49,0x00,0xad,0x70,0x4f,0x46,0x46,0x4c,0x49,
	0x4e,0x00,0xad,0x70,0x4f,0x46,0x46,0x4c,0x49,0x4e,0x45,0x00,
	0xad,0x70,0x3f,0x56,0x45,0x52,0x00,0xb1,0x6e,0x3f,0x52,0x45,
	0x4c,0x00,0xb8,0x6e,0x6e,0x65,0x74,0x69,0x00,0x92,0x70,0x6e,
	0x65,0x74,0x69,0x6e,0x00,0x92,0x70,0x6e,0x65,0x74,0x69,0x6e,
	0x69,0x00,0x92,0x70,0x6e,0x65,0x74,0x69,0x6e,0x69,0x74,0x00,
	0x92,0x70,0x6e,0x65,0x74,0x65,0x00,0x9f,0x70,0x6e,0x65,0x74,
	0x65,0x6e,0x00,0x9f,0x70,0x6e,0x65,0x74,0x65,0x6e,0x64,0x00,
	0x9f,0x70,0x72,0x61,0x74,0x65,0x00,0xf7,0x6e,0xff,0x48,0x45,
	0x4c,0x50,0x00,0x10,0x71,0x57,0x48,0x4f,0x00,0x1a,0x71,0x53,
	0x45,0x4e,0x44,0x00,0xe7,0x71,0x53,0x4e,0x44,0x52,0x00,0x5d,
	0x72,0x53,0x4e,0x44,0x52,0x55,0x00,0x5d,0x72,0x53,0x4e,0x44,
	0x52,0x55,0x4e,0x00,0x5d,0x72,0x42,0x53,0x45,0x4e,0x00,0xc5,
	0x72,0x42,0x53,0x45,0x4e,0x44,0x00,0xc5,0x72,0x52,0x45,0x43,
	0x45,0x00,0x6e,0x72,0x52,0x45,0x43,0x45,0x49,0x00,0x6e,0x72,
	0x52,0x45,0x43,0x45,0x49,0x56,0x00,0x6e,0x72,0x52,0x45,0x43,
	0x45,0x49,0x56,0x45,0x00,0x6e,0x72,0x42,0x52,0x45,0x43,0x00,
	0x59,0x74,0x42,0x52,0x45,0x43,0x45,0x00,0x59,0x74,0x42,0x52,
	0x45,0x43,0x45,0x49,0x00,0x59,0x74,0x42,0x52,0x45,0x43,0x45,
	0x49,0x56,0x00,0x59,0x74,0x42,0x52,0x45,0x43,0x45,0x49,0x56,
	0x45,0x00,0x59,0x74,0x53,0x4e,0x44,0x4d,0x00,0x70,0x75,0x53,
	0x4e,0x44,0x4d,0x41,0x00,0x70,0x75,0x53,0x4e,0x44,0x4d,0x41,
	0x49,0x00,0x70,0x75,0x53,0x4e,0x44,0x4d,0x41,0x49,0x4c,0x00,
	0x70,0x75,0x52,0x43,0x56,0x4d,0x00,0x9c,0x75,0x52,0x43,0x56,
	0x4d,0x41,0x00,0x9c,0x75,0x52,0x43,0x56,0x4d,0x41,0x49,0x00,
	0x9c,0x75,0x52,0x43,0x56,0x4d,0x41,0x49,0x4c,0x00,0x9c,0x75,
	0x4d,0x45,0x53,0x53,0x00,0xb7,0x75,0x4d,0x45,0x53,0x53,0x41,
	0x00,0xb7,0x75,0x4d,0x45,0x53,0x53,0x41,0x47,0x00,0xb7,0x75,
	0x4d,0x45,0x53,0x53,0x41,0x47,0x45,0x00,0xb7,0x75,0x50,0x4f,
	0x4b,0x45,0x00,0x07,0x76,0x50,0x45,0x45,0x4b,0x00,0x83,0x76,
	0x52,0x55,0x4e,0x00,0xfd,0x76,0x53,0x54,0x4f,0x50,0x00,0xc3,
	0x77,0x3f,0x56,0x45,0x52,0x00,0xb1,0x6e,0x3f,0x52,0x45,0x4c,
	0x00,0xb8,0x6e,0x50,0x4f,0x4e,0x00,0xb1,0x70,0x50,0x4f,0x46,
	0x46,0x00,0xb5,0x70,0x53,0x4e,0x44,0x43,0x00,0x60,0x77,0x53,
	0x4e,0x44,0x43,0x4d,0x00,0x60,0x77,0x53,0x4e,0x44,0x43,0x4d,
	0x44,0x00,0x60,0x77,0x43,0x48,0x45,0x43,0x00,0x18,0x6f,0x43,
	0x48,0x45,0x43,0x4b,0x00,0x18,0x6f,0x45,0x4e,0x41,0x43,0x00,
	0xbe,0x70,0x45,0x4e,0x41,0x43,0x4f,0x00,0xbe,0x70,0x45,0x4e,
	0x41,0x43,0x4f,0x4d,0x00,0xbe,0x70,0x44,0x49,0x53,0x43,0x00,
	0xe7,0x70,0x44,0x49,0x53,0x43,0x4f,0x00,0xe7,0x70,0x44,0x49,
	0x53,0x43,0x4f,0x4d,0x00,0xe7,0x70,0x6e,0x65,0x74,0x69,0x00,
	0x92,0x70,0x6e,0x65,0x74,0x69,0x6e,0x00,0x92,0x70,0x6e,0x65,
	0x74,0x69,0x6e,0x69,0x00,0x92,0x70,0x6e,0x65,0x74,0x69,0x6e,
	0x69,0x74,0x00,0x92,0x70,0x6e,0x65,0x74,0x65,0x00,0x9f,0x70,
	0x6e,0x65,0x74,0x65,0x6e,0x00,0x9f,0x70,0x6e,0x65,0x74,0x65,
	0x6e,0x64,0x00,0x9f,0x70,0x72,0x61,0x74,0x65,0x00,0xf7,0x6e,
	0xff,0x11,0xd3,0x83,0x18,0x03,0x11,0xdf,0x83,0xe5,0x1a,0xb7,
	0x28,0x06,0xcd,0x69,0x4f,0x13,0x18,0xf6,0xe1,0xb7,0xc9,0x20,
	0x20,0x56,0x65,0x72,0x20,0x33,0x2e,0x30,0x0d,0x0a,0x00,0x20,
	0x20,0x58,0x2e,0x52,0x4e,0x54,0x2e,0x33,0x30,0x2e,0x30,0x30,
	0x37,0x0d,0x0a,0x00,0xc5,0xd5,0xe5,0xeb,0xcd,0x14,0x84,0x7c,
	0xe6,0x3f,0xf6,0x40,0xf5,0x7c,0xe6,0xc0,0xb2,0x07,0x07,0xf3,
	0xd3,0x99,0x3e,0x8e,0xd3,0x99,0x7d,0xd3,0x99,0xf1,0xd3,0x99,
	0xe1,0xd1,0xc1,0xc9,0x3a,0xaf,0xfc,0x4f,0x3a,0xf6,0xfa,0xa7,
	0x21,0x24,0x84,0x20,0x0b,0xeb,0x57,0xc9,0x35,0x84,0x41,0x84,
	0x41,0x84,0x41,0x84,0x06,0x00,0x09,0x09,0x4e,0x23,0x66,0x69,
	0xe9,0x3a,0xb0,0xf3,0xfe,0x29,0x3a,0xf6,0xfa,0x38,0x04,0x18,
	0x01,0x87,0x87,0x87,0x87,0x87,0x87,0x67,0x3e,0x00,0x6f,0x8f,
	0x19,0x57,0xc9,0xcd,0x31,0x4d,0xc8,0x3a,0xd9,0x83,0x57,0x3a,
	0xdb,0x83,0x5f,0xd5,0xcd,0x5d,0x4f,0x21,0x8a,0x84,0x06,0x1a,
	0xcd,0x82,0x84,0xd1,0xd5,0x7a,0xcd,0x69,0x4f,0x06,0x01,0xcd,
	0x82,0x84,0xd1,0x7b,0xcd,0x69,0x4f,0x06,0x05,0xcd,0x82,0x84,
	0xcd,0x22,0x51,0xc3,0x5d,0x4f,0x7e,0xcd,0x69,0x4f,0x23,0x10,
	0xf9,0xc9,0x43,0x6c,0x61,0x73,0x73,0x72,0x6f,0x6f,0x6d,0x20,
	0x6e,0x65,0x74,0x77,0x6f,0x72,0x6b,0x20,0x76,0x65,0x72,0x73,
	0x69,0x6f,0x6e,0x20,0x2e,0x20,0x20,0x4e,0x6f,0x2e,0x21,0xf1,
	0x86,0xa7,0x28,0x15,0x21,0xf7,0x84,0xcd,0xc5,0x84,0xcd,0x22,
	0x51,0x21,0x07,0x85,0x3a,0xba,0x7c,0xb7,0x28,0x03,0x21,0xb0,
	0x85,0x7e,0x23,0x3c,0xc8,0x3d,0xcd,0x3b,0x43,0xcd,0xe5,0x84,
	0x28,0xf3,0x3a,0x9b,0xfc,0xfe,0x03,0xc8,0xcd,0xe5,0x84,0x28,
	0xfb,0x3a,0x9b,0xfc,0xfe,0x03,0xc8,0x18,0xe0,0xe5,0x2a,0xfa,
	0xf3,0xed,0x5b,0xf8,0xf3,0xb7,0xe5,0xed,0x52,0xe1,0x22,0xf8,
	0xf3,0xe1,0xc9,0x53,0x74,0x75,0x64,0x65,0x6e,0x74,0x20,0x20,
	0x20,0x20,0x4e,0x6f,0x2e,0x20,0xff,0x0d,0x0a,0x0d,0x0a,0x20,
	0x20,0x5f,0x48,0x45,0x4c,0x50,0x0d,0x0a,0x20,0x20,0x5f,0x57,
	0x48,0x4f,0x20,0x20,0x20,0x20,0x20,0x20,0x28,0x76,0x61,0x72,
	0x69,0x61,0x62,0x6c,0x65,0x29,0x0d,0x0a,0x20,0x20,0x5f,0x54,
	0x41,0x4c,0x4b,0x20,0x20,0x20,0x20,0x20,0x28,0x22,0x6d,0x65,
	0x73,0x73,0x61,0x67,0x65,0x22,0x2c,0x73,0x74,0x61,0x74,0x75,
	0x73,0x29,0x0d,0x0a,0x20,0x20,0x5f,0x50,0x4f,0x4b,0x45,0x20,
	0x20,0x20,0x20,0x20,0x28,0x76,0x61,0x6c,0x75,0x65,0x2c,0x61,
	0x64,0x72,0x29,0x0d,0x0a,0x20,0x20,0x5f,0x50,0x45,0x45,0x4b,
	0x20,0x20,0x20,0x20,0x20,0x28,0x76,0x61,0x72,0x69,0x61,0x62,
	0x6c,0x65,0x2c,0x61,0x64,0x72,0x29,0x0d,0x0a,0x20,0x20,0x5f,
	0x4f,0x4e,0x4c,0x49,0x4e,0x45,0x0d,0x0a,0x20,0x20,0x5f,0x4f,
	0x46,0x46,0x4c,0x49,0x4e,0x45,0x0d,0x0a,0x20,0x20,0x5f,0x4e,
	0x45,0x54,0x49,0x4e,0x49,0x54,0x0d,0x0a,0x20,0x20,0x5f,0x4e,
	0x45,0x54,0x45,0x4e,0x44,0x0d,0x0a,0xff,0x0d,0x0a,0x0d,0x0a,
	0x20,0x20,0x5f,0x48,0x45,0x4c,0x50,0x0d,0x0a,0x20,0x20,0x5f,
	0x57,0x48,0x4f,0x20,0x20,0x20,0x20,0x20,0x20,0x28,0x76,0x61,
	0x72,0x69,0x61,0x62,0x6c,0x65,0x29,0x0d,0x0a,0x20,0x20,0x5f,
	0x54,0x41,0x4c,0x4b,0x20,0x20,0x20,0x20,0x20,0x28,0x22,0x6d,
	0x65,0x73,0x73,0x61,0x67,0x65,0x22,0x2c,0x6e,0x6f,0x29,0x0d,
	0x0a,0x20,0x20,0x20,0x20,0x20,0x20,0x20,0x20,0x20,0x20,0x20,
	0x20,0x28,0x22,0x6d,0x65,0x73,0x73,0x61,0x67,0x65,0x22,0x2c,
	0x73,0x74,0x61,0x74,0x75,0x73,0x29,0x0d,0x0a,0x20,0x20,0x5f,
	0x50,0x4f,0x4b,0x45,0x20,0x20,0x20,0x20,0x20,0x28,0x76,0x61,
	0x6c,0x75,0x65,0x2c,0x61,0x64,0x72,0x29,0x0d,0x0a,0x20,0x20,
	0x5f,0x50,0x45,0x45,0x4b,0x20,0x20,0x20,0x20,0x20,0x28,0x76,
	0x61,0x72,0x69,0x61,0x62,0x6c,0x65,0x2c,0x61,0x64,0x72,0x29,
	0x0d,0x0a,0x20,0x20,0x5f,0x4f,0x4e,0x4c,0x49,0x4e,0x45,0x0d,
	0x0a,0x20,0x20,0x5f,0x4f,0x46,0x46,0x4c,0x49,0x4e,0x45,0x0d,
	0x0a,0x20,0x20,0x5f,0x4e,0x45,0x54,0x49,0x4e,0x49,0x54,0x0d,
	0x0a,0x20,0x20,0x5f,0x4e,0x45,0x54,0x45,0x4e,0x44,0x0d,0x0a,
	0x20,0x20,0x5f,0x53,0x45,0x4e,0x44,0x20,0x20,0x20,0x20,0x20,
	0x28,0x22,0x66,0x69,0x6c,0x65,0x22,0x2c,0x6e,0x6f,0x29,0x0d,
	0x0a,0x20,0x20,0x5f,0x52,0x45,0x43,0x45,0x49,0x56,0x45,0x20,
	0x20,0x28,0x22,0x66,0x69,0x6c,0x65,0x22,0x2c,0x6e,0x6f,0x29,
	0x0d,0x0a,0x20,0x20,0x5f,0x42,0x53,0x45,0x4e,0x44,0x20,0x20,
	0x20,0x20,0x28,0x22,0x66,0x69,0x6c,0x65,0x22,0x2c,0x6e,0x6f,
	0x2c,0x73,0x74,0x61,0x72,0x74,0x2c,0x65,0x6e,0x64,0x2c,0x73,
	0x29,0x0d,0x0a,0x20,0x20,0x5f,0x42,0x52,0x45,0x43,0x45,0x49,
	0x56,0x45,0x20,0x28,0x22,0x66,0x69,0x6c,0x65,0x22,0x2c,0x6e,
	0x6f,0x2c,0x73,0x74,0x61,0x72,0x74,0x2c,0x65,0x6e,0x64,0x2c,
	0x73,0x29,0x0d,0x0a,0xff,0x54,0x65,0x61,0x63,0x68,0x65,0x72,
	0x0d,0x0a,0x0d,0x0a,0x20,0x20,0x5f,0x48,0x45,0x4c,0x50,0x0d,
	0x0a,0x20,0x20,0x5f,0x57,0x48,0x4f,0x20,0x20,0x20,0x20,0x20,
	0x20,0x28,0x76,0x61,0x72,0x69,0x61,0x62,0x6c,0x65,0x29,0x0d,
	0x0a,0x20,0x20,0x5f,0x53,0x45,0x4e,0x44,0x20,0x20,0x20,0x20,
	0x20,0x28,0x22,0x66,0x69,0x6c,0x65,0x22,0x2c,0x6e,0x6f,0x29,
	0x0d,0x0a,0x20,0x20,0x5f,0x53,0x4e,0x44,0x52,0x55,0x4e,0x20,
	0x20,0x20,0x28,0x22,0x66,0x69,0x6c,0x65,0x22,0x2c,0x6e,0x6f,
	0x29,0x0d,0x0a,0x20,0x20,0x5f,0x42,0x53,0x45,0x4e,0x44,0x20,
	0x20,0x20,0x20,0x28,0x22,0x66,0x69,0x6c,0x65,0x22,0x2c,0x6e,
	0x6f,0x2c,0x73,0x74,0x61,0x72,0x74,0x2c,0x65,0x6e,0x64,0x2c,
	0x53,0x29,0x0d,0x0a,0x20,0x20,0x5f,0x52,0x45,0x43,0x45,0x49,
	0x56,0x45,0x20,0x20,0x28,0x22,0x66,0x69,0x6c,0x65,0x22,0x2c,
	0x6e,0x6f,0x29,0x0d,0x0a,0x20,0x20,0x5f,0x42,0x52,0x45,0x43,
	0x45,0x49,0x56,0x45,0x20,0x28,0x22,0x66,0x69,0x6c,0x65,0x22,
	0x2c,0x6e,0x6f,0x2c,0x73,0x74,0x61,0x72,0x74,0x2c,0x65,0x6e,
	0x64,0x2c,0x53,0x29,0x0d,0x0a,0x20,0x20,0x5f,0x53,0x4e,0x44,
	0x4d,0x41,0x49,0x4c,0x20,0x20,0x28,0x6e,0x6f,0x29,0x0d,0x0a,
	0x20,0x20,0x5f,0x52,0x43,0x56,0x4d,0x41,0x49,0x4c,0x20,0x20,
	0x28,0x6e,0x6f,0x29,0x0d,0x0a,0x20,0x20,0x5f,0x4d,0x45,0x53,
	0x53,0x41,0x47,0x45,0x20,0x20,0x28,0x22,0x6d,0x65,0x73,0x73,
	0x61,0x67,0x65,0x22,0x2c,0x6e,0x6f,0x29,0x0d,0x0a,0x20,0x20,
	0x5f,0x53,0x4e,0x44,0x43,0x4d,0x44,0x20,0x20,0x20,0x28,0x22,
	0x63,0x6f,0x6d,0x6d,0x61,0x6e,0x64,0x22,0x2c,0x6e,0x6f,0x29,
	0x0d,0x0a,0x20,0x20,0x5f,0x52,0x55,0x4e,0x20,0x20,0x20,0x20,
	0x20,0x20,0x28,0x6e,0x6f,0x2c,0x73,0x74,0x61,0x72,0x74,0x20,
	0x23,0x29,0x0d,0x0a,0x20,0x20,0x5f,0x53,0x54,0x4f,0x50,0x20,
	0x20,0x20,0x20,0x20,0x28,0x6e,0x6f,0x29,0x0d,0x0a,0x20,0x20,
	0x5f,0x50,0x4f,0x4b,0x45,0x20,0x20,0x20,0x20,0x20,0x28,0x76,
	0x61,0x6c,0x75,0x65,0x2c,0x61,0x64,0x72,0x2c,0x6e,0x6f,0x2c,
	0x4e,0x29,0x0d,0x0a,0x20,0x20,0x5f,0x50,0x45,0x45,0x4b,0x20,
	0x20,0x20,0x20,0x20,0x28,0x76,0x61,0x72,0x69,0x61,0x62,0x6c,
	0x65,0x2c,0x61,0x64,0x72,0x2c,0x6e,0x6f,0x2c,0x4e,0x29,0x0d,
	0x0a,0x20,0x20,0x5f,0x43,0x48,0x45,0x43,0x4b,0x20,0x20,0x20,
	0x20,0x28,0x76,0x61,0x72,0x69,0x61,0x62,0x6c,0x65,0x2c,0x76,
	0x61,0x72,0x69,0x61,0x62,0x6c,0x65,0x29,0x0d,0x0a,0x20,0x20,
	0x5f,0x45,0x4e,0x41,0x43,0x4f,0x4d,0x20,0x20,0x20,0x28,0x6e,
	0x6f,0x29,0x0d,0x0a,0x20,0x20,0x5f,0x44,0x49,0x53,0x43,0x4f,
	0x4d,0x20,0x20,0x20,0x28,0x6e,0x6f,0x29,0x0d,0x0a,0x20,0x20,
	0x5f,0x50,0x4f,0x4e,0x0d,0x0a,0x20,0x20,0x5f,0x50,0x4f,0x46,
	0x46,0x0d,0x0a,0x20,0x20,0x5f,0x4e,0x45,0x54,0x49,0x4e,0x49,
	0x54,0x0d,0x0a,0x20,0x20,0x5f,0x4e,0x45,0x54,0x45,0x4e,0x44,
	0x0d,0x0a,0xff,0x3a,0x9d,0x7c,0x4f,0x78,0xfe,0xf8,0x30,0x1c,
	0xe6,0xf0,0x0f,0x0f,0x0f,0x0f,0x87,0xf5,0x78,0xe6,0x0f,0x47,
	0xfe,0x08,0x38,0x08,0xd6,0x08,0x3c,0x47,0xf1,0x3c,0x18,0x0c,
	0x04,0xf1,0x18,0x08,0xe6,0x0f,0xd6,0x08,0x3c,0x47,0x3e,0x7f,
	0x32,0xa0,0x7c,0xb9,0x28,0x24,0xfe,0x7f,0x20,0x1b,0x79,0xb7,
	0x20,0x1c,0x3a,0x9f,0x7c,0xfe,0x26,0x28,0x10,0xfe,0x25,0x28,
	0x0c,0xfe,0x20,0x28,0x08,0xfe,0x23,0x28,0x04,0xfe,0x27,0x20,
	0x05,0x3a,0xa0,0x7c,0xb7,0xc9,0x37,0xc9,0xf5,0xe5,0xd5,0xdb,
	0xa8,0x32,0x62,0xbd,0xe6,0xf3,0x67,0xe6,0x30,0x6f,0x07,0x07,
	0xb5,0xd3,0xa8,0x32,0x63,0xbd,0x3a,0xff,0xff,0x2f,0x32,0x61,
	0xbd,0xe6,0xf3,0x57,0xe6,0xc0,0x0f,0x0f,0x0f,0x0f,0xb2,0x32,
	0xff,0xff,0x7c,0xe6,0xc0,0x0f,0x0f,0x0f,0x0f,0xb4,0xd3,0xa8,
	0xd1,0xe1,0xf1,0xcd,0x8e,0x89,0xf5,0xe5,0x2a,0x61,0xbd,0x3a,
	0x63,0xbd,0xd3,0xa8,0x7d,0x32,0xff,0xff,0x7c,0xd3,0xa8,0xe1,
	0xf1,0xc9,0xdd,0xe9,0x71,0xc9,0xf5,0xe5,0xd5,0xdb,0xa8,0x32,
	0x62,0xbd,0xe6,0xf0,0x67,0xe6,0x30,0x6f,0x07,0x07,0xb5,0xd3,
	0xa8,0x32,0x63,0xbd,0x3a,0xff,0xff,0x2f,0x32,0x61,0xbd,0xe6,
	0xf0,0x57,0xe6,0xc0,0x5f,0x07,0x07,0xb3,0x07,0x07,0xb2,0x32,
	0xff,0xff,0x7c,0xe6,0xc0,0x6f,0x07,0x07,0xb5,0x07,0x07,0xb4,
	0xd3,0xa8,0xd1,0xe1,0xf1,0xcd,0xe4,0x89,0xf5,0xe5,0x2a,0x61,
	0xbd,0x3a,0x63,0xbd,0xd3,0xa8,0x7d,0x32,0xff,0xff,0x7c,0xd3,
	0xa8,0xe1,0xf1,0xc9,0xdd,0xe9,0x7e,0xc9,0x77,0xc9,0x46,0xc9,
	0xe5,0xeb,0x11,0x00,0x40,0x19,0xeb,0xe1,0xe5,0xd5,0x11,0x00,
	0x80,0xb7,0xed,0x52,0xd1,0xe1,0x30,0x0a,0x7e,0x12,0x23,0x13,
	0x0b,0x78,0xb1,0x20,0xeb,0xc9,0xe5,0xeb,0x11,0x00,0x40,0xed,
	0x52,0xeb,0xe1,0x37,0xc9,0xd5,0x11,0x00,0x40,0x19,0xd1,0xe5,
	0x21,0x00,0x80,0xb7,0xed,0x52,0xe1,0x28,0x0c,0x38,0x0a,0x7e,
	0x12,0x23,0x13,0x0b,0x78,0xb1,0x20,0xeb,0xc9,0xd5,0x11,0x00,
	0x40,0xed,0x52,0xd1,0x37,0xc9,0xd5,0xb7,0xeb,0x21,0x00,0x80,
	0xed,0x52,0xeb,0xd1,0x30,0x0f,0x7e,0xcd,0x57,0x8a,0xcd,0x5f,
	0x8a,0x23,0x1b,0x7a,0xb3,0x20,0xe7,0xb7,0xc9,0x37,0xc9,0xf5,
	0x81,0x30,0x01,0x04,0x4f,0xf1,0xc9,0xf5,0xe6,0x80,0x07,0xcd,
	0x69,0x8a,0xf1,0xe6,0x7f,0xf5,0x3e,0x05,0xd3,0x09,0xdb,0x0c,
	0xcb,0x47,0x20,0xf6,0xcb,0x77,0x28,0xf2,0xf1,0xd3,0x0e,0xc9,
	0xed,0x73,0xfb,0xbf,0x31,0xf5,0xfa,0xf5,0xe5,0x3a,0x06,0xf3,
	0x32,0xff,0xbf,0x2a,0x07,0xf3,0x22,0xfd,0xbf,0xe1,0xf1,0x79,
	0xfe,0x11,0x20,0x08,0xed,0x53,0x07,0xf3,0xed,0x53,0xf6,0xbf,
	0xfe,0x12,0x20,0x04,0xed,0x5b,0xf6,0xbf,0xe5,0x21,0xe2,0x8a,
	0xe3,0xe5,0x21,0xbe,0xd8,0x06,0x00,0x09,0x09,0x09,0x7e,0x23,
	0x46,0x23,0x66,0x68,0xe3,0x32,0xfa,0xbf,0xb7,0x28,0x18,0xe5,
	0xeb,0x22,0xf8,0xbf,0x11,0xd0,0xbf,0x06,0x00,0x4f,0x3c,0x20,
	0x04,0x7e,0x4f,0x03,0x03,0xed,0xb0,0xe1,0x11,0xd0,0xbf,0xcd,
	0x68,0xf3,0x26,0xff,0xfb,0xc9,0xf5,0xcd,0x6b,0xf3,0xfb,0x3a,
	0xfa,0xbf,0xb7,0x28,0x15,0x4f,0x06,0x00,0xe5,0xed,0x5b,0xf8,
	0xbf,0x21,0xd0,0xbf,0x3c,0x20,0x04,0x1a,0x4f,0x03,0x03,0xed,
	0xb0,0xe1,0xe5,0x3a,0xff,0xbf,0x32,0x06,0xf3,0x2a,0xfd,0xbf,
	0x22,0x07,0xf3,0xe1,0xf1,0xed,0x7b,0xfb,0xbf,0xc9,0xf3,0x3e,
	0x15,0xcd,0x3b,0x43,0x2a,0xdc,0xf3,0xe5,0xcd,0x35,0x4e,0xf3,
	0x21,0x18,0x01,0x22,0xdc,0xf3,0x3e,0x77,0xcd,0x3b,0x43,0xf3,
	0x21,0x18,0x02,0x22,0xdc,0xf3,0x3e,0x61,0xcd,0x3b,0x43,0xf3,
	0x21,0x18,0x03,0x22,0xdc,0xf3,0x3e,0x69,0xcd,0x3b,0x43,0xf3,
	0x21,0x18,0x04,0x22,0xdc,0xf3,0x3e,0x74,0xcd,0x3b,0x43,0xe1,
	0x22,0xdc,0xf3,0xc3,0x9e,0x4d,0xcd,0x5d,0x4f,0x21,0x91,0x8b,
	0x01,0x09,0x00,0xcd,0xc6,0x4f,0xed,0x5b,0x14,0x7d,0xcb,0x83,
	0xcb,0x3a,0xcb,0x1b,0x01,0x01,0x0f,0xcb,0x3a,0xcb,0x1b,0x30,
	0x12,0x79,0xfe,0x0a,0x38,0x08,0x3e,0x31,0xcd,0x69,0x4f,0x79,
	0xd6,0x0a,0xf6,0x30,0xcd,0xb4,0x4f,0x3c,0x10,0xe5,0xc3,0x5d,
	0x4f,0x45,0x72,0x72,0x6f,0x72,0x3a,0x4e,0x6f,0x2e,0x2a,0x26,
	0xf9,0x11,0x91,0x7d,0x01,0x08,0x00,0xcd,0xfa,0x4d,0x2a,0x28,
	0xf9,0x11,0x99,0x7d,0x01,0x04,0x00,0xcd,0xfa,0x4d,0x21,0x19,
	0x8c,0xed,0x5b,0x28,0xf9,0x01,0x04,0x00,0xcd,0x27,0x4e,0x21,
	0x1d,0x8c,0xed,0x5b,0x26,0xf9,0x01,0x08,0x00,0xcd,0x27,0x4e,
	0x21,0x15,0x8c,0x11,0x9d,0x7d,0x01,0x04,0x00,0xed,0xb0,0x06,
	0x0f,0xc5,0x78,0x32,0xa0,0x7d,0x21,0x9d,0x7d,0xed,0x5b,0x28,
	0xf9,0x01,0x04,0x00,0xcd,0x27,0x4e,0xc1,0x10,0xeb,0x21,0x19,
	0x8c,0xed,0x5b,0x28,0xf9,0x01,0x04,0x00,0xcd,0x27,0x4e,0x21,
	0x91,0x7d,0xed,0x5b,0x26,0xf9,0x01,0x08,0x00,0xcd,0x27,0x4e,
	0x21,0x99,0x7d,0xed,0x5b,0x28,0xf9,0x01,0x04,0x00,0xc3,0xfa,
	0x4d,0xb8,0xef,0x00,0x00,0xff,0xff,0x00,0x00,0x00,0x07,0x13,
	0x35,0x58,0x90,0x00,0x00,0x21,0x67,0x7d,0x11,0xdf,0xf3,0x18,
	0x06,0x21,0xdf,0xf3,0x11,0x67,0x7d,0x01,0x08,0x00,0xed,0xb0,
	0xc9,0x3a,0x65,0x7d,0xfe,0x05,0x06,0x00,0x38,0x02,0x06,0x80,
	0x0e,0x09,0xc3,0xda,0x4d,0xcd,0x25,0x8c,0xcd,0xeb,0x8c,0xcd,
	0x39,0x8c,0xe5,0x21,0x6f,0x7d,0x06,0x10,0x16,0x00,0x7e,0x23,
	0x5e,0x23,0xcd,0x66,0x8c,0x14,0x10,0xf6,0xe1,0xc9,0xc5,0xe5,
	0x42,0x0e,0x10,0xf5,0xcd,0xda,0x4d,0xf1,0x0e,0x9a,0xed,0x79,
	0xf5,0xf1,0xed,0x59,0xf5,0xcd,0xb0,0x8c,0xcd,0xb5,0x4d,0xcd,
	0xe4,0x4d,0xe3,0xe3,0xf1,0xd3,0x98,0xf5,0xf1,0x7b,0xd3,0x98,
	0xe1,0xc1,0xc9,0xcd,0x2d,0x8c,0xcd,0xeb,0x8c,0x16,0x00,0xcd,
	0xb0,0x8c,0xcd,0xb5,0x4d,0xcd,0xf0,0x4d,0x06,0x20,0x11,0x6f,
	0x7d,0xe3,0xe3,0xdb,0x98,0x12,0x13,0x10,0xf8,0xc3,0xd6,0x4d,
	0xf5,0x3a,0x65,0x7d,0x21,0xd7,0x8c,0xc5,0x3c,0x4f,0x06,0x00,
	0x3d,0x20,0x08,0x3a,0x66,0x7d,0xfe,0x29,0x30,0x01,0x0d,0x09,
	0x09,0xc1,0x7e,0x23,0x66,0x6f,0xd5,0x5a,0x16,0x00,0x19,0x19,
	0xd1,0xf1,0xc9,0x00,0x04,0x00,0x0f,0x20,0x20,0x00,0x3c,0x20,
	0x20,0x80,0x1b,0x80,0x76,0x80,0x76,0x80,0xfa,0x80,0xfa,0x3a,
	0x67,0x7d,0xe6,0x0e,0x0f,0x4f,0x3a,0x68,0x7d,0xe6,0x18,0xb1,
	0x01,0x00,0x09,0x21,0x22,0x8d,0xbe,0x28,0x08,0x23,0x0c,0x10,
	0xf9,0x3e,0x01,0x18,0x07,0x79,0xb7,0x28,0x0b,0x3d,0x28,0x04,
	0x32,0x65,0x7d,0xc9,0x0e,0x50,0x18,0x02,0x0e,0x28,0x32,0x65,
	0x7d,0x79,0x32,0x66,0x7d,0xc9,0x10,0x12,0x00,0x01,0x08,0x02,
	0x03,0x04,0x05,0x07,0x21,0x44,0x8d,0x11,0x00,0x00,0x19,0xe5,
	0x23,0x23,0x5e,0x23,0x56,0xe1,0x10,0xf6,0x4b,0x42,0x11,0x30,
	0x01,0xed,0xb0,0xc9,0x18,0x02,0x5e,0x0a,0xf3,0x2a,0x06,0x00,
	0x11,0xa1,0x0d,0xb7,0xe5,0xed,0x52,0xe1,0x38,0x1b,0x2b,0xf9,
	0xfb,0x06,0x03,0x3e,0xf7,0x11,0x05,0x00,0x21,0x7a,0xf9,0xbe,
	0x20,0x05,0x19,0x10,0xfa,0x18,0x09,0xcd,0x6a,0x05,0xcd,0x27,
	0x06,0xc3,0x00,0x00,0x21,0x9f,0x0b,0x22,0x91,0x0b,0x3e,0x06,
	0xcd,0xd6,0x04,0x30,0x02,0x3e,0xff,0x32,0x8e,0x0b,0xcd,0x2b,
	0x05,0x21,0xd0,0x05,0x22,0x93,0x0b,0x21,0xb8,0x05,0x22,0x95,
	0x0b,0xcd,0xb8,0x05,0x0e,0x02,0xcd,0xb4,0x06,0x79,0xb7,0x28,
	0x0e,0xfe,0x01,0x28,0x05,0xcd,0xa6,0x05,0x18,0xee,0xcd,0x97,
	0x06,0x18,0xcb,0x7e,0xb7,0xca,0x5a,0x01,0xcd,0xdf,0x04,0x38,
	0xec,0x79,0xfe,0x14,0x30,0xe7,0x32,0x8f,0x0b,0xcd,0x63,0x02,
	0x38,0xdf,0xe9,0x18,0x03,0xc3,0x66,0x01,0xcd,0x8b,0x04,0xc3,
	0x14,0x02,0x18,0x03,0xc3,0x66,0x01,0xcd,0xd5,0x03,0xcd,0x29,
	0x03,0xcd,0x3a,0x04,0xc4,0x7a,0x04,0xc3,0x14,0x02,0x18,0x03,
	0xc3,0x66,0x01,0xcd,0xd5,0x03,0xcd,0x3a,0x04,0xc4,0x7a,0x04,
	0xcd,0xd3,0x04,0xf5,0xdc,0xc6,0x05,0xf1,0xda,0x66,0x01,0xcd,
	0x32,0x02,0xc3,0x66,0x01,0x18,0x03,0xc3,0x66,0x01,0xcd,0x0d,
	0x04,0xcd,0x7a,0x04,0xc3,0x14,0x02,0xcd,0x7f,0xf9,0xcd,0xcc,
	0x04,0xc3,0x66,0x01,0xcd,0x84,0xf9,0xcd,0xc5,0x04,0xcd,0x65,
	0x05,0xc3,0x66,0x01,0xcd,0xd3,0x04,0x38,0x0c,0x4f,0x3a,0x8f,
	0x0b,0xfe,0x05,0x28,0x07,0xfe,0x06,0x28,0x08,0xc3,0x66,0x01,
	0xcd,0xd1,0x02,0x18,0xf8,0xcd,0x03,0x03,0x18,0xf3,0xf5,0xcd,
	0x8d,0x05,0xf1,0xf5,0xe6,0xf0,0x0f,0x0f,0x0f,0x0f,0xcd,0x57,
	0x02,0x5f,0xcd,0x0f,0x06,0xf1,0xe6,0x0f,0xcd,0x57,0x02,0x5f,
	0xcd,0x0f,0x06,0x1e,0x48,0xcd,0x0f,0x06,0xc3,0x08,0x06,0xfe,
	0x0a,0x38,0x05,0xd6,0x09,0xf6,0x40,0xc9,0xf6,0x30,0xc9,0x3a,
	0x8e,0x0b,0xfe,0xff,0x28,0x33,0xb7,0x20,0x41,0x3a,0x8f,0x0b,
	0x21,0x14,0x02,0xfe,0x03,0xc8,0xfe,0x04,0xc8,0xfe,0x05,0xc8,
	0xfe,0x06,0xc8,0x21,0xb3,0x01,0xfe,0x07,0xc8,0xfe,0x08,0xc8,
	0x21,0xbe,0x01,0xfe,0x09,0xc8,0x21,0xd2,0x01,0xfe,0x0a,0xc8,
	0x21,0xf1,0x01,0xfe,0x0b,0xc8,0xfe,0x0d,0xc8,0x3a,0x8f,0x0b,
	0x21,0xff,0x01,0xfe,0x12,0xc8,0x21,0x08,0x02,0xfe,0x13,0xc8,
	0x37,0xc9,0x3a,0x8f,0x0b,0x21,0x14,0x02,0xfe,0x01,0xc8,0xfe,
	0x02,0xc8,0xfe,0x06,0xc8,0x21,0xbe,0x01,0xfe,0x09,0xc8,0x21,
	0xd2,0x01,0xfe,0x0a,0xc8,0x21,0xf1,0x01,0xfe,0x0c,0xc8,0x18,
	0xcc,0xd5,0xe5,0xcd,0x08,0x06,0xe1,0xcd,0xe5,0x02,0xcd,0x08,
	0x06,0xd1,0xeb,0xcd,0xe5,0x02,0xc3,0x08,0x06,0x06,0x0f,0xcb,
	0x25,0xcb,0x14,0xc5,0xcb,0x25,0xcb,0x14,0xe5,0xcd,0xf9,0x02,
	0xe1,0xc1,0x10,0xf3,0xc9,0x1e,0x31,0xda,0x0f,0x06,0x1e,0x30,
	0xc3,0x0f,0x06,0x79,0xf5,0xb7,0x20,0x05,0xcd,0x79,0x05,0x18,
	0x03,0xcd,0x74,0x05,0xf1,0xfe,0x0a,0x38,0x0b,0xf5,0x1e,0x31,
	0xcd,0x0f,0x06,0xf1,0xc6,0x26,0x18,0x02,0xf6,0x30,0x5f,0xcd,
	0x0f,0x06,0xc3,0x08,0x06,0x21,0xe5,0x05,0x22,0x93,0x0b,0x21,
	0x9c,0x05,0x22,0x95,0x0b,0xcd,0x9c,0x05,0x0e,0x03,0xcd,0xb4,
	0x06,0x79,0xb7,0x28,0x0a,0xfe,0x01,0xca,0xbe,0x04,0xcd,0xa6,
	0x05,0x18,0xed,0xcd,0x62,0x03,0x38,0x0a,0xcd,0x81,0x03,0x38,
	0xf1,0x7b,0x32,0x9a,0x0b,0xc9,0x5e,0x23,0x7e,0xb7,0x28,0xf5,
	0x18,0xe4,0xe5,0x7e,0xb7,0x28,0x10,0xfe,0x68,0x28,0x07,0xfe,
	0x48,0x28,0x03,0x23,0x18,0xf1,0x23,0x7e,0xb7,0x20,0x03,0xb7,
	0xe1,0xc9,0x37,0xe1,0xc9,0x06,0x04,0x18,0x02,0x06,0x02,0x11,
	0x00,0x00,0x7e,0xb7,0x28,0x16,0xfe,0x68,0x28,0x12,0xfe,0x48,
	0x28,0x0e,0xfe,0x67,0x30,0x0c,0xcd,0xb4,0x03,0xd8,0xcd,0xa4,
	0x03,0x23,0x10,0xe6,0xb7,0xc9,0x37,0xc9,0xc5,0x17,0x17,0x17,
	0x17,0x06,0x04,0x17,0xcb,0x13,0xcb,0x12,0x10,0xf9,0xc1,0xc9,
	0xfe,0x30,0xd8,0xfe,0x3a,0x38,0x14,0xfe,0x41,0xd8,0xfe,0x47,
	0x38,0x07,0xfe,0x61,0xd8,0xfe,0x67,0x30,0x0a,0xe6,0x0f,0xc6,
	0x09,0xb7,0xc9,0xe6,0x0f,0xb7,0xc9,0x37,0xc9,0x21,0xea,0x05,
	0x22,0x93,0x0b,0x21,0xa1,0x05,0x22,0x95,0x0b,0xcd,0xa1,0x05,
	0xcd,0xec,0x03,0xed,0x53,0x98,0x0b,0xc9,0x0e,0x05,0xcd,0xb4,
	0x06,0x79,0xb7,0x28,0x0d,0xfe,0x01,0x28,0x05,0xcd,0xa6,0x05,
	0x18,0xee,0xe1,0xc3,0xbe,0x04,0xcd,0x62,0x03,0x38,0xf2,0xcd,
	0x7d,0x03,0x38,0xed,0xc9,0x21,0xef,0x05,0x22,0x93,0x0b,0x21,
	0xb3,0x05,0x22,0x95,0x0b,0xcd,0xb3,0x05,0x0e,0x38,0xcd,0xb4,
	0x06,0x79,0xb7,0x28,0x0a,0xfe,0x01,0xca,0xbe,0x04,0xcd,0xa6,
	0x05,0x18,0xed,0xcd,0x18,0x05,0x22,0x98,0x0b,0xed,0x43,0x9a,
	0x0b,0xc9,0x3a,0x8e,0x0b,0xb7,0x28,0x04,0x3e,0x02,0x18,0x30,
	0x21,0xf4,0x05,0x22,0x93,0x0b,0x21,0x97,0x05,0x22,0x95,0x0b,
	0xcd,0x97,0x05,0x0e,0x01,0xcd,0xb4,0x06,0x79,0xb7,0x28,0x0a,
	0xfe,0x01,0xca,0xbe,0x04,0xcd,0xa6,0x05,0x18,0xed,0x7e,0xb7,
	0x28,0x0a,0xcd,0xdf,0x04,0x38,0xf2,0x79,0xfe,0x03,0x30,0xed,
	0x32,0x9b,0x0b,0xfe,0x02,0xc9,0x21,0xf9,0x05,0x22,0x93,0x0b,
	0x21,0xae,0x05,0x22,0x95,0x0b,0xcd,0xae,0x05,0x18,0x0f,0x21,
	0xfe,0x05,0x22,0x93,0x0b,0x21,0x92,0x05,0x22,0x95,0x0b,0xcd,
	0x92,0x05,0x0e,0x02,0xcd,0xb4,0x06,0x79,0xb7,0x28,0x09,0xfe,
	0x01,0x28,0x17,0xcd,0xa6,0x05,0x18,0xee,0x7e,0xb7,0x28,0x0a,
	0xcd,0xdf,0x04,0x38,0xf2,0x79,0xfe,0x10,0x30,0xed,0x32,0x97,
	0x0b,0xc9,0xe1,0x11,0xfa,0xff,0x19,0xe5,0xc9,0x1e,0x01,0x0e,
	0xb6,0xc3,0x05,0x00,0x1e,0x00,0x0e,0xb6,0xc3,0x05,0x00,0x3a,
	0x8f,0x0b,0x47,0x0e,0xb4,0x11,0x97,0x0b,0xc3,0x05,0x00,0xcd,
	0x0d,0x05,0xd8,0xe6,0x0f,0x4f,0x23,0x7e,0xb7,0x28,0x13,0x79,
	0xcd,0x02,0x05,0x4f,0x7e,0xcd,0x0d,0x05,0xd8,0xe6,0x0f,0x81,
	0x4f,0x23,0x7e,0xb7,0x20,0x02,0xb7,0xc9,0x37,0xc9,0xc5,0xcb,
	0x27,0x47,0xcb,0x27,0xcb,0x27,0x80,0xc1,0xc9,0xfe,0x30,0xd8,
	0xfe,0x3a,0x38,0x02,0x37,0xc9,0xb7,0xc9,0x11,0x1f,0x0c,0xd5,
	0x01,0x00,0x00,0x7e,0x12,0xb7,0x28,0x05,0x23,0x13,0x03,0x18,
	0xf6,0xe1,0xc9,0x21,0x97,0x0b,0x06,0x08,0x36,0x00,0x23,0x10,
	0xfb,0xc9,0x0e,0x01,0xc3,0x05,0x00,0xc5,0x0e,0x06,0x1e,0xff,
	0xcd,0x05,0x00,0xc1,0xc9,0xfe,0x0a,0x38,0x0f,0x4f,0x1e,0x31,
	0xc5,0xcd,0x0f,0x06,0xc1,0x79,0xc6,0x26,0x5f,0xc3,0x0f,0x06,
	0xf5,0x1e,0x30,0xcd,0x0f,0x06,0xf1,0xf6,0x30,0x5f,0xc3,0x0f,
	0x06,0x21,0xdf,0x0a,0x18,0x12,0x21,0xee,0x0a,0x18,0x0d,0x21,
	0x06,0x0b,0x18,0x08,0x21,0x6d,0x09,0x18,0x03,0x21,0x7b,0x09,
	0xe5,0xcd,0x08,0x06,0xe1,0x7e,0xb7,0xc8,0x5f,0xe5,0xcd,0x0f,
	0x06,0xe1,0x23,0x18,0xf4,0x21,0x11,0x0a,0x18,0xea,0x21,0xb7,
	0x09,0x18,0x24,0x21,0xfb,0x09,0x18,0x1f,0x21,0xeb,0x09,0x18,
	0x1a,0x21,0xdf,0x09,0x18,0x15,0xcd,0x97,0x06,0x21,0x86,0x09,
	0x18,0x0d,0x21,0xc6,0x09,0x18,0x08,0x21,0xd5,0x09,0x18,0x03,
	0x21,0xab,0x09,0xe5,0xcd,0x08,0x06,0xe1,0xcd,0x81,0x05,0xc3,
	0x08,0x06,0x21,0x92,0x09,0x18,0xf0,0x21,0x9d,0x09,0x18,0xeb,
	0x21,0x0f,0x08,0x3a,0x8e,0x0b,0xfe,0xff,0x28,0xe1,0x21,0x3d,
	0x08,0xb7,0x28,0xdb,0x21,0x84,0x07,0x18,0xd6,0x21,0x1e,0x0a,
	0x18,0xd1,0x21,0x39,0x0a,0x18,0xcc,0x21,0x4c,0x0a,0x18,0xc7,
	0x21,0x61,0x0a,0x18,0xc2,0x21,0xb3,0x0a,0x18,0xbd,0x21,0xcb,
	0x0a,0x18,0xb8,0x21,0x1c,0x0b,0x18,0xb3,0x1e,0x0d,0xcd,0x0f,
	0x06,0x1e,0x0a,0x0e,0x02,0xc3,0x05,0x00,0xf5,0xc5,0xd5,0xe5,
	0x3e,0xff,0x32,0xa9,0xfc,0x1e,0x00,0xcd,0x0f,0x06,0xe1,0xd1,
	0xc1,0xf1,0xc9,0xf5,0xc5,0xd5,0xe5,0xaf,0x32,0xa9,0xfc,0xcd,
	0x50,0x06,0x30,0x0a,0x2a,0xdc,0xf3,0x3a,0xcc,0xfb,0x4f,0xcd,
	0x43,0x06,0xe1,0xd1,0xc1,0xf1,0xc9,0xe5,0xcd,0x56,0x06,0xcd,
	0x8b,0x06,0x79,0xd3,0x98,0xe1,0xfb,0xc9,0x3a,0xaf,0xfc,0xfe,
	0x02,0xc9,0xc5,0x25,0x2d,0x5c,0x26,0x00,0x54,0x29,0x29,0x29,
	0x4d,0x44,0x29,0x29,0x3a,0xaf,0xfc,0xa7,0x3a,0xb0,0xf3,0x28,
	0x04,0xd6,0x22,0x18,0x0d,0xfe,0x29,0x38,0x06,0x09,0x29,0xd6,
	0x52,0x18,0x03,0x09,0xd6,0x2a,0x19,0x2f,0xa7,0x1f,0x5f,0x19,
	0xeb,0x2a,0x22,0xf9,0x19,0xc1,0xc9,0xf3,0x7d,0xd3,0x99,0x7c,
	0xe6,0x3f,0xf6,0x40,0xd3,0x99,0xc9,0xc5,0xfd,0x21,0x00,0x00,
	0xdd,0x21,0xc0,0x00,0xcd,0x1c,0x00,0xc1,0xc9,0xc5,0x06,0x00,
	0x21,0x9f,0x0b,0x54,0x5d,0x13,0x36,0x00,0xed,0xb0,0xc1,0xc9,
	0x79,0x32,0x90,0x0b,0x2a,0x91,0x0b,0xcd,0xa5,0x06,0x06,0x00,
	0xcd,0x14,0x06,0xcd,0x4a,0x07,0xcd,0x73,0x07,0x0f,0x07,0x14,
	0x07,0x22,0x07,0xd5,0x06,0xdd,0x06,0xe9,0x06,0xcd,0x27,0x06,
	0xcd,0x97,0x06,0x18,0xe3,0xfe,0x08,0x28,0x06,0xfe,0x16,0x28,
	0x35,0x18,0xee,0x3e,0x7f,0x5f,0xfe,0x7f,0x20,0x0e,0x78,0xb7,
	0x28,0xe3,0x05,0xd5,0x1e,0x00,0xcd,0x3f,0x07,0xd1,0x18,0x0c,
	0x3a,0x90,0x0b,0x4f,0x78,0xb9,0x30,0xd1,0xcd,0x3f,0x07,0x04,
	0xc5,0xcd,0x0f,0x06,0xc1,0x18,0xb1,0x1e,0x00,0xcd,0x3f,0x07,
	0x2a,0x91,0x0b,0xc3,0x27,0x06,0xcd,0x27,0x06,0xcd,0x03,0x06,
	0x18,0x09,0xcd,0x27,0x06,0x2a,0x93,0x0b,0xcd,0x38,0x07,0x2a,
	0x95,0x0b,0xcd,0x38,0x07,0x3a,0x90,0x0b,0x4f,0xc3,0xb4,0x06,
	0xe9,0xcd,0x29,0x0b,0xc3,0xc0,0x06,0xc5,0x48,0x06,0x00,0x2a,
	0x91,0x0b,0x09,0x73,0xc1,0xc9,0xcd,0x3b,0x05,0xa7,0x20,0xfa,
	0xcd,0x3b,0x05,0xa7,0x28,0xfa,0xfe,0x20,0x0e,0x05,0xd0,0xfe,
	0x03,0xca,0x5a,0x01,0x0e,0x00,0xfe,0x0d,0xc8,0x0c,0xfe,0x1b,
	0xc8,0x0c,0xfe,0x12,0xc8,0x0c,0xfe,0x1c,0xd0,0x0c,0xc9,0xe3,
	0xf5,0xc5,0x06,0x00,0x79,0x87,0x4f,0x09,0x7e,0x23,0x66,0x6f,
	0xc1,0xf1,0xe3,0xc9,0x20,0x20,0x31,0x20,0x20,0x3d,0x20,0x4f,
	0x6e,0x6c,0x69,0x6e,0x65,0x20,0x20,0x4e,0x65,0x74,0x77,0x6f,
	0x72,0x6b,0x0d,0x0a,0x20,0x20,0x32,0x20,0x20,0x3d,0x20,0x4f,
	0x66,0x66,0x6c,0x69,0x6e,0x65,0x20,0x4e,0x65,0x74,0x77,0x6f,
	0x72,0x6b,0x0d,0x0a,0x20,0x20,0x36,0x20,0x20,0x3d,0x20,0x43,
	0x68,0x65,0x63,0x6b,0x20,0x4d,0x79,0x2d,0x4e,0x6f,0x0d,0x0a,
	0x20,0x20,0x39,0x20,0x20,0x3d,0x20,0x50,0x6f,0x6b,0x65,0x20,
	0x43,0x6f,0x6d,0x6d,0x61,0x6e,0x64,0x0d,0x0a,0x20,0x20,0x31,
	0x30,0x20,0x3d,0x20,0x50,0x65,0x65,0x6b,0x20,0x43,0x6f,0x6d,
	0x6d,0x61,0x6e,0x64,0x0d,0x0a,0x20,0x20,0x31,0x32,0x20,0x3d,
	0x20,0x53,0x65,0x6e,0x64,0x20,0x4d,0x65,0x73,0x73,0x61,0x67,
	0x65,0x20,0x43,0x6f,0x6d,0x6d,0x61,0x6e,0x64,0x0d,0x0a,0x20,
	0x20,0x31,0x38,0x20,0x3d,0x20,0x4e,0x65,0x74,0x77,0x6f,0x72,
	0x6b,0x20,0x49,0x6e,0x69,0x74,0x69,0x61,0x6c,0x69,0x7a,0x65,
	0x0d,0x0a,0x20,0x20,0x31,0x39,0x20,0x3d,0x20,0x4e,0x65,0x74,
	0x77,0x6f,0x72,0x6b,0x20,0x45,0x6e,0x64,0x00,0x20,0x20,0x33,
	0x20,0x20,0x3d,0x20,0x50,0x6f,0x6c,0x6c,0x69,0x6e,0x67,0x20,
	0x4f,0x6e,0x6c,0x69,0x6e,0x65,0x0d,0x0a,0x20,0x20,0x34,0x20,
	0x20,0x3d,0x20,0x50,0x6f,0x6c,0x6c,0x69,0x6e,0x67,0x20,0x4f,
	0x66,0x66,0x6c,0x69,0x6e,0x65,0x0d,0x0a,0x20,0x20,0x35,0x20,
	0x20,0x3d,0x20,0x43,0x68,0x65,0x63,0x6b,0x20,0x4c,0x69,0x6e,
	0x65,0x20,0x6f,0x72,0x20,0x43,0x6f,0x6d,0x6d,0x75,0x6e,0x69,
	0x63,0x61,0x74,0x69,0x6f,0x6e,0x0d,0x0a,0x20,0x20,0x36,0x20,
	0x20,0x3d,0x20,0x43,0x68,0x65,0x63,0x6b,0x20,0x4d,0x79,0x2d,
	0x4e,0x6f,0x0d,0x0a,0x20,0x20,0x37,0x20,0x20,0x3d,0x20,0x43,
	0x6f,0x6d,0x6d,0x75,0x6e,0x69,0x63,0x61,0x74,0x69,0x6f,0x6e,
	0x20,0x45,0x6e,0x61,0x62,0x6c,0x65,0x0d,0x0a,0x20,0x20,0x38,
	0x20,0x20,0x3d,0x20,0x43,0x6f,0x6d,0x6d,0x75,0x6e,0x69,0x63,
	0x61,0x74,0x69,0x6f,0x6e,0x20,0x44,0x69,0x73,0x61,0x62,0x6c,
	0x65,0x0d,0x0a,0x20,0x20,0x39,0x20,0x20,0x3d,0x20,0x50,0x6f,
	0x6b,0x65,0x20,0x43,0x6f,0x6d,0x6d,0x61,0x6e,0x64,0x0d,0x0a,
	0x20,0x20,0x31,0x30,0x20,0x3d,0x20,0x50,0x65,0x65,0x6b,0x20,
	0x43,0x6f,0x6d,0x6d,0x61,0x6e,0x64,0x0d,0x0a,0x20,0x20,0x31,
	0x31,0x20,0x3d,0x20,0x53,0x65,0x6e,0x64,0x20,0x4d,0x65,0x73,
	0x73,0x61,0x67,0x65,0x20,0x43,0x6f,0x6d,0x6d,0x61,0x6e,0x64,
	0x0d,0x0a,0x20,0x20,0x31,0x33,0x20,0x3d,0x20,0x53,0x65,0x6e,
	0x64,0x20,0x4b,0x65,0x79,0x20,0x43,0x6f,0x6d,0x6d,0x61,0x6e,
	0x64,0x0d,0x0a,0x20,0x20,0x31,0x38,0x20,0x3d,0x20,0x4e,0x65,
	0x74,0x77,0x6f,0x72,0x6b,0x20,0x49,0x6e,0x69,0x74,0x69,0x61,
	0x6c,0x69,0x7a,0x65,0x0d,0x0a,0x20,0x20,0x31,0x39,0x20,0x3d,
	0x20,0x4e,0x65,0x74,0x77,0x6f,0x72,0x6b,0x20,0x45,0x6e,0x64,
	0x00,0x53,0x74,0x75,0x64,0x65,0x6e,0x74,0x20,0x4e,0x6f,0x20,
	0x3d,0x20,0x00,0x54,0x65,0x61,0x63,0x68,0x65,0x72,0x20,0x3d,
	0x20,0x00,0x49,0x6e,0x70,0x75,0x74,0x20,0x45,0x72,0x72,0x6f,
	0x72,0x00,0x53,0x65,0x6e,0x64,0x20,0x45,0x72,0x72,0x6f,0x72,
	0x00,0x52,0x65,0x63,0x65,0x69,0x76,0x65,0x20,0x45,0x72,0x72,
	0x6f,0x72,0x00,0x4e,0x65,0x74,0x20,0x43,0x6f,0x6d,0x6d,0x61,
	0x6e,0x64,0x00,0x53,0x74,0x75,0x64,0x65,0x6e,0x74,0x20,0x4e,
	0x6f,0x20,0x53,0x65,0x74,0x00,0x44,0x65,0x73,0x74,0x69,0x6e,
	0x61,0x74,0x69,0x6f,0x6e,0x20,0x4e,0x6f,0x00,0x49,0x6e,0x70,
	0x75,0x74,0x20,0x42,0x75,0x66,0x00,0x41,0x64,0x64,0x72,0x65,
	0x73,0x73,0x20,0x53,0x65,0x74,0x00,0x31,0x20,0x42,0x79,0x74,
	0x65,0x20,0x44,0x61,0x74,0x61,0x20,0x53,0x65,0x74,0x00,0x53,
	0x65,0x74,0x20,0x50,0x61,0x72,0x61,0x6d,0x20,0x30,0x20,0x6f,
	0x72,0x20,0x31,0x20,0x6f,0x72,0x20,0x32,0x00,0x50,0x65,0x65,
	0x6b,0x20,0x64,0x61,0x74,0x61,0x20,0x3d,0x20,0x00,0x44,0x61,
	0x74,0x61,0x20,0x61,0x73,0x63,0x69,0x69,0x20,0x6f,0x72,0x20,
	0x68,0x65,0x78,0x20,0x30,0x30,0x68,0x2d,0x20,0x66,0x66,0x68,
	0x00,0x41,0x64,0x64,0x72,0x65,0x73,0x73,0x20,0x30,0x68,0x20,
	0x2d,0x20,0x66,0x66,0x66,0x66,0x68,0x00,0x49,0x6e,0x70,0x75,
	0x74,0x20,0x62,0x75,0x66,0x20,0x6d,0x61,0x78,0x20,0x35,0x36,
	0x62,0x79,0x74,0x65,0x00,0x50,0x61,0x72,0x61,0x6d,0x20,0x30,
	0x20,0x3d,0x20,0x20,0x44,0x65,0x73,0x74,0x69,0x6e,0x61,0x74,
	0x69,0x6f,0x6e,0x20,0x52,0x61,0x6d,0x0d,0x0a,0x50,0x61,0x72,
	0x61,0x6d,0x20,0x31,0x20,0x3d,0x20,0x20,0x44,0x65,0x73,0x74,
	0x69,0x6e,0x61,0x74,0x69,0x6f,0x6e,0x20,0x4e,0x65,0x74,0x20,
	0x52,0x61,0x6d,0x0d,0x0a,0x50,0x61,0x72,0x61,0x6d,0x20,0x32,
	0x20,0x3d,0x20,0x20,0x4d,0x79,0x20,0x4e,0x65,0x74,0x20,0x52,
	0x61,0x6d,0x00,0x44,0x65,0x73,0x74,0x69,0x6e,0x61,0x74,0x69,
	0x6f,0x6e,0x20,0x4e,0x6f,0x20,0x3d,0x20,0x30,0x20,0x2d,0x20,
	0x31,0x35,0x00,0x53,0x74,0x75,0x64,0x65,0x6e,0x74,0x20,0x4e,
	0x6f,0x20,0x3d,0x20,0x31,0x20,0x2d,0x20,0x31,0x35,0x00,0x4e,
	0x45,0x54,0x2d,0x44,0x52,0x49,0x56,0x45,0x52,0x20,0x45,0x4e,
	0x44,0x00,0x4e,0x45,0x54,0x2d,0x42,0x49,0x4f,0x53,0x20,0x64,
	0x6f,0x65,0x73,0x20,0x6e,0x6f,0x74,0x20,0x65,0x78,0x69,0x73,
	0x74,0x00,0x4e,0x45,0x54,0x2d,0x44,0x52,0x49,0x56,0x45,0x52,
	0x20,0x61,0x63,0x74,0x69,0x76,0x65,0x20,0x6e,0x6f,0x2d,0x00,
	0x58,0x2e,0x4e,0x43,0x55,0x2e,0x31,0x30,0x2e,0x30,0x30,0x31,
	0x00,0xf5,0xc5,0xd5,0xe5,0xdd,0xe5,0xfd,0xe5,0x3a,0xaf,0xfc,
	0xfe,0x02,0x30,0x22,0xcd,0x73,0x0b,0x06,0x18,0x2a,0x22,0xf9,
	0x3a,0xb0,0xf3,0x4f,0xcd,0x63,0x0b,0xe5,0xcd,0x3b,0x05,0xe1,
	0xa7,0x20,0x0b,0x23,0x0d,0x20,0xf1,0xc5,0xcd,0x73,0x0b,0xc1,
	0x10,0xe6,0xfd,0xe1,0xdd,0xe1,0xe1,0xd1,0xc1,0xf1,0xc9,0xc5,
	0xe5,0xcd,0x84,0x0b,0xe3,0xe3,0xdb,0x98,0x5f,0xcd,0x7a,0x0b,
	0xe1,0xc1,0xc9,0x1e,0x0d,0xcd,0x7a,0x0b,0x1e,0x0a,0xc5,0xe5,
	0x0e,0x05,0xcd,0x05,0x00,0xe1,0xc1,0xc9,0xf3,0x7d,0xd3,0x99,
	0x7c,0xe6,0x3f,0xd3,0x99,0xc9,0x18,0x02,0xc1,0x1f,0x3e,0x00,
	0x21,0x2d,0x00,0xcd,0x0c,0x00,0x3d,0xc2,0x4f,0x02,0x21,0xf5,
	0x23,0x11,0x00,0xa0,0x19,0xeb,0x2a,0x06,0x00,0x2b,0x01,0x00,
	0x01,0xb7,0xed,0x42,0xb7,0xed,0x52,0xda,0x4f,0x02,0x19,0x09,
	0xf9,0x21,0x7a,0xf9,0x11,0x05,0x00,0x3e,0xf7,0x06,0x03,0xbe,
	0xc2,0x4f,0x02,0x19,0x10,0xf9,0x0e,0xb4,0x06,0x06,0xcd,0x05,
	0x00,0x30,0x02,0x3e,0xff,0x32,0xb1,0x21,0x3e,0x0a,0x32,0xc1,
	0x21,0x0e,0xb5,0x1e,0x01,0xcd,0x05,0x00,0x3a,0xde,0xf3,0x32,
	0xc2,0x21,0xaf,0x32,0xde,0xf3,0xcd,0x99,0x1d,0x21,0x71,0x23,
	0x22,0x6f,0x23,0xcd,0x89,0x1f,0xcd,0xf9,0x13,0xcd,0xb7,0x20,
	0xaf,0x32,0xe9,0x21,0xaf,0x32,0xea,0x21,0xcd,0x36,0x1c,0x11,
	0x00,0x00,0x21,0x6c,0x02,0x18,0x5e,0xcd,0xb9,0x1d,0xcd,0x13,
	0x1e,0x1c,0x02,0xb5,0x01,0xb5,0x01,0xee,0x01,0xc7,0x01,0xfd,
	0x01,0xfe,0x16,0x20,0xea,0x21,0x17,0x43,0xcd,0x8d,0x1d,0x11,
	0x81,0x02,0xcd,0xba,0x13,0x06,0x02,0x21,0x00,0x00,0x2b,0x7c,
	0xb5,0x20,0xfb,0x10,0xf6,0x21,0x17,0x43,0x01,0x01,0x0d,0xcd,
	0x72,0x1f,0x18,0xc7,0xed,0x4b,0x6a,0x02,0xed,0x5b,0xaf,0x21,
	0xcd,0xfa,0x1d,0x38,0xba,0x18,0x0d,0x21,0x63,0x02,0x01,0x07,
	0x00,0xcd,0xf4,0x1d,0x38,0xad,0x50,0x59,0xd5,0xed,0x5b,0xaf,
	0x21,0xcd,0x52,0x02,0xd1,0xed,0x53,0xaf,0x21,0xcd,0x52,0x02,
	0x18,0x99,0x3a,0xaf,0x21,0x4f,0x3c,0x32,0xe9,0x21,0xcd,0x13,
	0x1e,0x8e,0x02,0xa5,0x02,0x40,0x04,0xa1,0x04,0x0f,0x05,0x22,
	0x06,0x35,0x02,0xcd,0x89,0x1f,0x0e,0xb5,0x1e,0x00,0xcd,0x05,
	0x00,0xcd,0xf9,0x13,0x3a,0xc2,0x21,0x32,0xde,0xf3,0xdd,0x21,
	0xcf,0x00,0xcd,0xf2,0x13,0xc3,0x00,0x00,0x7b,0x87,0x83,0x5f,
	0x21,0x6c,0x02,0x19,0x5e,0x23,0x56,0x23,0x4e,0xeb,0xc3,0xa4,
	0x1f,0x71,0x6d,0x63,0x72,0x65,0x74,0x64,0x06,0x00,0x16,0x09,
	0x05,0x16,0x0f,0x06,0x16,0x16,0x05,0x16,0x1c,0x05,0x16,0x22,
	0x06,0x16,0x29,0x06,0x16,0x30,0x06,0x58,0x2e,0x4e,0x50,0x52,
	0x2e,0x30,0x31,0x2e,0x30,0x30,0x31,0x24,0xcd,0x74,0x08,0xcd,
	0x36,0x1c,0xaf,0x32,0x41,0x22,0x3d,0x32,0x3f,0x22,0x32,0x40,
	0x22,0xcd,0x8a,0x0c,0xc3,0xa2,0x01,0xcd,0x74,0x08,0xcd,0x36,
	0x1c,0x0e,0x00,0xcd,0x17,0x09,0x0d,0xca,0x42,0x03,0x0e,0xff,
	0xa7,0x3e,0xfe,0x20,0xf2,0xcd,0xb1,0x07,0x38,0xed,0xcd,0xa6,
	0x0d,0xcd,0xb0,0x0d,0x3a,0xf6,0x20,0x1f,0x30,0x0c,0x3a,0xf3,
	0x20,0x3c,0x20,0x06,0xcd,0x49,0x0e,0xcd,0x55,0x0e,0xcd,0x23,
	0x13,0xcd,0xc4,0x13,0xcd,0xbf,0x0f,0x38,0x58,0x21,0x00,0x00,
	0xcd,0x8d,0x1d,0x06,0x15,0xaf,0xc5,0xcd,0x83,0x03,0xc1,0x38,
	0x48,0x28,0x16,0x3e,0x01,0x10,0xf3,0xcd,0xa5,0x03,0x21,0x14,
	0x00,0xcd,0x8d,0x1d,0x3e,0x01,0xcd,0x83,0x03,0x38,0x32,0x20,
	0xee,0xcd,0xba,0x0d,0x11,0x45,0x03,0xcd,0xf3,0x0d,0xcd,0xb9,
	0x1d,0x79,0xfe,0x02,0x38,0x26,0x20,0xf6,0xcd,0xa6,0x0d,0x3a,
	0xf6,0x20,0x1f,0x30,0x0f,0xcd,0xe8,0x1a,0x3a,0xf3,0x20,0x3c,
	0x20,0x06,0xcd,0x49,0x0e,0xcd,0x55,0x0e,0x0e,0x01,0xc3,0xad,
	0x02,0xcd,0xfa,0x11,0x0c,0x0d,0x28,0xdc,0xc3,0xa2,0x01,0x45,
	0x4e,0x44,0x20,0x4f,0x46,0x20,0x46,0x49,0x4c,0x45,0x2c,0x20,
	0x4f,0x4b,0x20,0x3f,0x20,0x28,0x52,0x45,0x54,0x29,0x20,0x20,
	0x28,0x49,0x4e,0x53,0x2f,0x41,0x4e,0x4f,0x54,0x48,0x45,0x52,
	0x20,0x46,0x49,0x4c,0x45,0x20,0x20,0x45,0x53,0x43,0x2f,0x43,
	0x4f,0x4d,0x4d,0x41,0x4e,0x44,0x20,0x4d,0x45,0x4e,0x55,0x29,
	0x24,0xa7,0x20,0x03,0x32,0xcb,0x21,0xcd,0xcc,0x03,0xd8,0xc8,
	0x2a,0xf3,0x23,0x23,0x5e,0x7b,0xfe,0x1a,0xc8,0xa7,0x28,0x08,
	0xe5,0xcd,0xbf,0x13,0xe1,0x23,0x18,0xf0,0x3c,0xb7,0xc9,0x21,
	0x00,0x00,0x01,0x14,0x50,0x2c,0xc5,0xe5,0xc5,0xe5,0x11,0x1f,
	0x23,0xcd,0x2a,0x20,0xe1,0x2d,0xc1,0x11,0x1f,0x23,0xcd,0x38,
	0x20,0xe1,0x2c,0xc1,0x0d,0x20,0xe7,0x2d,0x01,0x01,0x50,0xc3,
	0x72,0x1f,0xed,0x5b,0xf3,0x23,0x13,0x0e,0x50,0x2a,0xf1,0x23,
	0x3a,0xcb,0x21,0xa7,0x28,0x24,0x47,0x7e,0x23,0xfe,0x0d,0x28,
	0x31,0xfe,0x09,0x20,0x12,0xc5,0x3e,0x48,0x06,0x09,0xb9,0x38,
	0x05,0xd6,0x08,0x10,0xf9,0xaf,0xc1,0x3c,0x4f,0x3e,0x09,0x12,
	0x13,0x0d,0x28,0x1a,0x10,0xdd,0xd5,0xcd,0x31,0x04,0xd1,0xd8,
	0xc8,0x7e,0xfe,0x0a,0x28,0x04,0xfe,0x0c,0x20,0xcd,0x23,0x05,
	0x18,0xc9,0x23,0x05,0x28,0x04,0x05,0x22,0xf1,0x23,0x78,0x32,
	0xcb,0x21,0xeb,0x0c,0x0d,0x28,0x06,0x36,0x0d,0x23,0x36,0x0a,
	0x23,0x36,0x00,0x3e,0x01,0xb7,0xc9,0x21,0x71,0x23,0x06,0x80,
	0xe5,0xc5,0x0e,0x01,0xcd,0xfa,0x0f,0xc1,0xe1,0xc9,0xcd,0x74,
	0x08,0xcd,0x36,0x1c,0x0e,0x00,0xcd,0x17,0x09,0x0d,0xca,0x9e,
	0x04,0x0e,0xff,0xa7,0x28,0x06,0x1f,0x3e,0xfe,0x38,0xef,0x2f,
	0x32,0xef,0x21,0xcd,0xb1,0x07,0xcd,0xbe,0x07,0xcd,0x23,0x13,
	0x3a,0xef,0x21,0x1f,0x30,0x08,0xaf,0xcd,0x86,0x10,0x38,0x21,
	0x28,0x15,0xcd,0xc4,0x13,0x11,0xf1,0x21,0x06,0x00,0xcd,0xcf,
	0x0f,0x38,0x12,0x3a,0xef,0x21,0x1f,0x3e,0xff,0x38,0xe4,0xcd,
	0xda,0x07,0x38,0x10,0x0e,0x01,0xc3,0x48,0x04,0xcd,0xfa,0x11,
	0x0d,0x28,0x05,0x0e,0x01,0xc3,0x48,0x04,0xc3,0xa2,0x01,0xcd,
	0x74,0x08,0xcd,0x36,0x1c,0x0e,0x00,0xcd,0x17,0x09,0x0d,0x28,
	0x5d,0x0e,0xff,0xa7,0x3e,0xfe,0x20,0xf3,0xcd,0xb1,0x07,0xcd,
	0xbe,0x07,0x0e,0x00,0xcd,0xdb,0x09,0x0d,0x28,0x48,0x0c,0x0e,
	0x01,0x20,0xe0,0x0e,0xff,0xa7,0x3e,0xfe,0x20,0xee,0xcd,0x23,
	0x13,0xcd,0xc4,0x13,0x3a,0xf0,0x21,0x3c,0x28,0x12,0x21,0xf1,
	0x21,0x11,0x18,0x22,0x01,0x03,0x00,0xed,0xb0,0xcd,0x31,0x11,
	0x38,0x16,0x28,0x0b,0x21,0x18,0x22,0x11,0xf1,0x21,0xcd,0x5b,
	0x10,0x38,0x09,0xcd,0xda,0x07,0x38,0x0e,0x0e,0x01,0x18,0xa7,
	0xcd,0xfa,0x11,0x0d,0x28,0x04,0x0e,0x01,0x18,0x9d,0xc3,0xa2,
	0x01,0xcd,0x74,0x08,0xcd,0x6b,0x14,0xcd,0x36,0x1c,0x0e,0x00,
	0xcd,0x17,0x09,0x0d,0xca,0xf0,0x05,0x0e,0xff,0xa7,0x28,0x06,
	0x1f,0x3e,0xfe,0x38,0xef,0x2f,0x32,0xef,0x21,0xcd,0xb1,0x07,
	0x38,0xe6,0xaf,0xcd,0x09,0x14,0x0e,0x00,0xcd,0xdb,0x09,0x0d,
	0xca,0xf0,0x05,0x0c,0xc2,0xda,0x05,0x0e,0xff,0xa7,0x28,0x08,
	0xfe,0x02,0x3e,0xfe,0x28,0xea,0x3e,0x80,0x47,0x3a,0xef,0x21,
	0xb0,0x32,0xef,0x21,0xcd,0xb6,0x07,0xcd,0xbe,0x07,0xcd,0x23,
	0x13,0x3a,0xef,0x21,0x1f,0x30,0x0a,0xaf,0xcd,0x86,0x10,0xda,
	0xea,0x05,0xca,0xd5,0x05,0x3a,0xef,0x21,0x17,0x30,0x0b,0x21,
	0xf4,0x21,0x11,0x1b,0x22,0x01,0x23,0x00,0xed,0xb0,0xcd,0xc4,
	0x13,0x3a,0xf0,0x21,0x3c,0x28,0x08,0xcd,0x31,0x11,0xda,0xea,
	0x05,0x28,0x37,0xcd,0xd7,0x11,0xcd,0xbf,0x0f,0x38,0x4d,0xcd,
	0xca,0x0f,0x38,0x48,0xcd,0xe4,0x0f,0x38,0x43,0xcd,0xf6,0x05,
	0x2a,0xf1,0x23,0x3a,0xcb,0x21,0x4f,0xcd,0xfa,0x0f,0x38,0x31,
	0x28,0x0a,0x2a,0xf1,0x23,0xcd,0x22,0x10,0x38,0x27,0x18,0xe8,
	0xcd,0x4e,0x10,0x38,0x23,0xcd,0x55,0x10,0x38,0x1e,0x3a,0xef,
	0x21,0x1f,0x3e,0xff,0xda,0x6a,0x05,0xcd,0xda,0x07,0x38,0x16,
	0xcd,0x46,0x1e,0x3e,0xff,0xcd,0x09,0x14,0x0e,0x01,0xc3,0x1a,
	0x05,0xcd,0xf4,0x11,0xcd,0xfa,0x11,0x0d,0x20,0xea,0xcd,0x46,
	0x1e,0xc3,0xa2,0x01,0x2a,0xf1,0x23,0x3a,0xef,0x21,0x1f,0x38,
	0x07,0x2a,0xf3,0x23,0x23,0x22,0xf1,0x23,0x11,0x00,0x01,0x19,
	0xeb,0x2a,0x06,0x00,0xb7,0xed,0x52,0xeb,0x21,0x00,0x40,0x3e,
	0x80,0xb7,0xed,0x52,0x38,0x02,0x29,0x94,0x32,0xcb,0x21,0xc9,
	0xcd,0x74,0x08,0xcd,0x36,0x1c,0x0e,0x00,0xcd,0x17,0x09,0x0d,
	0xca,0xc2,0x06,0x0e,0xff,0xa7,0x3e,0xfe,0x20,0xf2,0xcd,0xb1,
	0x07,0x38,0xed,0x0c,0xcd,0xdb,0x09,0x0d,0xca,0xc2,0x06,0x0c,
	0x0e,0x01,0x20,0xe0,0x0e,0xff,0x1f,0x79,0x30,0xee,0xcd,0xb6,
	0x07,0xcd,0xbe,0x07,0x21,0x18,0x22,0x11,0xf1,0x21,0xcd,0xc8,
	0x06,0x21,0x1b,0x22,0xcd,0x06,0x1c,0xcd,0x23,0x13,0xcd,0xc4,
	0x13,0x3a,0xf0,0x21,0x3c,0x28,0x07,0xcd,0x31,0x11,0x38,0x46,
	0x28,0x34,0xcd,0xd7,0x11,0xcd,0xbf,0x0f,0x38,0x3c,0xcd,0xca,
	0x0f,0x38,0x37,0xcd,0xe4,0x0f,0x38,0x32,0x2a,0xf3,0x23,0x23,
	0x0e,0x80,0xcd,0xfa,0x0f,0x38,0x24,0x28,0x0b,0x2a,0xf3,0x23,
	0x23,0xcd,0x22,0x10,0x38,0x19,0x18,0xe8,0xcd,0x4e,0x10,0x38,
	0x15,0xcd,0x55,0x10,0x38,0x10,0xcd,0xda,0x07,0x38,0x11,0xcd,
	0x46,0x1e,0x0e,0x01,0xc3,0x2a,0x06,0xcd,0xf4,0x11,0xcd,0xfa,
	0x11,0x0d,0x20,0xef,0xcd,0x46,0x1e,0xc3,0xa2,0x01,0xd5,0x46,
	0xc5,0x23,0x23,0x23,0xcd,0x95,0x20,0x36,0x4d,0x23,0xc1,0xd1,
	0x1a,0x4f,0xb0,0x13,0x1a,0x20,0x06,0x36,0x4c,0xc6,0x40,0x18,
	0x1a,0x36,0x30,0x0c,0x0d,0x20,0x05,0x3a,0xb1,0x21,0x18,0x05,
	0xe6,0xf8,0x1f,0x1f,0x1f,0xfe,0x0a,0x38,0x04,0x36,0x31,0xd6,
	0x0a,0xc6,0x30,0x23,0x77,0xc9,0x79,0x3d,0x28,0x05,0x3c,0x20,
	0x02,0x3e,0x03,0x32,0xda,0x21,0x2a,0xdb,0x21,0xed,0x5b,0xdd,
	0x21,0x3e,0x01,0x06,0x0f,0x4b,0x18,0x07,0x59,0x4a,0x18,0x03,
	0x07,0x38,0xf9,0xb7,0xcb,0x1c,0xcb,0x1d,0x38,0x17,0xf5,0xb1,
	0xb9,0x28,0x11,0xc5,0xf5,0xd5,0xe5,0xcd,0x60,0x07,0xe1,0xd1,
	0xc1,0x78,0xc1,0x38,0x1f,0x20,0x01,0x4f,0xf1,0x10,0xdd,0x51,
	0xed,0x53,0xdd,0x21,0x2a,0xdb,0x21,0x7d,0x2f,0x6f,0x7c,0x2f,
	0xe6,0x7f,0x67,0xb7,0xed,0x52,0x3e,0xf6,0x28,0x06,0xaf,0xc9,
	0xf1,0xaf,0x3e,0xf7,0x37,0xc9,0x21,0xbe,0x7c,0x3e,0x10,0x90,
	0x5f,0x87,0x83,0x4f,0x06,0x00,0x09,0x4b,0x11,0xdf,0x21,0x06,
	0x02,0xc5,0xe5,0xd5,0xcd,0x93,0x07,0xd1,0xe1,0xc1,0xd8,0x12,
	0x13,0x23,0x23,0x10,0xf0,0x2a,0xdf,0x21,0x2c,0x20,0x08,0x3a,
	0xda,0x21,0xbc,0x38,0x02,0x2d,0xc9,0xaf,0xc9,0xeb,0x21,0xe1,
	0x21,0x01,0x00,0x08,0x71,0x23,0x10,0xfc,0xeb,0x22,0xe2,0x21,
	0x3e,0x02,0x32,0xe5,0x21,0x11,0xe1,0x21,0x0e,0xb4,0x06,0x0a,
	0xc3,0x05,0x00,0x3a,0xf2,0x21,0x18,0x03,0x3a,0x19,0x22,0xfe,
	0xf8,0x3f,0x79,0xc9,0x38,0x01,0x3c,0x32,0xf0,0x21,0xc8,0x0e,
	0xb4,0x06,0x05,0xcd,0x05,0x00,0x3e,0xf7,0xd8,0x22,0xdb,0x21,
	0x21,0x00,0x00,0x22,0xdd,0x21,0xb7,0xc9,0x3a,0xf0,0x21,0xa7,
	0xc8,0x2a,0xdd,0x21,0x7c,0xb5,0xc8,0xe5,0xcd,0xba,0x0d,0x11,
	0x51,0x08,0xcd,0xf3,0x0d,0xe1,0x06,0x0f,0x0e,0xff,0x16,0x00,
	0xcb,0x1c,0xcb,0x1d,0x30,0x21,0x3e,0x10,0x90,0x0c,0x28,0x05,
	0x1e,0x2c,0xcd,0x45,0x08,0x14,0x14,0xfe,0x0a,0x38,0x08,0x14,
	0x1e,0x31,0xcd,0x45,0x08,0xd6,0x0a,0xc6,0x30,0x5f,0xcd,0x45,
	0x08,0x0e,0x00,0x10,0xd7,0xd5,0x11,0x59,0x08,0xcd,0xba,0x13,
	0xf1,0xc6,0x0c,0x4f,0x21,0x17,0x09,0xc5,0xe5,0xcd,0xa4,0x1f,
	0xcd,0xb9,0x1d,0x79,0xfe,0x02,0x30,0xf8,0xe1,0xc1,0xf5,0xcd,
	0xa4,0x1f,0xf1,0xfe,0x01,0x3f,0xc9,0xf5,0xc5,0xe5,0xd5,0xcd,
	0xbf,0x13,0xd1,0xe1,0xc1,0xf1,0xc9,0x45,0x52,0x52,0x20,0x4f,
	0x4e,0x20,0x24,0x20,0x28,0x52,0x45,0x54,0x29,0x20,0x20,0x28,
	0x45,0x53,0x43,0x2f,0x43,0x4f,0x4d,0x4d,0x41,0x4e,0x44,0x20,
	0x4d,0x45,0x4e,0x55,0x29,0x24,0x3a,0xe9,0x21,0xfe,0x05,0x28,
	0x3f,0xfe,0x07,0x28,0x3b,0xaf,0x32,0xea,0x21,0x21,0x00,0x00,
	0x22,0xf9,0x20,0x21,0x15,0x50,0x22,0xfb,0x20,0x21,0x16,0x05,
	0x3a,0xe9,0x21,0xfe,0x04,0x28,0x04,0x1f,0x38,0x01,0x24,0x22,
	0x45,0x21,0x3e,0x50,0x94,0x67,0x2e,0x01,0x22,0x47,0x21,0x26,
	0x04,0x2e,0x13,0x22,0x49,0x21,0x21,0xf5,0x23,0x22,0xf7,0x20,
	0x22,0xf3,0x23,0xc9,0x3e,0xff,0x32,0xea,0x21,0x21,0x02,0x00,
	0x22,0x53,0x21,0x21,0x13,0x27,0x22,0x55,0x21,0x21,0x16,0x06,
	0x22,0x45,0x21,0x21,0x01,0x4a,0x22,0x47,0x21,0x26,0x02,0x2e,
	0x11,0x22,0x49,0x21,0x21,0xf5,0x23,0x22,0x51,0x21,0x21,0xf5,
	0x23,0x22,0xf3,0x23,0x21,0x00,0x00,0x22,0x4b,0x21,0xaf,0x32,
	0x4d,0x21,0x32,0x50,0x21,0x21,0x02,0x2a,0x22,0x82,0x21,0x21,
	0x13,0x26,0x22,0x84,0x21,0x21,0xf5,0x23,0x22,0x80,0x21,0x21,
	0x00,0x00,0x22,0x7a,0x21,0xaf,0x32,0x7c,0x21,0x32,0x7f,0x21,
	0xc9,0x11,0xf1,0x21,0xed,0x53,0xc5,0x21,0x2a,0x45,0x21,0x22,
	0x42,0x22,0x47,0x79,0xfe,0x01,0x38,0x0c,0x78,0xc2,0xb5,0x09,
	0x3a,0xf6,0x20,0x1f,0x0e,0x04,0x38,0x02,0x0e,0x00,0xaf,0x32,
	0xeb,0x21,0xcd,0x43,0x0b,0xcd,0x13,0x1e,0xa9,0x09,0xda,0x09,
	0x48,0x09,0xaf,0xf5,0x4f,0x3a,0xea,0x21,0x3c,0x3e,0xff,0x20,
	0x04,0x79,0x2f,0xc6,0x1d,0x32,0x40,0x22,0x3a,0xf6,0x20,0x1f,
	0x3e,0xff,0x38,0x01,0x3d,0x32,0x41,0x22,0xcd,0x8a,0x0c,0xd1,
	0xcd,0x13,0x1e,0x75,0x09,0xda,0x09,0x7f,0x09,0x9c,0x09,0x3a,
	0x40,0x22,0x3c,0x0e,0x03,0x28,0xbb,0x18,0x08,0x3a,0x40,0x22,
	0x3c,0x0e,0x00,0x28,0xb1,0x78,0x32,0xf6,0x20,0x7a,0xa7,0xc4,
	0x09,0x14,0x3a,0xf6,0x20,0x1f,0x0e,0x03,0x38,0xa0,0x0e,0x00,
	0x18,0x9c,0x78,0x32,0xf6,0x20,0x7a,0xf5,0xcd,0x09,0x14,0xf1,
	0x2f,0x18,0xa0,0x2a,0xc5,0x21,0xcd,0x15,0x0f,0x38,0x04,0x0e,
	0x00,0x18,0x25,0xcd,0xfa,0x11,0x41,0x0d,0x48,0x28,0x1d,0xcd,
	0xfc,0x0d,0xcd,0xba,0x0d,0x11,0x51,0x0c,0x3a,0xf6,0x20,0x1f,
	0x38,0x03,0x11,0x5b,0x0c,0xcd,0xf3,0x0d,0xcd,0x45,0x0c,0x0e,
	0x02,0xc3,0x38,0x09,0xc9,0x11,0x18,0x22,0xed,0x53,0xc5,0x21,
	0x0c,0xca,0x11,0x0b,0xcd,0x2e,0x0f,0xcd,0x44,0x0f,0x0e,0x01,
	0x3a,0xe9,0x21,0xfe,0x07,0x20,0x08,0x3a,0xf6,0x20,0x1f,0x30,
	0x02,0x0e,0x03,0x3e,0xff,0x32,0xeb,0x21,0xcd,0x43,0x0b,0xcd,
	0x13,0x1e,0x05,0x0b,0x42,0x0b,0x12,0x0a,0x00,0x00,0x42,0x0b,
	0x3a,0xea,0x21,0x3c,0x28,0x14,0x3a,0xf6,0x20,0x1f,0x30,0x1b,
	0x3a,0xf3,0x20,0x3c,0x20,0x15,0xcd,0x49,0x0e,0xcd,0x55,0x0e,
	0x18,0x0d,0x3a,0xac,0x21,0x1f,0x30,0x07,0x3a,0xa9,0x21,0x3c,
	0xcc,0x5a,0x0e,0x3e,0xff,0xf5,0x4f,0x3a,0xea,0x21,0x3c,0x3e,
	0xff,0x20,0x04,0x79,0x2f,0xc6,0x1d,0x32,0x40,0x22,0x3a,0xf6,
	0x20,0x1f,0x3e,0xff,0x38,0x01,0x3d,0x32,0x41,0x22,0xcd,0x8a,
	0x0c,0xd1,0xcd,0x13,0x1e,0x67,0x0a,0x42,0x0b,0x67,0x0a,0xd4,
	0x0a,0x78,0x32,0xf6,0x20,0x3a,0x40,0x22,0x3c,0x20,0x24,0x04,
	0x05,0x28,0x11,0x3a,0xf3,0x20,0xa7,0x28,0x0b,0xcd,0x68,0x0e,
	0x38,0x06,0xcd,0x49,0x0e,0xcd,0x55,0x0e,0xaf,0x32,0x41,0x22,
	0x32,0x40,0x22,0xcd,0x4a,0x0f,0x0e,0x01,0xc3,0xfd,0x09,0x7a,
	0x3c,0x28,0x15,0x3a,0xf6,0x20,0x1f,0x30,0x0c,0x3a,0xf3,0x20,
	0xa7,0x28,0x06,0xcd,0x68,0x0e,0xd4,0x49,0x0e,0xcd,0x09,0x14,
	0x3a,0xac,0x21,0x1f,0x30,0x07,0x3a,0xa9,0x21,0x3c,0xcc,0x5a,
	0x0e,0xcd,0x4a,0x0f,0x0e,0x01,0x3a,0xe9,0x21,0xfe,0x05,0xca,
	0xfd,0x09,0x3a,0xf6,0x20,0x1f,0xd2,0xfd,0x09,0x0e,0x03,0xc3,
	0xfd,0x09,0x78,0x32,0xf6,0x20,0x7a,0xf5,0x3a,0xf6,0x20,0x1f,
	0x30,0x0e,0x3a,0xf3,0x20,0xa7,0x28,0x08,0xcd,0x68,0x0e,0x38,
	0x03,0xcd,0x49,0x0e,0xf1,0xf5,0xcd,0x09,0x14,0x3a,0xf6,0x20,
	0x1f,0x30,0x07,0x3a,0xf3,0x20,0x3c,0xcc,0x49,0x0e,0xf1,0x2f,
	0xc3,0x3b,0x0a,0x2a,0xc5,0x21,0xcd,0x15,0x0f,0x38,0x04,0x0e,
	0x00,0x18,0x31,0xcd,0xfa,0x11,0x41,0x0d,0x48,0x28,0x29,0xcd,
	0xfc,0x0d,0xcd,0xba,0x0d,0x11,0x5b,0x0c,0x3a,0xe9,0x21,0xfe,
	0x06,0x20,0x05,0x11,0x7e,0x0c,0x18,0x09,0x3a,0xf6,0x20,0x1f,
	0x38,0x03,0x11,0x51,0x0c,0xcd,0xf3,0x0d,0xcd,0x45,0x0c,0x0e,
	0x02,0xc3,0xfd,0x09,0xc9,0xcd,0x13,0x1e,0x50,0x0b,0x57,0x0b,
	0x9a,0x0b,0xb6,0x0b,0xbc,0x0b,0xaf,0x32,0xf6,0x20,0x32,0xf3,
	0x20,0xaf,0x32,0x41,0x22,0x32,0x3f,0x22,0x3d,0x32,0x40,0x22,
	0x3a,0xeb,0x21,0x3c,0xc4,0xb0,0x0d,0xcd,0xba,0x0d,0x3a,0xeb,
	0x21,0xa7,0x28,0x06,0x3a,0xe9,0x21,0x1f,0x30,0x03,0xcd,0xc3,
	0x0d,0xcd,0xe8,0x19,0xcd,0xd3,0x0d,0x11,0x5b,0x0c,0x3a,0xeb,
	0x21,0x3c,0x20,0x0a,0x3a,0xe9,0x21,0xfe,0x06,0x20,0x03,0x11,
	0x7e,0x0c,0xcd,0xf3,0x0d,0xcd,0x45,0x0c,0x0e,0x00,0xcd,0xfe,
	0x0e,0x47,0x79,0xfe,0x03,0x78,0xda,0x44,0x0c,0x28,0x41,0x3a,
	0xeb,0x21,0x3c,0x78,0xca,0x44,0x0c,0xcd,0xfc,0x0d,0x18,0xe4,
	0x21,0x00,0x00,0x22,0xf1,0x20,0x3e,0x01,0x32,0xf6,0x20,0x3d,
	0x32,0x41,0x22,0x32,0x40,0x22,0xcd,0x29,0x0e,0x3a,0xeb,0x21,
	0x3c,0xc4,0xb0,0x0d,0xcd,0xba,0x0d,0xcd,0xe8,0x19,0xcd,0xe3,
	0x0d,0x11,0x51,0x0c,0xcd,0xf3,0x0d,0xcd,0x45,0x0c,0x3a,0xf3,
	0x20,0x3c,0x28,0x55,0x3e,0xff,0x32,0xf3,0x20,0xcd,0x55,0x0e,
	0x18,0x45,0xcd,0xb9,0x1d,0xcd,0x13,0x1e,0x44,0x0c,0x44,0x0c,
	0x06,0x0c,0x31,0x0c,0x23,0x0c,0x06,0x0c,0x47,0xaf,0x32,0xf3,
	0x20,0xc5,0xcd,0x49,0x0e,0xcd,0x55,0x0e,0xc1,0x79,0xfe,0x05,
	0x78,0x20,0x2b,0xf5,0xcd,0xfc,0x0d,0xf1,0x0e,0xff,0xc3,0x9c,
	0x0b,0xfe,0x18,0x20,0xcd,0x47,0x3a,0xeb,0x21,0x3c,0x78,0x28,
	0xd7,0x18,0xc3,0xcd,0x05,0x0e,0x38,0xbe,0xcd,0x4c,0x0e,0xcd,
	0xfc,0x0d,0xcd,0x49,0x0e,0xcd,0xe6,0x0e,0x18,0xb0,0xc9,0x11,
	0x66,0x0c,0xcd,0xba,0x13,0x11,0x7f,0x0d,0xc3,0xba,0x13,0x53,
	0x45,0x4c,0x45,0x43,0x54,0x20,0x4f,0x52,0x20,0x49,0x4e,0x50,
	0x55,0x54,0x20,0x46,0x49,0x4c,0x45,0x24,0x20,0x4e,0x41,0x4d,
	0x45,0x20,0x20,0x28,0x49,0x4e,0x53,0x2f,0x44,0x49,0x52,0x45,
	0x43,0x54,0x4f,0x52,0x59,0x20,0x20,0x24,0x49,0x4e,0x50,0x55,
	0x54,0x20,0x44,0x52,0x49,0x56,0x45,0x24,0x3a,0x41,0x22,0xa7,
	0x28,0x08,0x2a,0x42,0x22,0xe5,0x2a,0x44,0x22,0xe5,0x2a,0x45,
	0x21,0x22,0x42,0x22,0x28,0x09,0x3c,0xca,0x29,0x0d,0x18,0x03,
	0xcd,0xa6,0x0d,0xcd,0xb0,0x0d,0xcd,0xba,0x0d,0xcd,0xc3,0x0d,
	0xcd,0xe8,0x19,0xcd,0xd3,0x0d,0x11,0x50,0x0d,0xcd,0xf3,0x0d,
	0x11,0x7f,0x0d,0x3a,0x41,0x22,0xa7,0x28,0x03,0x11,0x71,0x0d,
	0xcd,0xba,0x13,0x0e,0x00,0xcd,0xfe,0x0e,0x47,0x79,0xa7,0x28,
	0x0c,0xfe,0x04,0x78,0x06,0x00,0x20,0x62,0xcd,0xfc,0x0d,0x18,
	0xea,0x21,0x1e,0x21,0xcd,0x34,0x15,0x38,0x4d,0x2a,0x1e,0x21,
	0x2c,0x20,0x09,0x7c,0xfe,0xf8,0x3e,0xff,0x30,0x40,0x18,0x05,
	0x24,0x25,0xcc,0xc3,0x0d,0xcd,0xe8,0x19,0xcd,0xba,0x0d,0x11,
	0x91,0x0d,0xcd,0xf3,0x0d,0xcd,0xb7,0x13,0x21,0xf5,0x23,0x3a,
	0xe9,0x21,0xfe,0x05,0x28,0x02,0xfe,0x07,0xcc,0x82,0x14,0xcd,
	0x30,0x17,0x38,0x16,0x28,0x05,0xcd,0xbf,0x17,0x38,0x0f,0xcd,
	0xf8,0x17,0x47,0x79,0xfe,0x02,0x78,0xca,0xa6,0x0c,0x06,0x01,
	0x18,0x08,0xcd,0xfa,0x11,0x0c,0x0d,0xca,0xa6,0x0c,0x57,0x3a,
	0x41,0x22,0xa7,0x7a,0xc8,0xe1,0x22,0x44,0x22,0xe1,0x22,0x42,
	0x22,0xc9,0x49,0x4e,0x50,0x55,0x54,0x20,0x44,0x52,0x49,0x56,
	0x45,0x20,0x4e,0x41,0x4d,0x45,0x20,0x4f,0x52,0x20,0x46,0x49,
	0x4c,0x45,0x20,0x4e,0x41,0x4d,0x45,0x20,0x20,0x28,0x24,0x49,
	0x4e,0x53,0x2f,0x51,0x55,0x49,0x54,0x20,0x44,0x49,0x52,0x20,
	0x20,0x45,0x53,0x43,0x2f,0x43,0x4f,0x4d,0x4d,0x41,0x4e,0x44,
	0x20,0x4d,0x45,0x4e,0x55,0x29,0x24,0x44,0x49,0x53,0x50,0x4c,
	0x41,0x59,0x49,0x4e,0x47,0x20,0x44,0x49,0x52,0x45,0x43,0x54,
	0x4f,0x52,0x59,0x24,0x2a,0xf9,0x20,0xed,0x4b,0xfb,0x20,0xc3,
	0x72,0x1f,0x2a,0x45,0x21,0xed,0x4b,0x47,0x21,0xc3,0x72,0x1f,
	0x21,0x17,0x09,0x01,0x01,0x47,0xc3,0x72,0x1f,0x0e,0x19,0xcd,
	0x05,0x00,0x3c,0x67,0x2e,0x00,0x22,0x1e,0x21,0x32,0x20,0x21,
	0xc9,0x2a,0x42,0x22,0xcd,0x8d,0x1d,0xcd,0x45,0x1a,0xcd,0x93,
	0x1d,0x22,0x44,0x22,0xc9,0xcd,0xd3,0x0d,0x22,0xf4,0x20,0xc9,
	0x2a,0x45,0x21,0xcd,0x8d,0x1d,0xc3,0xba,0x13,0x21,0x17,0x09,
	0xcd,0x8d,0x1d,0xc3,0xba,0x13,0x2a,0x44,0x22,0x01,0x01,0x14,
	0xc3,0x72,0x1f,0xed,0x4b,0xed,0x21,0xed,0x5b,0xf1,0x20,0xd5,
	0xcd,0xfa,0x1d,0xe1,0xd8,0x78,0xba,0x20,0x0c,0x3a,0x02,0x21,
	0x1f,0x38,0x06,0x3a,0x01,0x21,0x3d,0xbb,0xd8,0xed,0x53,0xf1,
	0x20,0xb7,0xc9,0xed,0x5b,0x49,0x21,0x2a,0xfd,0x20,0xed,0x4b,
	0xff,0x20,0xb7,0xed,0x42,0x23,0x42,0xaf,0x57,0xed,0x52,0xeb,
	0x30,0x01,0x19,0x65,0x68,0x25,0x2d,0x22,0xed,0x21,0xc9,0x2a,
	0xf1,0x20,0xed,0x5b,0xf9,0x20,0xcd,0x70,0x0f,0x18,0x08,0x2a,
	0xf4,0x20,0x18,0x03,0x2a,0xaa,0x21,0x0e,0x0c,0xc3,0xa4,0x1f,
	0x21,0x17,0x09,0xc3,0xa4,0x1f,0x2a,0xfd,0x20,0xed,0x5b,0xff,
	0x20,0x01,0x01,0x21,0xc5,0xed,0x4b,0x49,0x21,0xb7,0xed,0x52,
	0x23,0x78,0x06,0x00,0xb7,0xed,0x42,0x30,0x0b,0x09,0x2b,0x47,
	0xaf,0x85,0x10,0xfd,0xe1,0x86,0x18,0x06,0xe1,0x47,0xaf,0x81,
	0x10,0xfd,0x4f,0xf5,0xc5,0xcd,0xeb,0x1b,0xc1,0x11,0xf4,0x21,
	0xd5,0x06,0x0b,0x1a,0xbe,0x20,0x07,0x23,0x13,0x10,0xf8,0xd1,
	0x18,0x15,0x23,0x10,0xfd,0xd1,0x0d,0x20,0xeb,0xf1,0x21,0x00,
	0x00,0x22,0xf1,0x20,0x3e,0xfe,0x32,0xf3,0x20,0x37,0xc9,0xf1,
	0x91,0x67,0x3a,0x4a,0x21,0x5f,0xaf,0x6f,0x06,0x08,0xed,0x6a,
	0x17,0xbb,0x38,0x01,0x93,0x10,0xf7,0xed,0x6a,0x65,0x6f,0x7c,
	0x2f,0x67,0x22,0xf1,0x20,0x3e,0xff,0x32,0xf3,0x20,0xb7,0xc9,
	0x2a,0xf1,0x20,0x3a,0xed,0x21,0x5f,0xcd,0x7f,0x0f,0xe5,0xcd,
	0x9f,0x0f,0x2a,0xf4,0x20,0xcd,0x8d,0x1d,0xe1,0xc3,0x06,0x1c,
	0x47,0x2a,0x44,0x22,0xcd,0x8d,0x1d,0x3e,0xff,0xcd,0x99,0x1d,
	0x78,0xcd,0xc2,0x14,0x47,0xaf,0xcd,0x99,0x1d,0x78,0xc9,0xe5,
	0xcd,0x34,0x15,0xe1,0xd8,0x4f,0x7e,0x23,0xb6,0x20,0x0a,0x23,
	0xed,0x5b,0x1e,0x21,0x72,0x2b,0x72,0x2b,0x73,0x79,0xb7,0xc9,
	0x11,0x3b,0x0f,0xcd,0xba,0x13,0xcd,0x93,0x1d,0x22,0x42,0x22,
	0xc9,0x20,0x2d,0x2d,0x2d,0x2d,0x2d,0x3e,0x20,0x24,0xcd,0x50,
	0x0f,0xc3,0x2a,0x20,0xcd,0x50,0x0f,0xc3,0x38,0x20,0x2a,0x45,
	0x21,0x11,0xbb,0x22,0x3a,0x48,0x21,0x47,0xc9,0xcd,0x67,0x0f,
	0xc3,0x2a,0x20,0xcd,0x67,0x0f,0xc3,0x38,0x20,0x21,0x17,0x09,
	0x11,0x1f,0x23,0x06,0x47,0xc9,0x7d,0x87,0x87,0x87,0x87,0x95,
	0x82,0x6f,0x7c,0x83,0x3c,0x3c,0x65,0x6f,0xc9,0x4d,0x1c,0x16,
	0x00,0x6a,0x06,0x08,0x29,0x30,0x01,0x19,0x10,0xfa,0x09,0x44,
	0x4d,0x29,0x29,0x09,0x29,0x09,0xe5,0xed,0x5b,0xff,0x20,0xcd,
	0xeb,0x1b,0xc1,0x09,0xc9,0x11,0x0b,0x23,0x06,0x08,0xcd,0xb4,
	0x0f,0x3e,0x2e,0x12,0x13,0x06,0x03,0xcd,0xb4,0x0f,0x3e,0x00,
	0x12,0xc9,0x7e,0xfe,0x20,0x28,0x02,0x12,0x13,0x23,0x10,0xf6,
	0xc9,0x11,0xf1,0x21,0x0e,0x0f,0xcd,0x4e,0x1e,0xc3,0x7d,0x10,
	0x11,0x46,0x22,0x06,0xff,0xc5,0xc5,0x0e,0x13,0xcd,0x4e,0x1e,
	0xc1,0x48,0xcc,0x00,0x07,0xc1,0xc8,0xd8,0x04,0xc2,0x7e,0x10,
	0xb7,0xc9,0x11,0x46,0x22,0x0e,0x16,0xcd,0x4e,0x1e,0x0e,0x00,
	0xcc,0x00,0x07,0xc8,0xd8,0xfe,0xff,0x3e,0xfb,0xc3,0x82,0x10,
	0x11,0xf1,0x21,0x41,0xd5,0xc5,0xe5,0xeb,0xcd,0x49,0x1e,0xeb,
	0x0e,0x14,0xcd,0x4e,0x1e,0xe1,0xc1,0x38,0x11,0xa7,0x20,0x0b,
	0x11,0x80,0x00,0x19,0xd1,0x10,0xe5,0x41,0x3c,0xb7,0xc9,0x79,
	0x90,0x47,0xd1,0xc9,0x11,0x46,0x22,0xd5,0xc5,0xe5,0xeb,0xcd,
	0x49,0x1e,0xeb,0x0e,0x15,0xcd,0x4e,0x1e,0x0e,0x01,0xcc,0x00,
	0x07,0xe1,0xc1,0x38,0x10,0x28,0x05,0xa7,0x3e,0xfa,0x20,0x09,
	0x11,0x80,0x00,0x19,0xd1,0x10,0xdc,0xaf,0xc9,0xd1,0x37,0xc9,
	0x11,0x46,0x22,0x0e,0x10,0x18,0x1f,0x21,0x18,0x22,0x11,0x46,
	0x22,0xd5,0xe5,0xd5,0x3e,0xff,0xcd,0x26,0x1e,0xd1,0x21,0x12,
	0x00,0x19,0xeb,0xe1,0x23,0x23,0x01,0x0c,0x00,0xed,0xb0,0xd1,
	0x0e,0x17,0xcd,0x4e,0x1e,0x0e,0x00,0xcc,0x00,0x07,0xc8,0xd8,
	0xfe,0xff,0x3e,0xfc,0x37,0xc8,0xb7,0xc9,0x11,0xf1,0x21,0xd5,
	0xa7,0x28,0x1c,0x2a,0xc7,0x21,0x11,0x0b,0x00,0x19,0x22,0xc7,
	0x21,0xed,0x4b,0xc9,0x21,0x05,0xed,0x43,0xc9,0x21,0xd1,0x20,
	0x32,0x0c,0x0d,0xc8,0xd5,0x18,0x14,0xd5,0x11,0x6d,0x22,0x3e,
	0x0f,0xcd,0x26,0x1e,0xe1,0x11,0x6d,0x22,0x01,0x0e,0x00,0xed,
	0xb0,0x0e,0x00,0x11,0x6d,0x22,0xcd,0xea,0x10,0xd1,0xd8,0xc8,
	0x23,0x22,0xf1,0x23,0xed,0x43,0xc9,0x21,0x2a,0xf3,0x23,0x23,
	0x22,0xc7,0x21,0xd5,0xe5,0x3e,0xff,0xcd,0x26,0x1e,0xe1,0xd1,
	0x13,0x13,0x13,0x01,0x0b,0x00,0xed,0xb0,0x3e,0x01,0xb7,0xc9,
	0xd5,0x3e,0xff,0xcd,0x26,0x1e,0xd1,0x3e,0x01,0x0c,0x0d,0x28,
	0x19,0x3e,0x11,0xd5,0xc5,0x06,0x80,0xc5,0x4f,0xcd,0x4e,0x1e,
	0xc1,0x38,0x08,0x3e,0x12,0x10,0xf4,0x0d,0x20,0xef,0xaf,0xc1,
	0xd1,0xd8,0x2a,0xf3,0x23,0x23,0x06,0x80,0xc5,0xd5,0xcd,0x96,
	0x1a,0xd1,0xc1,0xd8,0xfe,0xff,0x28,0x08,0xaf,0x10,0xf1,0x36,
	0xff,0x0c,0x18,0x02,0x0e,0x00,0x3e,0x80,0x90,0x47,0xc9,0x11,
	0x18,0x22,0xd5,0xd5,0xd5,0x0e,0x11,0xcd,0x4e,0x1e,0xd1,0xf5,
	0x0e,0x33,0xcd,0x4e,0x1e,0xf1,0x38,0x04,0xfe,0x04,0x38,0x03,
	0xd1,0xd1,0xc9,0xcd,0x5b,0x0f,0xcd,0xba,0x0d,0x21,0x17,0x09,
	0xcd,0x8d,0x1d,0x1e,0x5b,0xcd,0xbf,0x13,0xe1,0x23,0x23,0x23,
	0xcd,0x06,0x1c,0x11,0xa2,0x11,0xcd,0xba,0x13,0x0e,0x2d,0xcd,
	0x62,0x0e,0xcd,0xb9,0x1d,0x0e,0x01,0xfe,0x03,0x28,0x0a,0x0c,
	0xfe,0x6e,0x28,0x05,0x0c,0xfe,0x79,0x20,0xed,0xc5,0x0e,0x2d,
	0xcd,0x62,0x0e,0xcd,0xba,0x0d,0xcd,0x61,0x0f,0xc1,0xd1,0x0d,
	0x3e,0xf9,0x37,0xc8,0xb7,0x0d,0xc8,0x0e,0x13,0xcd,0x4e,0x1e,
	0x06,0x00,0x04,0xc9,0x5d,0x20,0x41,0x4c,0x52,0x45,0x41,0x44,
	0x59,0x20,0x45,0x58,0x49,0x53,0x54,0x53,0x2c,0x20,0x44,0x45,
	0x4c,0x45,0x54,0x45,0x20,0x3f,0x20,0x28,0x59,0x2f,0x4e,0x29,
	0x20,0x20,0x28,0x43,0x54,0x52,0x4c,0x2d,0x43,0x2f,0x49,0x4e,
	0x54,0x45,0x52,0x52,0x55,0x50,0x54,0x29,0x24,0x21,0x18,0x22,
	0x11,0x46,0x22,0xe5,0xd5,0x3e,0xff,0xcd,0x26,0x1e,0xd1,0xe1,
	0x01,0x0b,0x00,0xed,0xb0,0xeb,0x06,0x03,0x36,0x24,0x23,0x10,
	0xfb,0xc9,0xf5,0xcd,0xca,0x0f,0xf1,0xc9,0xf5,0xcd,0xba,0x0d,
	0xf1,0x2f,0x4f,0x11,0x1c,0x00,0xcd,0x8f,0x19,0x4b,0x12,0x5d,
	0x12,0x6e,0x12,0x77,0x12,0x87,0x12,0x97,0x12,0xa2,0x12,0xad,
	0x12,0xb7,0x12,0xc2,0x12,0xd3,0x12,0xdf,0x12,0xf3,0x12,0xff,
	0x12,0xd5,0xd5,0x13,0xcd,0xf3,0x0d,0x11,0x0e,0x13,0xcd,0xba,
	0x13,0x11,0x7f,0x0d,0xcd,0xba,0x13,0xe1,0x4e,0xcd,0x62,0x0e,
	0xcd,0xb9,0x1d,0x79,0xfe,0x02,0x30,0xf8,0xe1,0xf5,0x4e,0xcd,
	0x62,0x0e,0xf1,0x4f,0xc9,0x10,0x44,0x52,0x49,0x56,0x45,0x20,
	0x4e,0x41,0x4d,0x45,0x20,0x45,0x52,0x52,0x4f,0x52,0x24,0x0f,
	0x46,0x49,0x4c,0x45,0x20,0x4e,0x41,0x4d,0x45,0x20,0x45,0x52,
	0x52,0x4f,0x52,0x24,0x07,0x4e,0x4f,0x20,0x46,0x49,0x4c,0x45,
	0x24,0x0e,0x46,0x49,0x4c,0x45,0x20,0x4e,0x4f,0x54,0x20,0x46,
	0x4f,0x55,0x4e,0x44,0x24,0x0e,0x44,0x49,0x52,0x45,0x43,0x54,
	0x4f,0x52,0x59,0x20,0x46,0x55,0x4c,0x4c,0x24,0x09,0x44,0x49,
	0x53,0x4b,0x20,0x46,0x55,0x4c,0x4c,0x24,0x09,0x49,0x4e,0x54,
	0x45,0x52,0x52,0x55,0x50,0x54,0x24,0x08,0x4e,0x45,0x54,0x20,
	0x42,0x55,0x53,0x59,0x24,0x09,0x4e,0x45,0x54,0x20,0x45,0x52,
	0x52,0x4f,0x52,0x24,0x0f,0x42,0x52,0x4f,0x41,0x44,0x43,0x41,
	0x53,0x54,0x20,0x45,0x52,0x52,0x4f,0x52,0x24,0x0a,0x44,0x49,
	0x53,0x4b,0x20,0x45,0x52,0x52,0x4f,0x52,0x24,0x12,0x4e,0x4f,
	0x54,0x20,0x56,0x52,0x41,0x4d,0x20,0x44,0x41,0x54,0x41,0x20,
	0x46,0x49,0x4c,0x45,0x24,0x0a,0x44,0x41,0x54,0x41,0x20,0x45,
	0x52,0x52,0x4f,0x52,0x24,0x0d,0x53,0x48,0x4f,0x52,0x54,0x20,
	0x4f,0x46,0x20,0x56,0x52,0x41,0x4d,0x24,0x20,0x20,0x28,0x52,
	0x45,0x54,0x2f,0x49,0x4e,0x50,0x55,0x54,0x20,0x41,0x47,0x41,
	0x49,0x4e,0x20,0x20,0x24,0xcd,0xba,0x0d,0x3a,0xe9,0x21,0x3d,
	0x3d,0x4f,0x11,0x0e,0x00,0xcd,0x8f,0x19,0x4f,0x13,0x56,0x13,
	0x5e,0x13,0x67,0x13,0x6f,0x13,0x77,0x13,0x81,0x13,0xcd,0xf3,
	0x0d,0x11,0x92,0x13,0xcd,0xba,0x13,0x11,0xa2,0x13,0xc3,0xba,
	0x13,0x54,0x59,0x50,0x49,0x4e,0x47,0x24,0x45,0x52,0x41,0x53,
	0x49,0x4e,0x47,0x24,0x52,0x45,0x4e,0x41,0x4d,0x49,0x4e,0x47,
	0x24,0x43,0x4f,0x50,0x59,0x49,0x4e,0x47,0x24,0x4d,0x41,0x49,
	0x4c,0x49,0x4e,0x47,0x24,0x43,0x4f,0x4d,0x50,0x41,0x52,0x49,
	0x4e,0x47,0x24,0x4d,0x4f,0x56,0x49,0x4e,0x47,0x20,0x56,0x52,
	0x41,0x4d,0x20,0x44,0x41,0x54,0x41,0x24,0x20,0x5b,0x20,0x20,
	0x20,0x20,0x20,0x20,0x20,0x20,0x20,0x20,0x20,0x20,0x5d,0x24,
	0x20,0x20,0x28,0x43,0x54,0x52,0x4c,0x2d,0x43,0x2f,0x49,0x4e,
	0x54,0x45,0x52,0x52,0x55,0x50,0x54,0x29,0x24,0x11,0xa2,0x13,
	0x0e,0x09,0xc3,0x05,0x00,0x0e,0x02,0xc3,0x05,0x00,0x21,0xdc,
	0x13,0x3a,0xe9,0x21,0x3d,0x3d,0x4f,0x06,0x00,0x09,0x66,0x2e,
	0x17,0xcd,0x8d,0x1d,0x21,0xf4,0x21,0xc3,0x06,0x1c,0x11,0x12,
	0x13,0x12,0x12,0x14,0x1b,0x0e,0x06,0x1e,0xff,0xcd,0x05,0x00,
	0xfe,0x03,0x3e,0xf9,0x37,0xc8,0xb7,0xc9,0xfd,0x21,0x00,0x00,
	0xc3,0x1c,0x00,0x3e,0x50,0x32,0xb0,0xf3,0xaf,0xdd,0x21,0xb5,
	0x01,0xcd,0x36,0xda,0x5f,0x01,0xc9,0x3c,0x28,0x0d,0xcd,0x3f,
	0x1d,0xcd,0x48,0x1d,0xcd,0x26,0x14,0xcd,0x3d,0x14,0xc9,0xcd,
	0x48,0x1d,0xcd,0x3f,0x1d,0xcd,0x54,0x14,0xcd,0x6b,0x14,0xc9,
	0x21,0xf1,0x20,0x11,0x4b,0x21,0x01,0x2f,0x00,0xed,0xb0,0x21,
	0xa9,0x21,0x11,0x7c,0x21,0x01,0x06,0x00,0xed,0xb0,0xc9,0x21,
	0x7a,0x21,0x11,0xf1,0x20,0x01,0x2f,0x00,0xed,0xb0,0x21,0x4d,
	0x21,0x11,0xa9,0x21,0x01,0x06,0x00,0xed,0xb0,0xc9,0x21,0xf1,
	0x20,0x11,0x7a,0x21,0x01,0x2f,0x00,0xed,0xb0,0x21,0xa9,0x21,
	0x11,0x4d,0x21,0x01,0x06,0x00,0xed,0xb0,0xc9,0x21,0x4b,0x21,
	0x11,0xf1,0x20,0x01,0x2f,0x00,0xed,0xb0,0x21,0x7c,0x21,0x11,
	0xa9,0x21,0x01,0x06,0x00,0xed,0xb0,0xc9,0x21,0xf5,0x23,0xed,
	0x5b,0xad,0x21,0x3a,0xac,0x21,0x1f,0x30,0x28,0x44,0x4d,0xb7,
	0xed,0x52,0x28,0x12,0x2a,0xf3,0x23,0x23,0xb7,0xed,0x52,0x44,
	0x4d,0xeb,0x11,0xf5,0x23,0xed,0xb0,0xeb,0x18,0x0f,0x2a,0xf7,
	0x20,0xb7,0xed,0x42,0x2a,0xf7,0x20,0x20,0x0a,0x2a,0xf3,0x23,
	0x23,0x22,0xf7,0x20,0x11,0xf5,0x23,0xed,0x53,0xad,0x21,0xc9,
	0x59,0x21,0x0b,0x23,0x01,0x14,0x14,0xe5,0x36,0x00,0x23,0x10,
	0xfb,0xe1,0x41,0x1c,0x28,0x24,0x50,0x59,0xd5,0xe5,0xcd,0xb9,
	0x1d,0xe1,0xd1,0xcd,0x13,0x1e,0x31,0x15,0x33,0x15,0x19,0x15,
	0x25,0x15,0xec,0x14,0xf6,0x14,0xfe,0x18,0x28,0x41,0xfe,0x08,
	0x20,0xe2,0x3e,0x7f,0x42,0x4b,0x5f,0xfe,0x7f,0x20,0x0c,0x04,
	0x2b,0x79,0xb8,0x04,0x30,0x0b,0x05,0x05,0x23,0x18,0xcb,0x04,
	0x05,0x28,0xc7,0x73,0x23,0xc5,0xe5,0xcd,0xbf,0x13,0xe1,0xc1,
	0x05,0x18,0xbb,0x47,0x79,0xfe,0x02,0x3a,0x3f,0x22,0x3c,0x78,
	0xc0,0x18,0xb1,0x47,0x3a,0x40,0x22,0xa7,0x28,0x03,0xb8,0x20,
	0xa7,0x78,0xc9,0x36,0x00,0xc9,0x22,0xc3,0x21,0x21,0x0b,0x23,
	0x7e,0xa7,0x28,0x0e,0xfe,0x61,0x38,0x07,0xfe,0x7b,0x30,0x03,
	0xd6,0x20,0x77,0x23,0x18,0xee,0x2a,0xc3,0x21,0x01,0x00,0x03,
	0xcd,0xe7,0x16,0x01,0x20,0x0b,0xcd,0xe7,0x16,0x01,0x00,0x18,
	0xcd,0xe7,0x16,0x21,0x0b,0x23,0x7e,0xfe,0x20,0x28,0x04,0xfe,
	0x09,0x20,0x03,0x23,0x18,0xf4,0xa7,0x3e,0x03,0xca,0x3b,0x16,
	0x2a,0xc3,0x21,0x11,0x0e,0x23,0xeb,0x01,0x03,0x00,0x3e,0x3a,
	0xed,0xb9,0xeb,0x20,0x6c,0x0c,0x41,0x1a,0xfe,0x56,0xca,0x49,
	0x16,0xd6,0x41,0xfe,0x10,0xd2,0x1d,0x16,0x3c,0x05,0x48,0x06,
	0x02,0x28,0x43,0x47,0x3a,0xb1,0x21,0x3c,0x28,0x79,0x78,0x41,
	0xfe,0x09,0x30,0x73,0x3d,0x4f,0x1b,0x1a,0xfe,0x23,0x20,0x0e,
	0x3a,0xb1,0x21,0xa7,0x20,0x65,0x10,0x63,0x3e,0xf8,0x06,0x03,
	0x18,0x1d,0xcd,0xec,0x16,0x38,0x58,0x05,0x06,0x03,0x28,0x10,
	0x47,0x1b,0x1a,0xfe,0x31,0x20,0x4c,0x3e,0x0a,0x80,0xfe,0x10,
	0x30,0x45,0x06,0x04,0x87,0x87,0x87,0x81,0x36,0xff,0x23,0x77,
	0x23,0x77,0x13,0x10,0xfd,0x1a,0xa7,0x28,0x04,0xfe,0x20,0x20,
	0x06,0x3e,0x01,0x18,0x48,0x23,0x23,0x23,0x06,0x08,0xcd,0xa4,
	0x19,0x38,0x24,0x0c,0x0d,0x28,0x20,0x1a,0xa7,0x28,0x21,0xfe,
	0x20,0x28,0x1d,0xfe,0x2e,0x20,0x14,0x13,0x06,0x03,0xcd,0xa4,
	0x19,0x38,0x0c,0x1a,0xa7,0x28,0x0d,0xfe,0x20,0x28,0x09,0x3e,
	0xff,0x18,0x02,0x3e,0xfe,0xa7,0x37,0xc9,0x2a,0xc3,0x21,0x23,
	0x23,0x23,0x01,0x0b,0x00,0x3e,0x3f,0xed,0xb1,0x28,0x02,0xaf,
	0xc9,0x3e,0x02,0xb7,0xc9,0x2a,0xc3,0x21,0x23,0x23,0x23,0x01,
	0x3f,0x0b,0xcd,0xe7,0x16,0xb7,0xc9,0x3a,0xb1,0x21,0x3c,0x28,
	0xce,0x3a,0xe9,0x21,0xfe,0x08,0x20,0xc7,0x05,0x0e,0x02,0x3e,
	0xff,0x28,0x32,0x0c,0x1b,0x1a,0xfe,0x23,0x20,0x0a,0x3a,0xb1,
	0x21,0xa7,0x20,0xb3,0x10,0xb1,0x18,0x21,0xcd,0xec,0x16,0x38,
	0xaa,0x05,0x28,0x0b,0x0c,0x47,0x1b,0x1a,0xfe,0x31,0x20,0x9f,
	0x3e,0x0a,0x80,0xfe,0x10,0x30,0x98,0x47,0x3a,0xb1,0x21,0xb8,
	0x3e,0xff,0x28,0x01,0x78,0x36,0xfe,0x23,0x77,0x23,0x77,0x23,
	0x36,0xff,0x23,0x41,0x13,0x10,0xfd,0xcd,0xa5,0x16,0x3e,0xf3,
	0xd8,0xaf,0xc9,0xe5,0x01,0x00,0x07,0xcd,0xe7,0x16,0xe1,0x01,
	0x72,0x23,0x71,0x23,0x70,0x23,0x0e,0x00,0x1a,0xa7,0x28,0x13,
	0xfe,0x2c,0x20,0x03,0xa7,0x18,0x0c,0xe5,0xcd,0xf3,0x16,0xe1,
	0xd8,0x71,0x23,0x70,0x2b,0x0e,0x02,0x23,0x23,0x28,0x11,0xc5,
	0xe5,0x13,0xcd,0xf3,0x16,0xe1,0xd1,0xd8,0x37,0xc0,0x71,0x23,
	0x70,0x2b,0x1c,0x4b,0x23,0x23,0x71,0xb7,0xc9,0x71,0x23,0x10,
	0xfc,0xc9,0xfe,0x3a,0x3f,0xd8,0xd6,0x30,0xc9,0x06,0x04,0x21,
	0x00,0x00,0x1a,0xfe,0x48,0x28,0x22,0xfe,0x30,0xd8,0xfe,0x3a,
	0x38,0x09,0xfe,0x41,0xd8,0xfe,0x47,0x3f,0xd8,0xc6,0x09,0xe6,
	0x0f,0x29,0x29,0x29,0x29,0xb5,0x6f,0x13,0x10,0xe0,0x1a,0xfe,
	0x48,0x37,0xc0,0x18,0x05,0x78,0xfe,0x04,0x37,0xc8,0x44,0x4d,
	0x13,0x1a,0xa7,0xc8,0xfe,0x2c,0x37,0xc0,0xb7,0xc9,0xe5,0x2a,
	0xf9,0x20,0xcd,0x8d,0x1d,0x11,0xb1,0x17,0xcd,0xba,0x13,0x11,
	0x03,0x21,0xcd,0xba,0x13,0xcd,0x2b,0x1c,0xe1,0x11,0x01,0x00,
	0xed,0x4b,0x49,0x21,0x3e,0x01,0xd5,0xe5,0xc5,0x11,0x1e,0x21,
	0xcd,0x96,0x1a,0xc1,0xe1,0x38,0x52,0xfe,0xff,0x28,0x33,0xc5,
	0xe5,0x3a,0x4a,0x21,0xb8,0x20,0x05,0xcd,0x2b,0x1c,0x18,0x06,
	0x11,0xbc,0x17,0xcd,0xba,0x13,0xe1,0xcd,0x06,0x1c,0xe5,0x1e,
	0x20,0xcd,0xbf,0x13,0xe1,0xc1,0xaf,0x10,0xce,0xd1,0x13,0x3a,
	0x4a,0x21,0x47,0xaf,0x0d,0x20,0xc3,0x36,0xff,0x1b,0x78,0xb7,
	0x18,0x0a,0xd1,0x3a,0x4a,0x21,0x90,0x20,0x02,0x78,0x1b,0xbf,
	0x32,0x01,0x21,0xed,0x53,0xfd,0x20,0x22,0xf3,0x23,0x21,0x01,
	0x00,0x22,0xff,0x20,0xc9,0xd1,0xc9,0x44,0x49,0x52,0x45,0x43,
	0x54,0x4f,0x52,0x59,0x20,0x24,0x3a,0x20,0x24,0x2a,0xf3,0x23,
	0xed,0x5b,0xfd,0x20,0x13,0xd5,0x3a,0x4a,0x21,0x47,0xc5,0x11,
	0x1e,0x21,0xaf,0xcd,0x96,0x1a,0xc1,0x38,0x1f,0xfe,0xff,0x28,
	0x06,0x10,0xef,0xd1,0x13,0x18,0xe6,0xd1,0x3a,0x4a,0x21,0x90,
	0x20,0x02,0x78,0x1b,0x32,0x01,0x21,0xed,0x53,0xfd,0x20,0x22,
	0xf3,0x23,0xb7,0xc9,0xd1,0xc9,0x3e,0xff,0x32,0x02,0x21,0x2a,
	0xfd,0x20,0xed,0x4b,0x49,0x21,0x06,0x00,0xaf,0x37,0xed,0x42,
	0x4f,0x38,0x11,0x0c,0xed,0x5b,0xff,0x20,0x1b,0x7a,0xb3,0x28,
	0x07,0x0c,0xb7,0xed,0x52,0x38,0x01,0x0c,0x79,0x21,0x02,0x21,
	0xbe,0x28,0x2a,0x77,0xc5,0xcd,0xb0,0x0d,0xcd,0xba,0x0d,0xc1,
	0x11,0x08,0x00,0xcd,0x8f,0x19,0x16,0x19,0x21,0x19,0x38,0x19,
	0x51,0x19,0x0c,0x0d,0x28,0x06,0xcd,0xea,0x0d,0x11,0x77,0x19,
	0xcd,0xf3,0x0d,0x11,0xea,0x18,0xcd,0xba,0x13,0xcd,0xb9,0x1d,
	0xcd,0x13,0x1e,0xe9,0x18,0xe9,0x18,0xe9,0x18,0xdd,0x18,0x4f,
	0x18,0x61,0x18,0x47,0x3a,0x02,0x21,0xa7,0x28,0xe7,0x3d,0x4f,
	0x78,0x11,0x06,0x00,0xcd,0x8f,0x19,0x83,0x19,0x87,0x19,0x8b,
	0x19,0xeb,0x01,0x04,0x00,0xcd,0xf4,0x1d,0x38,0xcf,0xcd,0x13,
	0x1e,0x8b,0x18,0xa2,0x18,0xaf,0x18,0xc2,0x18,0xed,0x5b,0xff,
	0x20,0x13,0x2a,0xfd,0x20,0xb7,0xed,0x52,0x38,0x07,0xed,0x53,
	0xff,0x20,0xcd,0x45,0x1b,0xc3,0xfd,0x17,0x2a,0xff,0x20,0x2b,
	0x22,0xff,0x20,0xcd,0x88,0x1b,0xc3,0xfd,0x17,0x2a,0xff,0x20,
	0xed,0x4b,0x49,0x21,0x06,0x00,0x09,0x22,0xff,0x20,0xcd,0xe8,
	0x1a,0xc3,0xfd,0x17,0x2a,0xff,0x20,0xed,0x4b,0x49,0x21,0x06,
	0x00,0x37,0xed,0x42,0x30,0x03,0x21,0x00,0x00,0x23,0x22,0xff,
	0x20,0xcd,0xe8,0x1a,0xc3,0xfd,0x17,0x47,0x3a,0x40,0x22,0xa7,
	0x28,0x04,0xb8,0xc2,0x4f,0x18,0x78,0xc9,0x20,0x20,0x28,0x49,
	0x4e,0x53,0x2f,0x41,0x4e,0x4f,0x54,0x48,0x45,0x52,0x20,0x44,
	0x49,0x52,0x45,0x43,0x54,0x4f,0x52,0x59,0x20,0x20,0x45,0x53,
	0x43,0x2f,0x43,0x4f,0x4d,0x4d,0x41,0x4e,0x44,0x20,0x4d,0x45,
	0x4e,0x55,0x29,0x24,0x4f,0x4b,0x20,0x3f,0x20,0x28,0x52,0x45,
	0x54,0x29,0x24,0x55,0x2f,0x55,0x50,0x20,0x20,0x4e,0x2f,0x4e,
	0x45,0x58,0x54,0x20,0x20,0x52,0x45,0x54,0x2f,0x48,0x45,0x52,
	0x45,0x24,0x44,0x2f,0x44,0x4f,0x57,0x4e,0x20,0x20,0x42,0x2f,
	0x42,0x41,0x43,0x4b,0x20,0x20,0x52,0x45,0x54,0x2f,0x48,0x45,
	0x52,0x45,0x24,0x55,0x2f,0x55,0x50,0x20,0x20,0x44,0x2f,0x44,
	0x4f,0x57,0x4e,0x20,0x20,0x4e,0x2f,0x4e,0x45,0x58,0x54,0x20,
	0x42,0x2f,0x42,0x41,0x43,0x4b,0x20,0x20,0x52,0x45,0x54,0x2f,
	0x48,0x45,0x52,0x45,0x24,0x53,0x45,0x4c,0x45,0x43,0x54,0x20,
	0x50,0x41,0x47,0x45,0x24,0x00,0x6e,0x00,0x75,0x62,0x00,0x64,
	0x00,0x62,0x6e,0x64,0x75,0xe3,0xf5,0xc5,0xd5,0xe5,0x79,0x87,
	0x4f,0x06,0x00,0x09,0x5e,0x23,0x56,0xe1,0xc1,0x09,0xc1,0xf1,
	0xe3,0xc9,0x0e,0x00,0xcd,0xc4,0x19,0xd8,0x20,0x04,0x23,0x10,
	0xfd,0xc9,0xfe,0x2a,0x20,0x08,0x36,0x3f,0x0c,0x23,0x10,0xfa,
	0x13,0xc9,0x77,0x0c,0x23,0x13,0x10,0xe4,0xb7,0xc9,0x1a,0xb7,
	0xc8,0xfe,0x20,0xd8,0xc8,0xfe,0x2e,0xc8,0xe5,0xc5,0x21,0xe0,
	0x19,0x06,0x08,0xbe,0x37,0x28,0x04,0x23,0x10,0xf9,0xb7,0xc1,
	0xe1,0xc9,0x3d,0x2c,0x3a,0x3b,0x3c,0x3e,0x5b,0x5d,0x21,0x03,
	0x21,0xed,0x4b,0x1e,0x21,0x05,0x78,0x0c,0x20,0x32,0x3c,0xeb,
	0x21,0x30,0x1a,0x01,0x0b,0x00,0xfe,0x08,0x30,0x06,0x21,0x3c,
	0x1a,0x01,0x08,0x00,0xed,0xb0,0xeb,0xfe,0x08,0x38,0x19,0x47,
	0xe6,0xf8,0x1f,0x1f,0x1f,0xfe,0x0a,0x38,0x05,0x36,0x31,0x23,
	0xd6,0x0a,0xc6,0x30,0x77,0x23,0x36,0x20,0x23,0x78,0xe6,0x07,
	0xc6,0x41,0x77,0x23,0x36,0x3a,0x23,0x36,0x24,0xc9,0x53,0x54,
	0x55,0x44,0x45,0x4e,0x54,0x20,0x4e,0x4f,0x2e,0x24,0x54,0x45,
	0x41,0x43,0x48,0x45,0x52,0x20,0x24,0x1e,0x28,0xcd,0xbf,0x13,
	0x3a,0x41,0x22,0xa7,0x28,0x06,0x11,0x90,0x1a,0xcd,0xba,0x13,
	0x2a,0x1e,0x21,0x7c,0x3d,0x2c,0x20,0x20,0x7c,0xe6,0xf8,0x1f,
	0x1f,0x1f,0xfe,0x0a,0x38,0x0b,0x6f,0xe5,0x1e,0x31,0xcd,0xbf,
	0x13,0xe1,0x7d,0xd6,0x0a,0xc6,0x30,0xe5,0x5f,0xcd,0xbf,0x13,
	0xe1,0x7c,0xe6,0x07,0xc6,0x41,0x5f,0xcd,0xbf,0x13,0x11,0x8a,
	0x1a,0xc3,0xba,0x13,0x3a,0x29,0x20,0x3f,0x20,0x24,0x44,0x49,
	0x52,0x3a,0x20,0x24,0xe5,0xd5,0xcd,0xb8,0x1a,0xd1,0xc1,0xd8,
	0xfe,0xff,0x28,0x10,0xc5,0xed,0x5b,0x6f,0x23,0x19,0x23,0xd1,
	0x01,0x0b,0x00,0xed,0xb0,0xeb,0xb7,0xc9,0x60,0x69,0x36,0x00,
	0xb7,0xc9,0xf5,0x0e,0x11,0xa7,0x20,0x01,0x0c,0xd5,0xcd,0x4e,
	0x1e,0xd1,0xc1,0x38,0x17,0xfe,0x04,0x30,0x0a,0x6f,0x26,0x00,
	0x29,0x29,0x29,0x29,0x29,0xb7,0xc9,0x05,0x3e,0xfd,0x37,0x28,
	0x03,0x3e,0xff,0xb7,0xf5,0x0e,0x33,0x1a,0x3c,0xcc,0x4e,0x1e,
	0xf1,0xc9,0xcd,0xa6,0x0d,0x2a,0xf9,0x20,0xcd,0x8d,0x1d,0x11,
	0x37,0x1b,0xcd,0xba,0x13,0x11,0x03,0x21,0xcd,0xba,0x13,0xcd,
	0x2b,0x1c,0xed,0x5b,0xff,0x20,0xcd,0xeb,0x1b,0xed,0x4b,0x49,
	0x21,0xc5,0xc5,0xe5,0xcd,0x2b,0x1c,0x18,0x08,0xc5,0xe5,0x11,
	0x42,0x1b,0xcd,0xba,0x13,0xe1,0xcd,0x06,0x1c,0x7e,0xa7,0x28,
	0x10,0xe5,0x1e,0x20,0xcd,0xbf,0x13,0xe1,0xc1,0x10,0xe6,0xc1,
	0x0d,0x20,0xda,0xb7,0xc9,0xc1,0xc1,0x37,0xc9,0x44,0x49,0x52,
	0x45,0x43,0x54,0x4f,0x52,0x59,0x20,0x24,0x3a,0x20,0x24,0x2a,
	0xf9,0x20,0x2c,0x2c,0x2c,0xed,0x4b,0xfb,0x20,0x0d,0x0d,0x0d,
	0xc5,0xe5,0xc5,0xe5,0x11,0x1f,0x23,0xcd,0x2a,0x20,0xe1,0x2d,
	0xc1,0x11,0x1f,0x23,0xcd,0x38,0x20,0xe1,0x2c,0xc1,0x0d,0x20,
	0xe7,0x2d,0xe5,0xed,0x4b,0xfb,0x20,0x0e,0x01,0xcd,0x72,0x1f,
	0xe1,0xcd,0x8d,0x1d,0xed,0x5b,0xff,0x20,0x2a,0x49,0x21,0x26,
	0x00,0x19,0x2b,0xeb,0x18,0x3b,0x2a,0xf9,0x20,0xed,0x4b,0xfb,
	0x20,0x0d,0x0d,0xc5,0x06,0x00,0x09,0xc1,0x0d,0xc5,0xe5,0xc5,
	0xe5,0x11,0x1f,0x23,0xcd,0x2a,0x20,0xe1,0x2c,0xc1,0x11,0x1f,
	0x23,0xcd,0x38,0x20,0xe1,0x2d,0xc1,0x0d,0x20,0xe7,0x2c,0xe5,
	0xed,0x4b,0xfb,0x20,0x0e,0x01,0xcd,0x72,0x1f,0xe1,0xcd,0x8d,
	0x1d,0xed,0x5b,0xff,0x20,0xcd,0xeb,0x1b,0x3a,0x4a,0x21,0x47,
	0xc5,0xa7,0x20,0x08,0xe5,0x11,0x42,0x1b,0xcd,0xba,0x13,0xe1,
	0xcd,0x06,0x1c,0x7e,0xa7,0x28,0x0c,0xe5,0x1e,0x20,0xcd,0xbf,
	0x13,0xe1,0xc1,0xaf,0x10,0xe2,0xc9,0xc1,0xc9,0x1b,0x3a,0x4a,
	0x21,0x67,0x87,0x87,0x84,0x87,0x84,0x67,0x2e,0x00,0x06,0x08,
	0x29,0x30,0x01,0x19,0x10,0xfa,0xed,0x5b,0xf7,0x20,0x19,0xc9,
	0x06,0x08,0xc5,0xe5,0x5e,0xcd,0xbf,0x13,0xe1,0x23,0xc1,0x10,
	0xf5,0xe5,0x1e,0x2e,0xcd,0xbf,0x13,0xe1,0x06,0x03,0xc5,0xe5,
	0x7e,0xe6,0x7f,0x5f,0xcd,0xbf,0x13,0xe1,0x23,0xc1,0x10,0xf2,
	0xc9,0xcd,0x93,0x1d,0x3a,0xfa,0x20,0x67,0x2c,0xc3,0x8d,0x1d,
	0xcd,0x56,0x1f,0xcd,0x89,0x1f,0x21,0x15,0x00,0x06,0x50,0x0e,
	0x2d,0xcd,0x51,0x1d,0x21,0xa5,0x1c,0x3a,0xe9,0x21,0x87,0x5f,
	0x16,0x00,0x19,0x5e,0x23,0x56,0x21,0x16,0x00,0xcd,0x73,0x1d,
	0x11,0x0b,0x1d,0x3a,0xe9,0x21,0xa7,0x20,0x03,0x11,0x14,0x1d,
	0x21,0x17,0x00,0xcd,0x73,0x1d,0x3a,0xea,0x21,0x3c,0xc0,0x21,
	0x01,0x00,0x06,0x50,0x0e,0x2d,0xcd,0x51,0x1d,0x21,0x00,0x27,
	0x06,0x15,0x0e,0x7c,0xcd,0x62,0x1d,0x21,0x00,0x28,0x06,0x15,
	0x0e,0x7c,0xcd,0x62,0x1d,0x21,0x00,0x10,0x11,0x2c,0x1d,0xcd,
	0x73,0x1d,0x21,0x00,0x37,0x11,0x33,0x1d,0xcd,0x73,0x1d,0xcd,
	0x3f,0x1d,0xc9,0xb3,0x1c,0xea,0x1c,0xef,0x1c,0xf5,0x1c,0xfa,
	0x1c,0xff,0x1c,0x05,0x1d,0x43,0x4f,0x4d,0x4d,0x41,0x4e,0x44,
	0x3a,0x20,0x44,0x2f,0x44,0x49,0x52,0x20,0x54,0x2f,0x54,0x59,
	0x50,0x45,0x20,0x45,0x2f,0x45,0x52,0x41,0x20,0x52,0x2f,0x52,
	0x45,0x4e,0x20,0x43,0x2f,0x43,0x4f,0x50,0x59,0x20,0x4d,0x2f,
	0x4d,0x41,0x49,0x4c,0x20,0x51,0x2f,0x51,0x55,0x49,0x54,0x24,
	0x44,0x49,0x52,0x3a,0x24,0x54,0x59,0x50,0x45,0x3a,0x24,0x45,
	0x52,0x41,0x3a,0x24,0x52,0x45,0x4e,0x3a,0x24,0x43,0x4f,0x50,
	0x59,0x3a,0x24,0x4d,0x41,0x49,0x4c,0x3a,0x24,0x4d,0x45,0x53,
	0x53,0x41,0x47,0x45,0x3a,0x24,0x4d,0x45,0x53,0x53,0x41,0x47,
	0x45,0x3a,0x20,0x53,0x45,0x4c,0x45,0x43,0x54,0x20,0x43,0x4f,
	0x4d,0x4d,0x41,0x4e,0x44,0x24,0x53,0x4f,0x55,0x52,0x43,0x45,
	0x24,0x44,0x45,0x53,0x54,0x49,0x4e,0x41,0x54,0x49,0x4f,0x4e,
	0x24,0x21,0x00,0x10,0x0e,0x06,0xcd,0xa4,0x1f,0xc9,0x21,0x00,
	0x37,0x0e,0x0b,0xcd,0xa4,0x1f,0xc9,0xe5,0xc5,0x3e,0x80,0xcd,
	0x57,0x20,0xc1,0x79,0xcd,0x47,0x20,0xe1,0x24,0x10,0xf0,0xc9,
	0xe5,0xc5,0x3e,0x80,0xcd,0x57,0x20,0xc1,0x79,0xcd,0x47,0x20,
	0xe1,0x2c,0x10,0xf0,0xc9,0xd5,0x3e,0x80,0xcd,0x57,0x20,0xe1,
	0xcd,0x4b,0x20,0xc9,0x0e,0x02,0x1e,0x0d,0xcd,0x05,0x00,0x0e,
	0x02,0x1e,0x0a,0xcd,0x05,0x00,0xc9,0x24,0x2c,0x22,0xdc,0xf3,
	0xc9,0x2a,0xdc,0xf3,0x25,0x2d,0xc9,0xc5,0xd5,0xe5,0x32,0xa9,
	0xfc,0xa7,0x1e,0x00,0x06,0x01,0x20,0x04,0x1e,0x1c,0x06,0x02,
	0xc5,0x0e,0x02,0xcd,0x05,0x00,0xc1,0x1e,0x7f,0x10,0xf5,0xe1,
	0xd1,0xc1,0xc9,0x0e,0x06,0x1e,0xff,0xcd,0x05,0x00,0xa7,0x20,
	0xf6,0x0e,0x06,0x1e,0xff,0xcd,0x05,0x00,0xa7,0x28,0xf6,0xe6,
	0x7f,0xfe,0x20,0x38,0x0e,0xfe,0x41,0x38,0x06,0xfe,0x5b,0x30,
	0x02,0xc6,0x20,0x0e,0x05,0x18,0x12,0x0e,0x00,0xfe,0x0d,0xc8,
	0x0c,0xfe,0x1b,0xc8,0x0c,0xfe,0x12,0xc8,0x0c,0xfe,0x1c,0xd0,
	0x0c,0xc9,0xed,0xb1,0x37,0xc0,0xb7,0xc9,0x1c,0xfe,0x1c,0x28,
	0x06,0x1d,0x1d,0xfe,0x1d,0x20,0x03,0x79,0xbb,0xc9,0x1c,0x14,
	0xfe,0x1f,0x28,0x02,0x15,0x15,0x78,0xba,0xc9,0xe3,0xf5,0xc5,
	0xd5,0x06,0x00,0x79,0x87,0x4f,0x09,0x5e,0x23,0x56,0xeb,0xd1,
	0xc1,0xf1,0xe3,0xc9,0xeb,0xa7,0x28,0x06,0x11,0x0e,0x00,0x19,
	0x18,0x0e,0x06,0x03,0x77,0x23,0x10,0xfc,0x06,0x0b,0x3e,0x20,
	0x77,0x23,0x10,0xfc,0x06,0x18,0xaf,0x77,0x23,0x10,0xfc,0xc9,
	0x11,0x71,0x23,0xed,0x53,0x6f,0x23,0xc9,0x1a,0x13,0xa7,0x1a,
	0x28,0x13,0xe6,0xf8,0x0f,0x0f,0x0f,0x47,0x3a,0xb1,0x21,0xb8,
	0x20,0x19,0x1a,0xe6,0x07,0x3c,0x13,0x12,0x1b,0x3d,0x47,0xcb,
	0xf8,0xd5,0xc5,0x4f,0xcd,0x1b,0xda,0xc1,0xd1,0x7c,0xb5,0x28,
	0x68,0x18,0x06,0xcb,0xf9,0x3a,0xc1,0x21,0x47,0xc5,0xd5,0xc5,
	0xd5,0xcd,0xe3,0x13,0xd1,0xc1,0x6f,0xda,0x20,0x1f,0x1a,0x47,
	0x13,0xc5,0xd5,0x3e,0x1a,0xcb,0x79,0x28,0x02,0xf6,0x80,0x4f,
	0xed,0x5b,0x6f,0x23,0xcd,0x05,0x00,0xd1,0xc1,0xcd,0x05,0x00,
	0xd1,0xc1,0xf5,0x7c,0x3c,0x28,0x7a,0xe1,0xcb,0x78,0x20,0x14,
	0xfe,0xfc,0x38,0x29,0x2e,0xf6,0x28,0x68,0x2c,0xfe,0xfe,0x38,
	0x03,0x20,0x1e,0x2c,0x10,0xbb,0x18,0x5c,0x3d,0xb7,0x1f,0x3d,
	0x28,0x17,0x11,0xff,0xff,0x0e,0x25,0xcd,0x05,0x00,0x0e,0x19,
	0xcd,0x05,0x00,0x5f,0x0e,0x0e,0xcd,0x05,0x00,0x2e,0xf5,0x18,
	0x3f,0xd5,0xc5,0xcd,0x93,0x1d,0xe5,0x78,0xc6,0xc1,0xf5,0xcd,
	0x5b,0x0f,0xcd,0xba,0x0d,0x11,0x35,0x1f,0xcd,0xf3,0x0d,0xf1,
	0x5f,0xcd,0xbf,0x13,0x11,0x42,0x1f,0xcd,0xba,0x13,0x0e,0x20,
	0xcd,0x62,0x0e,0xcd,0xb9,0x1d,0x0e,0x20,0xcd,0x62,0x0e,0xcd,
	0xba,0x0d,0xcd,0x61,0x0f,0xe1,0xcd,0x8d,0x1d,0xc1,0xd1,0xc3,
	0x7f,0x1e,0xd1,0xc1,0x7d,0xfe,0xf6,0x37,0xc9,0x06,0xff,0x13,
	0x1a,0xfe,0xf8,0x30,0x02,0x06,0x00,0xf1,0xb7,0x04,0xc9,0x53,
	0x45,0x54,0x20,0x44,0x49,0x53,0x4b,0x20,0x4f,0x4e,0x20,0x24,
	0x3a,0x2c,0x20,0x54,0x48,0x45,0x4e,0x20,0x48,0x49,0x54,0x20,
	0x41,0x4e,0x59,0x20,0x4b,0x45,0x59,0x24,0x21,0x00,0x00,0x0e,
	0x18,0xe5,0xc5,0x3e,0x80,0xcd,0x57,0x20,0x06,0x50,0x3e,0x20,
	0xd3,0x98,0x10,0xfa,0xfb,0xc1,0xe1,0x2c,0x0d,0x20,0xea,0xc9,
	0xe5,0xc5,0xc5,0x3e,0x80,0xcd,0x57,0x20,0xc1,0x3e,0x20,0xd3,
	0x98,0x10,0xfa,0xfb,0xc1,0xe1,0x2c,0x0d,0x20,0xea,0xc9,0xf3,
	0x01,0x0e,0x01,0x21,0x00,0x08,0x7d,0xd3,0x99,0x7c,0xe6,0x3f,
	0xf6,0x40,0xd3,0x99,0xaf,0xd3,0x98,0x0b,0x78,0xb1,0x20,0xf8,
	0xfb,0xc9,0x11,0x00,0x08,0x7d,0x87,0x6f,0x87,0x87,0x85,0x6f,
	0x3e,0x00,0x8a,0x57,0x7c,0xe6,0xf8,0x1f,0x1f,0x1f,0x85,0x5f,
	0x3e,0x00,0x8a,0x57,0x7c,0xe6,0x07,0x67,0x3e,0x08,0x94,0x67,
	0x44,0x3e,0x01,0x87,0x10,0xfd,0x3d,0x44,0x21,0xb7,0x21,0x77,
	0x79,0x04,0x90,0x30,0x0e,0x05,0x78,0x91,0x28,0x1d,0x47,0x3e,
	0xff,0x87,0x10,0xfd,0xa6,0x18,0x13,0x23,0x3c,0x47,0xd6,0x08,
	0x38,0x07,0x36,0xff,0x23,0x28,0x09,0x18,0xf4,0xaf,0x37,0x1f,
	0x10,0xfc,0x77,0x23,0x01,0xb7,0x21,0xb7,0xed,0x42,0x4d,0x45,
	0xf3,0x21,0xb7,0x21,0x7b,0xd3,0x99,0x7a,0xe6,0x3f,0x57,0xd3,
	0x99,0xe3,0xe3,0xdb,0x98,0xae,0x77,0x23,0x10,0xf9,0x41,0x0e,
	0x98,0x21,0xb7,0x21,0x7b,0xd3,0x99,0x7a,0xf6,0x40,0xd3,0x99,
	0xed,0xb3,0xfb,0xc9,0xd5,0xc5,0xaf,0xcd,0x57,0x20,0xc1,0xe1,
	0x0e,0x98,0xed,0xb2,0xfb,0xc9,0xd5,0xc5,0x3e,0x80,0xcd,0x57,
	0x20,0xc1,0xe1,0x0e,0x98,0xed,0xb3,0xfb,0xc9,0xd3,0x98,0xfb,
	0xc9,0x7e,0xfe,0x24,0x28,0x05,0xd3,0x98,0x23,0x18,0xf6,0xfb,
	0xc9,0xf5,0x5c,0x16,0x00,0x62,0x29,0x29,0x29,0x44,0x4d,0x29,
	0x29,0x3a,0xaf,0xfc,0xa7,0x3a,0xb0,0xf3,0x28,0x04,0xd6,0x22,
	0x18,0x0d,0xfe,0x29,0x38,0x06,0x09,0x29,0xd6,0x52,0x18,0x03,
	0x09,0xd6,0x2a,0x19,0x2f,0xa7,0x1f,0x5f,0x19,0xeb,0x2a,0x22,
	0xf9,0x19,0xf1,0xf3,0xb7,0x1f,0xb4,0x67,0x7d,0xd3,0x99,0x7c,
	0xd3,0x99,0xc9,0x3e,0x0d,0xd3,0xb4,0xdb,0xb5,0xe6,0x0c,0xd3,
	0xb5,0x0e,0x06,0x06,0x04,0x79,0x80,0xd3,0xb4,0xdb,0xb5,0xe6,
	0x0f,0xc6,0x30,0x77,0x23,0x10,0xf2,0x0d,0xc8,0x0e,0x01,0x18,
	0xea,0x21,0xd2,0x20,0x11,0xdc,0x20,0x06,0x05,0xc5,0x4e,0x23,
	0x46,0x23,0x1a,0x02,0x47,0x13,0x1a,0x4f,0xcd,0xe6,0x20,0x13,
	0xc1,0x10,0xee,0xc9,0xe2,0xf3,0xe9,0xff,0xe6,0xf3,0xeb,0xff,
	0xec,0xff,0x27,0x03,0x00,0x0a,0xf4,0x07,0x4f,0x0c,0xf0,0x0d,
	0xf3,0x78,0xd3,0x99,0x79,0xf6,0x80,0xd3,0x99,0xfb,0xc9,0x00,
	0x00,0x00,0x00,0x00,0x00,0x00,0x00,0x00,0x00,0x00,0x00,0x00,
	0x00,0x00,0x00,0x00,0x00,0x00,0x00,0x00,0x00,0x00,0x00,0x00,
	0x00,0x00,0x00,0x00,0x00,0x00,0x00,0x00,0x00,0x00,0x00,0x00,
	0x00,0x00,0x00,0x00,0x00,0x00,0x00,0x00,0x00,0x00,0x00,0x00,
	0x00,0x00,0x00,0x00,0x00,0x00,0x00,0x00,0x00,0x00,0x00,0x00,
	0x00,0x00,0x00,0x00,0x00,0x00,0x00,0x00,0x00,0x00,0x00,0x00,
	0x00,0x00,0x00,0x00,0x00,0x00,0x00,0x00,0x00,0x00,0x00,0x00,
	0x00,0x00,0x00,0x00,0x00,0x00,0x00,0x00,0x00,0x00,0x00,0x00,
	0x00,0x00,0x00,0x00,0x00,0x00,0x00,0x00,0x00,0x00,0x00,0x00,
	0x00,0x00,0x00,0x00,0x00,0x00,0x00,0x00,0x00,0x00,0x00,0x00,
	0x00,0x00,0x00,0x00,0x00,0x00,0x00,0x00,0x00,0x00,0x00,0x00,
	0x00,0x00,0x00,0x00,0x00,0x00,0x00,0x00,0x00,0x00,0x00,0x00,
	0x00,0x00,0x00,0x00,0x00,0x00,0x00,0x00,0x00,0x00,0x00,0x00,
	0x00,0xff,0x00,0xfd,0xde,0x20,0x55,0x14,0x0c,0x67,0x0a,0xff,
	0xed,0x00,0x5f,0x00,0x9d,0x19,0x43,0x14,0x61,0xaf,0x02,0xfe,
	0x6f,0x91,0xb6,0x00,0x80,0xaf,0x20,0x76,0xfb,0x10,0x79,0x60,
	0x00,0xfd,0x12,0x5f,0xbf,0x44,0xf7,0x00,0x41,0xf7,0x18,0x86,
	0x02,0x5d,0x90,0x64,0xec,0x68,0xd7,0x02,0xa6,0xcd,0x10,0xdf,
	0xfb,0x84,0x7b,0x20,0x80,0xbb,0x20,0x67,0xdd,0x44,0xde,0x01,
	0x08,0xfb,0x11,0xdb,0xfb,0x04,0xfb,0x29,0xee,0x51,0x47,0x03,
	0x80,0x15,0x0b,0xff,0x58,0x90,0xf2,0x04,0x9f,0x7d,0x39,0x7e,
	0xeb,0x00,0x96,0x70,0x63,0x76,0x42,0x77,0xaf,0x82,0xf7,0xd0,
	0x3a,0x5f,0x48,0xaf,0x25,0xde,0x80,0xef,0xfe,0x00,0xfb,0x03,
	0x00,0x4f,0x81,0xcb,0xef,0x25,0xff,0x15,0x18,0x3f,0x04,0xef,
	0xdb,0x42,0xfe,0x0c,0x03,0x7f,0x40,0xde,0xff,0x40,0xff,0x40,
	0x7f,0x80,0xc7,0x40,0x09,0x5f,0x07,0xff,0xf4,0x05,0xbf,0x27,
	0xa0,0xfe,0x02,0xf7,0xfc,0x14,0xef,0x58,0x41,0xf9,0x48,0xaf,
	0x99,0xb0,0xfc,0x10,0x02,0xeb,0x01,0x5f,0x00,0x6f,0x00,0x7d,
	0xe7,0x09,0x9f,0x20,0x11,0xc7,0xa0,0x9f,0xf5,0x33,0x76,0x40,
	0x50,0x7f,0x68,0xf7,0xec,0x2c,0xf5,0x48,0x2a,0x79,0x1c,0x7f,
	0xe3,0x86,0xd6,0x23,0xef,0x0f,0x1e,0x02,0x04,0xfd,0x80,0xcd,
	0xf5,0x18,0x3f,0x40,0x85,0xab,0x02,0x6b,0xbf,0x50,0xf9,0x06,
	0x11,0xfe,0x8b,0x3f,0x46,0x00,0xfd,0x10,0x0a,0xee,0x01,0xfe,
	0xa4,0xa4,0x14,0x6f,0xdb,0x41,0xf7,0x22,0x01,0x77,0x22,0xff,
	0xfb,0x40,0x97,0xc0,0x00,0x49,0x19,0xad,0xff,0x09,0xef,0x74,
	0x26,0xaf,0x10,0xda,0xbf,0x14,0xbf,0xc0,0xfc,0x12,0xeb,0x32,
	0x00,0xee,0x01,0x5f,0x8d,0x4c,0xf6,0x00,0x02,0x6f,0x09,0xfe,
	0xcf,0xc0,0xf7,0x50,0x15,0x5e,0x01,0xff,0xfb,0x18,0xbe,0x20,
	0xa2,0x9a,0x00,0xc6,0x20,0x9d,0x45,0xff,0xfa,0x40,0xf7,0x20,
	0x80,0xfa,0x00,0x6e,0xf8,0x12,0xfe,0x00,0x09,0x7f,0x31,0xee,
	0xda,0x80,0x5b,0x84,0x24,0xff,0x54,0x7f,0xde,0x09,0xaf,0xe3,
	0xff,0x30,0x9f,0x40,0x12,0x9f,0x9f,0xfe,0xaf,0x94,0xee,0x93,
	0x00,0xd2,0x00,0x7f,0xb8,0x10,0xfe,0x08,0x60,0xfe,0x10,0x95,
	0x9f,0x49,0xff,0x0e,0x70,0xba,0x30,0xf7,0x01,0xdd,0x10,0xc9,
	0xfd,0x81,0xfd,0x01,0xa0,0xfb,0x48,0x77,0xff,0x40,0xfd,0x21,
	0x80,0xf7,0x40,0xf7,0xdd,0x0d,0xef,0x08,0x10,0xef,0x01,0x7b,
	0xff,0x2c,0xf6,0x4a,0xe7,0x80,0xdf,0x90,0x02,0xfe,0x8c,0x3e,
	0xef,0x80,0x7f,0x00,0x41,0x7a,0x01,0xdd,0x76,0x18,0xfe,0x08,
	0x11,0x9f,0x20,0xdd,0xff,0x68,0xe7,0x0c,0xb8,0xf9,0x01,0xfb,
	0x02,0xef,0x02,0xff,0x9d,0x20,0xf9,0x33,0x44,0xfd,0x62,0x4f,
	0xf3,0x30,0x7f,0xa2,0x00,0xb5,0x54,0xaf,0xfe,0x22,0xfd,0x44,
	0x41,0xf1,0x29,0xfe,0xb9,0x00,0x6d,0x0d,0xdd,0x10,0xff,0x01,
	0x80,0xb6,0x90,0xfa,0xbf,0x16,0xbf,0x11,0x21,0x4f,0x15,0xdf,
	0xde,0x04,0xb8,0x05,0x08,0xff,0x00,0xff,0x7d,0xa0,0x3f,0x0b,
	0x45,0x7d,0x04,0xfd,0x10,0xbd,0x6c,0x7f,0xfc,0x08,0x63,0x08,
	0x2e,0x6f,0x10,0x7f,0xf3,0x80,0xf9,0x81,0xcc,0x69,0x88,0x7d,
	0xe6,0x02,0xf9,0x07,0x04,0xff,0x00,0xdb,0xb9,0x08,0xff,0x1c,
	0xfd,0x12,0xbc,0x22,0x74,0x72,0x01,0x7f,0xd6,0x60,0xfd,0x1c,
	0x02,0xee,0x36,0xf7,0x7f,0x84,0xb8,0x80,0x0b,0xfe,0xa0,0xf5,
	0xfd,0x00,0x67,0x81,0x21,0xff,0x05,0x62,0x12,0x57,0x21,0x7d,
	0xff,0x02,0xfb,0x00,0x0c,0xff,0xc0,0xff,0xad,0x50,0xfd,0x61,
	0x11,0xf1,0x5c,0x8f,0x5c,0xe8,0x9f,0x10,0x60,0x7c,0x00,0x1d,
	0xbb,0x02,0xbd,0x80,0x9d,0x3a,0xf7,0x12,0x77,0xff,0x12,0xcf,
	0xff,0x46,0x7f,0x20,0x10,0xfe,0x20,0x7f,0xfd,0x34,0xbf,0x08,
	0x00,0xba,0x09,0x76,0xcf,0x63,0xbe,0x86,0x02,0x7f,0xc5,0x1f,
	0x5c,0xf7,0x0a,0xe7,0xff,0x21,0xfe,0x04,0x5a,0xfb,0x10,0xff,
	0xff,0x48,0xda,0xc4,0x40,0x7e,0x00,0xd7,0xdb,0x92,0xff,0x92,
	0x45,0xe7,0xd6,0xff,0xb9,0x44,0xff,0x68,0xf9,0x10,0xad,0x00,
	0xb0,0xcd,0xa4,0xff,0xff,0x04,0xfe,0x48,0x09,0xfd,0x90,0xff,
	0xfe,0x81,0xff,0x02,0x00,0x7f,0x01,0xd4,0xf7,0x88,0x3f,0x60,
	0x5c,0x6f,0x18,0xfe,0xe4,0xd7,0x04,0x7f,0xff,0x83,0xdb,0x22,
	0x20,0xbb,0x28,0x37,0xef,0x0a,0xf8,0x00,0x93,0xff,0x25,0x6f,
	0xcf,0x4c,0xdb,0x4d,0xc0,0xfe,0x00,0xfd,0xf8,0x03,0xbf,0x00,
	0xed,0x10,0xe7,0x42,0x31,0xff,0x00,0x5f,0xdf,0x04,0xd3,0x00,
	0xd0,0x7e,0x15,0xdf,0xfb,0x02,0xff,0x05,0x98,0x7f,0x04,0xfe,
	0x7e,0x01,0xde,0x0f,0x82,0xf7,0xa1,0xfa,0x83,0xf3,0x80,0xef,
	0x5b,0x14,0x3d,0xb0,0x18,0xef,0x5c,0xff,0xfe,0x00,0xfd,0x41,
	0x3a,0xdd,0x18,0xff,0xd3,0x84,0x5d,0x49,0x00,0x3f,0x80,0x3b,
	0xdf,0x80,0xff,0x59,0xdf,0x0e,0xed,0x96,0x20,0xbf,0x02,0x7f,
	0x3f,0x84,0x77,0x4a,0x40,0x7a,0xa0,0xdf,0xb5,0xd5,0x7f,0x40,
	0x00,0x9f,0x41,0xfc,0xfa,0x08,0xde,0x10,0x82,0xf7,0x00,0xcf,
	0x1a,0xf4,0x43,0xfe,0xff,0x20,0xcf,0x50,0x82,0xff,0x0e,0xbe,
	0xfe,0x88,0xbf,0xc0,0x80,0xf9,0x06,0x7f,0xeb,0x21,0xf7,0x40,
	0x60,0xff,0x03,0xf3,0x2f,0x80,0xff,0x04,0xff,0x54,0xb7,0x14,
	0x61,0x6d,0x20,0x6f,0xef,0xd2,0xd7,0x04,0x83,0xff,0x38,0xfe,
	0x9f,0x01,0xfc,0x02,0x40,0x9f,0x0a,0xfc,0xfe,0x82,0xaf,0x00,
	0x09,0xaf,0x82,0x7f,0x50,0xec,0x00,0xee,0xef,0x09,0xfd,0x47,
	0x01,0x6f,0x60,0x2f,0xbb,0x79,0xb6,0x00,0x44,0xb2,0x88,0xa9,
	0xff,0x81,0xff,0x01,0x10,0xcd,0x21,0x7e,0xf4,0x00,0xed,0x50,
	0xdf,0x40,0xfc,0x00,0xab,0xff,0x44,0xfb,0xcf,0x00,0xb9,0x41,
	0x10,0xfa,0xc0,0xfd,0x3d,0x12,0xff,0x91,0x70,0xfc,0x09,0x75,
	0xe7,0x03,0xf3,0x00,0x24,0xba,0x48,0xaf,0x00,0xf9,0x44,0xbb,
	0xbb,0x00,0xf7,0x08,0x04,0xfe,0x20,0xfb,0xf1,0x44,0x7f,0x40,
	0x08,0xf6,0x20,0xdf,0x97,0x01,0xcb,0x80,0xad,0xfb,0x04,0xed,
	0xf5,0x01,0xc7,0x99,0xf2,0x40,0xb9,0x04,0x08,0xed,0x23,0xdf,
	0xfe,0x0a,0xfb,0x0c,0x00,0xfe,0x08,0xea,0x9f,0x30,0xf7,0x36,
	0x01,0xf1,0x00,0xe7,0xaf,0x00,0x9f,0x00,0x0f,0x7f,0x40,0xf7,
	0x00,0xdb,0x08,0xf6,0xee,0x10,0xbf,0x88,0x10,0xff,0x00,0xfb,
	0x6a,0x20,0x36,0x00,0xc1,0x7b,0x06,0x79,0xbe,0x00,0xc7,0x04,
	0x10,0xef,0xf1,0x2f,0xd6,0x19,0xfb,0x8d,0xff,0x69,0x5f,0x81,
	0x82,0xb6,0x04,0x9f,0xfa,0x48,0x78,0x40,0x00,0xf3,0x80,0x39,
	0xff,0x84,0xc3,0x21,0x07,0xd9,0x82,0xb7,0xbf,0x00,0xa7,0x15,
	0x00,0xb7,0x00,0x37,0x04,0xd7,0x09,0x6f,0x7b,0x30,0xbf,0xc8,
	0x4a,0x5f,0x00,0x7f,0x5b,0x00,0xef,0x90,0x24,0xfb,0x80,0x3f,
	0xff,0x2e,0xf6,0x1c,0x08,0x7f,0x04,0xbf,0xcf,0x04,0xfb,0x0d,
	0xff,0x00,0xdd,0x00,0x20,0xfb,0x20,0x6f,0xfd,0x59,0xff,0x00,
	0x00,0xd4,0x05,0x65,0xde,0x10,0x77,0x56,0x28,0x9b,0x10,0x9b,
	0xe9,0x84,0xcf,0x0a,0x01,0xfe,0x06,0xff,0xa8,0xee,0x22,0xe7,
	0x7d,0x22,0xda,0x00,0x00,0x00,0x00,0x00,0x7f,0x68,0xdf,0x00,
	0x00,0x78,0x00,0x7a,0x00,0x79,0x00,0x7b,0x64,0x2b,0x7c,0x78,
	0x7e,0x0a,0xb7,0x1a,0xed,0x5b,0xe6,0x01,0x06,0x7d,0xf3,0x7d,
	0xf3,0x53,0x7e,0x01,0x00,0x03,0x00,0x00,0x00,0x00,0x00,0x00,
	0x00,0x00,0x00,0x00,0x00,0x00,0x00,0x00,0x00,0x00,0x00,0x00,
	0x00,0x00,0x00,0x00,0x00,0x03,0x00,0x00,0x00,0x00,0x00,0x00,
	0x00,0x00,0x00,0x00,0x00,0x00,0x00,0x00,0x00,0x00,0x00,0x00,
	0x00,0x00,0x00,0x00,0x00,0x00,0x00,0x00,0x00,0x00,0x00,0x00,
	0x00,0x00,0x00,0x00,0x00,0x00,0x00,0x00,0x00,0x00,0x00,0x00,
	0x00,0x00,0x00,0x00,0x00,0x00,0x00,0x00,0x00,0x00,0x00,0x00,
	0x00,0x00,0x00,0x00,0x00,0x00,0x00,0x00,0x00,0x00,0x00,0x00,
	0x00,0x00,0x00,0x00,0x00,0x00,0x00,0x00,0x00,0x00,0x03,0x03,
	0xde,0x24,0x47,0x24,0x24,0x93,0x46,0x7a,0xc7,0x10,0xfb,0x31,
	0x4b,0x48,0xf3,0x18,0x8a,0xff,0x08,0xef,0xfb,0x00,0xbd,0x00,
	0xc8,0xef,0x00,0x00,0x01,0x38,0x00,0x8f,0xc9,0xc9,0xc9,0xc9,
	0xc9,0xc9,0xc9,0xc9,0xc9,0xc9,0xc9,0xc9,0xc9,0xc9,0xc9,0xc9,
	0xc9,0xc9,0xc9,0xc9,0xc9,0xc9,0xc9,0xc9,0xc9,0x00,0xcd,0x43,
	0x7d,0xfb,0xc9,0xfd,0xe5,0xfd,0x2a,0xc0,0xfc,0xcd,0x1c,0x00,
	0xfd,0xe1,0xc9,0x48,0xf9,0x16,0x7b,0x00,0x00,0x77,0x00,0x00,
	0xbf,0xe0,0xbd,0x8a,0x83,0xfd,0xac,0xfc,0xcc,0x08,0x77,0x20,
	0x23,0xe1,0x03,0xef,0xff,0x00,0xfa,0x39,0x0a,0x7d,0xa0,0xe5,
	0xd0,0xda,0x02,0xf9,0xbf,0x10,0xeb,0x00,0xc0,0x7b,0xd4,0x79,
	0xe7,0x01,0x3f,0x12,0x00,0xfb,0x22,0x7b,0xd7,0x80,0xa7,0x00,
	0xa0,0x6f,0x20,0xbf,0x7f,0x10,0xff,0x1b,0x7f,0x00,0x6f,0x20,
	0x40,0x32,0xe0,0xce,0xff,0x60,0xdf,0x00,0x80,0xf4,0xa0,0xe7,
	0xff,0x60,0xf7,0x5c,0x10,0xdd,0x40,0xff,0xdf,0x20,0xdc,0x00,
	0x09,0xf7,0x5a,0xdf,0x40,0xc7,0xa4,0x3f,0x2f,0x12,0x7f,0xb8,
	0xa8,0xff,0x18,0xf7,0xfe,0x48,0xfd,0x01,0x01,0xbe,0x25,0xef,
	0xfa,0x00,0xed,0x16,0x20,0xf8,0x08,0x7e,0xff,0x60,0x2f,0x0c,
	0xff,0x30,0xd7,0x01,0xc4,0xbf,0x90,0xd7,0x9f,0x20,0x7f,0x0d,
	0x36,0xbd,0x48,0xee,0x73,0x34,0x7a,0x24,0x91,0xfb,0x20,0xf7,
	0xef,0x03,0x5e,0x02,0x60,0x54,0xa2,0xff,0x02,0xbf,0x01,0x6e,
	0x77,0xa4,0xff,0x48,0x06,0xc9,0x8a,0x6f,0xbb,0x00,0xc7,0x82,
	0x80,0xfe,0xe8,0xd3,0xdf,0x00,0x7f,0x13,0x05,0xcb,0x44,0xd7,
	0x7d,0x00,0xff,0x28,0xce,0x21,0xfb,0x00,0x26,0x7f,0x42,0xe7,
	0x5f,0x10,0xfa,0x40,0x01,0xff,0x18,0xfe,0xff,0x10,0xf3,0x51,
	0x18,0xaf,0x44,0xff,0xae,0x10,0xff,0x4d,0x28,0xdd,0xa4,0xff,
	0x04,0xd7,0x49,0x3f,0xff,0x04,0xfc,0x30,0x14,0xbf,0x12,0xfe,
	0xff,0x02,0xff,0x10,0xd0,0xff,0x44,0xbf,0xff,0x0a,0x7f,0x10,
	0x22,0xf7,0x80,0xb7,0x7f,0x02,0xfd,0x10,0x3d,0x44,0x7e,0x04,
	0x6c,0xff,0x04,0xdf,0xcd,0x00,0xda,0x32,0x16,0xb7,0xf0,0xff,
	0xd6,0x00,0x39,0x44,0xa4,0xbe,0x44,0xef,0xae,0x26,0xcf,0x84,
	0x44,0xff,0x70,0x77,0x40,0xfd,0x02,0x5f,0xff,0xc4,0xde,0xc8,
	0x48,0x5c,0x42,0xbf,0x7f,0x40,0xfd,0xd0,0xa4,0x7f,0x3a,0xfb,
	0x7f,0x10,0xff,0x00,0x01,0xff,0x44,0x7b,0xbb,0x9d,0xef,0x89,
	0xc5,0x32,0x3d,0x87,0x50,0xce,0x1b,0x7f,0xfb,0x29,0xab,0x84,
	0x80,0x5f,0x08,0xbd,0xfe,0x02,0xea,0x21,0x80,0x2d,0x00,0xfd,
	0xdb,0xb4,0xff,0x68,0xe4,0xff,0x8b,0xf3,0x21,0xb9,0xa1,0xd7,
	0xfd,0x23,0xaa,0x04,0x19,0xf8,0x00,0x7f,0xf7,0x40,0xc4,0x8d,
	0x00,0xd7,0x04,0xf7,0xb5,0x10,0xef,0x01,0x13,0xfb,0x82,0x3f,
	0xe7,0x45,0xff,0x01,0xfe,0x2b,0xef,0x09,0x04,0xdf,0x05,0xff,
	0xfe,0x28,0xbf,0x30,0x62,0xfb,0xc0,0xf1,0x71,0x20,0xed,0x04,
	0xa3,0xe5,0x26,0xee,0x77,0x15,0xf7,0x00,0x8a,0xdb,0xc0,0xff,
	0x04,0xff,0x40,0xdb,0xf3,0x00,0xdf,0x47,0x8a,0x5f,0x01,0xb1,
	0xde,0x80,0xf2,0x82,0xa4,0x37,0x22,0x7f,0xb7,0x05,0xcf,0x0a,
	0x30,0xf7,0x00,0xfd,0xcd,0xc0,0x3f,0x6c,0xed,0x8c,0xff,0x01,
	0x86,0xce,0x84,0xdf,0x77,0x03,0x9d,0xa0,0x18,0xf6,0x08,0x9c,
	0xf4,0x12,0x3f,0x04,0x04,0xbb,0x32,0x5e,0xef,0x20,0xb5,0x83,
	0x0e,0xfb,0x26,0x67,0x04,0xb7,0x20,0xfd,0x7f,0xb4,0xfe,0x74,
	0x21,0xfd,0x20,0xe6,0xf3,0x81,0xbf,0x20,0x55,0x37,0x40,0xf7,
	0xfd,0x21,0xc9,0x41,0x00,0xb5,0x84,0xbb,0x7f,0x0c,0xf7,0x8f,
	0x8f,0x10,0xff,0x43,0x00,0xfb,0x04,0x7f,0xd7,0x64,0xfb,0xa2,
	0x10,0xad,0x12,0xbf,0xf4,0x69,0xd2,0x50,0x10,0xff,0x90,0x7f,
	0xcb,0x20,0x7b,0x80,0x00,0xfe,0x4c,0xec,0x18,0xfc,0x24,0xed,
	0xdb,0x20,0xe3,0xc0,0x80,0xf7,0x32,0xde,0x7f,0x01,0xfd,0x01,
	0x53,0x4d,0x09,0x56,0xbe,0x05,0xba,0x26,0xc0,0xdd,0x08,0xfe,
	0x19,0x82,0xdb,0x8a,0x1f,0xd0,0x6f,0xcf,0x94,0xd0,0x88,0xff,
	0x9e,0x71,0x6f,0x04,0x60,0xff,0x3a,0xff,0xfd,0x08,0xf3,0x62,
	0xc0,0xef,0x01,0xfb,0xfd,0x13,0x1d,0x90,0x4b,0xfb,0x80,0x9b,
	0x00,0x7d,0xb1,0xaf,0xff,0x68,0x6a,0x50,0xf0,0x6f,0x60,0xed,
	0xdf,0x04,0xb7,0x16,0x01,0x7f,0xc8,0xbb,0xee,0x40,0x7c,0x10,
	0x01,0xfd,0x46,0xbb,0xe5,0x1e,0x93,0x71,0x9f,0x20,0xff,0x60,
	0x2a,0xf3,0x86,0xd7,0xec,0x40,0xf6,0x15,0x00,0xff,0x10,0xf6,
	0xdf,0x01,0xff,0x18,0x81,0xf7,0x20,0xf6,0x6c,0x08,0xfa,0x04,
	0x09,0xe6,0x02,0xd7,0xf9,0x27,0x0c,0xf7,0xba,0x08,0x64,0x01,
	0x14,0xbf,0x00,0xef,0x2f,0x64,0xaf,0x24,
};
unsigned int fMSX_ROMs_NET_ROM_len = 32768;
