/* Вшитые дампы МС1504 (родное ПО) — генерится из /MS1504 */
const unsigned char ms1504_bios_pk300[65536] = {
	0xeb,0x65,0x90,0x0a,0x0d,0x41,0x4c,0x46,0x41,0x2d,0x44,0x45,
	0x42,0x55,0x47,0x20,0x56,0x32,0x2e,0x34,0x00,0x0f,0x46,0x47,
	0x4d,0x50,0x53,0x54,0x58,0x49,0x55,0x5a,0x44,0x4c,0x45,0x0d,
	0x41,0x58,0x42,0x58,0x43,0x58,0x44,0x58,0x53,0x50,0x42,0x50,
	0x53,0x49,0x44,0x49,0x44,0x53,0x45,0x53,0x53,0x53,0x43,0x53,
	0x49,0x50,0x4f,0x44,0x49,0x54,0x53,0x5a,0x41,0x50,0x43,0x00,
	0x0d,0x0a,0x00,0x5c,0x85,0x69,0x87,0xfd,0x84,0xc7,0x85,0x04,
	0x85,0xbb,0x87,0xf1,0x85,0x41,0x85,0x99,0x88,0x53,0x89,0x74,
	0x85,0xd9,0x88,0xd6,0x88,0x99,0x84,0xba,0xfb,0x03,0xb0,0x80,
	0xee,0xba,0xf8,0x03,0xb8,0x18,0x00,0xee,0xba,0xf9,0x03,0x8a,
	0xc4,0xee,0xba,0xfb,0x03,0xb0,0x1b,0xee,0xba,0xfc,0x03,0xb0,
	0x01,0xee,0xba,0xfe,0x03,0xec,0xa8,0x20,0x74,0x2a,0xba,0xfc,
	0x03,0xb0,0x00,0xee,0xba,0xfe,0x03,0xec,0xa8,0x20,0x75,0x1c,
	0xba,0xfc,0x03,0xb0,0x02,0xee,0xba,0xfe,0x03,0xec,0xa8,0x10,
	0x74,0x0e,0xba,0xfc,0x03,0xb0,0x00,0xee,0xba,0xfe,0x03,0xec,
	0xa8,0x10,0x74,0x03,0xe9,0xcf,0x5f,0xba,0xf8,0x03,0xec,0xb9,
	0x10,0x27,0xba,0xfd,0x03,0xec,0xa8,0x01,0x75,0x04,0xe2,0xf9,
	0xeb,0xea,0xba,0xf8,0x03,0xec,0x8a,0xe0,0xb9,0x10,0x27,0xba,
	0xfd,0x03,0xec,0xa8,0x01,0x75,0x04,0xe2,0xf9,0xeb,0xd5,0xba,
	0xf8,0x03,0xec,0x2a,0xc4,0x3c,0x03,0x75,0xcb,0xb9,0x10,0x27,
	0xe2,0xfe,0xba,0xfd,0x03,0xec,0xa8,0x20,0x74,0xfb,0xba,0xf8,
	0x03,0xb0,0xaa,0xee,0x8c,0xc8,0x8e,0xd8,0xba,0xf8,0x03,0xec,
	0xb4,0x0a,0x8d,0x2e,0x11,0x81,0xe9,0xb0,0x02,0xb4,0x0d,0x8d,
	0x2e,0x1a,0x81,0xe9,0xa7,0x02,0x90,0xb4,0x2e,0x8d,0x2e,0x24,
	0x81,0xe9,0x9d,0x02,0xba,0xfd,0x03,0xec,0xa8,0x01,0x74,0xf8,
	0xba,0xf8,0x03,0xec,0x3c,0x67,0x75,0x09,0x8a,0xe0,0x8d,0x2e,
	0x64,0x84,0xe9,0x84,0x02,0x3c,0x65,0x75,0x68,0x8a,0xe0,0x8d,
	0x2e,0x4a,0x81,0xe9,0x77,0x02,0xb4,0x73,0x8d,0x2e,0x53,0x81,
	0xe9,0x6e,0x02,0xb4,0x3d,0x8d,0x2e,0x5c,0x81,0xe9,0x65,0x02,
	0x8c,0xc0,0x86,0xe0,0x8d,0x2e,0x67,0x81,0xe9,0x7a,0x02,0x8d,
	0x2e,0x70,0x81,0x8b,0xc8,0xe9,0x51,0x02,0x8b,0xc1,0x86,0xe0,
	0x8d,0x2e,0x7b,0x81,0xe9,0x46,0x02,0x8c,0xc0,0x8d,0x2e,0x84,
	0x81,0xe9,0x5d,0x02,0x8d,0x2e,0x8d,0x81,0x8b,0xc8,0xe9,0x34,
	0x02,0x8b,0xc1,0x86,0xe0,0x8d,0x2e,0x98,0x81,0xe9,0x29,0x02,
	0x8d,0x2e,0xa2,0x81,0xb9,0x04,0x00,0xe9,0x5b,0x02,0x8b,0xc7,
	0x8e,0xc0,0xe9,0x5b,0xff,0x3c,0x61,0x75,0x49,0x8a,0xe0,0x8d,
	0x2e,0xb6,0x81,0xe9,0x0b,0x02,0xb4,0x6c,0x8d,0x2e,0xbf,0x81,
	0xe9,0x02,0x02,0xb4,0x3d,0x8d,0x2e,0xc8,0x81,0xe9,0xf9,0x01,
	0x8b,0xc4,0x8d,0x2e,0xd1,0x81,0xe9,0x10,0x02,0x8d,0x2e,0xda,
	0x81,0x8b,0xc8,0xe9,0xe7,0x01,0x8b,0xc1,0x86,0xe0,0x8d,0x2e,
	0xe5,0x81,0xe9,0xdc,0x01,0x8d,0x2e,0xef,0x81,0xb9,0x02,0x00,
	0xe9,0x0e,0x02,0x8b,0xc7,0x8b,0xe0,0xe9,0x0e,0xff,0x3c,0x72,
	0x75,0x4f,0x8a,0xe0,0x8d,0x2e,0x03,0x82,0xe9,0xbe,0x01,0x8d,
	0x2e,0x0d,0x82,0xb9,0x04,0x00,0xe9,0xf0,0x01,0xb4,0x20,0x8d,
	0x2e,0x16,0x82,0xe9,0xab,0x01,0x8b,0xc4,0x3c,0x99,0x75,0x05,
	0x26,0x8a,0x05,0xeb,0xfb,0xbe,0x08,0x00,0x26,0x8a,0x05,0x8d,
	0x2e,0x2e,0x82,0xe9,0xb3,0x01,0x8d,0x2e,0x37,0x82,0x8b,0xc8,
	0xe9,0x8a,0x01,0x8b,0xc1,0x86,0xe0,0x8d,0x2e,0x42,0x82,0xe9,
	0x7f,0x01,0x47,0x4e,0x75,0xde,0xe9,0xbb,0xfe,0x3c,0x77,0x75,
	0x34,0x8a,0xe0,0x8d,0x2e,0x56,0x82,0xe9,0x6b,0x01,0x8d,0x2e,
	0x60,0x82,0xb9,0x04,0x00,0xe9,0x9d,0x01,0xb9,0x02,0x00,0x8b,
	0xdf,0x8d,0x2e,0x6c,0x82,0xe9,0x91,0x01,0x8b,0xc4,0x3c,0x99,
	0x75,0x07,0x8b,0xc7,0x26,0x88,0x07,0xeb,0xfb,0x8b,0xc7,0x26,
	0x88,0x07,0xe9,0x83,0xfe,0x3c,0x6f,0x75,0x34,0x8a,0xe0,0x8d,
	0x2e,0x8e,0x82,0xe9,0x33,0x01,0x8d,0x2e,0x98,0x82,0xb9,0x03,
	0x00,0xe9,0x65,0x01,0xb9,0x02,0x00,0x8b,0xdf,0x8d,0x2e,0xa4,
	0x82,0xe9,0x59,0x01,0x8b,0xc4,0x3c,0x99,0x75,0x07,0x8b,0xc7,
	0x8b,0xd3,0xee,0xeb,0xfd,0x8b,0xc7,0x8b,0xd3,0xee,0xe9,0x4b,
	0xfe,0x3c,0x69,0x75,0x46,0x8a,0xe0,0x8d,0x2e,0xc6,0x82,0xe9,
	0xfb,0x00,0x8d,0x2e,0xd0,0x82,0xb9,0x03,0x00,0xe9,0x2d,0x01,
	0xb4,0x20,0x8d,0x2e,0xd9,0x82,0xe9,0xe8,0x00,0x8b,0xd7,0x8b,
	0xc4,0x3c,0x99,0x75,0x03,0xec,0xeb,0xfd,0xec,0x8d,0x2e,0xec,
	0x82,0xe9,0xf5,0x00,0x8d,0x2e,0xf5,0x82,0x8b,0xc8,0xe9,0xcc,
	0x00,0x8b,0xc1,0x86,0xe0,0x8d,0x2e,0x00,0x83,0xe9,0xc1,0x00,
	0xe9,0x01,0xfe,0x3c,0x6d,0x75,0x39,0x8a,0xe0,0x8d,0x2e,0x10,
	0x83,0xe9,0xb1,0x00,0xb0,0x74,0xe6,0x43,0xb0,0x12,0xe6,0x41,
	0xb0,0x00,0xe6,0x41,0xb0,0x12,0xe6,0x0d,0xb0,0xff,0xe6,0x0f,
	0xb0,0x00,0xe6,0x00,0x90,0x90,0xe6,0x00,0xb0,0x58,0xe6,0x0b,
	0xb0,0xff,0xe6,0x01,0x90,0x90,0xe6,0x01,0xfe,0xc0,0xe6,0x08,
	0x90,0x90,0xe6,0x0a,0x3c,0x76,0x74,0x03,0xe9,0xbd,0xfd,0x8a,
	0xe0,0x8d,0x2e,0x50,0x83,0xeb,0x72,0x90,0x8d,0x2e,0x5a,0x83,
	0xb9,0x04,0x00,0xe9,0xa3,0x00,0x8b,0xc4,0x8b,0xcf,0x8b,0xd1,
	0x33,0xff,0xf3,0xaa,0x8b,0xca,0x33,0xff,0x26,0x3a,0x05,0x75,
	0x06,0x47,0xe2,0xf8,0xe9,0x91,0xfd,0xb4,0x20,0x8d,0x2e,0x7c,
	0x83,0xeb,0x46,0x90,0xb4,0x3a,0x8d,0x2e,0x85,0x83,0xeb,0x3d,
	0x90,0x8b,0xc7,0x86,0xe0,0x8d,0x2e,0x90,0x83,0xeb,0x52,0x90,
	0x8d,0x2e,0x99,0x83,0x8b,0xc8,0xeb,0x29,0x90,0x8b,0xc1,0x86,
	0xe0,0x8d,0x2e,0xa4,0x83,0xeb,0x1e,0x90,0x8b,0xc7,0x8d,0x2e,
	0xad,0x83,0xeb,0x35,0x90,0x8d,0x2e,0xb6,0x83,0x8b,0xc8,0xeb,
	0x0c,0x90,0x8b,0xc1,0x86,0xe0,0x8d,0x2e,0x04,0x81,0xeb,0x01,
	0x90,0xba,0xfd,0x03,0xec,0xa8,0x20,0x74,0xf8,0xba,0xf8,0x03,
	0x8a,0xc4,0xee,0xff,0xe5,0x30,0x31,0x32,0x33,0x34,0x35,0x36,
	0x37,0x38,0x39,0x41,0x42,0x43,0x44,0x45,0x46,0x8a,0xe0,0x24,
	0xf0,0xd0,0xe8,0xd0,0xe8,0xd0,0xe8,0xd0,0xe8,0x8d,0x1e,0xd1,
	0x83,0xd7,0x86,0xe0,0x24,0x0f,0x8d,0x1e,0xd1,0x83,0xd7,0xff,
	0xe5,0xba,0xfd,0x03,0xec,0xa8,0x20,0x74,0xf8,0xba,0xf8,0x03,
	0xb0,0x20,0xee,0xbf,0x00,0x00,0x8a,0xe9,0xba,0xfd,0x03,0xec,
	0xa8,0x01,0x74,0xf8,0xba,0xf8,0x03,0xec,0x3c,0x2e,0x75,0x03,
	0xe9,0xe1,0xfc,0x8a,0xe0,0x80,0xfc,0x30,0x72,0xe6,0x80,0xfc,
	0x39,0x77,0x06,0x80,0xec,0x30,0xeb,0x0e,0x90,0x80,0xfc,0x61,
	0x72,0xd6,0x80,0xfc,0x66,0x77,0xd1,0x80,0xec,0x57,0x8b,0xf0,
	0xba,0xfd,0x03,0xec,0xa8,0x20,0x74,0xfb,0xba,0xf8,0x03,0x8b,
	0xc6,0xee,0x32,0xc0,0x86,0xc4,0xb1,0x04,0xd3,0xe7,0x0b,0xf8,
	0xfe,0xcd,0x75,0x02,0xff,0xe5,0xeb,0xac,0xb8,0x30,0x00,0x8e,
	0xd0,0xbc,0x00,0x01,0x2b,0xd2,0x8e,0xda,0xbb,0x04,0x00,0xb8,
	0xde,0x8a,0x89,0x07,0xb3,0x0c,0x89,0x07,0x0e,0x58,0xd0,0xeb,
	0x89,0x07,0xb3,0x0e,0x89,0x07,0xeb,0x11,0x90,0xb8,0x30,0x00,
	0x8e,0xd0,0xbc,0x00,0x01,0xe8,0x17,0x06,0xb0,0x3f,0xe8,0x9e,
	0x05,0xfc,0xb8,0x40,0x00,0x8e,0xd8,0xbe,0xde,0x00,0xb8,0xff,
	0xff,0xb9,0x04,0x00,0x89,0x04,0x83,0xc6,0x02,0xe2,0xf9,0xc7,
	0x06,0xe6,0x00,0x99,0x84,0x81,0x3e,0xbc,0x00,0xa5,0x5a,0x74,
	0x0c,0xc7,0x06,0xbc,0x00,0xa5,0x5a,0xbb,0x03,0x80,0xe8,0xcf,
	0x05,0xe8,0xdf,0x05,0xb0,0x5f,0xe8,0x66,0x05,0xc6,0x06,0xea,
	0x00,0x00,0xbf,0x15,0x80,0xe8,0x13,0x05,0x0e,0x07,0x26,0x8a,
	0x0d,0xb5,0x00,0x47,0x8b,0xf1,0x4e,0xf2,0xae,0x0b,0xc9,0x74,
	0x9c,0x2b,0xf1,0x03,0xf6,0xba,0x99,0x84,0x52,0xb9,0x02,0x00,
	0x2e,0xff,0xa4,0x4b,0x80,0xe8,0x6a,0x04,0xa4,0xe2,0xfd,0xc3,
	0x49,0xe8,0x7a,0x04,0x5e,0x8e,0x1e,0xb0,0x00,0xe8,0x9b,0x05,
	0xe8,0xa9,0x05,0xe8,0x9e,0x05,0xac,0x8a,0xe8,0xe8,0x5f,0x05,
	0xe8,0x49,0x05,0xe8,0x92,0x05,0x2b,0xdb,0xe8,0xd6,0x04,0x74,
	0x13,0xe8,0xaa,0x04,0x72,0x05,0xe8,0x62,0x04,0xeb,0xf6,0xe8,
	0xce,0x04,0x73,0x06,0x88,0x5c,0xff,0xf9,0x72,0xcf,0xe9,0x48,
	0xff,0xe8,0xab,0x04,0x3c,0x45,0x74,0x0c,0x3c,0x44,0x75,0xf2,
	0x81,0x26,0xba,0x00,0xff,0xdf,0xfa,0xc3,0x81,0x0e,0xba,0x00,
	0x00,0x20,0xfb,0xc3,0x41,0xe8,0x22,0x04,0x58,0x59,0x5f,0x2b,
	0xcf,0x72,0x0a,0x41,0xd1,0xe9,0x8e,0x06,0xb2,0x00,0xf3,0xab,
	0xc3,0xe9,0x15,0xff,0xb9,0x01,0x00,0xe8,0x08,0x04,0x5e,0xb9,
	0x10,0x00,0x1e,0x07,0x8e,0x1e,0xb0,0x00,0xe8,0x24,0x05,0xe8,
	0xcc,0x03,0xe8,0x2f,0x05,0xbf,0xbe,0x00,0xe8,0x21,0x05,0xac,
	0x51,0x8a,0xe8,0xe8,0xe1,0x04,0xe8,0xb9,0x03,0x59,0x49,0x3c,
	0x20,0x73,0x02,0xb0,0x2e,0xaa,0xe3,0x02,0xeb,0xe6,0x2a,0xc0,
	0xaa,0xe8,0x04,0x05,0xbf,0xbe,0x00,0x26,0x8a,0x05,0x3c,0x00,
	0x74,0x09,0xe8,0x7a,0x04,0xe8,0x96,0x03,0x47,0xeb,0xf0,0xc3,
	0xe9,0xc2,0xfe,0xe8,0x4c,0x04,0x8b,0xd3,0x73,0x19,0xec,0xe8,
	0xd9,0x04,0x8a,0xe8,0xb0,0x50,0xe8,0x5e,0x04,0x8b,0xda,0xe8,
	0x90,0x04,0xb0,0x3d,0xe8,0x54,0x04,0xe8,0x95,0x04,0xc3,0xe8,
	0x2c,0x04,0x73,0xd8,0x8a,0xc3,0xee,0xeb,0xde,0xe8,0x09,0x04,
	0x72,0x7d,0xe8,0x3e,0x04,0x3c,0x46,0x74,0x6f,0xb9,0x0e,0x00,
	0x8b,0xf1,0xbb,0x24,0x80,0x53,0x2e,0x3a,0x07,0x74,0x07,0x83,
	0xc3,0x02,0xe2,0xf6,0xe3,0x5e,0x5f,0x8b,0xce,0x86,0xe0,0xe8,
	0xd5,0x03,0x86,0xe0,0x0e,0x07,0xf2,0xaf,0xe3,0x4e,0x4e,0x2b,
	0xf1,0x83,0xef,0x02,0x03,0xf6,0x2e,0x8b,0x05,0xe8,0x7b,0x04,
	0xe8,0x04,0x04,0x86,0xe0,0xe8,0xff,0x03,0xb0,0x3d,0xe8,0xfa,
	0x03,0xe8,0x96,0x04,0xe8,0x25,0x04,0x2b,0xdb,0xe8,0x6c,0x04,
	0xe8,0xb2,0x03,0x74,0x14,0xe8,0x86,0x03,0x72,0x05,0xe8,0x3e,
	0x03,0xeb,0xf6,0xe8,0xaa,0x03,0x73,0x14,0x89,0x9c,0xa0,0x00,
	0xf9,0x73,0x0d,0x83,0xc6,0x02,0x83,0xc7,0x02,0xe2,0xbf,0xc3,
	0xeb,0x4c,0x90,0x90,0xe9,0x16,0xfe,0xbf,0x24,0x80,0x2b,0xf6,
	0xb9,0x0d,0x00,0xe8,0x2d,0x04,0xe8,0x33,0x04,0x2e,0x8b,0x05,
	0xe8,0xb0,0x03,0x86,0xc4,0xe8,0xab,0x03,0x83,0xc7,0x02,0xe8,
	0x22,0x04,0xe8,0x1f,0x04,0xe2,0xe7,0xe8,0x1a,0x04,0x8b,0xdf,
	0xe8,0xf9,0x03,0xe8,0x09,0x04,0xb9,0x0d,0x00,0xe8,0x2e,0x04,
	0x83,0xc6,0x02,0xe8,0x06,0x04,0xe2,0xf5,0xe8,0x01,0x04,0x8b,
	0x9c,0xa0,0x00,0xe9,0xa6,0x00,0xe8,0x40,0x03,0x72,0x5d,0xe8,
	0x75,0x03,0xbf,0x3e,0x80,0x0e,0x07,0xb9,0x0a,0x00,0x8b,0x1e,
	0xba,0x00,0xbe,0x09,0x00,0xf2,0xae,0xe3,0x9b,0x4f,0x2b,0xf1,
	0x51,0x8b,0xce,0xd3,0xc3,0x59,0xe8,0xca,0x03,0x2e,0x8a,0x05,
	0xe8,0x50,0x03,0xb0,0x3d,0xe8,0x4b,0x03,0xe8,0xdd,0x03,0xe8,
	0x76,0x03,0xe8,0xbf,0x03,0xb4,0x00,0xcd,0x16,0x3c,0x2e,0x74,
	0x2e,0x24,0x7f,0x3c,0x0d,0x74,0x2d,0x3c,0x20,0x72,0xee,0x3c,
	0x61,0x72,0x06,0x3c,0x7b,0x73,0x02,0x2c,0x20,0xe8,0x23,0x03,
	0x3c,0x30,0x75,0x07,0x8a,0xf0,0xeb,0xd9,0xeb,0x2f,0x90,0x3c,
	0x31,0x75,0x04,0x8a,0xf0,0xeb,0xce,0xb8,0x89,0x84,0x50,0xfe,
	0xc9,0xeb,0x11,0x90,0x47,0xd0,0xde,0x72,0x06,0x80,0xe3,0xfe,
	0xeb,0x04,0x90,0x80,0xcb,0x01,0xe2,0x9e,0xb2,0x09,0x2a,0xd1,
	0x8a,0xca,0xd3,0xcb,0x89,0x1e,0xba,0x00,0xc3,0xbb,0x3e,0x80,
	0xe8,0x58,0x03,0xe8,0x55,0x03,0xe8,0x3f,0x03,0xe8,0x4f,0x03,
	0x8b,0x1e,0xba,0x00,0xb9,0x09,0x00,0xe8,0x66,0x03,0xe2,0xfb,
	0xc3,0xe8,0x91,0x02,0x74,0x03,0xe8,0x74,0x02,0x72,0x30,0xe8,
	0xf2,0x02,0xb9,0x02,0x00,0xe8,0x9a,0x02,0x53,0xfe,0xc5,0x72,
	0x04,0xfe,0xc9,0x75,0xf4,0x73,0x31,0xbe,0xde,0x00,0x5b,0x89,
	0x1c,0x8e,0x06,0xb6,0x00,0x26,0x8a,0x07,0x83,0xc6,0x02,0x88,
	0x04,0x46,0xb0,0xcc,0x26,0x88,0x07,0xfe,0xcd,0x75,0xe7,0xe8,
	0x05,0x03,0xc7,0x06,0xe6,0x00,0xaf,0x87,0xe9,0x8f,0x00,0xe8,
	0x6f,0x00,0xe8,0xbe,0xfe,0xe9,0xe1,0xfc,0xe9,0xce,0xfc,0xe8,
	0x3f,0x02,0x74,0x03,0xe8,0x22,0x02,0x72,0x0c,0xe8,0xa0,0x02,
	0xe8,0x4b,0x02,0x89,0x1e,0xe4,0x00,0x73,0xe7,0xe8,0xd7,0x02,
	0xe8,0xd4,0x02,0x53,0x06,0x51,0xa1,0xb6,0x00,0x8e,0xc0,0x8b,
	0x1e,0xb8,0x00,0xe8,0x6e,0x03,0x59,0x07,0x5b,0x81,0x0e,0xba,
	0x00,0x00,0x10,0xc7,0x06,0xe6,0x00,0xf8,0x87,0xeb,0x47,0x90,
	0x2b,0xf6,0xff,0x06,0xb8,0x00,0xe8,0x72,0xfe,0x83,0x3e,0xe4,
	0x00,0xff,0x74,0x10,0xb4,0x01,0xcd,0x10,0x75,0x0a,0x8b,0x1e,
	0xe4,0x00,0x3b,0x1e,0xb8,0x00,0x75,0xb9,0x81,0x26,0xba,0x00,
	0xff,0xef,0xe9,0x78,0xfc,0xbe,0xde,0x00,0x8e,0x06,0xb6,0x00,
	0xb9,0x02,0x00,0x83,0x3c,0xff,0x74,0x0d,0x8b,0x1c,0x83,0xc6,
	0x02,0x8a,0x04,0x26,0x88,0x07,0x46,0xe2,0xee,0xc3,0x8b,0x36,
	0xac,0x00,0x8b,0x3e,0xae,0x00,0x8b,0x16,0xa6,0x00,0x8e,0x06,
	0xb2,0x00,0x8e,0x16,0xb4,0x00,0x8b,0x26,0xa8,0x00,0x8b,0x2e,
	0xaa,0x00,0xa1,0xba,0x00,0xb1,0x04,0xd3,0xc8,0x8b,0xd8,0x81,
	0xe3,0xc0,0x0f,0xd0,0xc8,0x8a,0xe0,0x24,0x10,0x0a,0xd8,0xd0,
	0xcc,0x8a,0xc4,0x24,0x04,0x0a,0xd8,0xd0,0xcc,0x80,0xe4,0x01,
	0x0a,0xdc,0x53,0xa1,0xa0,0x00,0x8b,0x0e,0xa4,0x00,0x8b,0x1e,
	0xb6,0x00,0x53,0x8b,0x1e,0xb8,0x00,0x53,0x8b,0x1e,0xa2,0x00,
	0x8e,0x1e,0xb0,0x00,0xcf,0x2b,0xdb,0xb9,0x0a,0x00,0xe8,0x5c,
	0x01,0x74,0x28,0xe8,0x77,0x01,0x72,0x0b,0x8b,0xcb,0x2b,0xdb,
	0xe8,0x67,0x01,0x73,0x22,0x87,0xcb,0xe8,0xf5,0x01,0x06,0x1e,
	0xa1,0xb6,0x00,0x8e,0xc0,0x8b,0xc1,0xe8,0x92,0x02,0x03,0xd9,
	0x8b,0xc8,0xe2,0xf5,0x1f,0x07,0xc3,0x8b,0x1e,0xb8,0x00,0x73,
	0x02,0xeb,0xe0,0xe9,0xb3,0xfb,0xe9,0xb0,0xfb,0x06,0x57,0x51,
	0xba,0xf8,0x03,0xec,0xe8,0x5d,0x00,0x72,0x4f,0x3c,0xaa,0x74,
	0x07,0x3c,0x1b,0x74,0x4a,0xeb,0x45,0x90,0xe8,0x4d,0x00,0x72,
	0x3f,0x86,0xc4,0xe8,0x46,0x00,0x72,0x38,0x86,0xc4,0x8b,0xc8,
	0xe8,0x3d,0x00,0x72,0x2f,0x86,0xc4,0xe8,0x36,0x00,0x72,0x28,
	0x86,0xc4,0x8e,0xc0,0xa3,0xb6,0x00,0xa3,0xb0,0x00,0xe8,0x27,
	0x00,0x72,0x19,0x86,0xc4,0xe8,0x20,0x00,0x72,0x12,0x86,0xc4,
	0x8b,0xf8,0xa3,0xb8,0x00,0xe8,0x14,0x00,0x72,0x06,0xaa,0xe2,
	0xf8,0xeb,0x04,0x90,0xe8,0x00,0x01,0x33,0xc9,0xa3,0xa0,0x00,
	0x59,0x5f,0x07,0xc3,0xba,0xfd,0x03,0xec,0xa8,0x01,0x74,0xfb,
	0xf9,0xa8,0x0e,0x75,0x05,0xba,0xf8,0x03,0xec,0xf8,0xc3,0xe9,
	0xaa,0xf7,0x1e,0x50,0xb8,0x40,0x00,0x8e,0xd8,0x58,0x80,0x3e,
	0xea,0x00,0x00,0x74,0x03,0xe9,0x31,0xfb,0x1f,0xc3,0x41,0xe8,
	0x14,0x00,0x8e,0x06,0xb2,0x00,0x5f,0x59,0x5e,0x2b,0xce,0x72,
	0x06,0x41,0x8e,0x1e,0xb0,0x00,0xc3,0xe9,0x07,0xfb,0xe8,0x91,
	0x00,0x58,0x53,0x50,0x49,0x73,0x03,0x75,0x03,0xc3,0x75,0xf2,
	0xe9,0xf6,0xfa,0x52,0x51,0x1e,0x56,0x33,0xc9,0x8e,0xd9,0xb9,
	0x00,0x05,0xbe,0x00,0x00,0xf3,0xac,0xba,0xfd,0x03,0xec,0xa8,
	0x01,0x74,0xf0,0xba,0xf8,0x03,0xec,0x5e,0x1f,0x59,0x5a,0x3c,
	0x0d,0x74,0x04,0x3c,0x20,0x72,0xd8,0xc3,0xe8,0x78,0x00,0x3c,
	0x30,0x72,0x11,0x3c,0x47,0x73,0x0d,0x3c,0x39,0x76,0x06,0x3c,
	0x41,0x72,0x05,0x2c,0x07,0x2c,0x30,0xc3,0xf9,0xc3,0x51,0xe8,
	0xe2,0xff,0x72,0x07,0xb1,0x04,0xd3,0xe3,0x02,0xd8,0xf8,0x59,
	0xc3,0x2b,0xdb,0xe8,0x33,0x00,0x89,0x1e,0xb8,0x00,0xc3,0xe8,
	0xa1,0xff,0x3c,0x2e,0x75,0x03,0xe9,0xa0,0xfa,0xe8,0x3b,0x00,
	0xc3,0xe8,0x93,0xff,0x3c,0x2e,0x74,0x0f,0x3c,0x20,0x74,0x0a,
	0x3c,0x2c,0x74,0x06,0x3c,0x0d,0xf9,0x74,0x01,0xf5,0xc3,0xe9,
	0x83,0xfa,0x2b,0xdb,0xe8,0xe2,0xff,0x74,0x10,0xe8,0xb6,0xff,
	0x72,0x05,0xe8,0x6e,0xff,0xeb,0xf6,0xe8,0xda,0xff,0x75,0x01,
	0xc3,0xe9,0x59,0xfa,0x04,0x90,0x27,0x14,0x40,0x27,0xc3,0x52,
	0x50,0x53,0x1e,0x50,0xbb,0x40,0x00,0x8e,0xdb,0xba,0xfd,0x03,
	0xec,0xa8,0x01,0x74,0x0d,0xba,0xf8,0x03,0xec,0x3c,0x2e,0x75,
	0xf0,0xa2,0xea,0x00,0xeb,0xeb,0xba,0xfd,0x03,0xec,0xa8,0x20,
	0x74,0xf8,0xba,0xf8,0x03,0x58,0xee,0x1f,0x5b,0x58,0x5a,0xc3,
	0xb0,0x2d,0xe8,0xca,0xff,0xc3,0x51,0x8a,0xef,0xe8,0x07,0x00,
	0x8a,0xeb,0xe8,0x02,0x00,0x59,0xc3,0x50,0x8a,0xc5,0xd0,0xe8,
	0xd0,0xe8,0xd0,0xe8,0xd0,0xe8,0xe8,0xa7,0xff,0xe8,0xab,0xff,
	0x8a,0xc5,0x24,0x0f,0xe8,0x9d,0xff,0xe8,0xa1,0xff,0x58,0xc3,
	0x50,0x1e,0x0e,0x1f,0x8a,0x07,0x0a,0xc0,0x74,0x06,0x43,0xe8,
	0x91,0xff,0xeb,0xf4,0x1f,0x58,0xc3,0x53,0xbb,0x48,0x80,0xe8,
	0xe6,0xff,0x5b,0xc3,0x50,0xb0,0x20,0xe8,0x7d,0xff,0x58,0xc3,
	0x8c,0xdb,0xe8,0xad,0xff,0xb0,0x3a,0xe8,0x71,0xff,0x8b,0xde,
	0xe8,0xa3,0xff,0xc3,0x2a,0xc0,0xd1,0xc3,0x14,0x30,0xe8,0x62,
	0xff,0xc3,0x8b,0x9c,0xa0,0x00,0xe8,0x91,0xff,0xc3,0x1e,0x50,
	0xb8,0x40,0x00,0x8e,0xd8,0x58,0xa3,0xa0,0x00,0x89,0x1e,0xa2,
	0x00,0x89,0x0e,0xa4,0x00,0x89,0x16,0xa6,0x00,0x89,0x3e,0xae,
	0x00,0x89,0x36,0xac,0x00,0x8c,0x16,0xb4,0x00,0x8c,0x06,0xb2,
	0x00,0x5b,0x89,0x1e,0xb0,0x00,0x5b,0x4b,0x89,0x1e,0xb8,0x00,
	0x5b,0x89,0x1e,0xb6,0x00,0x58,0x80,0xe4,0x0f,0xb1,0x04,0xd3,
	0xc0,0x8b,0xd8,0x81,0xe3,0x00,0xfc,0xd1,0xc0,0x25,0xa0,0x02,
	0x0b,0xd8,0x81,0xe3,0x00,0xfe,0xd1,0xc0,0x25,0x40,0x01,0x0b,
	0xd8,0xd0,0xc0,0x8a,0xd8,0x89,0x1e,0xba,0x00,0x89,0x26,0xa8,
	0x00,0x89,0x2e,0xaa,0x00,0xb8,0x30,0x00,0x8e,0xd0,0xbc,0x00,
	0x01,0x8b,0x1e,0xe6,0x00,0x0e,0x53,0xcb,0x50,0x56,0x06,0x1e,
	0x57,0x06,0x1f,0x53,0x8b,0xf3,0xe8,0x5b,0xff,0x8b,0xfb,0x5b,
	0x0e,0x1f,0xe8,0x4b,0xff,0xe8,0x48,0xff,0x33,0xc0,0x26,0x8a,
	0x07,0x8b,0xf0,0x03,0xf6,0x03,0xf6,0x53,0x8b,0x9c,0xb0,0x91,
	0x0b,0xdb,0x74,0x0e,0xe8,0x15,0xff,0x5b,0x83,0xc6,0x02,0xff,
	0x94,0xb0,0x91,0xeb,0x19,0x90,0x5b,0x83,0xc6,0x02,0x26,0x8a,
	0x47,0x01,0x51,0xb1,0x03,0xd2,0xe8,0x59,0x24,0x07,0x02,0xc0,
	0x32,0xe4,0xff,0x94,0xb0,0x91,0x5f,0xe8,0x01,0xff,0x1f,0x07,
	0x5e,0x58,0xc3,0xe8,0x02,0xff,0x50,0x26,0x8a,0x47,0x01,0x80,
	0xfa,0x04,0x74,0x03,0xeb,0x0a,0x90,0x24,0x38,0xb1,0x03,0xd2,
	0xe8,0xeb,0x1c,0x90,0x24,0xc0,0x3c,0xc0,0x74,0x03,0xeb,0x7d,
	0x90,0x26,0x8a,0x07,0x24,0xfe,0x3c,0x84,0x75,0x03,0xe9,0xea,
	0x01,0x26,0x8a,0x47,0x01,0x24,0x07,0x02,0xc0,0x2a,0xe4,0x56,
	0x8b,0xf0,0x26,0x8a,0x07,0x80,0xfa,0x04,0x75,0x07,0x3c,0xc4,
	0x75,0x03,0xeb,0x1b,0x90,0x24,0x01,0x3c,0x01,0x75,0x03,0xeb,
	0x12,0x90,0x8a,0x84,0x9e,0x9b,0xe8,0x2e,0xfe,0x8a,0x84,0x9f,
	0x9b,0xe8,0x27,0xfe,0xeb,0x0f,0x90,0x8a,0x84,0x8d,0x9b,0xe8,
	0x1d,0xfe,0x8a,0x84,0x8e,0x9b,0xe8,0x16,0xfe,0x5e,0x80,0xfa,
	0x00,0x74,0x1d,0x80,0xfa,0x01,0x74,0x18,0x80,0xfa,0x02,0x74,
	0x16,0x80,0xfa,0x03,0x75,0x03,0xe9,0x93,0x01,0x80,0xfa,0x04,
	0x74,0x0c,0xb9,0x02,0x00,0xe9,0x88,0x01,0xeb,0x64,0x90,0xb9,
	0x02,0x00,0xe9,0x49,0x01,0x26,0x8a,0x47,0x01,0x24,0x07,0x3c,
	0x06,0x75,0x15,0x50,0x26,0x8a,0x47,0x01,0x24,0xc0,0x3c,0x00,
	0x74,0x04,0x58,0xeb,0x07,0x90,0x58,0xb6,0x08,0xe9,0xc7,0x00,
	0x02,0xc0,0x2a,0xe4,0x56,0x8b,0xf0,0x53,0x8b,0x9c,0x41,0x9b,
	0xe8,0x1d,0xfe,0x5b,0x5e,0x26,0x8a,0x47,0x01,0x24,0xc0,0x3c,
	0x00,0x74,0x03,0xeb,0x47,0x90,0x80,0xfa,0x02,0x75,0x06,0xb9,
	0x02,0x00,0xe9,0x01,0x01,0x80,0xfa,0x05,0x74,0x0a,0x80,0xfa,
	0x06,0x74,0x05,0x80,0xfa,0x07,0x75,0x06,0xb9,0x02,0x00,0xe9,
	0x22,0x01,0xb0,0x2c,0xe8,0x88,0xfd,0x80,0xfa,0x00,0x74,0x0f,
	0x53,0x26,0x8b,0x5f,0x02,0xe8,0xb2,0xfd,0x5b,0xb9,0x04,0x00,
	0xe9,0x09,0x01,0x26,0x8a,0x6f,0x02,0xe8,0xb1,0xfd,0xb9,0x03,
	0x00,0xe9,0xfc,0x00,0x50,0xb0,0x2b,0xe8,0x61,0xfd,0x58,0x3c,
	0x40,0x74,0x03,0xeb,0x56,0x90,0x26,0x8a,0x6f,0x02,0xe8,0x96,
	0xfd,0x80,0xfa,0x00,0x74,0x23,0x80,0xfa,0x01,0x74,0x1e,0xb9,
	0x03,0x00,0x80,0xfa,0x06,0x75,0x03,0xe9,0xd2,0x00,0x80,0xfa,
	0x07,0x75,0x03,0xe9,0xca,0x00,0x80,0xfa,0x05,0x75,0x03,0xe9,
	0xc2,0x00,0xe9,0x89,0x00,0xb0,0x2c,0xe8,0x25,0xfd,0x80,0xfa,
	0x00,0x74,0x0f,0x53,0x26,0x8b,0x5f,0x03,0xe8,0x4f,0xfd,0x5b,
	0xb9,0x05,0x00,0xe9,0xa6,0x00,0x26,0x8a,0x6f,0x03,0xe8,0x4e,
	0xfd,0xb9,0x04,0x00,0xe9,0x99,0x00,0x80,0xfe,0x08,0x75,0x05,
	0xb0,0x28,0xe8,0xfa,0xfc,0x53,0x26,0x8b,0x5f,0x02,0xe8,0x29,
	0xfd,0x5b,0x80,0xfe,0x08,0x75,0x05,0xb0,0x29,0xe8,0xe7,0xfc,
	0x80,0xfa,0x07,0x74,0x15,0x80,0xfa,0x06,0x74,0x10,0x80,0xfa,
	0x05,0x74,0x0b,0x80,0xfa,0x02,0x75,0x0c,0xb9,0x04,0x00,0xeb,
	0x2d,0x90,0xb9,0x04,0x00,0xeb,0x5d,0x90,0xb0,0x2c,0xe8,0xc2,
	0xfc,0x80,0xfa,0x00,0x74,0x0f,0x53,0x26,0x8b,0x5f,0x04,0xe8,
	0xec,0xfc,0x5b,0xb9,0x06,0x00,0xeb,0x44,0x90,0x26,0x8a,0x6f,
	0x04,0xe8,0xeb,0xfc,0xb9,0x05,0x00,0xeb,0x37,0x90,0xb0,0x2c,
	0xe8,0x9c,0xfc,0x26,0x8a,0x47,0x01,0x80,0xfa,0x04,0x75,0x05,
	0xb2,0x05,0xeb,0x13,0x90,0x24,0x38,0xd0,0xe8,0xd0,0xe8,0xd0,
	0xe8,0x80,0xfa,0x02,0x75,0x05,0xb2,0x03,0xe9,0x28,0xfe,0x24,
	0xc0,0x3c,0xc0,0x74,0x03,0xe9,0x89,0xfe,0xe9,0x16,0xfe,0xb2,
	0x04,0xe9,0xe7,0xfd,0x58,0xc3,0x52,0x2b,0xd2,0xb2,0x02,0xe8,
	0xd9,0xfd,0x5a,0xc3,0x52,0x2b,0xd2,0xb2,0x04,0xe8,0xcf,0xfd,
	0x5a,0xc3,0x52,0x2b,0xd2,0xe8,0xc7,0xfd,0x5a,0xc3,0x52,0x2b,
	0xd2,0xb2,0x01,0xe8,0xbd,0xfd,0x5a,0xc3,0xb9,0x01,0x00,0xc3,
	0xb9,0x02,0x00,0xc3,0xb0,0x44,0xe8,0x36,0xfc,0xb0,0x42,0xe8,
	0x31,0xfc,0xe8,0xab,0xfc,0x26,0x8a,0x2f,0xe8,0x6c,0xfc,0xb9,
	0x01,0x00,0xc3,0xe8,0x9e,0xfc,0xb0,0x28,0xe8,0x1c,0xfc,0x26,
	0x8a,0x6f,0x01,0x53,0x2b,0xc0,0x8a,0xc5,0x98,0x8b,0xd8,0x03,
	0xdf,0x83,0xc3,0x02,0x81,0xfb,0x80,0x00,0x73,0x0d,0x83,0xfb,
	0x80,0x72,0x08,0x8a,0xeb,0xe8,0x3f,0xfc,0xeb,0x04,0x90,0xe8,
	0x2c,0xfc,0xb9,0x02,0x00,0x5b,0xb0,0x29,0xe8,0xec,0xfb,0xc3,
	0xe8,0x65,0xfc,0xb0,0x28,0xe8,0xe3,0xfb,0x53,0x26,0x8b,0x5f,
	0x01,0x03,0xdf,0x83,0xc3,0x03,0xe8,0x0d,0xfc,0xb9,0x03,0x00,
	0x5b,0xb0,0x29,0xe8,0xcd,0xfb,0xc3,0xe8,0x46,0xfc,0x53,0x26,
	0x8b,0x5f,0x03,0xe8,0xf8,0xfb,0x5b,0xb0,0x3a,0xe8,0xbb,0xfb,
	0x53,0x26,0x8b,0x5f,0x01,0xe8,0xea,0xfb,0xb9,0x05,0x00,0x5b,
	0xc3,0x8b,0xf0,0x53,0x8b,0x9c,0x51,0x9a,0xe8,0x05,0xfc,0x5b,
	0xe8,0x4b,0xff,0xc3,0x8b,0xf0,0x53,0x8b,0x9c,0x51,0x9a,0xe8,
	0xf6,0xfb,0x5b,0xe8,0x44,0xff,0xc3,0x03,0xc0,0x8b,0xf0,0x53,
	0x8b,0x9c,0x61,0x9a,0xe8,0xe5,0xfb,0x5b,0x83,0xc6,0x02,0xff,
	0x94,0x61,0x9a,0xc3,0x03,0xc0,0x8b,0xf0,0x53,0x8b,0x9c,0x81,
	0x9a,0xe8,0xd0,0xfb,0x5b,0x83,0xc6,0x02,0xff,0x94,0x81,0x9a,
	0xc3,0x26,0xf6,0x47,0x01,0x20,0x75,0x0d,0x53,0x8d,0x1e,0x12,
	0x98,0xe8,0xb8,0xfb,0x5b,0xe8,0xcd,0x01,0xc3,0xe8,0x14,0xff,
	0xc3,0x26,0xf6,0x47,0x01,0x20,0x75,0x0d,0x53,0x8d,0x1e,0x12,
	0x98,0xe8,0xa0,0xfb,0x5b,0xe8,0x24,0x02,0xc3,0xe8,0xfc,0xfe,
	0xc3,0x3c,0x00,0x75,0x0d,0x53,0x8d,0x1e,0xf6,0x95,0xe8,0x8b,
	0xfb,0x5b,0xe8,0x02,0x01,0xc3,0xe8,0xe7,0xfe,0xc3,0x3c,0x00,
	0x75,0x0d,0x53,0x8d,0x1e,0x12,0x98,0xe8,0x76,0xfb,0x5b,0xe8,
	0xbc,0xfe,0xc3,0xe8,0xd2,0xfe,0xc3,0x3c,0x00,0x75,0x0d,0x53,
	0x8d,0x1e,0x12,0x98,0xe8,0x61,0xfb,0x5b,0xe8,0xaf,0xfe,0xc3,
	0xe8,0xbd,0xfe,0xc3,0x03,0xc0,0x8b,0xf0,0x53,0x8b,0x9c,0xa1,
	0x9a,0xe8,0x4c,0xfb,0x5b,0x83,0xc6,0x02,0xff,0x94,0xa1,0x9a,
	0xc3,0x03,0xc0,0x8b,0xf0,0x53,0x8b,0x9c,0xc1,0x9a,0xe8,0x37,
	0xfb,0x5b,0x83,0xc6,0x02,0xff,0x94,0xc1,0x9a,0xc3,0x03,0xc0,
	0x8b,0xf0,0x53,0x8b,0x9c,0xe1,0x9a,0xe8,0x22,0xfb,0x5b,0x83,
	0xc6,0x02,0xff,0x94,0xe1,0x9a,0xc3,0x03,0xc0,0x8b,0xf0,0x53,
	0x8b,0x9c,0x01,0x9b,0xe8,0x0d,0xfb,0x5b,0x83,0xc6,0x02,0xff,
	0x94,0x01,0x9b,0xc3,0x03,0xc0,0x8b,0xf0,0x53,0x8b,0x9c,0x21,
	0x9b,0xe8,0xf8,0xfa,0x5b,0x83,0xc6,0x02,0xff,0x94,0x21,0x9b,
	0xc3,0x26,0x8a,0x6f,0x01,0xe8,0xcb,0xfa,0xb9,0x02,0x00,0xc3,
	0x53,0x26,0x8b,0x5f,0x01,0xe8,0xb2,0xfa,0x5b,0xb9,0x03,0x00,
	0xc3,0x52,0x2b,0xd2,0xb2,0x06,0xe8,0xe6,0xfb,0x5a,0xb0,0x2c,
	0xe8,0x68,0xfa,0x26,0x8b,0x07,0x53,0x25,0x03,0x00,0x3d,0x00,
	0x00,0x75,0x07,0x8d,0x1e,0x03,0x90,0xeb,0x1d,0x90,0x3d,0x01,
	0x00,0x75,0x07,0x8d,0x1e,0x08,0x90,0xeb,0x11,0x90,0x3d,0x02,
	0x00,0x75,0x07,0x8d,0x1e,0x0a,0x90,0xeb,0x05,0x90,0x8d,0x1e,
	0x10,0x90,0xe8,0x97,0xfa,0x5b,0xc3,0x31,0x20,0x20,0x42,0x00,
	0x31,0x00,0x43,0x4c,0x20,0x20,0x42,0x00,0x43,0x4c,0x00,0x52,
	0x2b,0xd2,0xb2,0x07,0xe8,0x94,0xfb,0x5a,0xe8,0x95,0xfa,0x26,
	0xf6,0x07,0x01,0x75,0x05,0xb0,0x42,0xe8,0x0d,0xfa,0xc3,0x50,
	0xb0,0x2c,0xe8,0x06,0xfa,0x26,0x8a,0x07,0x24,0x08,0x3c,0x08,
	0x74,0x0c,0x26,0x8a,0x6f,0x01,0xe8,0x3a,0xfa,0x58,0xb9,0x02,
	0x00,0xc3,0x53,0x26,0x8b,0x5f,0x01,0xe8,0x20,0xfa,0x5b,0x58,
	0xb9,0x03,0x00,0xc3,0x50,0xb0,0x2c,0xe8,0xdd,0xf9,0xb0,0x28,
	0xe8,0xd8,0xf9,0x53,0x26,0x8b,0x5f,0x01,0xe8,0x07,0xfa,0x5b,
	0xb0,0x29,0xe8,0xca,0xf9,0x58,0xb9,0x03,0x00,0xc3,0xe8,0x3f,
	0xfa,0x50,0xb0,0x28,0xe8,0xbc,0xf9,0x53,0x26,0x8b,0x5f,0x01,
	0xe8,0xeb,0xf9,0x5b,0xb0,0x29,0xe8,0xae,0xf9,0xb0,0x2c,0xe8,
	0xa9,0xf9,0xb0,0x41,0xe8,0xa4,0xf9,0x26,0x8a,0x07,0x24,0x01,
	0x3c,0x01,0x74,0x03,0xeb,0x09,0x90,0xb0,0x58,0xe8,0x93,0xf9,
	0xeb,0x06,0x90,0xb0,0x4c,0xe8,0x8b,0xf9,0x58,0xb9,0x03,0x00,
	0xc3,0xe8,0x00,0xfa,0x50,0x26,0x8a,0x47,0x01,0x24,0x38,0xb1,
	0x03,0xd2,0xe8,0x02,0xc0,0x2a,0xe4,0x56,0x8b,0xf0,0x8a,0x84,
	0xaf,0x9b,0xe8,0x6a,0xf9,0x8a,0x84,0xb0,0x9b,0xe8,0x63,0xf9,
	0x5e,0xb0,0x2c,0xe8,0x5d,0xf9,0x26,0x8a,0x47,0x01,0x24,0xc0,
	0x3c,0xc0,0x74,0x03,0xeb,0x22,0x90,0x26,0x8a,0x47,0x01,0x24,
	0x07,0x02,0xc0,0x2a,0xe4,0x56,0x8b,0xf0,0x8a,0x84,0x8d,0x9b,
	0xe8,0x3c,0xf9,0x8a,0x84,0x8e,0x9b,0xe8,0x35,0xf9,0x5e,0x58,
	0xb9,0x02,0x00,0xc3,0xb0,0x28,0xe8,0x2a,0xf9,0x53,0x26,0x8b,
	0x5f,0x02,0xe8,0x59,0xf9,0x5b,0xb0,0x29,0xe8,0x1c,0xf9,0xb9,
	0x04,0x00,0x58,0xc3,0xe8,0x91,0xf9,0x50,0x26,0x8a,0x47,0x01,
	0x24,0xc0,0x3c,0xc0,0x74,0x03,0xeb,0x23,0x90,0x26,0x8a,0x47,
	0x01,0x24,0x07,0x02,0xc0,0x2a,0xe4,0x56,0x8b,0xf0,0x8a,0x84,
	0x8d,0x9b,0xe8,0xf2,0xf8,0x8a,0x84,0x8e,0x9b,0xe8,0xeb,0xf8,
	0x5e,0xb9,0x02,0x00,0xeb,0x17,0x90,0xb0,0x28,0xe8,0xdf,0xf8,
	0x53,0x26,0x8b,0x5f,0x02,0xe8,0x0e,0xf9,0x5b,0xb0,0x29,0xe8,
	0xd1,0xf8,0xb9,0x04,0x00,0xb0,0x2c,0xe8,0xc9,0xf8,0x26,0x8a,
	0x47,0x01,0x24,0x38,0xd0,0xe8,0xd0,0xe8,0xd0,0xe8,0x02,0xc0,
	0x2a,0xe4,0x56,0x8b,0xf0,0x8a,0x84,0xaf,0x9b,0xe8,0xaf,0xf8,
	0x8a,0x84,0xb0,0x9b,0xe8,0xa8,0xf8,0x5e,0x58,0xc3,0xe8,0x14,
	0xfe,0xb0,0x2c,0xe8,0x9d,0xf8,0xb0,0x41,0xe8,0x98,0xf8,0x26,
	0xf6,0x07,0x01,0x74,0x05,0xb0,0x58,0xeb,0x03,0x90,0xb0,0x4c,
	0xe8,0x88,0xf8,0xc3,0xb0,0x95,0xce,0x8d,0xb0,0x95,0xce,0x8d,
	0xb0,0x95,0xd8,0x8d,0xb0,0x95,0xd8,0x8d,0xb4,0x95,0xa9,0x8f,
	0xbc,0x95,0xb4,0x8f,0xc4,0x95,0xf4,0x8d,0xcc,0x95,0xf4,0x8d,
	0xd3,0x95,0xce,0x8d,0xd3,0x95,0xce,0x8d,0xd3,0x95,0xd8,0x8d,
	0xd3,0x95,0xd8,0x8d,0xd6,0x95,0xa9,0x8f,0xdd,0x95,0xb4,0x8f,
	0xe4,0x95,0xf4,0x8d,0xf1,0x95,0xfc,0x8d,0xf2,0x95,0xce,0x8d,
	0xf2,0x95,0xce,0x8d,0xf2,0x95,0xd8,0x8d,0xf2,0x95,0xd8,0x8d,
	0xfa,0x95,0xa9,0x8f,0x02,0x96,0xb4,0x8f,0x0a,0x96,0xf4,0x8d,
	0x12,0x96,0xf4,0x8d,0x19,0x96,0xce,0x8d,0x19,0x96,0xce,0x8d,
	0x19,0x96,0xd8,0x8d,0x19,0x96,0xd8,0x8d,0x1d,0x96,0xa9,0x8f,
	0x25,0x96,0xb4,0x8f,0x2d,0x96,0xf4,0x8d,0x35,0x96,0xf4,0x8d,
	0x3c,0x96,0xce,0x8d,0x3c,0x96,0xce,0x8d,0x3c,0x96,0xd8,0x8d,
	0x3c,0x96,0xd8,0x8d,0x40,0x96,0xa9,0x8f,0x48,0x96,0xb4,0x8f,
	0x50,0x96,0xf4,0x8d,0x54,0x96,0xf4,0x8d,0x58,0x96,0xce,0x8d,
	0x58,0x96,0xce,0x8d,0x58,0x96,0xd8,0x8d,0x58,0x96,0xd8,0x8d,
	0x5c,0x96,0xa9,0x8f,0x64,0x96,0xb4,0x8f,0x6c,0x96,0xf4,0x8d,
	0x70,0x96,0xf4,0x8d,0x74,0x96,0xce,0x8d,0x74,0x96,0xce,0x8d,
	0x74,0x96,0xd8,0x8d,0x74,0x96,0xd8,0x8d,0x7c,0x96,0xa9,0x8f,
	0x84,0x96,0xb4,0x8f,0x8c,0x96,0xf4,0x8d,0x90,0x96,0xf4,0x8d,
	0x94,0x96,0xce,0x8d,0x94,0x96,0xce,0x8d,0x94,0x96,0xd8,0x8d,
	0x94,0x96,0xd8,0x8d,0x98,0x96,0xa9,0x8f,0xa0,0x96,0xb4,0x8f,
	0xa8,0x96,0xf4,0x8d,0xac,0x96,0xf4,0x8d,0xb0,0x96,0xf4,0x8d,
	0xb7,0x96,0xf4,0x8d,0xbe,0x96,0xf4,0x8d,0xc5,0x96,0xf4,0x8d,
	0xcc,0x96,0xf4,0x8d,0xd3,0x96,0xf4,0x8d,0xda,0x96,0xf4,0x8d,
	0xe1,0x96,0xf4,0x8d,0xe8,0x96,0xf4,0x8d,0xf6,0x96,0xf4,0x8d,
	0xef,0x96,0xf4,0x8d,0xfd,0x96,0xf4,0x8d,0x04,0x97,0xf4,0x8d,
	0x0b,0x97,0xf4,0x8d,0x12,0x97,0xf4,0x8d,0x19,0x97,0xf4,0x8d,
	0x20,0x97,0xf4,0x8d,0x28,0x97,0xf4,0x8d,0x30,0x97,0xf4,0x8d,
	0x38,0x97,0xf4,0x8d,0x40,0x97,0xf4,0x8d,0x48,0x97,0xf4,0x8d,
	0x50,0x97,0xf4,0x8d,0x58,0x97,0xf4,0x8d,0x60,0x97,0xf4,0x8d,
	0x67,0x97,0xf4,0x8d,0x6e,0x97,0xf4,0x8d,0x75,0x97,0xf4,0x8d,
	0x7c,0x97,0xf4,0x8d,0x83,0x97,0xf4,0x8d,0x8a,0x97,0xf4,0x8d,
	0x91,0x97,0xf4,0x8d,0xf1,0x95,0xfc,0x8d,0xf1,0x95,0xfc,0x8d,
	0xf1,0x95,0xfc,0x8d,0xf1,0x95,0xfc,0x8d,0xf1,0x95,0xfc,0x8d,
	0xf1,0x95,0xfc,0x8d,0xf1,0x95,0xfc,0x8d,0xf1,0x95,0xfc,0x8d,
	0xf1,0x95,0xfc,0x8d,0xf1,0x95,0xfc,0x8d,0xf1,0x95,0xfc,0x8d,
	0xf1,0x95,0xfc,0x8d,0xf1,0x95,0xfc,0x8d,0xf1,0x95,0xfc,0x8d,
	0xf1,0x95,0xfc,0x8d,0xf1,0x95,0xfc,0x8d,0x98,0x97,0x13,0x8e,
	0x9b,0x97,0x13,0x8e,0x9f,0x97,0x13,0x8e,0xa7,0x97,0x13,0x8e,
	0xaf,0x97,0x13,0x8e,0xb5,0x97,0x13,0x8e,0xbd,0x97,0x13,0x8e,
	0xc5,0x97,0x13,0x8e,0xcd,0x97,0x13,0x8e,0xd0,0x97,0x13,0x8e,
	0xd4,0x97,0x13,0x8e,0xdb,0x97,0x13,0x8e,0xe3,0x97,0x13,0x8e,
	0xeb,0x97,0x13,0x8e,0xf3,0x97,0x13,0x8e,0xfb,0x97,0x13,0x8e,
	0x00,0x00,0x89,0x8e,0x00,0x00,0x98,0x8e,0x00,0x00,0xa7,0x8e,
	0x00,0x00,0xbc,0x8e,0x08,0x98,0xce,0x8d,0x08,0x98,0xce,0x8d,
	0x0d,0x98,0xd8,0x8d,0x0d,0x98,0xd8,0x8d,0x12,0x98,0xce,0x8d,
	0x12,0x98,0xce,0x8d,0x12,0x98,0xd8,0x8d,0x12,0x98,0xd8,0x8d,
	0x00,0x00,0xe9,0x8e,0x16,0x98,0xd8,0x8d,0x00,0x00,0xd1,0x8e,
	0x00,0x00,0x01,0x8f,0x1a,0x98,0xf4,0x8d,0x25,0x98,0xf4,0x8d,
	0x30,0x98,0xf4,0x8d,0x3b,0x98,0xf4,0x8d,0x46,0x98,0xf4,0x8d,
	0x51,0x98,0xf4,0x8d,0x5c,0x98,0xf4,0x8d,0x67,0x98,0xf4,0x8d,
	0x72,0x98,0xf4,0x8d,0x76,0x98,0xf4,0x8d,0x7a,0x98,0x6b,0x8e,
	0x7f,0x98,0xf4,0x8d,0x84,0x98,0xf4,0x8d,0x8f,0x98,0xf4,0x8d,
	0x94,0x98,0xf4,0x8d,0x99,0x98,0xf4,0x8d,0x9e,0x98,0x54,0x90,
	0xa5,0x98,0x54,0x90,0x12,0x98,0x72,0x90,0x12,0x98,0x72,0x90,
	0xac,0x98,0xf4,0x8d,0xb2,0x98,0xf4,0x8d,0xb8,0x98,0xf4,0x8d,
	0xbe,0x98,0xf4,0x8d,0xc4,0x98,0xa9,0x8f,0xcd,0x98,0xb4,0x8f,
	0xd6,0x98,0xf4,0x8d,0xdc,0x98,0xf4,0x8d,0xe2,0x98,0xf4,0x8d,
	0xe8,0x98,0xf4,0x8d,0xee,0x98,0xf4,0x8d,0xf4,0x98,0xf4,0x8d,
	0x9e,0x98,0x2b,0x90,0xfa,0x98,0x2b,0x90,0x01,0x99,0x2b,0x90,
	0x08,0x99,0x2b,0x90,0x0f,0x99,0x2b,0x90,0x16,0x99,0x2b,0x90,
	0x1d,0x99,0x2b,0x90,0x24,0x99,0x2b,0x90,0xa5,0x98,0x2b,0x90,
	0x2b,0x99,0x2b,0x90,0x32,0x99,0x2b,0x90,0x39,0x99,0x2b,0x90,
	0x40,0x99,0x2b,0x90,0x47,0x99,0x2b,0x90,0x4e,0x99,0x2b,0x90,
	0x55,0x99,0x2b,0x90,0xf1,0x95,0xfc,0x8d,0xf1,0x95,0xfc,0x8d,
	0x5c,0x99,0xb4,0x8f,0x5c,0x99,0xf4,0x8d,0x60,0x99,0xd8,0x8d,
	0x64,0x99,0xd8,0x8d,0x00,0x00,0x16,0x8f,0x00,0x00,0x2b,0x8f,
	0xf1,0x95,0xfc,0x8d,0xf1,0x95,0xfc,0x8d,0x5c,0x99,0xb4,0x8f,
	0x5c,0x99,0xf4,0x8d,0x68,0x99,0xf4,0x8d,0x6e,0x99,0xa9,0x8f,
	0x73,0x99,0xf4,0x8d,0x78,0x99,0xf4,0x8d,0x00,0x00,0x40,0x8f,
	0x00,0x00,0x40,0x8f,0x00,0x00,0x40,0x8f,0x00,0x00,0x40,0x8f,
	0x99,0x99,0xf8,0x8d,0xb0,0x95,0xf4,0x8d,0xf1,0x95,0xfc,0x8d,
	0x9d,0x99,0xf4,0x8d,0xf1,0x95,0xfc,0x8d,0xf1,0x95,0xfc,0x8d,
	0xf1,0x95,0xfc,0x8d,0xf1,0x95,0xfc,0x8d,0xf1,0x95,0xfc,0x8d,
	0xf1,0x95,0xfc,0x8d,0xf1,0x95,0xfc,0x8d,0xf1,0x95,0xfc,0x8d,
	0xa2,0x99,0x13,0x8e,0xa9,0x99,0x13,0x8e,0xaf,0x99,0x13,0x8e,
	0x03,0x98,0x13,0x8e,0xb4,0x99,0xa9,0x8f,0xbb,0x99,0xa9,0x8f,
	0xc2,0x99,0x92,0x91,0xc2,0x99,0x92,0x91,0x7a,0x98,0x4c,0x8e,
	0xe2,0x99,0x4c,0x8e,0xe2,0x99,0x6b,0x8e,0xe2,0x99,0x13,0x8e,
	0xc7,0x99,0xf4,0x8d,0xd0,0x99,0xf4,0x8d,0xe6,0x99,0xf4,0x8d,
	0xf0,0x99,0xf4,0x8d,0xfa,0x99,0xf4,0x8d,0xf1,0x95,0xfc,0x8d,
	0xff,0x99,0xf4,0x8d,0x05,0x9a,0xf4,0x8d,0x0a,0x9a,0xf4,0x8d,
	0x0e,0x9a,0xf4,0x8d,0x00,0x00,0x55,0x8f,0x00,0x00,0x6a,0x8f,
	0x2c,0x9a,0xf4,0x8d,0x30,0x9a,0xf4,0x8d,0x34,0x9a,0xf4,0x8d,
	0x38,0x9a,0xf4,0x8d,0x3c,0x9a,0xf4,0x8d,0x78,0x96,0xf4,0x8d,
	0x00,0x00,0x7f,0x8f,0x00,0x00,0x94,0x8f,0x41,0x44,0x44,0x00,
	0x41,0x44,0x44,0x20,0x41,0x4c,0x2c,0x00,0x41,0x44,0x44,0x20,
	0x41,0x58,0x2c,0x00,0x50,0x55,0x53,0x48,0x20,0x45,0x53,0x00,
	0x50,0x4f,0x50,0x20,0x45,0x53,0x00,0x4f,0x52,0x00,0x4f,0x52,
	0x20,0x41,0x4c,0x2c,0x00,0x4f,0x52,0x20,0x41,0x58,0x2c,0x00,
	0x50,0x55,0x53,0x48,0x20,0x43,0x53,0x00,0x58,0x43,0x4e,0x47,
	0x00,0x00,0x41,0x44,0x43,0x00,0x50,0x4f,0x50,0x00,0x41,0x44,
	0x43,0x20,0x41,0x4c,0x2c,0x00,0x41,0x44,0x43,0x20,0x41,0x58,
	0x2c,0x00,0x50,0x55,0x53,0x48,0x20,0x53,0x53,0x00,0x50,0x4f,
	0x50,0x20,0x53,0x53,0x00,0x53,0x42,0x42,0x00,0x53,0x42,0x42,
	0x20,0x41,0x4c,0x2c,0x00,0x53,0x42,0x42,0x20,0x41,0x58,0x2c,
	0x00,0x50,0x55,0x53,0x48,0x20,0x44,0x53,0x00,0x50,0x4f,0x50,
	0x20,0x44,0x53,0x00,0x41,0x4e,0x44,0x00,0x41,0x4e,0x44,0x20,
	0x41,0x4c,0x2c,0x00,0x41,0x4e,0x44,0x20,0x41,0x58,0x2c,0x00,
	0x45,0x53,0x3a,0x00,0x44,0x41,0x41,0x00,0x53,0x55,0x42,0x00,
	0x53,0x55,0x42,0x20,0x41,0x4c,0x2c,0x00,0x53,0x55,0x42,0x20,
	0x41,0x58,0x2c,0x00,0x43,0x53,0x3a,0x00,0x44,0x41,0x53,0x00,
	0x58,0x4f,0x52,0x00,0x53,0x54,0x44,0x00,0x58,0x4f,0x52,0x20,
	0x41,0x4c,0x2c,0x00,0x58,0x4f,0x52,0x20,0x41,0x58,0x2c,0x00,
	0x53,0x53,0x3a,0x00,0x41,0x41,0x41,0x00,0x43,0x4d,0x50,0x00,
	0x43,0x4d,0x50,0x20,0x41,0x4c,0x2c,0x00,0x43,0x4d,0x50,0x20,
	0x41,0x58,0x2c,0x00,0x44,0x53,0x3a,0x00,0x41,0x41,0x53,0x00,
	0x49,0x4e,0x43,0x20,0x41,0x58,0x00,0x49,0x4e,0x43,0x20,0x43,
	0x58,0x00,0x49,0x4e,0x43,0x20,0x44,0x58,0x00,0x49,0x4e,0x43,
	0x20,0x42,0x58,0x00,0x49,0x4e,0x43,0x20,0x53,0x50,0x00,0x49,
	0x4e,0x43,0x20,0x42,0x50,0x00,0x49,0x4e,0x43,0x20,0x53,0x49,
	0x00,0x49,0x4e,0x43,0x20,0x44,0x49,0x00,0x44,0x45,0x43,0x20,
	0x41,0x58,0x00,0x44,0x45,0x43,0x20,0x44,0x58,0x00,0x44,0x45,
	0x43,0x20,0x43,0x58,0x00,0x44,0x45,0x43,0x20,0x42,0x58,0x00,
	0x44,0x45,0x43,0x20,0x53,0x50,0x00,0x44,0x45,0x43,0x20,0x42,
	0x50,0x00,0x44,0x45,0x43,0x20,0x53,0x49,0x00,0x44,0x45,0x43,
	0x20,0x44,0x49,0x00,0x50,0x55,0x53,0x48,0x20,0x41,0x58,0x00,
	0x50,0x55,0x53,0x48,0x20,0x43,0x58,0x00,0x50,0x55,0x53,0x48,
	0x20,0x44,0x58,0x00,0x50,0x55,0x53,0x48,0x20,0x42,0x58,0x00,
	0x50,0x55,0x53,0x48,0x20,0x53,0x50,0x00,0x50,0x55,0x53,0x48,
	0x20,0x42,0x50,0x00,0x50,0x55,0x53,0x48,0x20,0x53,0x49,0x00,
	0x50,0x55,0x53,0x48,0x20,0x44,0x49,0x00,0x50,0x4f,0x50,0x20,
	0x41,0x58,0x00,0x50,0x4f,0x50,0x20,0x43,0x58,0x00,0x50,0x4f,
	0x50,0x20,0x44,0x58,0x00,0x50,0x4f,0x50,0x20,0x42,0x58,0x00,
	0x50,0x4f,0x50,0x20,0x53,0x50,0x00,0x50,0x4f,0x50,0x20,0x42,
	0x50,0x00,0x50,0x4f,0x50,0x20,0x53,0x49,0x00,0x50,0x4f,0x50,
	0x20,0x44,0x49,0x00,0x4a,0x4f,0x00,0x4a,0x4e,0x4f,0x00,0x4a,
	0x42,0x2f,0x4a,0x4e,0x41,0x45,0x00,0x4a,0x4e,0x42,0x2f,0x4a,
	0x41,0x45,0x00,0x4a,0x45,0x2f,0x4a,0x5a,0x00,0x4a,0x4e,0x45,
	0x2f,0x4a,0x4e,0x5a,0x00,0x4a,0x42,0x45,0x2f,0x4a,0x4e,0x41,
	0x00,0x4a,0x4e,0x42,0x45,0x2f,0x4a,0x41,0x00,0x4a,0x53,0x00,
	0x4a,0x4e,0x53,0x00,0x4a,0x50,0x2f,0x4a,0x50,0x45,0x00,0x4a,
	0x4e,0x50,0x2f,0x4a,0x50,0x4f,0x00,0x4a,0x4c,0x2f,0x4a,0x4e,
	0x47,0x45,0x00,0x4a,0x4e,0x4c,0x2f,0x4a,0x47,0x45,0x00,0x4a,
	0x4c,0x45,0x2f,0x4a,0x4e,0x47,0x00,0x4a,0x4e,0x4c,0x45,0x2f,
	0x4a,0x47,0x00,0x4a,0x43,0x58,0x5a,0x00,0x54,0x45,0x53,0x54,
	0x00,0x58,0x43,0x48,0x47,0x00,0x4d,0x4f,0x56,0x00,0x4c,0x45,
	0x41,0x00,0x58,0x43,0x48,0x47,0x20,0x41,0x58,0x2c,0x41,0x58,
	0x00,0x58,0x43,0x48,0x47,0x20,0x41,0x58,0x2c,0x43,0x58,0x00,
	0x58,0x43,0x48,0x47,0x20,0x41,0x58,0x2c,0x44,0x58,0x00,0x58,
	0x43,0x48,0x47,0x20,0x41,0x58,0x2c,0x42,0x58,0x00,0x58,0x43,
	0x48,0x47,0x20,0x41,0x58,0x2c,0x53,0x50,0x00,0x58,0x43,0x48,
	0x47,0x20,0x41,0x58,0x2c,0x42,0x50,0x00,0x58,0x43,0x48,0x47,
	0x20,0x41,0x58,0x2c,0x53,0x49,0x00,0x58,0x43,0x48,0x47,0x20,
	0x41,0x58,0x2c,0x44,0x49,0x00,0x43,0x42,0x57,0x00,0x43,0x57,
	0x42,0x00,0x43,0x41,0x4c,0x4c,0x00,0x57,0x41,0x49,0x54,0x00,
	0x50,0x55,0x53,0x48,0x46,0x00,0x50,0x55,0x53,0x48,0x00,0x50,
	0x4f,0x50,0x46,0x00,0x53,0x41,0x48,0x46,0x00,0x4c,0x41,0x48,
	0x46,0x00,0x4d,0x4f,0x56,0x20,0x41,0x4c,0x00,0x4d,0x4f,0x56,
	0x20,0x41,0x58,0x00,0x4d,0x4f,0x56,0x53,0x42,0x00,0x4d,0x4f,
	0x56,0x53,0x57,0x00,0x43,0x4d,0x50,0x53,0x42,0x00,0x43,0x4d,
	0x50,0x53,0x57,0x00,0x54,0x45,0x53,0x54,0x20,0x41,0x4c,0x2c,
	0x00,0x54,0x45,0x53,0x54,0x20,0x41,0x58,0x2c,0x00,0x53,0x54,
	0x4f,0x53,0x42,0x00,0x53,0x54,0x4f,0x53,0x57,0x00,0x4c,0x4f,
	0x44,0x53,0x42,0x00,0x4c,0x4f,0x44,0x53,0x57,0x00,0x53,0x43,
	0x41,0x53,0x42,0x00,0x53,0x43,0x41,0x53,0x57,0x00,0x4d,0x4f,
	0x56,0x20,0x43,0x4c,0x00,0x4d,0x4f,0x56,0x20,0x44,0x4c,0x00,
	0x4d,0x4f,0x56,0x20,0x42,0x4c,0x00,0x4d,0x4f,0x56,0x20,0x41,
	0x48,0x00,0x4d,0x4f,0x56,0x20,0x43,0x48,0x00,0x4d,0x4f,0x56,
	0x20,0x44,0x48,0x00,0x4d,0x4f,0x56,0x20,0x42,0x48,0x00,0x4d,
	0x4f,0x56,0x20,0x43,0x58,0x00,0x4d,0x4f,0x56,0x20,0x44,0x58,
	0x00,0x4d,0x4f,0x56,0x20,0x42,0x58,0x00,0x4d,0x4f,0x56,0x20,
	0x53,0x50,0x00,0x4d,0x4f,0x56,0x20,0x42,0x50,0x00,0x4d,0x4f,
	0x56,0x20,0x53,0x49,0x00,0x4d,0x4f,0x56,0x20,0x44,0x49,0x00,
	0x52,0x45,0x54,0x00,0x4c,0x45,0x53,0x00,0x4c,0x44,0x53,0x00,
	0x49,0x4e,0x54,0x20,0x33,0x00,0x49,0x4e,0x54,0x20,0x00,0x49,
	0x4e,0x54,0x4f,0x00,0x49,0x52,0x45,0x54,0x00,0x52,0x4f,0x4c,
	0x00,0x52,0x4f,0x52,0x00,0x52,0x43,0x4c,0x00,0x52,0x43,0x52,
	0x00,0x53,0x48,0x4c,0x00,0x53,0x48,0x52,0x00,0x53,0x41,0x52,
	0x00,0x41,0x41,0x4d,0x00,0x58,0x4c,0x41,0x54,0x00,0x4c,0x4f,
	0x4f,0x50,0x4e,0x5a,0x00,0x4c,0x4f,0x4f,0x50,0x5a,0x00,0x4c,
	0x4f,0x4f,0x50,0x00,0x49,0x4e,0x20,0x41,0x4c,0x2c,0x00,0x49,
	0x4e,0x20,0x41,0x58,0x2c,0x00,0x4f,0x55,0x54,0x20,0x00,0x49,
	0x4e,0x20,0x41,0x4c,0x2c,0x44,0x58,0x00,0x49,0x4e,0x20,0x41,
	0x58,0x2c,0x44,0x58,0x00,0x49,0x4e,0x20,0x44,0x58,0x2c,0x41,
	0x4c,0x00,0x4a,0x4d,0x50,0x00,0x4f,0x55,0x54,0x20,0x44,0x58,
	0x2c,0x41,0x4c,0x00,0x4f,0x55,0x54,0x20,0x44,0x58,0x2c,0x41,
	0x58,0x00,0x4c,0x4f,0x43,0x4b,0x00,0x52,0x45,0x50,0x4e,0x5a,
	0x00,0x52,0x45,0x50,0x4e,0x00,0x48,0x4c,0x54,0x00,0x43,0x4d,
	0x43,0x00,0x4e,0x4f,0x54,0x00,0x4e,0x45,0x47,0x00,0x4d,0x55,
	0x4c,0x00,0x49,0x4d,0x55,0x4c,0x00,0x44,0x49,0x56,0x00,0x49,
	0x44,0x49,0x56,0x00,0x43,0x4c,0x43,0x00,0x53,0x54,0x43,0x00,
	0x43,0x4c,0x49,0x00,0x53,0x54,0x49,0x00,0x43,0x4c,0x44,0x00,
	0x53,0x54,0x42,0x00,0x49,0x4e,0x43,0x00,0x44,0x45,0x43,0x00,
	0x43,0x41,0x4c,0x4c,0x00,0xb0,0x95,0xd3,0x95,0xf2,0x95,0x19,
	0x96,0x3c,0x96,0x58,0x96,0x74,0x96,0x94,0x96,0xb0,0x95,0xe2,
	0x8d,0xf1,0x95,0xfc,0x8d,0xf2,0x95,0xe2,0x8d,0x19,0x96,0xe2,
	0x8d,0xf1,0x95,0xfc,0x8d,0x58,0x96,0xe2,0x8d,0xf1,0x95,0xfc,
	0x8d,0x94,0x96,0xe2,0x8d,0xb0,0x95,0xe2,0x8d,0xf1,0x95,0xfc,
	0x8d,0xf2,0x95,0xe2,0x8d,0x19,0x96,0xe2,0x8d,0xf1,0x95,0xfc,
	0x8d,0x58,0x96,0xe2,0x8d,0xf1,0x95,0xfc,0x8d,0x94,0x96,0xe2,
	0x8d,0x7d,0x99,0xc1,0x8f,0x81,0x99,0xc1,0x8f,0x85,0x99,0xc1,
	0x8f,0x89,0x99,0xc1,0x8f,0x8d,0x99,0xc1,0x8f,0x91,0x99,0xc1,
	0x8f,0xf1,0x95,0xfc,0x8d,0x95,0x99,0xc1,0x8f,0x08,0x98,0xe2,
	0x8d,0xf1,0x95,0xfc,0x8d,0x12,0x9a,0x13,0x90,0x16,0x9a,0x13,
	0x90,0x1a,0x9a,0x13,0x90,0x1e,0x9a,0x13,0x90,0x23,0x9a,0x13,
	0x90,0x27,0x9a,0x13,0x90,0x08,0x98,0xea,0x8d,0xf1,0x95,0xfc,
	0x8d,0x12,0x9a,0x13,0x90,0x16,0x9a,0x13,0x90,0x1a,0x9a,0x13,
	0x90,0x1e,0x9a,0x13,0x90,0x23,0x9a,0x13,0x90,0x27,0x9a,0x13,
	0x90,0x44,0x9a,0x13,0x90,0x48,0x9a,0x13,0x90,0xf1,0x95,0xfc,
	0x8d,0xf1,0x95,0xfc,0x8d,0xf1,0x95,0xfc,0x8d,0xf1,0x95,0xfc,
	0x8d,0xf1,0x95,0xfc,0x8d,0xf1,0x95,0xfc,0x8d,0x44,0x9a,0x13,
	0x90,0x48,0x9a,0x13,0x90,0x4c,0x9a,0x13,0x90,0x4c,0x9a,0x13,
	0x90,0xe2,0x99,0x13,0x90,0xe2,0x99,0x13,0x90,0x8a,0x98,0x13,
	0x90,0xf1,0x95,0xfc,0x8d,0x51,0x9b,0x5b,0x9b,0x65,0x9b,0x6f,
	0x9b,0x79,0x9b,0x7e,0x9b,0x83,0x9b,0x88,0x9b,0x28,0x42,0x58,
	0x29,0x2b,0x28,0x53,0x49,0x29,0x00,0x28,0x42,0x58,0x29,0x2b,
	0x28,0x44,0x49,0x29,0x00,0x28,0x42,0x50,0x29,0x2b,0x28,0x53,
	0x49,0x29,0x00,0x28,0x42,0x50,0x29,0x2b,0x28,0x44,0x49,0x29,
	0x00,0x28,0x53,0x49,0x29,0x00,0x28,0x44,0x49,0x29,0x00,0x28,
	0x42,0x50,0x29,0x00,0x28,0x42,0x58,0x29,0x00,0x41,0x58,0x43,
	0x58,0x44,0x58,0x42,0x58,0x53,0x50,0x42,0x50,0x53,0x49,0x44,
	0x49,0x00,0x41,0x4c,0x43,0x4c,0x44,0x4c,0x42,0x4c,0x41,0x48,
	0x43,0x48,0x44,0x48,0x42,0x48,0x00,0x45,0x53,0x43,0x53,0x53,
	0x53,0x44,0x53,0xfb,0x80,0xfc,0x06,0x73,0x30,0x80,0xfc,0x01,
	0x77,0x30,0x1e,0x53,0xbb,0x40,0x00,0x8e,0xdb,0xb0,0x00,0xfa,
	0x74,0x0f,0x86,0x06,0x70,0x00,0x8b,0x16,0x6c,0x00,0x8b,0x0e,
	0x6e,0x00,0xeb,0x0c,0x90,0xa2,0x70,0x00,0x89,0x16,0x6c,0x00,
	0x89,0x0e,0x6e,0x00,0x5b,0x1f,0xf9,0xb4,0x00,0xfb,0xf5,0xca,
	0x02,0x00,0x8a,0xc4,0x98,0x48,0x48,0x74,0x42,0x48,0x74,0x24,
	0x48,0x74,0x50,0xe8,0x77,0x00,0x52,0xb8,0x09,0x32,0xb2,0x08,
	0xe8,0xae,0x00,0x5a,0x8a,0xe2,0xb0,0x07,0xe8,0xdb,0x00,0xb8,
	0x06,0x00,0xe8,0xd5,0x00,0xe8,0xad,0x00,0x24,0x7f,0xeb,0x43,
	0xe8,0x56,0x00,0x52,0xb8,0x02,0x04,0xb2,0x00,0xe8,0x8d,0x00,
	0x5a,0xe8,0x99,0x00,0x24,0x60,0x0c,0x02,0x80,0xe2,0x01,0x0a,
	0xc2,0xeb,0x28,0xe8,0x2f,0x00,0xb0,0x02,0xb9,0x04,0x00,0xe8,
	0x62,0x00,0xe8,0x80,0x00,0x24,0x01,0x8a,0xd0,0xeb,0x9b,0xe8,
	0x1b,0x00,0xb0,0x09,0xb9,0x32,0x08,0xe8,0x4e,0x00,0xb0,0x07,
	0xe8,0x70,0x00,0x8a,0xd0,0xeb,0x87,0xb4,0x0b,0x86,0xc4,0xe8,
	0x84,0x00,0xe9,0x7d,0xff,0xe8,0x29,0x00,0x75,0x01,0xc3,0x58,
	0x33,0xc0,0xe9,0x72,0xff,0x51,0xe8,0x1c,0x00,0x59,0x74,0x18,
	0xb8,0x0a,0x26,0x90,0xe8,0x67,0x00,0xb8,0x0b,0x82,0xe8,0x61,
	0x00,0xb0,0x0c,0xe8,0x3d,0x00,0xb0,0x0d,0xe8,0x38,0x00,0x90,
	0xc3,0xb9,0x00,0x10,0xfb,0xb0,0x0a,0xfa,0xe8,0x2c,0x00,0xa8,
	0x80,0xe0,0xf5,0xc3,0xfa,0xe8,0x23,0x00,0x86,0xc1,0xe8,0x1e,
	0x00,0x86,0xc5,0xe8,0x19,0x00,0x86,0xc6,0xc3,0x86,0xe1,0xfa,
	0xe8,0x2f,0x00,0x91,0xe8,0x2b,0x00,0x92,0xe8,0x27,0x00,0x90,
	0xc3,0xb0,0x0b,0xe8,0x01,0x00,0xc3,0x9c,0xfa,0xd0,0xc0,0xf9,
	0xd0,0xd8,0xe6,0x70,0xeb,0x00,0xeb,0x00,0xe4,0x71,0x50,0xb0,
	0x1a,0xd0,0xd8,0xe6,0x70,0xeb,0x00,0xeb,0x00,0xe4,0x71,0x58,
	0x9d,0xc3,0x9c,0x50,0xfa,0xd0,0xc0,0xf9,0xd0,0xd8,0xe6,0x70,
	0xeb,0x00,0xeb,0x00,0x86,0xc4,0xe6,0x71,0xb0,0x1a,0xd0,0xd8,
	0xe6,0x70,0xeb,0x00,0xeb,0x00,0xe4,0x71,0x58,0x9d,0xc3,0xfb,
	0x1e,0x50,0xb8,0x00,0x00,0x8e,0xd8,0x50,0xa1,0x00,0x00,0xa1,
	0x02,0x00,0x58,0x05,0x00,0x10,0x3d,0x00,0xa0,0x75,0xee,0xb8,
	0x40,0x00,0x8e,0xd8,0x33,0xc0,0xf9,0x11,0x06,0x6c,0x00,0x11,
	0x06,0x6e,0x00,0x83,0x3e,0x6e,0x00,0x18,0x75,0x13,0x81,0x3e,
	0x6c,0x00,0xb0,0x00,0x75,0x0b,0xa3,0x6c,0x00,0xa3,0x6e,0x00,
	0xfe,0xc0,0xa2,0x70,0x00,0x52,0xfe,0x0e,0x40,0x00,0x75,0x0b,
	0xba,0xf2,0x03,0xb0,0x0c,0xee,0x80,0x26,0x3f,0x00,0xf0,0xcd,
	0x1c,0x5a,0xb0,0x20,0xe6,0x20,0x58,0x1f,0xcf,0x46,0xff,0x44,
	0x55,0x4c,0x54,0xff,0x50,0x42,0x51,0x52,0x4b,0x56,0x59,0x4a,
	0x47,0x48,0x43,0x4e,0x45,0x41,0xff,0x57,0x58,0x49,0x4f,0xff,
	0x53,0x4d,0xff,0xff,0x5a,0x66,0xff,0x64,0x75,0x6c,0x74,0xff,
	0x70,0x62,0x71,0x72,0x6b,0x76,0x79,0x6a,0x67,0x68,0x63,0x6e,
	0x65,0x61,0xff,0x77,0x78,0x69,0x6f,0xff,0x73,0x6d,0xff,0xff,
	0x7a,0xff,0xff,0xfb,0xfc,0x1e,0x50,0x51,0x52,0x53,0x55,0x56,
	0xbb,0x40,0x00,0x8e,0xdb,0x8b,0xec,0x83,0xec,0x02,0xfa,0xe4,
	0x60,0x50,0xe4,0x61,0x0c,0x80,0xe6,0x61,0x24,0x7f,0xe6,0x61,
	0x58,0xfb,0xf9,0xb4,0x4f,0xcd,0x15,0x73,0x0a,0x8a,0xe8,0xfb,
	0x3c,0xff,0x75,0x06,0xe9,0x2c,0x04,0xe9,0x2f,0x04,0xb1,0x00,
	0x8d,0x36,0x5e,0xa2,0x8a,0xd0,0x25,0x7f,0x00,0xd1,0xe0,0xd1,
	0xe0,0x03,0xf0,0x33,0xc0,0x2e,0x8a,0x04,0x3c,0x00,0x74,0x5a,
	0xf6,0xc2,0x80,0x74,0x26,0x80,0xe2,0x7f,0x3c,0x05,0x74,0x05,
	0x80,0xfa,0x52,0x75,0x46,0x2e,0x8a,0x44,0x01,0xf6,0xd0,0x20,
	0x06,0x18,0x00,0x80,0xfa,0x54,0x75,0x37,0xb0,0x20,0xe6,0x20,
	0xb8,0x01,0x85,0xcd,0x15,0xeb,0x2c,0xf6,0x06,0x18,0x00,0x08,
	0x74,0x28,0x80,0xfa,0x45,0x74,0x23,0x80,0xfa,0x54,0x74,0x1e,
	0xf6,0x06,0x17,0x00,0x04,0x75,0x0f,0x80,0xfa,0x3a,0x74,0x12,
	0x80,0xfa,0x46,0x74,0x0d,0x80,0xfa,0x5b,0x74,0x08,0x80,0x26,
	0x18,0x00,0xf7,0xb8,0x08,0x00,0x8b,0xd8,0x83,0xfb,0x08,0x72,
	0x03,0xbb,0x08,0x00,0xd1,0xe3,0x2e,0xff,0xa7,0x6b,0x9e,0x7d,
	0x9e,0xc4,0x9e,0x69,0x9f,0xb7,0xa1,0x11,0xa1,0xf2,0x9f,0x8c,
	0x9f,0x94,0xa1,0x15,0xa2,0x80,0xe2,0x7f,0x2e,0x8a,0x44,0x01,
	0xf6,0xc5,0x80,0x74,0x13,0xf6,0xd0,0x80,0xfa,0x5a,0x75,0x06,
	0x20,0x06,0x18,0x00,0xeb,0x15,0x20,0x06,0x17,0x00,0xeb,0x0f,
	0x80,0xfa,0x5a,0x75,0x06,0x08,0x06,0x18,0x00,0xeb,0x04,0x08,
	0x06,0x17,0x00,0x80,0xfd,0xb8,0x74,0x03,0xe9,0x62,0x03,0xa0,
	0x19,0x00,0x0a,0xc8,0x74,0xf6,0x33,0xc0,0x8a,0xe8,0xa2,0x19,
	0x00,0xe9,0x38,0x03,0x80,0xfd,0x39,0x75,0x05,0xb1,0x20,0xe9,
	0x95,0x00,0xf6,0x06,0x17,0x00,0x08,0x75,0xf6,0xf6,0x06,0x17,
	0x00,0x04,0x74,0x06,0x2e,0x8a,0x4c,0x03,0xeb,0xe9,0xa0,0x18,
	0x00,0x24,0x03,0x74,0x0a,0x3c,0x03,0x74,0x06,0x2e,0x8a,0x4c,
	0x02,0xeb,0x04,0x2e,0x8a,0x4c,0x01,0x80,0xf9,0xff,0x74,0x67,
	0xf6,0x06,0x17,0x00,0x40,0x74,0x0c,0x80,0xfa,0x35,0x75,0x04,
	0xfe,0xc9,0xeb,0x03,0x80,0xe9,0x20,0xf6,0x06,0x17,0x00,0x03,
	0x74,0x19,0x80,0xfa,0x35,0x75,0x05,0x80,0xf1,0x01,0xeb,0x0f,
	0xf6,0x06,0x17,0x00,0x40,0x74,0x05,0x80,0xc1,0x20,0xeb,0x03,
	0x80,0xe9,0x20,0x83,0x3e,0x98,0x00,0x00,0x74,0x2d,0x83,0x3e,
	0x98,0x00,0x01,0x75,0x0f,0x80,0xf9,0xe0,0x73,0x21,0x80,0xf9,
	0xb0,0x72,0x1c,0x80,0xe9,0x30,0xeb,0x17,0x83,0x3e,0x98,0x00,
	0x02,0x75,0x10,0x8a,0xc1,0x3c,0xb0,0x72,0x0a,0x2c,0xb0,0x8d,
	0x1e,0x6d,0x9d,0x2e,0xd7,0x8a,0xc8,0xe9,0x8c,0x02,0xe9,0xac,
	0x02,0xf6,0x06,0x17,0x00,0x08,0x75,0xf6,0x2e,0x8a,0x4c,0x03,
	0xf6,0x06,0x17,0x00,0x04,0x75,0x0f,0x2e,0x8a,0x4c,0x02,0xf6,
	0x06,0x17,0x00,0x03,0x75,0x04,0x2e,0x8a,0x4c,0x01,0xeb,0xa3,
	0xf6,0x06,0x17,0x00,0x08,0x75,0x54,0xf6,0x06,0x17,0x00,0x04,
	0x75,0x1e,0xf6,0x06,0x18,0x00,0x01,0x74,0x06,0x2e,0x8a,0x4c,
	0x03,0xeb,0x48,0x2e,0x8a,0x4c,0x01,0xf6,0x06,0x17,0x00,0x03,
	0x74,0x3d,0x2e,0x8a,0x4c,0x02,0xeb,0x37,0x2e,0x8a,0x4c,0x01,
	0x80,0xfd,0x03,0x74,0x1c,0x80,0xfd,0x04,0x74,0x17,0x80,0xfd,
	0x07,0x74,0x12,0x80,0xfd,0x0b,0x74,0x0d,0x80,0xfd,0x0c,0x74,
	0x08,0x80,0xfd,0x09,0x74,0x07,0xe9,0x38,0x02,0x2e,0x8a,0x4c,
	0x03,0x80,0xe9,0x40,0xeb,0x09,0x90,0x80,0xfd,0x0d,0x7f,0xee,
	0x80,0xc5,0x76,0xe9,0x00,0x02,0x2e,0x8a,0x44,0x01,0x84,0x06,
	0x18,0x00,0x74,0x0c,0x80,0xfd,0x46,0x75,0x2d,0xf6,0x06,0x17,
	0x00,0x04,0x74,0x26,0x08,0x06,0x18,0x00,0x80,0xfd,0x54,0x75,
	0x0c,0xb0,0x20,0xe6,0x20,0xb8,0x00,0x85,0xcd,0x15,0xe9,0xfd,
	0x01,0x80,0xfd,0x3a,0x75,0x0f,0xf6,0x06,0x17,0x00,0x04,0x75,
	0x05,0x80,0x36,0x17,0x00,0x40,0xe9,0xe4,0x01,0x80,0xfd,0x5b,
	0x75,0x07,0x80,0x36,0x18,0x00,0x02,0xeb,0xf1,0x80,0xfd,0x45,
	0x75,0x36,0xf6,0x06,0x17,0x00,0x04,0x74,0x28,0xf6,0x06,0x18,
	0x00,0x08,0x75,0x51,0x80,0x0e,0x18,0x00,0x08,0xb0,0x20,0xe6,
	0x20,0x80,0x3e,0x49,0x00,0x07,0x7d,0x07,0xa0,0x65,0x00,0xba,
	0xd8,0x03,0xee,0xf6,0x06,0x18,0x00,0x08,0x75,0xf9,0xe9,0xa9,
	0x01,0x80,0x36,0x17,0x00,0x20,0xeb,0x29,0x80,0xfd,0x46,0x75,
	0x27,0xf6,0x06,0x17,0x00,0x04,0x74,0x18,0x8b,0x1e,0x80,0x00,
	0x89,0x1e,0x1a,0x00,0x89,0x1e,0x1c,0x00,0xc6,0x06,0x71,0x00,
	0x80,0xcd,0x1b,0xb5,0x00,0xe9,0x56,0x01,0x80,0x36,0x17,0x00,
	0x10,0xe9,0x71,0x01,0x80,0xfd,0x53,0x75,0x3b,0xf6,0x06,0x17,
	0x00,0x08,0x74,0x10,0xf6,0x06,0x17,0x00,0x04,0x74,0xea,0xc7,
	0x06,0x72,0x00,0x34,0x12,0xe9,0x9b,0x3f,0xf6,0x06,0x17,0x00,
	0x04,0x75,0xda,0xf6,0x06,0x17,0x00,0x20,0x74,0x0c,0xf6,0x06,
	0x17,0x00,0x03,0x75,0x0c,0xb1,0x2e,0xe9,0x18,0x01,0xf6,0x06,
	0x17,0x00,0x03,0x75,0xf4,0xe9,0x0e,0x01,0x80,0xfd,0x37,0x75,
	0xf8,0xf6,0x06,0x17,0x00,0x08,0x75,0xb1,0xf6,0x06,0x17,0x00,
	0x04,0x75,0x10,0xf6,0x06,0x17,0x00,0x03,0x74,0x0e,0xb0,0x20,
	0xe6,0x20,0xcd,0x05,0xe9,0x13,0x01,0xb5,0x72,0xe9,0xe6,0x00,
	0xb1,0x2a,0xe9,0xe1,0x00,0xf6,0x06,0x17,0x00,0x08,0x74,0x32,
	0xf6,0x06,0x17,0x00,0x04,0x74,0x15,0x80,0xfd,0x49,0x75,0x04,
	0xb0,0x00,0xeb,0x07,0x80,0xfd,0x51,0x75,0x07,0xb0,0x80,0xe6,
	0xe0,0xe9,0xe1,0x00,0xa0,0x19,0x00,0xb3,0x0a,0xf6,0xe3,0x2e,
	0x8a,0x5c,0x02,0x80,0xeb,0x30,0x02,0xc3,0xa2,0x19,0x00,0xe9,
	0xcb,0x00,0xf6,0x06,0x17,0x00,0x04,0x74,0x07,0x2e,0x8a,0x6c,
	0x03,0xe9,0x9a,0x00,0xf6,0x06,0x17,0x00,0x20,0x74,0x0f,0xf6,
	0x06,0x17,0x00,0x03,0x75,0x0f,0x2e,0x8a,0x4c,0x02,0xe9,0x85,
	0x00,0x90,0xf6,0x06,0x17,0x00,0x03,0x75,0xf1,0x80,0xfd,0x4c,
	0x74,0xcd,0x80,0xfd,0x52,0x75,0x73,0x2e,0x8a,0x44,0x01,0x84,
	0x06,0x18,0x00,0x75,0xbe,0x08,0x06,0x18,0x00,0x80,0x36,0x17,
	0x00,0x80,0xeb,0x5e,0x80,0xc5,0x34,0xf6,0x06,0x17,0x00,0x08,
	0x75,0x54,0x80,0xed,0x02,0xf6,0x06,0x17,0x00,0x04,0x75,0x4a,
	0x80,0xed,0x02,0xf6,0x06,0x17,0x00,0x03,0x75,0x40,0x80,0xed,
	0x02,0xeb,0x3b,0xf6,0x06,0x18,0x00,0x01,0x74,0x12,0x80,0xfd,
	0x3e,0x73,0x0d,0x80,0xed,0x3b,0xb8,0x02,0x11,0x8a,0xdd,0xcd,
	0x10,0xeb,0x46,0x90,0xf6,0x06,0x17,0x00,0x08,0x74,0x05,0x80,
	0xc5,0x2d,0xeb,0x16,0xf6,0x06,0x17,0x00,0x04,0x74,0x05,0x80,
	0xc5,0x23,0xeb,0x0a,0xf6,0x06,0x17,0x00,0x03,0x74,0x03,0x80,
	0xc5,0x19,0x80,0xfd,0xff,0x74,0x1e,0x80,0xf9,0xff,0x74,0x19,
	0xe8,0x26,0x00,0x74,0x0e,0xfa,0xb0,0x20,0xe6,0x20,0xb8,0x02,
	0x91,0x8b,0xe5,0xcd,0x15,0xeb,0x0c,0xb9,0x00,0x50,0xe8,0x2f,
	0x00,0xfa,0xb0,0x20,0xe6,0x20,0xfa,0x8b,0xe5,0x5e,0x5d,0x5b,
	0x5a,0x59,0x58,0x1f,0xcf,0xa1,0x1c,0x00,0x05,0x02,0x00,0x3b,
	0x06,0x82,0x00,0x75,0x03,0xa1,0x80,0x00,0x3b,0x06,0x1a,0x00,
	0x74,0x09,0x8b,0x36,0x1c,0x00,0x89,0x0c,0xa3,0x1c,0x00,0xc3,
	0xba,0x61,0x00,0xec,0xeb,0x00,0xeb,0x00,0x8a,0xe0,0x0c,0x03,
	0xee,0xe2,0xfe,0x24,0xfd,0xee,0xeb,0x00,0xeb,0x00,0x8a,0xc4,
	0xee,0xc3,0x00,0x00,0x00,0x00,0x02,0x1b,0x1b,0x1b,0x06,0x29,
	0x31,0x26,0x06,0x2d,0x32,0x40,0x06,0x2f,0x33,0x5e,0x06,0x22,
	0x34,0x7b,0x06,0x3a,0x35,0x7d,0x06,0x2c,0x36,0x5c,0x06,0x2e,
	0x37,0x3c,0x06,0x5f,0x38,0x3e,0x06,0x3f,0x39,0x7c,0x06,0x25,
	0x30,0x5b,0x06,0x21,0x3d,0x5d,0x06,0x3b,0x24,0x60,0x02,0x08,
	0x08,0x7f,0x02,0x09,0x00,0xff,0x01,0x71,0xd9,0x11,0x01,0x77,
	0xe6,0x17,0x01,0x65,0xe3,0x05,0x01,0x72,0xda,0x12,0x01,0x74,
	0xd5,0x14,0x01,0x79,0xdd,0x19,0x01,0x75,0xd3,0x15,0x01,0x69,
	0xe8,0x09,0x01,0x6f,0xe9,0x0f,0x01,0x70,0xd7,0x10,0x01,0xff,
	0xe5,0x1b,0x01,0xff,0xea,0x1d,0x02,0x0d,0x0d,0x0a,0x00,0x04,
	0xff,0xff,0x01,0x61,0xe4,0x01,0x01,0x73,0xeb,0x13,0x01,0x64,
	0xd2,0x04,0x01,0x66,0xd0,0x06,0x01,0x67,0xdf,0x07,0x01,0x68,
	0xe0,0x08,0x01,0x6a,0xde,0x0a,0x01,0x6b,0xdb,0x0b,0x01,0x6c,
	0xd4,0x0c,0x01,0xff,0xd6,0xff,0x01,0xff,0xed,0xff,0x06,0x2a,
	0x23,0x7e,0x00,0x02,0xff,0xff,0x06,0x28,0x2b,0x27,0x01,0x7a,
	0xef,0x1a,0x01,0x78,0xe7,0x18,0x01,0x63,0xe1,0x03,0x01,0x76,
	0xdc,0x16,0x01,0x62,0xd8,0x02,0x01,0x6e,0xe2,0x0e,0x01,0x6d,
	0xec,0x0d,0x01,0xff,0xd1,0xff,0x01,0xff,0xee,0xff,0x01,0xff,
	0xf1,0xff,0x00,0x01,0xff,0xff,0x05,0x00,0xff,0xff,0x00,0x08,
	0xff,0xff,0x01,0x20,0x20,0x20,0x05,0x40,0xff,0xff,0x03,0xff,
	0xff,0xff,0x03,0xff,0xff,0xff,0x03,0xff,0xff,0xff,0x03,0xff,
	0xff,0xff,0x03,0xff,0xff,0xff,0x03,0xff,0xff,0xff,0x03,0xff,
	0xff,0xff,0x03,0xff,0xff,0xff,0x03,0xff,0xff,0xff,0x03,0xff,
	0xff,0xff,0x05,0x20,0xff,0xff,0x05,0x10,0xff,0xff,0x04,0x01,
	0x37,0x77,0x04,0x01,0x38,0x8d,0x04,0x01,0x39,0x84,0x02,0x2d,
	0x2d,0xff,0x04,0x01,0x34,0x73,0x04,0x01,0x35,0x8f,0x04,0x01,
	0x36,0x74,0x02,0x2b,0x2b,0xff,0x04,0x01,0x31,0x75,0x04,0x01,
	0x32,0x91,0x04,0x01,0x33,0x76,0x04,0x80,0x30,0x92,0x05,0x00,
	0xff,0x93,0x05,0x04,0xff,0xff,0x09,0xff,0xff,0xff,0x09,0xff,
	0xff,0xff,0x07,0xff,0xff,0xff,0x07,0xff,0xff,0xff,0x09,0xff,
	0xff,0xff,0x00,0x01,0xff,0xff,0x05,0x04,0xff,0xff,0x00,0x00,
	0x00,0x00,0x00,0x00,0x00,0x00,0x00,0x00,0x00,0x00,0x00,0x00,
	0x00,0x00,0x00,0x00,0x00,0x00,0x00,0x00,0x00,0x00,0x00,0x00,
	0x00,0x00,0x00,0x00,0x00,0x00,0x00,0x00,0x00,0x00,0x00,0x00,
	0x00,0x00,0x00,0x00,0x00,0x00,0x00,0x00,0x00,0x00,0x00,0x00,
	0x00,0x00,0x00,0x00,0x00,0x00,0x00,0x00,0x7e,0x81,0xa5,0x81,
	0xbd,0x99,0x81,0x7e,0x7e,0xff,0xdb,0xff,0xc3,0xe7,0xff,0x7e,
	0x6c,0xfe,0xfe,0xfe,0x7c,0x38,0x10,0x00,0x10,0x38,0x7c,0xfe,
	0x7c,0x38,0x10,0x00,0x38,0x7c,0x38,0xfe,0xfe,0xd6,0x10,0x38,
	0x10,0x38,0x7c,0xfe,0xfe,0x7c,0x10,0x38,0x00,0x00,0x18,0x3c,
	0x3c,0x18,0x00,0x00,0xff,0xff,0xe7,0xc3,0xc3,0xe7,0xff,0xff,
	0x00,0x3c,0x66,0x42,0x42,0x66,0x3c,0x00,0xff,0xc3,0x99,0xbd,
	0xbd,0x99,0xc3,0xff,0x0f,0x03,0x05,0x7d,0x84,0x84,0x84,0x78,
	0x3c,0x42,0x42,0x42,0x3c,0x18,0x7e,0x18,0x1f,0x11,0x10,0x10,
	0x10,0xf0,0xe0,0xc0,0x3f,0x21,0x3f,0x21,0x23,0x67,0xe6,0xc0,
	0x18,0xdb,0x3c,0xe7,0xe7,0x3c,0xdb,0x18,0x80,0xe0,0xf8,0xfe,
	0xf8,0xe0,0x80,0x00,0x02,0x0e,0x3e,0xfe,0x3e,0x0e,0x02,0x00,
	0x18,0x3c,0x7e,0x18,0x18,0x7e,0x3c,0x18,0x24,0x24,0x24,0x24,
	0x24,0x00,0x24,0x00,0x7f,0x92,0x92,0x72,0x12,0x12,0x12,0x00,
	0x3e,0xc1,0x3c,0x42,0x42,0x3c,0x86,0x7c,0x00,0x00,0x00,0x00,
	0x7e,0x7e,0x7e,0x00,0x18,0x3c,0x7e,0x18,0x7e,0x3c,0x18,0xff,
	0x10,0x38,0x7c,0x54,0x10,0x10,0x10,0x00,0x10,0x10,0x10,0x54,
	0x7c,0x38,0x10,0x00,0x00,0x18,0x0c,0xfe,0x0c,0x18,0x00,0x00,
	0x00,0x30,0x60,0xfe,0x60,0x30,0x00,0x00,0x00,0x00,0x40,0x40,
	0x40,0x7e,0x00,0x00,0x00,0x24,0x66,0xff,0x66,0x24,0x00,0x00,
	0x00,0x10,0x10,0x38,0x7c,0xfe,0x00,0x00,0x00,0xfe,0x7c,0x38,
	0x10,0x10,0x00,0x00,0x00,0x00,0x00,0x00,0x00,0x00,0x00,0x00,
	0x10,0x38,0x38,0x10,0x10,0x00,0x10,0x00,0x24,0x24,0x24,0x00,
	0x00,0x00,0x00,0x00,0x24,0x24,0x7e,0x24,0x7e,0x24,0x24,0x00,
	0x18,0x3e,0x40,0x3c,0x02,0x7c,0x18,0x00,0x00,0x62,0x64,0x08,
	0x10,0x26,0x46,0x00,0x30,0x48,0x30,0x56,0x88,0x88,0x76,0x00,
	0x10,0x10,0x20,0x00,0x00,0x00,0x00,0x00,0x10,0x20,0x40,0x40,
	0x40,0x20,0x10,0x00,0x20,0x10,0x08,0x08,0x08,0x10,0x20,0x00,
	0x00,0x44,0x38,0xfe,0x38,0x44,0x00,0x00,0x00,0x10,0x10,0x7c,
	0x10,0x10,0x00,0x00,0x00,0x00,0x00,0x00,0x00,0x10,0x10,0x20,
	0x00,0x00,0x00,0x7e,0x00,0x00,0x00,0x00,0x00,0x00,0x00,0x00,
	0x00,0x10,0x10,0x00,0x00,0x02,0x04,0x08,0x10,0x20,0x40,0x00,
	0x3c,0x42,0x46,0x4a,0x52,0x62,0x3c,0x00,0x10,0x30,0x50,0x10,
	0x10,0x10,0x7c,0x00,0x3c,0x42,0x02,0x0c,0x30,0x42,0x7e,0x00,
	0x3c,0x42,0x02,0x1c,0x02,0x42,0x3c,0x00,0x08,0x18,0x28,0x48,
	0xfe,0x08,0x1c,0x00,0x7e,0x40,0x7c,0x02,0x02,0x42,0x3c,0x00,
	0x1c,0x20,0x40,0x7c,0x42,0x42,0x3c,0x00,0x7e,0x42,0x04,0x08,
	0x10,0x10,0x10,0x00,0x3c,0x42,0x42,0x3c,0x42,0x42,0x3c,0x00,
	0x3c,0x42,0x42,0x3e,0x02,0x04,0x38,0x00,0x00,0x10,0x10,0x00,
	0x00,0x10,0x10,0x00,0x00,0x10,0x10,0x00,0x00,0x10,0x10,0x20,
	0x08,0x10,0x20,0x40,0x20,0x10,0x08,0x00,0x00,0x00,0x7e,0x00,
	0x00,0x7e,0x00,0x00,0x10,0x08,0x04,0x02,0x04,0x08,0x10,0x00,
	0x3c,0x42,0x02,0x04,0x08,0x00,0x08,0x00,0x3c,0x42,0x5e,0x52,
	0x5e,0x40,0x3c,0x00,0x18,0x24,0x42,0x42,0x7e,0x42,0x42,0x00,
	0x7c,0x22,0x22,0x3c,0x22,0x22,0x7c,0x00,0x1c,0x22,0x40,0x40,
	0x40,0x22,0x1c,0x00,0x78,0x24,0x22,0x22,0x22,0x24,0x78,0x00,
	0x7e,0x22,0x28,0x38,0x28,0x22,0x7e,0x00,0x7e,0x22,0x28,0x38,
	0x28,0x20,0x70,0x00,0x1c,0x22,0x40,0x40,0x4e,0x22,0x1e,0x00,
	0x42,0x42,0x42,0x7e,0x42,0x42,0x42,0x00,0x38,0x10,0x10,0x10,
	0x10,0x10,0x38,0x00,0x0e,0x04,0x04,0x04,0x44,0x44,0x38,0x00,
	0x62,0x24,0x28,0x30,0x28,0x24,0x63,0x00,0x70,0x20,0x20,0x20,
	0x20,0x22,0x7e,0x00,0x41,0x63,0x55,0x49,0x41,0x41,0x41,0x00,
	0x42,0x62,0x52,0x4a,0x46,0x42,0x42,0x00,0x18,0x24,0x42,0x42,
	0x42,0x24,0x18,0x00,0x7c,0x22,0x22,0x3c,0x20,0x20,0x70,0x00,
	0x3c,0x42,0x42,0x42,0x4a,0x3c,0x03,0x00,0x7c,0x22,0x22,0x3c,
	0x28,0x24,0x72,0x00,0x3c,0x42,0x40,0x3c,0x02,0x42,0x3c,0x00,
	0x7f,0x49,0x08,0x08,0x08,0x08,0x1c,0x00,0x42,0x42,0x42,0x42,
	0x42,0x42,0x3c,0x00,0x41,0x41,0x41,0x41,0x22,0x14,0x08,0x00,
	0x41,0x41,0x41,0x49,0x49,0x49,0x36,0x00,0x41,0x22,0x14,0x08,
	0x14,0x22,0x41,0x00,0x41,0x22,0x14,0x08,0x08,0x08,0x1c,0x00,
	0x7f,0x42,0x04,0x08,0x10,0x21,0x7f,0x00,0x78,0x40,0x40,0x40,
	0x40,0x40,0x78,0x00,0x80,0x40,0x20,0x10,0x08,0x04,0x02,0x00,
	0x78,0x08,0x08,0x08,0x08,0x08,0x78,0x00,0x10,0x28,0x44,0x82,
	0x00,0x00,0x00,0x00,0x00,0x00,0x00,0x00,0x00,0x00,0x00,0xff,
	0x10,0x10,0x08,0x00,0x00,0x00,0x00,0x00,0x00,0x00,0x3c,0x02,
	0x3e,0x42,0x3d,0x00,0x60,0x20,0x20,0x2e,0x31,0x31,0x2e,0x00,
	0x00,0x00,0x3c,0x42,0x40,0x42,0x3c,0x00,0x06,0x02,0x02,0x3a,
	0x46,0x46,0x3b,0x00,0x00,0x00,0x3c,0x42,0x7e,0x40,0x3c,0x00,
	0x0c,0x12,0x10,0x38,0x10,0x10,0x38,0x00,0x00,0x00,0x3d,0x42,
	0x42,0x3e,0x02,0x7c,0x60,0x20,0x2c,0x32,0x22,0x22,0x62,0x00,
	0x10,0x00,0x30,0x10,0x10,0x10,0x38,0x00,0x02,0x00,0x06,0x02,
	0x02,0x42,0x42,0x3c,0x60,0x20,0x24,0x28,0x30,0x28,0x26,0x00,
	0x30,0x10,0x10,0x10,0x10,0x10,0x38,0x00,0x00,0x00,0x76,0x49,
	0x49,0x49,0x49,0x00,0x00,0x00,0x5c,0x62,0x42,0x42,0x42,0x00,
	0x00,0x00,0x3c,0x42,0x42,0x42,0x3c,0x00,0x00,0x00,0x6c,0x32,
	0x32,0x2c,0x20,0x70,0x00,0x00,0x36,0x4c,0x4c,0x34,0x04,0x0e,
	0x00,0x00,0x6c,0x32,0x22,0x20,0x70,0x00,0x00,0x00,0x3e,0x40,
	0x3c,0x02,0x7c,0x00,0x10,0x10,0x7c,0x10,0x10,0x12,0x0c,0x00,
	0x00,0x00,0x42,0x42,0x42,0x46,0x3a,0x00,0x00,0x00,0x41,0x41,
	0x22,0x14,0x08,0x00,0x00,0x00,0x41,0x49,0x49,0x49,0x36,0x00,
	0x00,0x00,0x44,0x28,0x10,0x28,0x44,0x00,0x00,0x00,0x42,0x42,
	0x42,0x3e,0x02,0x7c,0x00,0x00,0x7c,0x08,0x10,0x20,0x7c,0x00,
	0x0c,0x10,0x10,0x60,0x10,0x10,0x0c,0x00,0x10,0x10,0x10,0x00,
	0x10,0x10,0x10,0x00,0x30,0x08,0x08,0x06,0x08,0x08,0x30,0x00,
	0x32,0x4c,0x00,0x00,0x00,0x00,0x00,0x00,0x00,0x08,0x08,0x14,
	0x22,0x41,0x7f,0x00,0x08,0x08,0xff,0x00,0xff,0x00,0x00,0x00,
	0x24,0x24,0x24,0xff,0x00,0x00,0x00,0x00,0x00,0x00,0xff,0x00,
	0xff,0x08,0x08,0x08,0x08,0x08,0xf8,0x08,0xf8,0x08,0x08,0x08,
	0x24,0x24,0x24,0xe4,0x24,0x24,0x24,0x24,0x00,0x00,0x00,0xfc,
	0x24,0x24,0x24,0x24,0x00,0x00,0xf8,0x08,0xf8,0x08,0x08,0x08,
	0x00,0x00,0x00,0xff,0x24,0x24,0x24,0x24,0x24,0x24,0x24,0xff,
	0x00,0x00,0x00,0x00,0x08,0x08,0x0f,0x08,0x0f,0x00,0x00,0x00,
	0x00,0x00,0x0f,0x08,0x0f,0x08,0x08,0x08,0x24,0x24,0x24,0xfc,
	0x00,0x00,0x00,0x00,0x08,0x08,0xf8,0x08,0xf8,0x00,0x00,0x00,
	0x08,0x08,0x0f,0x08,0x0f,0x08,0x08,0x08,0x24,0x24,0x24,0x27,
	0x24,0x24,0x24,0x24,0x00,0x00,0x00,0x3f,0x24,0x24,0x24,0x24,
	0x00,0x00,0x3f,0x20,0x27,0x24,0x24,0x24,0x00,0x00,0xfc,0x04,
	0xe4,0x24,0x24,0x24,0x24,0x24,0xe4,0x04,0xfc,0x00,0x00,0x00,
	0x24,0x24,0x27,0x20,0x3f,0x00,0x00,0x00,0x00,0x00,0xff,0x00,
	0xff,0x00,0x00,0x00,0x24,0x24,0x24,0x24,0x24,0x24,0x24,0x24,
	0x00,0x00,0xff,0x00,0xe7,0x24,0x24,0x24,0x24,0x24,0xe4,0x04,
	0xe4,0x24,0x24,0x24,0x24,0x24,0xe7,0x00,0xff,0x00,0x00,0x00,
	0x24,0x24,0x27,0x20,0x27,0x24,0x24,0x24,0x24,0x24,0xe7,0x00,
	0xe7,0x24,0x24,0x24,0x22,0x88,0x22,0x88,0x22,0x88,0x22,0x88,
	0x55,0xaa,0x55,0xaa,0x55,0xaa,0x55,0xaa,0xdb,0x77,0xdb,0xee,
	0xdb,0x77,0xdb,0xee,0x24,0x24,0x24,0xe7,0x24,0x24,0x24,0x24,
	0x08,0x08,0xff,0x00,0xff,0x08,0x08,0x08,0x00,0x00,0x00,0x0f,
	0x08,0x08,0x08,0x08,0x00,0x00,0x00,0xf8,0x08,0x08,0x08,0x08,
	0x08,0x08,0x08,0xf8,0x00,0x00,0x00,0x00,0x08,0x08,0x08,0x0f,
	0x00,0x00,0x00,0x00,0x00,0x00,0x00,0xff,0x00,0x00,0x00,0x00,
	0x08,0x08,0x08,0x08,0x08,0x08,0x08,0x08,0x00,0x00,0x00,0xff,
	0x08,0x08,0x08,0x08,0x08,0x08,0x08,0xf8,0x08,0x08,0x08,0x08,
	0x08,0x08,0x08,0xff,0x00,0x00,0x00,0x00,0x08,0x08,0x08,0x0f,
	0x08,0x08,0x08,0x08,0x08,0x08,0x08,0xff,0x08,0x08,0x08,0x08,
	0xff,0xff,0xff,0xff,0xff,0xff,0xff,0xff,0x00,0x00,0x00,0x00,
	0xff,0xff,0xff,0xff,0xf0,0xf0,0xf0,0xf0,0xf0,0xf0,0xf0,0xf0,
	0x0f,0x0f,0x0f,0x0f,0x0f,0x0f,0x0f,0x0f,0xff,0xff,0xff,0xff,
	0x00,0x00,0x00,0x00,0x0e,0x12,0x22,0x42,0x7e,0x42,0x42,0x00,
	0x7c,0x40,0x40,0x7c,0x42,0x42,0x7c,0x00,0x7c,0x42,0x42,0x7c,
	0x42,0x42,0x7c,0x00,0x7e,0x40,0x40,0x40,0x40,0x40,0x40,0x00,
	0x18,0x24,0x24,0x24,0x24,0x24,0x7e,0x42,0x7e,0x40,0x40,0x7c,
	0x40,0x40,0x7e,0x00,0x49,0x49,0x2a,0x08,0x2a,0x49,0x49,0x00,
	0x3c,0x42,0x02,0x1c,0x02,0x42,0x3c,0x00,0x42,0x42,0x46,0x4a,
	0x52,0x62,0x42,0x00,0x18,0x42,0x46,0x4a,0x52,0x62,0x42,0x00,
	0x42,0x44,0x48,0x70,0x48,0x44,0x42,0x00,0x1e,0x22,0x42,0x42,
	0x42,0x42,0x42,0x00,0x41,0x63,0x55,0x49,0x41,0x41,0x41,0x00,
	0x42,0x42,0x42,0x7e,0x42,0x42,0x42,0x00,0x3c,0x42,0x42,0x42,
	0x42,0x42,0x3c,0x00,0x7e,0x42,0x42,0x42,0x42,0x42,0x42,0x00,
	0x7c,0x42,0x42,0x42,0x7c,0x40,0x40,0x00,0x3c,0x42,0x40,0x40,
	0x40,0x42,0x3c,0x00,0x7f,0x08,0x08,0x08,0x08,0x08,0x08,0x00,
	0x42,0x42,0x42,0x3e,0x02,0x42,0x3c,0x00,0x3e,0x49,0x49,0x49,
	0x3e,0x08,0x08,0x00,0x42,0x42,0x24,0x18,0x24,0x42,0x42,0x00,
	0x42,0x42,0x42,0x42,0x42,0x42,0x7f,0x01,0x42,0x42,0x42,0x3e,
	0x02,0x02,0x02,0x00,0x49,0x49,0x49,0x49,0x49,0x49,0x7f,0x00,
	0x92,0x92,0x92,0x92,0x92,0x92,0xff,0x01,0x60,0x20,0x20,0x3e,
	0x21,0x21,0x3e,0x00,0x41,0x41,0x41,0x79,0x45,0x45,0x79,0x00,
	0x40,0x40,0x40,0x7c,0x42,0x42,0x7c,0x00,0x78,0x04,0x02,0x3e,
	0x02,0x04,0x78,0x00,0x8e,0x91,0x91,0xf1,0x91,0x91,0x8e,0x00,
	0x3e,0x42,0x42,0x42,0x3e,0x22,0x42,0x00,0x00,0x00,0x3c,0x02,
	0x3e,0x42,0x3d,0x00,0x00,0x3c,0x40,0x3c,0x42,0x42,0x3c,0x00,
	0x00,0x3c,0x42,0x7c,0x42,0x42,0x7c,0x00,0x00,0x00,0x7e,0x40,
	0x40,0x40,0x40,0x00,0x00,0x00,0x1e,0x22,0x22,0x22,0x7f,0x41,
	0x00,0x00,0x3c,0x42,0x7e,0x40,0x3c,0x00,0x00,0x00,0x49,0x2a,
	0x08,0x2a,0x49,0x00,0x00,0x00,0x3c,0x42,0x04,0x42,0x3c,0x00,
	0x00,0x00,0x42,0x46,0x4a,0x52,0x62,0x00,0x00,0x18,0x42,0x46,
	0x4a,0x52,0x62,0x00,0x00,0x00,0x42,0x44,0x78,0x44,0x42,0x00,
	0x00,0x00,0x1e,0x22,0x42,0x42,0x42,0x00,0x00,0x00,0x41,0x63,
	0x55,0x49,0x41,0x00,0x00,0x00,0x42,0x42,0x7e,0x42,0x42,0x00,
	0x00,0x00,0x3c,0x42,0x42,0x42,0x3c,0x00,0x00,0x00,0x7e,0x42,
	0x42,0x42,0x42,0x00,0x00,0x00,0x7c,0x42,0x42,0x7c,0x40,0x00,
	0x00,0x00,0x3c,0x42,0x40,0x42,0x3c,0x00,0x00,0x00,0x7f,0x08,
	0x08,0x08,0x08,0x00,0x00,0x00,0x42,0x42,0x3e,0x02,0x3c,0x00,
	0x00,0x00,0x3e,0x49,0x49,0x3e,0x08,0x00,0x00,0x00,0x42,0x24,
	0x18,0x24,0x42,0x00,0x00,0x00,0x42,0x42,0x42,0x42,0x7f,0x01,
	0x00,0x00,0x42,0x42,0x3e,0x02,0x02,0x00,0x00,0x00,0x49,0x49,
	0x49,0x49,0x7f,0x00,0x00,0x00,0x49,0x49,0x49,0x49,0x7f,0x01,
	0x00,0x00,0x60,0x20,0x3c,0x22,0x3c,0x00,0x00,0x00,0x42,0x42,
	0x72,0x4a,0x72,0x00,0x00,0x00,0x20,0x20,0x3c,0x22,0x3c,0x00,
	0x00,0x00,0x7c,0x02,0x3e,0x02,0x7c,0x00,0x00,0x00,0x4e,0x51,
	0x71,0x51,0x4e,0x00,0x00,0x00,0x3e,0x42,0x3e,0x22,0x42,0x00,
	0x24,0x7e,0x40,0x7c,0x40,0x40,0x7e,0x00,0x00,0x42,0x3c,0x42,
	0x7e,0x40,0x3c,0x00,0x00,0x00,0x00,0x00,0x01,0x02,0x04,0x08,
	0x00,0x00,0x00,0x00,0x80,0x40,0x20,0x10,0x10,0x20,0x40,0x80,
	0x00,0x00,0x00,0x00,0x08,0x04,0x02,0x01,0x00,0x00,0x00,0x00,
	0x00,0x08,0x04,0x7e,0x04,0x08,0x00,0x00,0x00,0x10,0x20,0x7e,
	0x20,0x10,0x00,0x00,0x08,0x1c,0x2a,0x08,0x08,0x08,0x08,0x00,
	0x08,0x08,0x08,0x08,0x2a,0x1c,0x08,0x00,0x18,0x18,0x00,0x7e,
	0x00,0x18,0x18,0x00,0x10,0x10,0x7c,0x10,0x10,0x00,0x7c,0x00,
	0x8f,0x88,0xcb,0xa8,0x98,0x88,0x88,0x00,0x00,0x42,0x3c,0x42,
	0x42,0x3c,0x42,0x00,0x00,0x00,0x3c,0x3c,0x3c,0x3c,0x00,0x00,
	0x00,0x00,0x00,0x00,0x00,0x00,0x00,0x00,0x18,0x18,0xff,0x00,
	0xff,0x00,0x00,0x00,0x6c,0x6c,0x6c,0xff,0x00,0x00,0x00,0x00,
	0x00,0x00,0xff,0x00,0xff,0x18,0x18,0x18,0x18,0x18,0xf8,0x18,
	0xf8,0x18,0x18,0x18,0x6c,0x6c,0x6c,0xec,0x6c,0x6c,0x6c,0x6c,
	0x00,0x00,0x00,0xfc,0x6c,0x6c,0x6c,0x6c,0x00,0x00,0xf8,0x18,
	0xf8,0x18,0x18,0x18,0x00,0x00,0x00,0xff,0x6c,0x6c,0x6c,0x6c,
	0x6c,0x6c,0x6c,0x7f,0x00,0x00,0x00,0x00,0x18,0x18,0x1f,0x18,
	0x1f,0x00,0x00,0x00,0x00,0x00,0x1f,0x18,0x1f,0x18,0x18,0x18,
	0x6c,0x6c,0x6c,0xfc,0x00,0x00,0x00,0x00,0x18,0x18,0xf8,0x18,
	0xf8,0x00,0x00,0x00,0x18,0x18,0x1f,0x18,0x1f,0x18,0x18,0x18,
	0x6c,0x6c,0x6c,0x6f,0x6c,0x6c,0x6c,0x6c,0x00,0x00,0x00,0x7f,
	0x6c,0x6c,0x6c,0x6c,0x00,0x00,0x7f,0x60,0x6f,0x6c,0x6c,0x6c,
	0x00,0x00,0xfc,0x0c,0xec,0x6c,0x6c,0x6c,0x6c,0x6c,0xec,0x0c,
	0xfc,0x00,0x00,0x00,0x6c,0x6c,0x6f,0x60,0x7f,0x00,0x00,0x00,
	0x00,0x00,0xff,0x00,0xff,0x00,0x00,0x00,0x6c,0x6c,0x6c,0x6c,
	0x6c,0x6c,0x6c,0x6c,0x00,0x00,0xff,0x00,0xef,0x6c,0x6c,0x6c,
	0x6c,0x6c,0xec,0x0c,0xec,0x6c,0x6c,0x6c,0x6c,0x6c,0xef,0x00,
	0xff,0x00,0x00,0x00,0x6c,0x6c,0x6f,0x60,0x6f,0x6c,0x6c,0x6c,
	0x6c,0x6c,0xef,0x00,0xef,0x6c,0x6c,0x6c,0x22,0x88,0x22,0x88,
	0x22,0x88,0x22,0x88,0x92,0x49,0x92,0x49,0x92,0x49,0x92,0x00,
	0xaa,0x55,0xaa,0x55,0xaa,0x55,0xaa,0x00,0x6c,0x6c,0x6c,0xef,
	0x6c,0x6c,0x6c,0x6c,0x18,0x18,0xff,0x00,0xff,0x18,0x18,0x18,
	0x00,0x00,0x00,0x1f,0x18,0x18,0x18,0x18,0x00,0x00,0x00,0xf8,
	0x18,0x18,0x18,0x18,0x18,0x18,0x18,0xf8,0x00,0x00,0x00,0x00,
	0x18,0x18,0x18,0x1f,0x00,0x00,0x00,0x00,0x00,0x00,0x00,0xff,
	0x00,0x00,0x00,0x00,0x18,0x18,0x18,0x18,0x18,0x18,0x18,0x18,
	0x00,0x00,0x00,0xff,0x18,0x18,0x18,0x18,0x18,0x18,0x18,0xf8,
	0x18,0x18,0x18,0x18,0x18,0x18,0x18,0xff,0x00,0x00,0x00,0x00,
	0x18,0x18,0x18,0x1f,0x18,0x18,0x18,0x18,0x18,0x18,0x18,0xff,
	0x18,0x18,0x18,0x18,0xff,0xff,0xff,0xff,0xff,0xff,0xff,0xff,
	0x00,0x00,0x00,0x00,0xff,0xff,0xff,0xff,0xf0,0xf0,0xf0,0xf0,
	0xf0,0xf0,0xf0,0xf0,0x0f,0x0f,0x0f,0x0f,0x0f,0x0f,0x0f,0x0f,
	0xff,0xff,0xff,0xff,0x00,0x00,0x00,0x00,0x1e,0x36,0x66,0x66,
	0x7e,0x66,0x66,0x00,0x7c,0x60,0x60,0x7c,0x66,0x66,0x7c,0x00,
	0x7c,0x66,0x66,0x7c,0x66,0x66,0x7c,0x00,0x7e,0x60,0x60,0x60,
	0x60,0x60,0x60,0x00,0x38,0x6c,0x6c,0x6c,0x6c,0x6c,0xfe,0xc6,
	0x7e,0x60,0x60,0x7c,0x60,0x60,0x7e,0x00,0xdb,0xdb,0x7e,0x3c,
	0x7e,0xdb,0xdb,0x00,0x3c,0x66,0x06,0x1c,0x06,0x66,0x3c,0x00,
	0x66,0x66,0x6e,0x7e,0x76,0x66,0x66,0x00,0x3c,0x66,0x6e,0x7e,
	0x76,0x66,0x66,0x00,0x66,0x6c,0x78,0x70,0x78,0x6c,0x66,0x00,
	0x1e,0x36,0x66,0x66,0x66,0x66,0x66,0x00,0xc6,0xee,0xfe,0xfe,
	0xd6,0xc6,0xc6,0x00,0x66,0x66,0x66,0x7e,0x66,0x66,0x66,0x00,
	0x3c,0x66,0x66,0x66,0x66,0x66,0x3c,0x00,0x7e,0x66,0x66,0x66,
	0x66,0x66,0x66,0x00,0x7c,0x66,0x66,0x66,0x7c,0x60,0x60,0x00,
	0x3c,0x66,0x60,0x60,0x60,0x66,0x3c,0x00,0x7e,0x18,0x18,0x18,
	0x18,0x18,0x18,0x00,0x66,0x66,0x66,0x3e,0x06,0x66,0x3c,0x00,
	0x7e,0xdb,0xdb,0xdb,0x7e,0x18,0x18,0x00,0x66,0x66,0x3c,0x18,
	0x3c,0x66,0x66,0x00,0x66,0x66,0x66,0x66,0x66,0x66,0x7f,0x03,
	0x66,0x66,0x66,0x3e,0x06,0x06,0x06,0x00,0xdb,0xdb,0xdb,0xdb,
	0xdb,0xdb,0xff,0x00,0xdb,0xdb,0xdb,0xdb,0xdb,0xdb,0xff,0x03,
	0xe0,0x60,0x60,0x7c,0x66,0x66,0x7c,0x00,0xc6,0xc6,0xc6,0xf6,
	0xde,0xde,0xf6,0x00,0x60,0x60,0x60,0x7c,0x66,0x66,0x7c,0x00,
	0x78,0x0c,0x06,0x3e,0x06,0x0c,0x78,0x00,0xce,0xdb,0xdb,0xfb,
	0xdb,0xdb,0xce,0x00,0x3e,0x66,0x66,0x66,0x3e,0x36,0x66,0x00,
	0x00,0x00,0x78,0x0c,0x7c,0xcc,0x76,0x00,0x00,0x3c,0x60,0x3c,
	0x66,0x66,0x3c,0x00,0x00,0x3c,0x66,0x7c,0x66,0x66,0x7c,0x00,
	0x00,0x00,0x7e,0x60,0x60,0x60,0x60,0x00,0x00,0x00,0x3c,0x6c,
	0x6c,0x6c,0xfe,0xc6,0x00,0x00,0x3c,0x66,0x7e,0x60,0x3c,0x00,
	0x00,0x00,0xdb,0x7e,0x3c,0x7e,0xdb,0x00,0x00,0x00,0x3c,0x66,
	0x0c,0x66,0x3c,0x00,0x00,0x00,0x66,0x6e,0x7e,0x76,0x66,0x00,
	0x00,0x18,0x66,0x6e,0x7e,0x76,0x66,0x00,0x00,0x00,0x66,0x6c,
	0x78,0x6c,0x66,0x00,0x00,0x00,0x1e,0x36,0x66,0x66,0x66,0x00,
	0x00,0x00,0xc6,0xfe,0xfe,0xd6,0xc6,0x00,0x00,0x00,0x66,0x66,
	0x7e,0x66,0x66,0x00,0x00,0x00,0x3c,0x66,0x66,0x66,0x3c,0x00,
	0x00,0x00,0x7e,0x66,0x66,0x66,0x66,0x00,0x00,0x00,0x7c,0x66,
	0x66,0x7c,0x60,0x00,0x00,0x00,0x3c,0x66,0x60,0x66,0x3c,0x00,
	0x00,0x00,0x7e,0x18,0x18,0x18,0x18,0x00,0x00,0x00,0x66,0x66,
	0x3e,0x06,0x3c,0x00,0x00,0x00,0x7e,0xdb,0xdb,0x7e,0x18,0x00,
	0x00,0x00,0x66,0x3c,0x18,0x3c,0x66,0x00,0x00,0x00,0x66,0x66,
	0x66,0x66,0x7f,0x03,0x00,0x00,0x66,0x66,0x3e,0x06,0x06,0x00,
	0x00,0x00,0xdb,0xdb,0xdb,0xdb,0xff,0x00,0x00,0x00,0xdb,0xdb,
	0xdb,0xdb,0xff,0x03,0x00,0x00,0xe0,0x60,0x7c,0x66,0x7c,0x00,
	0x00,0x00,0xc6,0xc6,0xf6,0xde,0xf6,0x00,0x00,0x00,0x60,0x60,
	0x7c,0x66,0x7c,0x00,0x00,0x00,0x7c,0x06,0x3e,0x06,0x7c,0x00,
	0x00,0x00,0xce,0xdb,0xfb,0xdb,0xce,0x00,0x00,0x00,0x3e,0x66,
	0x3e,0x36,0x66,0x00,0x66,0x7e,0x60,0x7c,0x60,0x60,0x7e,0x00,
	0x00,0x66,0x3c,0x66,0x7e,0x60,0x3c,0x00,0x00,0x00,0x00,0x00,
	0x03,0x06,0x0c,0x18,0x00,0x00,0x00,0x00,0xc0,0x60,0x30,0x18,
	0x18,0x30,0x60,0xc0,0x00,0x00,0x00,0x00,0x18,0x0c,0x06,0x03,
	0x00,0x00,0x00,0x00,0x00,0x00,0x18,0x0c,0x7e,0x0c,0x18,0x00,
	0x00,0x00,0x18,0x30,0x7e,0x30,0x18,0x00,0x18,0x3c,0x7e,0x18,
	0x18,0x18,0x18,0x00,0x18,0x18,0x18,0x18,0x7e,0x3c,0x18,0x00,
	0x18,0x18,0x00,0x7e,0x00,0x18,0x18,0x00,0x18,0x18,0x7e,0x18,
	0x18,0x00,0x7c,0x00,0xcf,0xcc,0xef,0xfc,0xdc,0xcc,0xcc,0x00,
	0x00,0x66,0x3c,0x66,0x66,0x3c,0x66,0x00,0x00,0x00,0x00,0x1c,
	0x1c,0x00,0x00,0x00,0x00,0x00,0x00,0x00,0x00,0x00,0x00,0x00,
	0x0e,0x12,0x22,0x42,0x7e,0x42,0x42,0x00,0x7c,0x40,0x40,0x7c,
	0x42,0x42,0x7c,0x00,0x7c,0x42,0x42,0x7c,0x42,0x42,0x7c,0x00,
	0x7e,0x40,0x40,0x40,0x40,0x40,0x40,0x00,0x18,0x24,0x24,0x24,
	0x24,0x24,0x7e,0x42,0x7e,0x40,0x40,0x7c,0x40,0x40,0x7e,0x00,
	0x49,0x49,0x2a,0x08,0x2a,0x49,0x49,0x00,0x3c,0x42,0x02,0x1c,
	0x02,0x42,0x3c,0x00,0x42,0x42,0x46,0x4a,0x52,0x62,0x42,0x00,
	0x18,0x42,0x46,0x4a,0x52,0x62,0x42,0x00,0x42,0x44,0x48,0x70,
	0x48,0x44,0x42,0x00,0x1e,0x22,0x42,0x42,0x42,0x42,0x42,0x00,
	0x41,0x63,0x55,0x49,0x41,0x41,0x41,0x00,0x42,0x42,0x42,0x7e,
	0x42,0x42,0x42,0x00,0x3c,0x42,0x42,0x42,0x42,0x42,0x3c,0x00,
	0x7e,0x42,0x42,0x42,0x42,0x42,0x42,0x00,0x7c,0x42,0x42,0x42,
	0x7c,0x40,0x40,0x00,0x3c,0x42,0x40,0x40,0x40,0x42,0x3c,0x00,
	0x7f,0x08,0x08,0x08,0x08,0x08,0x08,0x00,0x42,0x42,0x42,0x3e,
	0x02,0x42,0x3c,0x00,0x3e,0x49,0x49,0x49,0x3e,0x08,0x08,0x00,
	0x42,0x42,0x24,0x18,0x24,0x42,0x42,0x00,0x42,0x42,0x42,0x42,
	0x42,0x42,0x7f,0x01,0x42,0x42,0x42,0x3e,0x02,0x02,0x02,0x00,
	0x49,0x49,0x49,0x49,0x49,0x49,0x7f,0x00,0x92,0x92,0x92,0x92,
	0x92,0x92,0xff,0x01,0x60,0x20,0x20,0x3e,0x21,0x21,0x3e,0x00,
	0x41,0x41,0x41,0x79,0x45,0x45,0x79,0x00,0x40,0x40,0x40,0x7c,
	0x42,0x42,0x7c,0x00,0x78,0x04,0x02,0x3e,0x02,0x04,0x78,0x00,
	0x8e,0x91,0x91,0xf1,0x91,0x91,0x8e,0x00,0x3e,0x42,0x42,0x42,
	0x3e,0x22,0x42,0x00,0x00,0x00,0x3c,0x02,0x3e,0x42,0x3d,0x00,
	0x00,0x3c,0x40,0x3c,0x42,0x42,0x3c,0x00,0x00,0x3c,0x42,0x7c,
	0x42,0x42,0x7c,0x00,0x00,0x00,0x7e,0x40,0x40,0x40,0x40,0x00,
	0x00,0x00,0x1e,0x22,0x22,0x22,0x7f,0x41,0x00,0x00,0x3c,0x42,
	0x7e,0x40,0x3c,0x00,0x00,0x00,0x49,0x2a,0x08,0x2a,0x49,0x00,
	0x00,0x00,0x3c,0x42,0x04,0x42,0x3c,0x00,0x00,0x00,0x42,0x46,
	0x4a,0x52,0x62,0x00,0x00,0x18,0x42,0x46,0x4a,0x52,0x62,0x00,
	0x00,0x00,0x42,0x44,0x78,0x44,0x42,0x00,0x00,0x00,0x1e,0x22,
	0x42,0x42,0x42,0x00,0x00,0x00,0x41,0x63,0x55,0x49,0x41,0x00,
	0x00,0x00,0x42,0x42,0x7e,0x42,0x42,0x00,0x00,0x00,0x3c,0x42,
	0x42,0x42,0x3c,0x00,0x00,0x00,0x7e,0x42,0x42,0x42,0x42,0x00,
	0x22,0x88,0x22,0x88,0x22,0x88,0x22,0x88,0x55,0xaa,0x55,0xaa,
	0x55,0xaa,0x55,0xaa,0xdb,0x77,0xdb,0xee,0xdb,0x77,0xdb,0xee,
	0x10,0x10,0x10,0x10,0x10,0x10,0x10,0x10,0x10,0x10,0x10,0x10,
	0xf0,0x10,0x10,0x10,0x10,0x10,0xf0,0x10,0xf0,0x10,0x10,0x10,
	0x14,0x14,0x14,0x14,0xf4,0x14,0x14,0x14,0x00,0x00,0x00,0x00,
	0xfc,0x14,0x14,0x14,0x00,0x00,0xf0,0x10,0xf0,0x10,0x10,0x10,
	0x14,0x14,0xf4,0x04,0xf4,0x14,0x14,0x14,0x14,0x14,0x14,0x14,
	0x14,0x14,0x14,0x14,0x00,0x00,0xfc,0x04,0xf4,0x14,0x14,0x14,
	0x14,0x14,0xf4,0x04,0xfc,0x00,0x00,0x00,0x14,0x14,0x14,0x14,
	0xfc,0x00,0x00,0x00,0x10,0x10,0xf0,0x10,0xf0,0x00,0x00,0x00,
	0x00,0x00,0x00,0x00,0xf0,0x10,0x10,0x10,0x10,0x10,0x10,0x10,
	0x1f,0x00,0x00,0x00,0x10,0x10,0x10,0x10,0xff,0x00,0x00,0x00,
	0x00,0x00,0x00,0x00,0xff,0x10,0x10,0x10,0x10,0x10,0x10,0x10,
	0x1f,0x10,0x10,0x10,0x00,0x00,0x00,0x00,0xff,0x00,0x00,0x00,
	0x10,0x10,0x10,0x10,0xff,0x10,0x10,0x10,0x10,0x10,0x1f,0x10,
	0x1f,0x10,0x10,0x10,0x14,0x14,0x14,0x14,0x17,0x14,0x14,0x14,
	0x14,0x14,0x17,0x10,0x1f,0x00,0x00,0x00,0x00,0x00,0x1f,0x10,
	0x17,0x14,0x14,0x14,0x14,0x14,0xf7,0x00,0xff,0x00,0x00,0x00,
	0x00,0x00,0xff,0x00,0xf7,0x14,0x14,0x14,0x14,0x14,0x17,0x10,
	0x17,0x14,0x14,0x14,0x00,0x00,0xff,0x00,0xff,0x00,0x00,0x00,
	0x14,0x14,0xf7,0x00,0xf7,0x14,0x14,0x14,0x10,0x10,0xff,0x00,
	0xff,0x00,0x00,0x00,0x14,0x14,0x14,0x14,0xff,0x00,0x00,0x00,
	0x00,0x00,0xff,0x00,0xff,0x10,0x10,0x10,0x00,0x00,0x00,0x00,
	0xff,0x14,0x14,0x14,0x14,0x14,0x14,0x14,0x1f,0x00,0x00,0x00,
	0x10,0x10,0x1f,0x10,0x1f,0x00,0x00,0x00,0x00,0x00,0x1f,0x10,
	0x1f,0x10,0x10,0x10,0x00,0x00,0x00,0x00,0x1f,0x14,0x14,0x14,
	0x14,0x14,0x14,0x14,0xff,0x14,0x14,0x14,0x10,0x10,0xff,0x10,
	0xff,0x10,0x10,0x10,0x10,0x10,0x10,0x10,0xf0,0x00,0x00,0x00,
	0x00,0x00,0x00,0x00,0x1f,0x10,0x10,0x10,0xff,0xff,0xff,0xff,
	0xff,0xff,0xff,0xff,0x00,0x00,0x00,0x00,0xff,0xff,0xff,0xff,
	0xf0,0xf0,0xf0,0xf0,0xf0,0xf0,0xf0,0xf0,0x0f,0x0f,0x0f,0x0f,
	0x0f,0x0f,0x0f,0x0f,0xff,0xff,0xff,0xff,0x00,0x00,0x00,0x00,
	0x00,0x00,0x7c,0x42,0x42,0x7c,0x40,0x00,0x00,0x00,0x3c,0x42,
	0x40,0x42,0x3c,0x00,0x00,0x00,0x7f,0x08,0x08,0x08,0x08,0x00,
	0x00,0x00,0x42,0x42,0x3e,0x02,0x3c,0x00,0x00,0x00,0x3e,0x49,
	0x49,0x3e,0x08,0x00,0x00,0x00,0x42,0x24,0x18,0x24,0x42,0x00,
	0x00,0x00,0x42,0x42,0x42,0x42,0x7f,0x01,0x00,0x00,0x42,0x42,
	0x3e,0x02,0x02,0x00,0x00,0x00,0x49,0x49,0x49,0x49,0x7f,0x00,
	0x00,0x00,0x49,0x49,0x49,0x49,0x7f,0x01,0x00,0x00,0x60,0x20,
	0x3c,0x22,0x3c,0x00,0x00,0x00,0x42,0x42,0x72,0x4a,0x72,0x00,
	0x00,0x00,0x20,0x20,0x3c,0x22,0x3c,0x00,0x00,0x00,0x7c,0x02,
	0x3e,0x02,0x7c,0x00,0x00,0x00,0x4e,0x51,0x71,0x51,0x4e,0x00,
	0x00,0x00,0x3e,0x42,0x3e,0x22,0x42,0x00,0x24,0x7e,0x40,0x7c,
	0x40,0x40,0x7e,0x00,0x00,0x42,0x3c,0x42,0x7e,0x40,0x3c,0x00,
	0x00,0x00,0x00,0x00,0x01,0x02,0x04,0x08,0x00,0x00,0x00,0x00,
	0x80,0x40,0x20,0x10,0x10,0x20,0x40,0x80,0x00,0x00,0x00,0x00,
	0x08,0x04,0x02,0x01,0x00,0x00,0x00,0x00,0x00,0x08,0x04,0x7e,
	0x04,0x08,0x00,0x00,0x00,0x10,0x20,0x7e,0x20,0x10,0x00,0x00,
	0x08,0x1c,0x2a,0x08,0x08,0x08,0x08,0x00,0x08,0x08,0x08,0x08,
	0x2a,0x1c,0x08,0x00,0x18,0x18,0x00,0x7e,0x00,0x18,0x18,0x00,
	0x10,0x10,0x7c,0x10,0x10,0x00,0x7c,0x00,0x8f,0x88,0xcb,0xa8,
	0x98,0x88,0x88,0x00,0x00,0x42,0x3c,0x42,0x42,0x3c,0x42,0x00,
	0x00,0x00,0x3c,0x3c,0x3c,0x3c,0x00,0x00,0x00,0x00,0x00,0x00,
	0x00,0x00,0x00,0x00,0x1e,0x36,0x66,0x66,0x7e,0x66,0x66,0x00,
	0x7c,0x60,0x60,0x7c,0x66,0x66,0x7c,0x00,0x7c,0x66,0x66,0x7c,
	0x66,0x66,0x7c,0x00,0x7e,0x60,0x60,0x60,0x60,0x60,0x60,0x00,
	0x38,0x6c,0x6c,0x6c,0x6c,0x6c,0xfe,0xc6,0x7e,0x60,0x60,0x7c,
	0x60,0x60,0x7e,0x00,0xdb,0xdb,0x7e,0x3c,0x7e,0xdb,0xdb,0x00,
	0x3c,0x66,0x06,0x1c,0x06,0x66,0x3c,0x00,0x66,0x66,0x6e,0x7e,
	0x76,0x66,0x66,0x00,0x3c,0x66,0x6e,0x7e,0x76,0x66,0x66,0x00,
	0x66,0x6c,0x78,0x70,0x78,0x6c,0x66,0x00,0x1e,0x36,0x66,0x66,
	0x66,0x66,0x66,0x00,0xc6,0xee,0xfe,0xfe,0xd6,0xc6,0xc6,0x00,
	0x66,0x66,0x66,0x7e,0x66,0x66,0x66,0x00,0x3c,0x66,0x66,0x66,
	0x66,0x66,0x3c,0x00,0x7e,0x66,0x66,0x66,0x66,0x66,0x66,0x00,
	0x7c,0x66,0x66,0x66,0x7c,0x60,0x60,0x00,0x3c,0x66,0x60,0x60,
	0x60,0x66,0x3c,0x00,0x7e,0x18,0x18,0x18,0x18,0x18,0x18,0x00,
	0x66,0x66,0x66,0x3e,0x06,0x66,0x3c,0x00,0x7e,0xdb,0xdb,0xdb,
	0x7e,0x18,0x18,0x00,0x66,0x66,0x3c,0x18,0x3c,0x66,0x66,0x00,
	0x66,0x66,0x66,0x66,0x66,0x66,0x7f,0x03,0x66,0x66,0x66,0x3e,
	0x06,0x06,0x06,0x00,0xdb,0xdb,0xdb,0xdb,0xdb,0xdb,0xff,0x00,
	0xdb,0xdb,0xdb,0xdb,0xdb,0xdb,0xff,0x03,0xe0,0x60,0x60,0x7c,
	0x66,0x66,0x7c,0x00,0xc6,0xc6,0xc6,0xf6,0xde,0xde,0xf6,0x00,
	0x60,0x60,0x60,0x7c,0x66,0x66,0x7c,0x00,0x78,0x0c,0x06,0x3e,
	0x06,0x0c,0x78,0x00,0xce,0xdb,0xdb,0xfb,0xdb,0xdb,0xce,0x00,
	0x3e,0x66,0x66,0x66,0x3e,0x36,0x66,0x00,0x00,0x00,0x78,0x0c,
	0x7c,0xcc,0x76,0x00,0x00,0x3c,0x60,0x3c,0x66,0x66,0x3c,0x00,
	0x00,0x3c,0x66,0x7c,0x66,0x66,0x7c,0x00,0x00,0x00,0x7e,0x60,
	0x60,0x60,0x60,0x00,0x00,0x00,0x3c,0x6c,0x6c,0x6c,0xfe,0xc6,
	0x00,0x00,0x3c,0x66,0x7e,0x60,0x3c,0x00,0x00,0x00,0xdb,0x7e,
	0x3c,0x7e,0xdb,0x00,0x00,0x00,0x3c,0x66,0x0c,0x66,0x3c,0x00,
	0x00,0x00,0x66,0x6e,0x7e,0x76,0x66,0x00,0x00,0x18,0x66,0x6e,
	0x7e,0x76,0x66,0x00,0x00,0x00,0x66,0x6c,0x78,0x6c,0x66,0x00,
	0x00,0x00,0x1e,0x36,0x66,0x66,0x66,0x00,0x00,0x00,0xc6,0xfe,
	0xfe,0xd6,0xc6,0x00,0x00,0x00,0x66,0x66,0x7e,0x66,0x66,0x00,
	0x00,0x00,0x3c,0x66,0x66,0x66,0x3c,0x00,0x00,0x00,0x7e,0x66,
	0x66,0x66,0x66,0x00,0x22,0x88,0x22,0x88,0x22,0x88,0x22,0x88,
	0x55,0xaa,0x55,0xaa,0x55,0xaa,0x55,0xaa,0xdb,0x77,0xdb,0xee,
	0xdb,0x77,0xdb,0xee,0x18,0x18,0x18,0x18,0x18,0x18,0x18,0x18,
	0x18,0x18,0x18,0x18,0xf8,0x18,0x18,0x18,0x18,0x18,0xf8,0x18,
	0xf8,0x18,0x18,0x18,0x36,0x36,0x36,0x36,0xf6,0x36,0x36,0x36,
	0x00,0x00,0x00,0x00,0xfe,0x36,0x36,0x36,0x00,0x00,0xf8,0x18,
	0xf8,0x18,0x18,0x18,0x36,0x36,0xf6,0x06,0xf6,0x36,0x36,0x36,
	0x36,0x36,0x36,0x36,0x36,0x36,0x36,0x36,0x00,0x00,0xfe,0x06,
	0xf6,0x36,0x36,0x36,0x36,0x36,0xf6,0x06,0xfe,0x00,0x00,0x00,
	0x36,0x36,0x36,0x36,0xfe,0x00,0x00,0x00,0x18,0x18,0xf8,0x18,
	0xf8,0x00,0x00,0x00,0x00,0x00,0x00,0x00,0xf8,0x18,0x18,0x18,
	0x18,0x18,0x18,0x18,0x1f,0x00,0x00,0x00,0x18,0x18,0x18,0x18,
	0xff,0x00,0x00,0x00,0x00,0x00,0x00,0x00,0xff,0x18,0x18,0x18,
	0x18,0x18,0x18,0x18,0x1f,0x18,0x18,0x18,0x00,0x00,0x00,0x00,
	0xff,0x00,0x00,0x00,0x18,0x18,0x18,0x18,0xff,0x18,0x18,0x18,
	0x18,0x18,0x1f,0x18,0x1f,0x18,0x18,0x18,0x36,0x36,0x36,0x36,
	0x37,0x36,0x36,0x36,0x36,0x36,0x37,0x30,0x3f,0x00,0x00,0x00,
	0x00,0x00,0x3f,0x30,0x37,0x36,0x36,0x36,0x36,0x36,0xf7,0x00,
	0xff,0x00,0x00,0x00,0x00,0x00,0xff,0x00,0xf7,0x36,0x36,0x36,
	0x36,0x36,0x37,0x30,0x37,0x36,0x36,0x36,0x00,0x00,0xff,0x00,
	0xff,0x00,0x00,0x00,0x36,0x36,0xf7,0x00,0xf7,0x36,0x36,0x36,
	0x18,0x18,0xff,0x00,0xff,0x00,0x00,0x00,0x36,0x36,0x36,0x36,
	0xff,0x00,0x00,0x00,0x00,0x00,0xff,0x00,0xff,0x18,0x18,0x18,
	0x00,0x00,0x00,0x00,0xff,0x36,0x36,0x36,0x36,0x36,0x36,0x36,
	0x3f,0x00,0x00,0x00,0x18,0x18,0x1f,0x18,0x1f,0x00,0x00,0x00,
	0x00,0x00,0x1f,0x18,0x1f,0x18,0x18,0x18,0x00,0x00,0x00,0x00,
	0x3f,0x36,0x36,0x36,0x36,0x36,0x36,0x36,0xff,0x36,0x36,0x36,
	0x18,0x18,0xff,0x18,0xff,0x18,0x18,0x18,0x18,0x18,0x18,0x18,
	0xf8,0x00,0x00,0x00,0x00,0x00,0x00,0x00,0x1f,0x18,0x18,0x18,
	0xff,0xff,0xff,0xff,0xff,0xff,0xff,0xff,0x00,0x00,0x00,0x00,
	0xff,0xff,0xff,0xff,0xf0,0xf0,0xf0,0xf0,0xf0,0xf0,0xf0,0xf0,
	0x0f,0x0f,0x0f,0x0f,0x0f,0x0f,0x0f,0x0f,0xff,0xff,0xff,0xff,
	0x00,0x00,0x00,0x00,0x00,0x00,0x7c,0x66,0x66,0x7c,0x60,0x00,
	0x00,0x00,0x3c,0x66,0x60,0x66,0x3c,0x00,0x00,0x00,0x7e,0x18,
	0x18,0x18,0x18,0x00,0x00,0x00,0x66,0x66,0x3e,0x06,0x3c,0x00,
	0x00,0x00,0x7e,0xdb,0xdb,0x7e,0x18,0x00,0x00,0x00,0x66,0x3c,
	0x18,0x3c,0x66,0x00,0x00,0x00,0x66,0x66,0x66,0x66,0x7f,0x03,
	0x00,0x00,0x66,0x66,0x3e,0x06,0x06,0x00,0x00,0x00,0xdb,0xdb,
	0xdb,0xdb,0xff,0x00,0x00,0x00,0xdb,0xdb,0xdb,0xdb,0xff,0x03,
	0x00,0x00,0xe0,0x60,0x7c,0x66,0x7c,0x00,0x00,0x00,0xc6,0xc6,
	0xf6,0xde,0xf6,0x00,0x00,0x00,0x60,0x60,0x7c,0x66,0x7c,0x00,
	0x00,0x00,0x7c,0x06,0x3e,0x06,0x7c,0x00,0x00,0x00,0xce,0xdb,
	0xfb,0xdb,0xce,0x00,0x00,0x00,0x3e,0x66,0x3e,0x36,0x66,0x00,
	0x66,0x7e,0x60,0x7c,0x60,0x60,0x7e,0x00,0x00,0x66,0x3c,0x66,
	0x7e,0x60,0x3c,0x00,0x00,0x00,0x00,0x00,0x03,0x06,0x0c,0x18,
	0x00,0x00,0x00,0x00,0xc0,0x60,0x30,0x18,0x18,0x30,0x60,0xc0,
	0x00,0x00,0x00,0x00,0x18,0x0c,0x06,0x03,0x00,0x00,0x00,0x00,
	0x00,0x00,0x18,0x0c,0x7e,0x0c,0x18,0x00,0x00,0x00,0x18,0x30,
	0x7e,0x30,0x18,0x00,0x18,0x3c,0x7e,0x18,0x18,0x18,0x18,0x00,
	0x18,0x18,0x18,0x18,0x7e,0x3c,0x18,0x00,0x18,0x18,0x00,0x7e,
	0x00,0x18,0x18,0x00,0x18,0x18,0x7e,0x18,0x18,0x00,0x7c,0x00,
	0xcf,0xcc,0xef,0xfc,0xdc,0xcc,0xcc,0x00,0x00,0x66,0x3c,0x66,
	0x66,0x3c,0x66,0x00,0x00,0x00,0x00,0x1c,0x1c,0x00,0x00,0x00,
	0x00,0x00,0x00,0x00,0x00,0x00,0x00,0x00,0x38,0x44,0x40,0x44,
	0x38,0x10,0x48,0x30,0x00,0x44,0x00,0x44,0x44,0x44,0x3e,0x00,
	0x0c,0x00,0x3c,0x42,0x7e,0x40,0x3c,0x00,0x18,0x24,0x5a,0x04,
	0x3c,0x44,0x3a,0x00,0x42,0x00,0x38,0x04,0x3c,0x44,0x3a,0x00,
	0x70,0x00,0x38,0x04,0x3c,0x44,0x3a,0x00,0x10,0x00,0x38,0x04,
	0x3c,0x44,0x3a,0x00,0x00,0x00,0x3c,0x40,0x44,0x38,0x0e,0x38,
	0x3c,0x42,0x3c,0x42,0x7e,0x40,0x3c,0x00,0x42,0x00,0x3c,0x42,
	0x7e,0x40,0x3c,0x00,0x30,0x00,0x3c,0x42,0x7e,0x40,0x3c,0x00,
	0x24,0x00,0x18,0x08,0x08,0x08,0x1c,0x00,0x7c,0x82,0x30,0x10,
	0x10,0x10,0x38,0x00,0x30,0x00,0x18,0x08,0x08,0x08,0x1c,0x00,
	0x42,0x18,0x24,0x42,0x7e,0x42,0x42,0x00,0x18,0x18,0x00,0x3c,
	0x42,0x7e,0x42,0x00,0x0c,0x00,0x7c,0x20,0x38,0x20,0x7c,0x00,
	0x00,0x00,0x33,0x0c,0x3f,0x44,0x3b,0x00,0x1f,0x24,0x44,0x7f,
	0x44,0x44,0x47,0x00,0x18,0x24,0x00,0x3c,0x42,0x42,0x3c,0x00,
	0x00,0x42,0x00,0x3c,0x42,0x42,0x3c,0x00,0x20,0x10,0x00,0x3c,
	0x42,0x42,0x3c,0x00,0x18,0x24,0x00,0x42,0x42,0x42,0x3c,0x00,
	0x20,0x10,0x00,0x42,0x42,0x42,0x3c,0x00,0x00,0x42,0x00,0x42,
	0x42,0x3e,0x02,0x3c,0x42,0x18,0x24,0x42,0x42,0x24,0x18,0x00,
	0x42,0x00,0x42,0x42,0x42,0x42,0x3c,0x00,0x08,0x08,0x3e,0x40,
	0x40,0x3e,0x08,0x08,0x18,0x24,0x20,0x70,0x20,0x42,0x7c,0x00,
	0x44,0x28,0x7c,0x10,0x7c,0x10,0x10,0x00,0xf8,0x4c,0x78,0x44,
	0x4f,0x44,0x45,0xe6,0x0c,0x12,0x10,0x7c,0x10,0x10,0x90,0x60,
	0x0e,0x00,0x38,0x04,0x3c,0x44,0x3a,0x00,0x0c,0x00,0x18,0x08,
	0x08,0x08,0x1c,0x00,0x04,0x08,0x00,0x3c,0x42,0x42,0x3c,0x00,
	0x00,0x04,0x08,0x42,0x42,0x42,0x3c,0x00,0x32,0x4c,0x00,0x7c,
	0x42,0x42,0x42,0x00,0x32,0x4c,0x00,0x62,0x52,0x4a,0x46,0x00,
	0x38,0x04,0x3c,0x44,0x3a,0x00,0x7e,0x00,0x00,0x38,0x44,0x44,
	0x38,0x00,0x7c,0x00,0x10,0x00,0x10,0x20,0x40,0x42,0x3c,0x00,
	0x00,0x00,0x00,0x7e,0x40,0x40,0x00,0x00,0x00,0x00,0x00,0x7e,
	0x02,0x02,0x00,0x00,0x42,0xc4,0x48,0xf6,0x29,0x43,0x8c,0x1f,
	0x42,0xc4,0x4a,0xf6,0x2a,0x5f,0x82,0x02,0x10,0x00,0x10,0x10,
	0x38,0x38,0x10,0x00,0x00,0x12,0x24,0x48,0x24,0x12,0x00,0x00,
	0x00,0x48,0x24,0x12,0x24,0x48,0x00,0x00,0x22,0x88,0x22,0x88,
	0x22,0x88,0x22,0x88,0x55,0xaa,0x55,0xaa,0x55,0xaa,0x55,0xaa,
	0xdb,0x77,0xdb,0xee,0xdb,0x77,0xdb,0xee,0x10,0x10,0x10,0x10,
	0x10,0x10,0x10,0x10,0x10,0x10,0x10,0x10,0xf0,0x10,0x10,0x10,
	0x10,0x10,0xf0,0x10,0xf0,0x10,0x10,0x10,0x14,0x14,0x14,0x14,
	0xf4,0x14,0x14,0x14,0x00,0x00,0x00,0x00,0xfc,0x14,0x14,0x14,
	0x00,0x00,0xf0,0x10,0xf0,0x10,0x10,0x10,0x14,0x14,0xf4,0x04,
	0xf4,0x14,0x14,0x14,0x14,0x14,0x14,0x14,0x14,0x14,0x14,0x14,
	0x00,0x00,0xfc,0x04,0xf4,0x14,0x14,0x14,0x14,0x14,0xf4,0x04,
	0xfc,0x00,0x00,0x00,0x14,0x14,0x14,0x14,0xfc,0x00,0x00,0x00,
	0x10,0x10,0xf0,0x10,0xf0,0x00,0x00,0x00,0x00,0x00,0x00,0x00,
	0xf0,0x10,0x10,0x10,0x10,0x10,0x10,0x10,0x1f,0x00,0x00,0x00,
	0x10,0x10,0x10,0x10,0xff,0x00,0x00,0x00,0x00,0x00,0x00,0x00,
	0xff,0x10,0x10,0x10,0x10,0x10,0x10,0x10,0x1f,0x10,0x10,0x10,
	0x00,0x00,0x00,0x00,0xff,0x00,0x00,0x00,0x10,0x10,0x10,0x10,
	0xff,0x10,0x10,0x10,0x10,0x10,0x1f,0x10,0x1f,0x10,0x10,0x10,
	0x14,0x14,0x14,0x14,0x17,0x14,0x14,0x14,0x14,0x14,0x17,0x10,
	0x1f,0x00,0x00,0x00,0x00,0x00,0x1f,0x10,0x17,0x14,0x14,0x14,
	0x14,0x14,0xf7,0x00,0xff,0x00,0x00,0x00,0x00,0x00,0xff,0x00,
	0xf7,0x14,0x14,0x14,0x14,0x14,0x17,0x10,0x17,0x14,0x14,0x14,
	0x00,0x00,0xff,0x00,0xff,0x00,0x00,0x00,0x14,0x14,0xf7,0x00,
	0xf7,0x14,0x14,0x14,0x10,0x10,0xff,0x00,0xff,0x00,0x00,0x00,
	0x14,0x14,0x14,0x14,0xff,0x00,0x00,0x00,0x00,0x00,0xff,0x00,
	0xff,0x10,0x10,0x10,0x00,0x00,0x00,0x00,0xff,0x14,0x14,0x14,
	0x14,0x14,0x14,0x14,0x1f,0x00,0x00,0x00,0x10,0x10,0x1f,0x10,
	0x1f,0x00,0x00,0x00,0x00,0x00,0x1f,0x10,0x1f,0x10,0x10,0x10,
	0x00,0x00,0x00,0x00,0x1f,0x14,0x14,0x14,0x14,0x14,0x14,0x14,
	0xff,0x14,0x14,0x14,0x10,0x10,0xff,0x10,0xff,0x10,0x10,0x10,
	0x10,0x10,0x10,0x10,0xf0,0x00,0x00,0x00,0x00,0x00,0x00,0x00,
	0x1f,0x10,0x10,0x10,0xff,0xff,0xff,0xff,0xff,0xff,0xff,0xff,
	0x00,0x00,0x00,0x00,0xff,0xff,0xff,0xff,0xf0,0xf0,0xf0,0xf0,
	0xf0,0xf0,0xf0,0xf0,0x0f,0x0f,0x0f,0x0f,0x0f,0x0f,0x0f,0x0f,
	0xff,0xff,0xff,0xff,0x00,0x00,0x00,0x00,0x00,0x00,0x31,0x4a,
	0x44,0x4a,0x31,0x00,0x00,0x3c,0x42,0x7c,0x42,0x7c,0x40,0x40,
	0x00,0x7e,0x42,0x40,0x40,0x40,0x40,0x00,0x00,0x3f,0x54,0x14,
	0x14,0x14,0x14,0x00,0x7e,0x42,0x20,0x18,0x20,0x42,0x7e,0x00,
	0x00,0x00,0x3e,0x48,0x48,0x48,0x30,0x00,0x00,0x44,0x44,0x44,
	0x7a,0x40,0x40,0x80,0x00,0x33,0x4c,0x08,0x08,0x08,0x08,0x00,
	0x7c,0x10,0x38,0x44,0x44,0x38,0x10,0x7c,0x18,0x24,0x42,0x7e,
	0x42,0x24,0x18,0x00,0x18,0x24,0x42,0x42,0x24,0x24,0x66,0x00,
	0x1c,0x20,0x18,0x3c,0x42,0x42,0x3c,0x00,0x00,0x62,0x95,0x89,
	0x95,0x62,0x00,0x00,0x02,0x04,0x3c,0x4a,0x52,0x3c,0x40,0x80,
	0x1c,0x20,0x40,0x7c,0x40,0x20,0x1c,0x00,0x3c,0x42,0x42,0x42,
	0x42,0x42,0x42,0x00,0x00,0x7e,0x00,0x7e,0x00,0x7e,0x00,0x00,
	0x10,0x10,0x7c,0x10,0x10,0x00,0x7c,0x00,0x10,0x08,0x04,0x08,
	0x10,0x00,0x7e,0x00,0x08,0x10,0x20,0x10,0x08,0x00,0x7e,0x00,
	0x0c,0x12,0x12,0x10,0x10,0x10,0x10,0x10,0x10,0x10,0x10,0x10,
	0x10,0x90,0x90,0x60,0x18,0x18,0x00,0x7e,0x00,0x18,0x18,0x00,
	0x00,0x32,0x4c,0x00,0x32,0x4c,0x00,0x00,0x30,0x48,0x48,0x30,
	0x00,0x00,0x00,0x00,0x00,0x00,0x00,0x18,0x18,0x00,0x00,0x00,
	0x00,0x00,0x00,0x00,0x18,0x00,0x00,0x00,0x0f,0x08,0x08,0x08,
	0x08,0xc8,0x28,0x18,0x78,0x44,0x44,0x44,0x44,0x00,0x00,0x00,
	0x30,0x48,0x10,0x20,0x78,0x00,0x00,0x00,0x00,0x00,0x3c,0x3c,
	0x3c,0x3c,0x00,0x00,0x00,0x00,0x00,0x00,0x00,0x00,0x00,0x00,
	0x78,0xcc,0xc0,0xcc,0x78,0x30,0x98,0x70,0x00,0xcc,0x00,0xcc,
	0xcc,0xcc,0x7e,0x00,0x1c,0x00,0x78,0xcc,0xfc,0xc0,0x78,0x00,
	0x3c,0xe7,0x18,0x0c,0x3e,0x66,0x3b,0x00,0xcc,0x00,0x78,0x0c,
	0x7c,0xcc,0x76,0x00,0xe0,0x20,0x78,0x0c,0x7c,0xcc,0x76,0x00,
	0x30,0x30,0x78,0x0c,0x7c,0xcc,0x76,0x00,0x00,0x00,0x70,0xc0,
	0xc8,0x70,0x18,0x70,0x7e,0xc3,0x3c,0x66,0x7e,0x60,0x3c,0x00,
	0xcc,0x00,0x78,0xcc,0xfc,0xc0,0x78,0x00,0xe0,0x20,0x78,0xcc,
	0xfc,0xc0,0x78,0x00,0xcc,0x00,0x70,0x30,0x30,0x30,0x78,0x00,
	0x7c,0xc6,0x38,0x18,0x18,0x18,0x3c,0x00,0xe0,0x20,0x70,0x30,
	0x30,0x30,0x78,0x00,0xc6,0x38,0x6c,0xc6,0xfe,0xc6,0xc6,0x00,
	0x30,0x30,0x00,0x78,0xcc,0xfc,0xcc,0x00,0x1c,0x10,0xfc,0x60,
	0x78,0x60,0xfc,0x00,0x00,0x00,0x7f,0x0c,0x7f,0xcc,0x7f,0x00,
	0x3f,0x6c,0xcc,0xfe,0xcc,0xcc,0xcf,0x00,0x78,0xcc,0x00,0x78,
	0xcc,0xcc,0x78,0x00,0x00,0xcc,0x00,0x78,0xcc,0xcc,0x78,0x00,
	0x00,0xe0,0x20,0x78,0xcc,0xcc,0x78,0x00,0x78,0xcc,0x00,0xcc,
	0xcc,0xcc,0x7e,0x00,0x00,0xe0,0x20,0xcc,0xcc,0xcc,0x7e,0x00,
	0x00,0xcc,0x00,0xcc,0xcc,0x7c,0x0c,0xf8,0xc3,0x18,0x3c,0x66,
	0x66,0x3c,0x18,0x00,0xcc,0x00,0xcc,0xcc,0xcc,0xcc,0x78,0x00,
	0x18,0x18,0x7e,0xc0,0xc0,0x7e,0x18,0x18,0x38,0x6c,0x64,0xf0,
	0x60,0xe6,0xfc,0x00,0xcc,0xcc,0x78,0xfc,0x30,0xfc,0x30,0x30,
	0xf8,0xcc,0xcc,0xfa,0xc6,0xcf,0xc6,0xc7,0x0e,0x1b,0x19,0x18,
	0x3c,0x18,0xd8,0x70,0x1c,0x10,0x78,0x0c,0x7c,0xcc,0x76,0x00,
	0x38,0x20,0x70,0x30,0x30,0x30,0x78,0x00,0x00,0x1c,0x10,0x78,
	0xcc,0xcc,0x78,0x00,0x00,0x1c,0x10,0xcc,0xcc,0xcc,0x7e,0x00,
	0x64,0x98,0x00,0xf8,0xcc,0xcc,0xcc,0x00,0xfc,0x00,0xcc,0xec,
	0xfc,0xdc,0xcc,0x00,0x78,0x0c,0x7c,0xcc,0x76,0x00,0x7c,0x00,
	0x00,0x38,0x6c,0x6c,0x38,0x00,0x7c,0x00,0x30,0x00,0x30,0x60,
	0xc4,0xcc,0x78,0x00,0x00,0x00,0x00,0xfc,0xc0,0xc0,0x00,0x00,
	0x00,0x00,0x00,0xfc,0x0c,0x0c,0x00,0x00,0xc3,0xc6,0xcc,0xde,
	0x33,0x66,0xcc,0x0f,0xc3,0xc6,0xcc,0xdb,0x37,0x6f,0xcf,0x03,
	0x18,0x00,0x18,0x18,0x3c,0x3c,0x18,0x00,0x00,0x33,0x66,0xcc,
	0x66,0x33,0x00,0x00,0x00,0xcc,0x66,0x33,0x66,0xcc,0x00,0x00,
	0x22,0x88,0x22,0x88,0x22,0x88,0x22,0x88,0x55,0xaa,0x55,0xaa,
	0x55,0xaa,0x55,0xaa,0xdb,0x77,0xdb,0xee,0xdb,0x77,0xdb,0xee,
	0x18,0x18,0x18,0x18,0x18,0x18,0x18,0x18,0x18,0x18,0x18,0x18,
	0xf8,0x18,0x18,0x18,0x18,0x18,0xf8,0x18,0xf8,0x18,0x18,0x18,
	0x36,0x36,0x36,0x36,0xf6,0x36,0x36,0x36,0x00,0x00,0x00,0x00,
	0xfe,0x36,0x36,0x36,0x00,0x00,0xf8,0x18,0xf8,0x18,0x18,0x18,
	0x36,0x36,0xf6,0x06,0xf6,0x36,0x36,0x36,0x36,0x36,0x36,0x36,
	0x36,0x36,0x36,0x36,0x00,0x00,0xfe,0x06,0xf6,0x36,0x36,0x36,
	0x36,0x36,0xf6,0x06,0xfe,0x00,0x00,0x00,0x36,0x36,0x36,0x36,
	0xfe,0x00,0x00,0x00,0x18,0x18,0xf8,0x18,0xf8,0x00,0x00,0x00,
	0x00,0x00,0x00,0x00,0xf8,0x18,0x18,0x18,0x18,0x18,0x18,0x18,
	0x1f,0x00,0x00,0x00,0x18,0x18,0x18,0x18,0xff,0x00,0x00,0x00,
	0x00,0x00,0x00,0x00,0xff,0x18,0x18,0x18,0x18,0x18,0x18,0x18,
	0x1f,0x18,0x18,0x18,0x00,0x00,0x00,0x00,0xff,0x00,0x00,0x00,
	0x18,0x18,0x18,0x18,0xff,0x18,0x18,0x18,0x18,0x18,0x1f,0x18,
	0x1f,0x18,0x18,0x18,0x36,0x36,0x36,0x36,0x37,0x36,0x36,0x36,
	0x36,0x36,0x37,0x30,0x3f,0x00,0x00,0x00,0x00,0x00,0x3f,0x30,
	0x37,0x36,0x36,0x36,0x36,0x36,0xf7,0x00,0xff,0x00,0x00,0x00,
	0x00,0x00,0xff,0x00,0xf7,0x36,0x36,0x36,0x36,0x36,0x37,0x30,
	0x37,0x36,0x36,0x36,0x00,0x00,0xff,0x00,0xff,0x00,0x00,0x00,
	0x36,0x36,0xf7,0x00,0xf7,0x36,0x36,0x36,0x18,0x18,0xff,0x00,
	0xff,0x00,0x00,0x00,0x36,0x36,0x36,0x36,0xff,0x00,0x00,0x00,
	0x00,0x00,0xff,0x00,0xff,0x18,0x18,0x18,0x00,0x00,0x00,0x00,
	0xff,0x36,0x36,0x36,0x36,0x36,0x36,0x36,0x3f,0x00,0x00,0x00,
	0x18,0x18,0x1f,0x18,0x1f,0x00,0x00,0x00,0x00,0x00,0x1f,0x18,
	0x1f,0x18,0x18,0x18,0x00,0x00,0x00,0x00,0x3f,0x36,0x36,0x36,
	0x36,0x36,0x36,0x36,0xff,0x36,0x36,0x36,0x18,0x18,0xff,0x18,
	0xff,0x18,0x18,0x18,0x18,0x18,0x18,0x18,0xf8,0x00,0x00,0x00,
	0x00,0x00,0x00,0x00,0x1f,0x18,0x18,0x18,0xff,0xff,0xff,0xff,
	0xff,0xff,0xff,0xff,0x00,0x00,0x00,0x00,0xff,0xff,0xff,0xff,
	0xf0,0xf0,0xf0,0xf0,0xf0,0xf0,0xf0,0xf0,0x0f,0x0f,0x0f,0x0f,
	0x0f,0x0f,0x0f,0x0f,0xff,0xff,0xff,0xff,0x00,0x00,0x00,0x00,
	0x00,0x00,0x76,0xdc,0xc8,0xdc,0x76,0x00,0x00,0x78,0xcc,0xf8,
	0xcc,0xf8,0xc0,0xc0,0x00,0xfc,0xc4,0xc0,0xc0,0xc0,0xc0,0x00,
	0x00,0xfe,0x6c,0x6c,0x6c,0x6c,0x6c,0x00,0xfc,0xc4,0x60,0x30,
	0x60,0xc4,0xfc,0x00,0x00,0x00,0x7e,0xd8,0xd8,0xd8,0x70,0x00,
	0x00,0x66,0x66,0x66,0x66,0x7c,0x60,0xc0,0x00,0x76,0xdc,0x18,
	0x18,0x18,0x18,0x00,0xfc,0x30,0x78,0xcc,0xcc,0x78,0x30,0xfc,
	0x38,0x6c,0xc6,0xfe,0xc6,0x6c,0x38,0x00,0x38,0x6c,0xc6,0xc6,
	0x6c,0x6c,0xee,0x00,0x1c,0x30,0x18,0x7c,0xcc,0xcc,0x78,0x00,
	0x00,0x00,0x7e,0xdb,0xdb,0x7e,0x00,0x00,0x06,0x0c,0x7e,0xcb,
	0xd3,0x7e,0x30,0x60,0x3c,0x60,0xc0,0xfc,0xc0,0x60,0x3c,0x00,
	0x78,0xcc,0xcc,0xcc,0xcc,0xcc,0xcc,0x00,0x00,0xfc,0x00,0xfc,
	0x00,0xfc,0x00,0x00,0x30,0x30,0xfc,0x30,0x30,0x00,0xfc,0x00,
	0x60,0x30,0x18,0x30,0x60,0x00,0xfc,0x00,0x18,0x30,0x60,0x30,
	0x18,0x00,0xfc,0x00,0x0e,0x1b,0x19,0x18,0x18,0x18,0x18,0x18,
	0x18,0x18,0x18,0x18,0x18,0x98,0xd8,0x70,0x30,0x30,0x00,0xfc,
	0x00,0x30,0x30,0x00,0x00,0x76,0xdc,0x00,0x76,0xdc,0x00,0x00,
	0x38,0x6c,0x6c,0x38,0x00,0x00,0x00,0x00,0x00,0x00,0x00,0x18,
	0x18,0x00,0x00,0x00,0x00,0x00,0x00,0x00,0x18,0x00,0x00,0x00,
	0x0f,0x0c,0x0c,0x0c,0xcc,0x6c,0x3c,0x1c,0x78,0x6c,0x6c,0x6c,
	0x6c,0x00,0x00,0x00,0x70,0x18,0x30,0x60,0x78,0x00,0x00,0x00,
	0x00,0x00,0x3c,0x3c,0x3c,0x3c,0x00,0x00,0x00,0x00,0x00,0x00,
	0x00,0x00,0x00,0x00,0xfb,0x55,0x06,0x1e,0x56,0x53,0xe8,0x4b,
	0x07,0xbb,0x40,0x00,0x8e,0xdb,0x5b,0x80,0xfc,0x01,0x75,0x1d,
	0x24,0x00,0xe8,0x3b,0x07,0x26,0x8a,0x64,0x02,0x88,0x26,0x40,
	0x00,0x8a,0x26,0x41,0x00,0x0a,0xe4,0x74,0x01,0xf9,0x5e,0x1f,
	0x07,0x5d,0xca,0x02,0x00,0xc6,0x06,0x41,0x00,0x00,0x57,0x52,
	0x51,0x53,0x50,0x8b,0xec,0x72,0x0a,0xe8,0x65,0x00,0x5b,0x5b,
	0x59,0x5a,0x5f,0xeb,0xcd,0xe8,0x03,0x00,0x58,0xeb,0xf4,0xfa,
	0xba,0xf2,0x03,0xa0,0x3f,0x00,0x0a,0xc0,0x74,0x10,0xd0,0xe8,
	0x3c,0x04,0x75,0x02,0xfe,0xc8,0x8a,0xc8,0xb4,0x10,0xd2,0xe4,
	0x0a,0xc4,0x04,0x08,0xee,0x80,0x26,0x3e,0x00,0x00,0x04,0x04,
	0xee,0xe8,0x1f,0x03,0x72,0x0e,0xe8,0x7d,0x02,0x75,0x09,0x3c,
	0xc0,0x74,0x06,0x80,0x0e,0x41,0x00,0x20,0xc3,0xe8,0x60,0x01,
	0x75,0xfa,0xba,0xf5,0x03,0xb0,0x03,0xe8,0x55,0x01,0x75,0xf0,
	0x26,0x8a,0x04,0xe8,0x4d,0x01,0x75,0xe8,0x26,0x8a,0x44,0x01,
	0xee,0xeb,0xe1,0x80,0xfa,0x02,0x73,0x4e,0x80,0xfc,0x02,0x75,
	0x03,0xe9,0x40,0x03,0x80,0xfc,0x03,0x75,0x03,0xe9,0x38,0x03,
	0x80,0xfc,0x04,0x75,0x03,0xe9,0x30,0x03,0x80,0xfc,0x05,0x75,
	0x03,0xe9,0x28,0x03,0x80,0xfc,0x08,0x75,0x03,0xe9,0x3a,0x05,
	0x80,0xfc,0x15,0x75,0x03,0xe9,0x70,0x05,0x80,0xfc,0x16,0x75,
	0x03,0xe9,0x3e,0x06,0x80,0xfc,0x17,0x75,0x11,0xe9,0x98,0x05,
	0xb4,0x4d,0xeb,0x02,0xb4,0xc5,0xb0,0x4a,0xeb,0x19,0xb0,0x42,
	0xeb,0x13,0xc6,0x06,0x41,0x00,0x01,0xeb,0x03,0xe8,0x42,0x02,
	0xb0,0x06,0xe6,0x0a,0x32,0xc0,0xc3,0xb0,0x46,0xb4,0xe6,0x88,
	0x66,0x01,0xe8,0x9d,0x01,0x73,0x07,0xc6,0x06,0x41,0x00,0x09,
	0xeb,0xe6,0xe8,0xef,0x00,0x73,0x0a,0xc6,0x06,0x41,0x00,0x00,
	0xe8,0xe5,0x00,0x72,0xd4,0xe8,0xbc,0x00,0x75,0xd2,0x8a,0x46,
	0x01,0xe8,0xa1,0x00,0x75,0xca,0x80,0x7e,0x01,0x4d,0x75,0x14,
	0x26,0x8b,0x5c,0x03,0xe8,0x82,0x00,0x75,0xbb,0x26,0x8b,0x5c,
	0x07,0xe8,0x79,0x00,0x75,0xb2,0xeb,0x21,0x8a,0x46,0x05,0xee,
	0x8a,0x5e,0x07,0x8a,0x7e,0x04,0xe8,0x68,0x00,0x75,0xa1,0x26,
	0x8b,0x5c,0x03,0xe8,0x5f,0x00,0x75,0x98,0x26,0x8b,0x5c,0x05,
	0xe8,0x56,0x00,0x75,0x8f,0xe8,0x1f,0x02,0x72,0x87,0xe8,0xc9,
	0x01,0x72,0x85,0xa0,0x42,0x00,0x24,0xc0,0x74,0x42,0x78,0x27,
	0xa0,0x43,0x00,0xa8,0x80,0xb4,0x04,0x75,0x20,0xa8,0x20,0xb4,
	0x10,0x75,0x1a,0xa8,0x10,0xb4,0x08,0x75,0x14,0xa8,0x04,0xb4,
	0x04,0x75,0x0e,0xa8,0x02,0xb4,0x03,0x75,0x08,0xa8,0x01,0xb4,
	0x02,0x75,0x02,0xb4,0x20,0x08,0x26,0x41,0x00,0xe8,0xc6,0x01,
	0xf6,0x06,0x43,0x00,0x20,0x74,0x09,0xf6,0x06,0x44,0x00,0x20,
	0x74,0x02,0xfe,0xc8,0xc3,0xe8,0x20,0x00,0x75,0x0a,0x8a,0xc3,
	0xe8,0x18,0x00,0x75,0x03,0x8a,0xc7,0xee,0xc3,0xba,0xf5,0x03,
	0xe8,0x0c,0x00,0x75,0xf7,0x8a,0x46,0x07,0xd0,0xe0,0xd0,0xe0,
	0x0a,0x46,0x06,0xee,0x32,0xe4,0x51,0x52,0xba,0xf4,0x03,0x33,
	0xc9,0xec,0xa8,0x80,0x74,0x06,0x24,0x40,0x32,0xc4,0x74,0x09,
	0xe2,0xf3,0x0b,0xe4,0xc6,0x06,0x41,0x00,0x80,0x5a,0x59,0xc3,
	0xb4,0x40,0xeb,0xde,0xc6,0x06,0x40,0x00,0xff,0x8a,0x4e,0x06,
	0xb0,0x01,0xd2,0xe0,0x84,0x06,0x3f,0x00,0x75,0x03,0xe8,0xf5,
	0x00,0x84,0x06,0x3e,0x00,0x75,0x44,0x08,0x06,0x3e,0x00,0xe8,
	0xba,0xff,0x75,0x2e,0xba,0xf5,0x03,0xb0,0x07,0xe8,0xaf,0xff,
	0x75,0x24,0x8a,0x46,0x06,0xee,0xe8,0x52,0x01,0x72,0x1b,0xe8,
	0xb0,0x00,0x75,0x16,0xa8,0xc0,0x74,0x14,0x8a,0x4e,0x06,0xb0,
	0x01,0xd2,0xe0,0x34,0xff,0x20,0x06,0x3e,0x00,0xc6,0x06,0x41,
	0x00,0x40,0xf9,0xc3,0xb8,0x0a,0x00,0xb9,0x1c,0x02,0xe2,0xfe,
	0x48,0x75,0xf8,0xe8,0x7a,0xff,0x75,0xee,0xb0,0x0f,0xe8,0x60,
	0xff,0x75,0xe7,0x8a,0x46,0x05,0xb7,0x00,0x8a,0x5e,0x06,0xf6,
	0x87,0x90,0x00,0x20,0x74,0x02,0xd0,0xe0,0x88,0x87,0x94,0x00,
	0xee,0xe8,0x03,0x01,0x72,0xcc,0x33,0xc0,0x26,0x0a,0x44,0x09,
	0x74,0x0a,0xb9,0xb8,0x01,0x90,0x90,0xe2,0xfe,0x48,0x75,0xf6,
	0xe8,0x4f,0x00,0x75,0xb5,0xa8,0xc0,0x75,0xac,0xc3,0xe8,0x9f,
	0x04,0xfa,0xe6,0x0c,0xba,0x10,0x00,0xe6,0x0b,0x8b,0x46,0x0e,
	0xf7,0xe2,0x8b,0x5e,0x02,0x03,0xc3,0x12,0xd6,0xe6,0x04,0x86,
	0xc4,0xe6,0x04,0x86,0xc4,0x8b,0xd8,0x8a,0xc2,0xe6,0x81,0x33,
	0xc0,0x8a,0x46,0x00,0x26,0x8a,0x4c,0x03,0xba,0x80,0x00,0xd3,
	0xe2,0xf7,0xe2,0x2d,0x01,0x00,0xe6,0x05,0x86,0xc4,0xe6,0x05,
	0x86,0xc4,0x03,0xc3,0xfb,0xb0,0x02,0xe6,0x0a,0xc3,0x52,0xe8,
	0xee,0xfe,0x75,0x18,0xb0,0x08,0xba,0xf5,0x03,0xee,0xe8,0x03,
	0xff,0x75,0x0d,0xec,0xa2,0x42,0x00,0xe8,0xfa,0xfe,0x75,0x04,
	0xec,0xa0,0x42,0x00,0x5a,0xc3,0x50,0xe8,0x36,0x04,0xfa,0xa2,
	0x3f,0x00,0xb0,0x10,0xd2,0xe0,0x0a,0xc1,0x0c,0x0c,0xba,0xf2,
	0x03,0xee,0xfb,0xb0,0x19,0x26,0x8a,0x54,0x0a,0xf6,0xe2,0x0b,
	0xc0,0x74,0x09,0xb9,0xfc,0x08,0x90,0xe2,0xfe,0x48,0x75,0xf7,
	0x58,0xc3,0xfc,0xbf,0x42,0x00,0x33,0xc9,0xba,0xf4,0x03,0xec,
	0x02,0xc0,0x72,0x09,0xe2,0xf9,0x80,0x0e,0x41,0x00,0x80,0xeb,
	0x1f,0x02,0xc0,0x73,0x16,0x42,0xec,0x88,0x05,0x47,0x4a,0xb9,
	0x0a,0x00,0xe2,0xfe,0xec,0x24,0x10,0x74,0x0c,0x81,0xff,0x49,
	0x00,0x75,0xd3,0x80,0x0e,0x41,0x00,0x20,0xf9,0xc3,0xfa,0xe4,
	0x05,0x8a,0xe0,0xe4,0x05,0x86,0xe0,0xfb,0x40,0xd1,0xe0,0x26,
	0x8a,0x4c,0x03,0xd2,0xec,0x8a,0x46,0x00,0x2a,0xc4,0xc3,0xfb,
	0xb3,0xfd,0x2b,0xc9,0xf6,0x06,0x3e,0x00,0x80,0x74,0x06,0x80,
	0x36,0x3e,0x00,0x80,0xc3,0xe2,0xf1,0xfe,0xc3,0x75,0xed,0x80,
	0x0e,0x41,0x00,0x80,0xf9,0xc3,0x61,0x00,0x02,0x01,0x41,0x01,
	0x61,0x02,0x61,0x03,0x15,0x00,0x15,0x02,0x61,0x03,0x54,0x00,
	0x54,0x02,0x61,0x03,0x74,0x00,0x74,0x02,0x61,0x03,0xa0,0x00,
	0x86,0x01,0xa0,0x02,0xa0,0x03,0x97,0x00,0x97,0x02,0xa0,0x03,
	0xb3,0x00,0xb3,0x02,0xa0,0x03,0x93,0x00,0x93,0x02,0x02,0x15,
	0x41,0x54,0x61,0x74,0x86,0x97,0xa0,0xb3,0xb7,0x00,0x8a,0x5e,
	0x06,0x8a,0x87,0x90,0x00,0xe8,0x64,0x00,0x73,0x08,0xc6,0x06,
	0x41,0x00,0x01,0xb0,0x00,0xc3,0x8a,0x6e,0x05,0x80,0xfd,0x02,
	0x72,0x04,0xe8,0x6b,0x00,0xc3,0xa8,0x10,0x74,0x04,0xe8,0x63,
	0x00,0xc3,0x50,0x53,0x51,0xb4,0x04,0xb5,0x02,0x88,0x6e,0x05,
	0x88,0x66,0x01,0xe8,0x52,0x00,0x59,0x5b,0x58,0x88,0x66,0x01,
	0x88,0x6e,0x05,0x8a,0x87,0x90,0x00,0xa8,0x10,0x75,0x14,0x80,
	0x3e,0x41,0x00,0x06,0x75,0x01,0xc3,0xe8,0x1a,0x00,0xe8,0xae,
	0x01,0x88,0x87,0x90,0x00,0xeb,0x0d,0xe8,0x0e,0x00,0x73,0x08,
	0xc6,0x06,0x41,0x00,0x01,0xb0,0x00,0xc3,0xe8,0x1d,0x00,0xc3,
	0x50,0x51,0x06,0x57,0x0e,0x07,0xbf,0xb6,0xc3,0xb4,0x00,0xb9,
	0x1a,0x00,0xfc,0xf2,0xaf,0x8b,0xf7,0xf9,0x75,0x01,0xf5,0x5f,
	0x07,0x59,0x58,0xc3,0xc6,0x06,0x41,0x00,0x00,0xb7,0x00,0x8a,
	0x5e,0x06,0x8a,0x87,0x90,0x00,0x3c,0x93,0x74,0x2a,0x56,0xe8,
	0xc8,0x00,0x5e,0x73,0x23,0xe8,0x22,0x01,0x72,0x4d,0x88,0x87,
	0x90,0x00,0x56,0xe8,0x33,0x01,0xe8,0xb5,0x00,0x5e,0x73,0x08,
	0xc6,0x06,0x41,0x00,0x80,0xb0,0x00,0xc3,0xc6,0x06,0x41,0x00,
	0x06,0xb0,0x00,0xc3,0x8a,0x87,0x90,0x00,0x8a,0x6e,0x05,0x80,
	0xfd,0x28,0x72,0x0b,0xa8,0x20,0x74,0x07,0xa8,0x10,0x75,0x03,
	0xeb,0x59,0x90,0x50,0x56,0x80,0xfc,0x02,0x74,0x19,0x80,0xfc,
	0x03,0x74,0x1a,0x80,0xfc,0x04,0x74,0x1b,0x80,0xfc,0x05,0x74,
	0x1c,0x5e,0x58,0xc6,0x06,0x41,0x00,0x01,0xb0,0x00,0xc3,0xe8,
	0x15,0xfc,0xeb,0x10,0x90,0xe8,0xf4,0xfb,0xeb,0x0a,0x90,0xe8,
	0xf4,0xfb,0xeb,0x04,0x90,0xe8,0xe4,0xfb,0x5e,0x59,0xb7,0x00,
	0x8a,0x5e,0x06,0x8a,0xe5,0x80,0x3e,0x41,0x00,0x00,0x75,0x13,
	0x8a,0x8f,0x90,0x00,0xf6,0xc1,0x10,0x75,0x05,0xe8,0x19,0x00,
	0x72,0xc5,0x88,0x8f,0x90,0x00,0xc3,0xe8,0xcd,0x00,0x88,0x87,
	0x90,0x00,0x80,0xf9,0x01,0x75,0x03,0xe9,0x46,0xff,0xb0,0x00,
	0xc3,0x50,0x53,0x51,0x56,0x1e,0x0e,0x1f,0x8a,0xd9,0xbe,0xea,
	0xc3,0xb9,0x05,0x00,0xfc,0xad,0x3a,0xc3,0xe0,0xfb,0xf9,0x75,
	0x01,0xf5,0x1f,0x5e,0x59,0x5b,0x8a,0xcc,0x58,0xc3,0x50,0x51,
	0x52,0x8a,0xcb,0xb0,0x01,0xd2,0xe0,0xfa,0x84,0x06,0x3f,0x00,
	0x75,0x16,0xc6,0x06,0x40,0x00,0xff,0xb0,0x10,0xd2,0xe0,0x0a,
	0xc1,0x0c,0x0c,0xba,0xf2,0x03,0xee,0xb9,0x14,0x00,0xe2,0xfe,
	0xba,0xf7,0x03,0xec,0x50,0xb0,0x0f,0x84,0x06,0x3f,0x00,0x75,
	0x08,0xba,0xf2,0x03,0xb0,0x0f,0xee,0xeb,0x19,0xa0,0x3f,0x00,
	0x24,0x0f,0xb4,0x00,0xa8,0x02,0x74,0x02,0xb4,0x01,0xb1,0x04,
	0xd2,0xe0,0x0c,0x0c,0x0a,0xc4,0xba,0xf2,0x03,0xee,0x58,0xa8,
	0x80,0xf9,0x75,0x01,0xf5,0xfb,0x5a,0x59,0x58,0xc3,0x51,0x50,
	0x1e,0x0e,0x1f,0xb9,0x1a,0x00,0xfc,0xad,0x80,0xfc,0x03,0xe0,
	0xfa,0x8a,0xc8,0xf9,0x75,0x01,0xf5,0x1f,0x58,0x8a,0xc1,0x59,
	0xc3,0x53,0x8a,0x6e,0x05,0x51,0xe8,0x73,0x01,0xe8,0x6b,0xfa,
	0xc6,0x46,0x05,0x01,0xe8,0x25,0xfc,0xc6,0x46,0x05,0x00,0xe8,
	0x1e,0xfc,0xe8,0x5a,0xfa,0x59,0x88,0x6e,0x05,0x5b,0xc3,0x53,
	0x8a,0xfc,0x8a,0xdd,0x1e,0x0e,0x1f,0xfc,0xad,0x1f,0x8a,0xcc,
	0x8a,0xeb,0x8a,0xe7,0x5b,0xc3,0xb7,0x00,0x8a,0x5e,0x06,0x8a,
	0x87,0x90,0x00,0xe8,0x4a,0xfe,0x72,0x14,0x81,0xfe,0xd4,0xc3,
	0x73,0x07,0xc6,0x46,0x04,0x0f,0xeb,0x0c,0x90,0xc6,0x46,0x04,
	0x09,0xeb,0x05,0x90,0xc6,0x46,0x04,0x00,0xb0,0x00,0x5b,0x5b,
	0x5b,0x59,0x5a,0x5f,0x8a,0x26,0x41,0x00,0x0a,0xe4,0x74,0x01,
	0xf9,0x5e,0x1f,0x07,0x5d,0xca,0x02,0x00,0xb7,0x00,0x8a,0x5e,
	0x06,0x8a,0x87,0x90,0x00,0xe8,0x0c,0xfe,0x72,0x14,0x81,0xfe,
	0xe8,0xc3,0x73,0x07,0xc6,0x46,0x01,0x02,0xeb,0x0c,0x90,0xc6,
	0x46,0x01,0x01,0xeb,0x05,0x90,0xc6,0x46,0x01,0x00,0xc6,0x46,
	0x00,0x00,0x5b,0x58,0x5b,0x59,0x5a,0x5f,0xf8,0x5e,0x1f,0x07,
	0x5d,0xca,0x02,0x00,0xb7,0x00,0x8a,0x5e,0x06,0x8a,0x87,0x90,
	0x00,0xe8,0xd4,0xfd,0x73,0x03,0xe9,0x85,0x00,0x81,0xfe,0xe8,
	0xc3,0x72,0x09,0x80,0x7e,0x00,0x01,0x75,0x79,0xeb,0x7c,0x90,
	0x56,0xe8,0xb6,0xfe,0x5e,0x73,0x23,0xe8,0x10,0xff,0x72,0x6a,
	0x88,0x87,0x90,0x00,0x56,0xe8,0x21,0xff,0xe8,0xa3,0xfe,0x5e,
	0x73,0x08,0xc6,0x06,0x41,0x00,0x80,0xeb,0x5a,0x90,0xc6,0x06,
	0x41,0x00,0x06,0xeb,0x52,0x90,0x81,0xfe,0xd4,0xc3,0x72,0x1c,
	0x80,0x7e,0x00,0x01,0x75,0x08,0xc6,0x87,0x90,0x00,0x97,0xeb,
	0x3e,0x90,0x80,0x7e,0x00,0x02,0x75,0x32,0xc6,0x87,0x90,0x00,
	0xb3,0xeb,0x30,0x90,0x80,0x7e,0x00,0x01,0x75,0x08,0xc6,0x87,
	0x90,0x00,0x54,0xeb,0x22,0x90,0x80,0x7e,0x00,0x02,0x75,0x08,
	0xc6,0x87,0x90,0x00,0x74,0xeb,0x14,0x90,0x80,0x7e,0x00,0x03,
	0x75,0x08,0xc6,0x87,0x90,0x00,0x15,0xeb,0x06,0x90,0xc6,0x06,
	0x41,0x00,0x01,0xb0,0x00,0xc3,0x8a,0xe0,0xb7,0x00,0x8a,0x5e,
	0x06,0x8a,0x87,0x90,0x00,0xe8,0x34,0xfd,0x72,0x1a,0x81,0xfe,
	0xe8,0xc3,0x73,0x0c,0xc6,0x46,0x01,0xff,0xe8,0x1f,0xfe,0x72,
	0x03,0xeb,0x0e,0x90,0xc6,0x06,0x41,0x00,0x06,0xeb,0x06,0x90,
	0xc6,0x06,0x41,0x00,0x80,0x8a,0xc4,0xc3,0x53,0x1e,0x33,0xdb,
	0x8e,0xdb,0xbb,0x78,0x00,0xc4,0x37,0x1f,0x5b,0xc3,0x00,0x00,
	0x00,0x00,0x00,0x00,0x00,0x00,0x00,0x00,0x00,0x00,0x00,0x00,
	0x00,0x00,0x00,0x00,0x00,0x00,0x00,0x00,0x00,0x00,0x00,0x00,
	0x00,0x00,0x00,0x00,0x00,0x00,0x00,0x00,0x00,0x00,0x00,0x00,
	0x00,0x00,0x00,0x00,0x00,0x00,0x00,0x00,0x00,0x00,0x00,0x00,
	0x00,0x00,0x00,0x00,0x00,0x00,0x00,0x00,0x00,0x00,0x00,0x00,
	0x00,0x00,0x00,0x00,0x00,0x00,0x00,0x00,0x00,0x00,0x00,0x00,
	0x00,0x00,0x00,0x00,0x00,0x00,0x00,0x00,0x00,0x00,0x00,0x00,
	0x00,0x00,0x00,0x00,0x00,0x00,0x00,0x00,0x00,0x00,0x00,0x00,
	0x00,0x00,0x00,0x00,0x00,0x00,0x00,0x00,0x00,0x00,0x00,0x00,
	0x00,0x00,0x00,0x00,0x00,0x00,0x00,0x00,0x00,0x00,0x00,0x00,
	0x00,0x00,0x00,0x00,0x00,0x00,0x00,0x00,0x00,0x00,0x00,0x00,
	0x00,0x00,0x00,0x00,0x00,0x00,0x00,0x00,0x00,0x00,0x00,0x00,
	0x00,0x00,0x00,0x00,0x00,0x00,0x00,0x00,0x00,0x00,0x00,0x00,
	0x00,0x00,0x00,0x00,0x00,0x00,0x00,0x00,0x00,0x00,0x00,0x00,
	0x00,0x00,0x00,0x00,0x00,0x00,0x00,0x00,0x00,0x00,0x00,0x00,
	0x00,0x00,0x00,0x00,0x00,0x00,0x00,0x00,0x00,0x00,0x00,0x00,
	0x00,0x00,0x00,0x00,0x00,0x00,0x00,0x00,0x00,0x00,0x00,0x00,
	0x00,0x00,0x00,0x00,0x00,0x00,0x00,0x00,0x00,0x00,0x00,0x00,
	0x00,0x00,0x00,0x00,0x00,0x00,0x00,0x00,0x00,0x00,0x00,0x00,
	0x00,0x00,0x00,0x00,0x00,0x00,0x00,0x00,0x00,0x00,0x00,0x00,
	0x00,0x00,0x00,0x00,0x00,0x00,0x00,0x00,0x00,0x00,0x00,0x00,
	0x00,0x00,0x00,0x00,0x00,0x00,0x00,0x00,0x00,0x00,0x00,0x00,
	0x00,0x00,0x00,0x00,0x00,0x00,0x00,0x00,0x00,0x00,0x00,0x00,
	0x00,0x00,0x00,0x00,0x00,0x00,0x00,0x00,0x00,0x00,0x00,0x00,
	0x00,0x00,0x00,0x00,0x00,0x00,0x00,0x00,0x00,0x00,0x00,0x00,
	0x00,0x00,0x00,0x00,0x00,0x00,0x00,0x00,0x00,0x00,0x00,0x00,
	0x00,0x00,0x00,0x00,0x00,0x00,0x00,0x00,0x00,0x00,0x00,0x00,
	0x00,0x00,0x00,0x00,0x00,0x00,0x00,0x00,0x00,0x00,0x00,0x00,
	0x00,0x00,0x00,0x00,0x00,0x00,0x00,0x00,0x00,0x00,0x00,0x00,
	0x00,0x00,0x00,0x00,0x00,0x00,0x00,0x00,0x00,0x00,0x00,0x00,
	0x00,0x00,0x00,0x00,0x00,0x00,0x00,0x00,0x00,0x00,0x00,0x00,
	0x00,0x00,0x00,0x00,0x00,0x00,0x00,0x00,0x00,0x00,0x00,0x00,
	0x00,0x00,0x00,0x00,0x00,0x00,0x00,0x00,0x00,0x00,0x00,0x00,
	0x00,0x00,0x00,0x00,0x00,0x00,0x00,0x00,0x00,0x00,0x00,0x00,
	0x00,0x00,0x00,0x00,0x0a,0xd2,0x78,0x05,0xcd,0x40,0xca,0x02,
	0x00,0xfb,0x22,0xe4,0x75,0x09,0xcd,0x40,0x32,0xe4,0x80,0xfa,
	0x82,0x73,0x38,0x80,0xfc,0x15,0x75,0x03,0xe9,0x25,0x04,0x55,
	0x1e,0x56,0x06,0x52,0x51,0x53,0x50,0x8b,0xec,0xbb,0x00,0x00,
	0x8e,0xdb,0xbb,0x04,0x01,0xc4,0x37,0xbb,0x40,0x00,0x8e,0xdb,
	0xe8,0x4e,0x00,0xe8,0x2f,0x00,0x58,0x88,0x26,0x74,0x00,0x0a,
	0xe4,0x74,0x01,0xf9,0x5b,0x59,0x5a,0x07,0x5e,0x1f,0x5d,0xca,
	0x02,0x00,0xe8,0x0d,0x00,0x42,0xee,0x51,0xb9,0xd0,0x07,0xe2,
	0xfe,0x59,0xec,0x24,0x08,0xc3,0x8a,0x16,0x77,0x00,0x32,0xf6,
	0x81,0xc2,0xf0,0x01,0xc3,0xba,0xff,0x01,0x32,0xc0,0xee,0x83,
	0xea,0x04,0x81,0xfa,0xf0,0x01,0x73,0xf6,0xfa,0xe4,0x21,0x0c,
	0x20,0xe6,0x21,0xb0,0x07,0xe6,0x0a,0xfb,0xc3,0xc7,0x46,0x00,
	0x00,0x00,0x80,0xfa,0x88,0x73,0x49,0xd0,0xc1,0xd0,0xc1,0x80,
	0xe9,0x04,0xd0,0xc9,0xd0,0xc9,0x89,0x0e,0x44,0x00,0xa2,0x46,
	0x00,0xa0,0x76,0x00,0xa2,0x47,0x00,0x8a,0xc2,0x24,0x06,0xd0,
	0xe0,0xa2,0x77,0x00,0xd0,0xca,0xd0,0xca,0xd0,0xca,0x80,0xe2,
	0x20,0x0a,0xf2,0x88,0x36,0x43,0x00,0xe8,0x9c,0xff,0x80,0xfc,
	0x15,0x90,0x73,0x10,0x8a,0xdc,0xd1,0xe3,0xd1,0xe3,0x2e,0x8b,
	0x87,0xe3,0xc9,0x2e,0xff,0xa7,0xe1,0xc9,0xc6,0x46,0x01,0x01,
	0xc3,0x35,0xca,0x00,0x00,0x4a,0xca,0x00,0x00,0x17,0xcb,0x47,
	0x08,0x17,0xcb,0x4b,0x0a,0x0b,0xcb,0x02,0x05,0x51,0xca,0x02,
	0x06,0x51,0xca,0x02,0x07,0x51,0xca,0x02,0x04,0x59,0xca,0x00,
	0x00,0x8e,0xca,0x00,0x00,0x17,0xcb,0x47,0xe5,0x17,0xcb,0x4b,
	0xe6,0x0b,0xcb,0x02,0x0b,0x35,0xca,0x00,0x00,0x03,0xcb,0x47,
	0x0e,0x03,0xcb,0x4b,0x0f,0x0b,0xcb,0x02,0x00,0x0b,0xcb,0x02,
	0x01,0x0b,0xcb,0x02,0xe0,0x0b,0xcb,0x02,0xe3,0x0b,0xcb,0x02,
	0xe4,0xb8,0x01,0x04,0xb9,0x01,0x00,0xba,0x80,0x00,0xcd,0x13,
	0xe8,0x0f,0xff,0x74,0x49,0xc6,0x46,0x01,0x05,0xc3,0xa0,0x74,
	0x00,0x88,0x46,0x00,0xc3,0x80,0x26,0x44,0x00,0xc0,0xe9,0xb2,
	0x00,0xe8,0x21,0x02,0x72,0x21,0x26,0x8b,0x04,0x80,0xe4,0x03,
	0x2d,0x02,0x00,0xd0,0xcc,0xd0,0xcc,0x86,0xe0,0x04,0x11,0x89,
	0x46,0x04,0x26,0x8a,0x64,0x02,0xfe,0xcc,0xa0,0x75,0x00,0x89,
	0x46,0x06,0xc3,0xc6,0x46,0x01,0x07,0xc7,0x46,0x04,0x00,0x00,
	0xc7,0x46,0x06,0x00,0x00,0xc3,0xc7,0x06,0x42,0x00,0x0c,0x00,
	0x06,0xe8,0x08,0x00,0x07,0x72,0x56,0xc6,0x06,0x43,0x00,0x20,
	0x32,0xc0,0xe8,0xfb,0x01,0x72,0x4a,0xe8,0xd3,0x01,0x72,0x40,
	0x26,0x8b,0x04,0xe8,0x40,0x00,0x72,0x38,0x26,0x8a,0x44,0x02,
	0xe8,0x40,0x00,0x72,0x2f,0x26,0x8b,0x44,0x03,0xe8,0x2e,0x00,
	0x72,0x26,0x26,0x8b,0x44,0x05,0xe8,0x25,0x00,0x72,0x1d,0x26,
	0x8a,0x44,0x07,0xe8,0x25,0x00,0x72,0x14,0x26,0x8a,0x44,0x08,
	0xa2,0x76,0x00,0xb4,0x07,0xe8,0x78,0x01,0x75,0x06,0x4a,0xec,
	0xa8,0x02,0x74,0x05,0xc6,0x46,0x01,0x07,0xf9,0xc3,0x50,0x86,
	0xe0,0xe8,0x03,0x00,0x58,0x72,0x07,0xe8,0x5c,0x01,0x72,0x02,
	0x4a,0xee,0xc3,0xc6,0x06,0x46,0x00,0x01,0xeb,0x0d,0x90,0x88,
	0x26,0x42,0x00,0xe8,0x8e,0x01,0x72,0x13,0xeb,0x7b,0x90,0x88,
	0x26,0x42,0x00,0xe8,0xc9,0x01,0x72,0x17,0xb0,0x03,0xe8,0x7b,
	0x01,0x73,0x66,0x32,0xc0,0xc6,0x06,0x42,0x00,0x03,0xe8,0x6f,
	0x01,0x73,0x05,0xc6,0x46,0x01,0xff,0xc3,0xbb,0x42,0x00,0xe8,
	0x1c,0x01,0x72,0xf7,0x4a,0xec,0x88,0x07,0x43,0x81,0xfb,0x46,
	0x00,0x75,0xf0,0xe8,0x0c,0x01,0x72,0xe7,0x4a,0xec,0xd0,0xe8,
	0xd0,0xe8,0x72,0xdb,0xa0,0x42,0x00,0x24,0x3f,0xbb,0xda,0xcb,
	0x2e,0xd7,0x88,0x46,0x01,0x2c,0x11,0x75,0xce,0xc6,0x06,0x42,
	0x00,0x0d,0xe8,0x2f,0x01,0x72,0xc4,0xe8,0xe4,0x00,0x72,0xbf,
	0x4a,0xec,0x88,0x46,0x00,0xe8,0xda,0x00,0x72,0xb5,0x4a,0xec,
	0x24,0x02,0x74,0xaf,0xc6,0x46,0x01,0x20,0xc3,0xb0,0x03,0xe6,
	0x0a,0xe4,0x21,0x24,0xdf,0xe6,0x21,0xe8,0xe3,0x00,0x26,0x8a,
	0x5c,0x0b,0x80,0x3e,0x42,0x00,0xe3,0x74,0x0f,0x26,0x8a,0x5c,
	0x0a,0x80,0x3e,0x42,0x00,0x04,0x74,0x04,0x26,0x8a,0x5c,0x09,
	0xb4,0x20,0xe8,0xa3,0x00,0x74,0x08,0xfe,0xcb,0x75,0xf5,0xc6,
	0x46,0x01,0x80,0x4a,0xec,0x24,0x02,0x08,0x46,0x01,0x80,0xca,
	0x03,0xb0,0x00,0xee,0xf6,0x46,0x01,0xff,0x74,0x03,0xe9,0x4e,
	0xff,0xc3,0x00,0x20,0x40,0x20,0x80,0xbb,0x20,0xbb,0x40,0xbb,
	0xbb,0xbb,0xbb,0xbb,0xbb,0xbb,0x10,0x10,0x02,0xbb,0x04,0x40,
	0xbb,0xbb,0x11,0x0b,0xbb,0xbb,0xbb,0xbb,0xbb,0xbb,0x01,0x02,
	0xbb,0xbb,0xbb,0xbb,0xbb,0xbb,0xbb,0xbb,0xbb,0xbb,0xbb,0xbb,
	0xbb,0xbb,0x20,0x20,0x10,0xbb,0xbb,0xbb,0xbb,0xbb,0xbb,0xbb,
	0xbb,0xbb,0xbb,0xbb,0xbb,0xbb,0x64,0x02,0x02,0x32,0x01,0x00,
	0x00,0x0b,0x05,0x0c,0xb4,0x28,0x00,0x00,0x11,0x00,0x64,0x02,
	0x02,0x32,0x01,0x00,0x00,0x0b,0x05,0x0c,0xb4,0x28,0x00,0x00,
	0x11,0x00,0x64,0x02,0x02,0x32,0x01,0x00,0x00,0x0b,0x05,0x0c,
	0xb4,0x28,0x00,0x00,0x11,0x00,0x64,0x02,0x02,0x32,0x01,0x00,
	0x00,0x0b,0x05,0x0c,0xb4,0x28,0x00,0x00,0x11,0x00,0xb4,0x01,
	0x50,0x53,0xb3,0xf8,0x33,0xc9,0x80,0xe2,0xfc,0x42,0xec,0x22,
	0xc4,0x32,0xc4,0x74,0x0d,0xe2,0xf3,0xfe,0xc3,0x75,0xed,0xc6,
	0x46,0x01,0x80,0xfe,0xc3,0xf9,0x5b,0x58,0xc3,0x80,0xe2,0xfc,
	0x42,0xec,0x24,0x02,0xf9,0x75,0x18,0x42,0xec,0xf6,0x06,0x43,
	0x00,0x20,0x75,0x04,0xd1,0xe8,0xd1,0xe8,0x25,0x03,0x00,0x52,
	0x8c,0xc2,0x03,0xd0,0x8e,0xc2,0x5a,0xc3,0x50,0x80,0xe2,0xfc,
	0x33,0xc9,0x42,0x42,0xb0,0x01,0xee,0x4a,0xec,0x24,0x08,0x75,
	0x05,0xe2,0xf4,0x58,0xeb,0x1c,0x58,0x80,0xca,0x03,0xee,0x83,
	0xea,0x02,0xbb,0x42,0x00,0x33,0xc9,0x8a,0xe5,0xec,0x24,0x0f,
	0x2c,0x0d,0x74,0x0c,0xfe,0xcc,0x75,0xf5,0xe2,0xf3,0xf9,0xc6,
	0x46,0x01,0x80,0xc3,0x80,0xe2,0xfc,0x8a,0x07,0xee,0x42,0x43,
	0x81,0xfb,0x47,0x00,0x76,0xdb,0xc3,0x80,0x3e,0x46,0x00,0x80,
	0x76,0x06,0xc6,0x46,0x01,0x09,0xf9,0xc3,0xfa,0xe6,0x0c,0x52,
	0xba,0x10,0x00,0xe6,0x0b,0x8b,0x46,0x08,0xf7,0xe2,0x03,0x46,
	0x02,0x12,0xd6,0xe6,0x06,0x86,0xe0,0xe6,0x06,0x86,0xe0,0x8b,
	0xd8,0x8a,0xc2,0xe6,0x82,0x33,0xc0,0x8a,0x26,0x46,0x00,0xd1,
	0xe0,0x80,0x3e,0x42,0x00,0xe5,0x72,0x06,0x8a,0xd4,0xd1,0xe2,
	0x03,0xc2,0x48,0xe6,0x07,0x86,0xe0,0xe6,0x07,0x86,0xe0,0xfb,
	0x03,0xc3,0x5a,0x72,0xb5,0xc3,0x50,0xb0,0x20,0xe6,0x20,0xe8,
	0x3b,0xfc,0x58,0xcf,0x1e,0x06,0x53,0xb8,0x40,0x00,0x8e,0xd8,
	0xc6,0x06,0x74,0x00,0x00,0x8a,0x1e,0x75,0x00,0x80,0xe2,0x7f,
	0x3a,0xda,0x76,0x22,0xe8,0x27,0x00,0x26,0x8a,0x47,0x02,0x26,
	0x8a,0x4f,0x0e,0xf6,0xe9,0x26,0x8b,0x0f,0x49,0xf7,0xe9,0x8b,
	0xca,0x8b,0xd0,0x2b,0xc0,0xb4,0x03,0x5b,0x07,0x1f,0xf8,0xca,
	0x02,0x00,0x2b,0xc0,0x8b,0xc8,0x8b,0xd0,0xeb,0xf1,0x2b,0xc0,
	0x8e,0xc0,0x26,0xc4,0x1e,0x04,0x01,0xc3,0x33,0xd2,0x8e,0xda,
	0x8e,0xc2,0xc7,0x06,0x04,0x01,0x1a,0xcc,0x8c,0x0e,0x06,0x01,
	0xfb,0xbb,0x00,0x7c,0xbf,0x01,0x00,0xb9,0x03,0x00,0x33,0xc0,
	0xcd,0x13,0x72,0x1c,0xb8,0x01,0x02,0x87,0xcf,0xcd,0x13,0x87,
	0xcf,0x72,0x11,0x0a,0xd2,0x79,0x08,0x81,0x3e,0xfe,0x7d,0x55,
	0xaa,0x75,0x14,0xea,0x00,0x7c,0x00,0x00,0xe2,0xdc,0x0a,0xd2,
	0x78,0x09,0x80,0xf2,0x01,0x75,0xd0,0xb2,0x80,0xeb,0xcc,0xcd,
	0x18,0x00,0x00,0x00,0x00,0x00,0x00,0x00,0x00,0x00,0x00,0x00,
	0x00,0x00,0x00,0x00,0x00,0x00,0x00,0x00,0x00,0x00,0x00,0x00,
	0x00,0x00,0x00,0x00,0x00,0x00,0x00,0x00,0x00,0x00,0x00,0x00,
	0x00,0x00,0x00,0x00,0x00,0x00,0x00,0x00,0x00,0x00,0x00,0x00,
	0x00,0x00,0x00,0x00,0x00,0x00,0x00,0x00,0x00,0x00,0x00,0x00,
	0x00,0x00,0x00,0x00,0x00,0x00,0x00,0x00,0x00,0x00,0x00,0x00,
	0x00,0x00,0x00,0x00,0x00,0x00,0x00,0x00,0x00,0x00,0x00,0x00,
	0x00,0x00,0x00,0x00,0x00,0x00,0x00,0x00,0x00,0x00,0x00,0x00,
	0x00,0x00,0x00,0x00,0x00,0x00,0x00,0x00,0x00,0x00,0x00,0x00,
	0x00,0x00,0x00,0x00,0x00,0x00,0x00,0x00,0x00,0x00,0x00,0x00,
	0x00,0x00,0x00,0x00,0x00,0x00,0x00,0x00,0x00,0x00,0x00,0x00,
	0x00,0x00,0x00,0x00,0x00,0x00,0x00,0x00,0x00,0x00,0x00,0x00,
	0x00,0x00,0x00,0x00,0x00,0x00,0x00,0x00,0x00,0x00,0x00,0x00,
	0x00,0x00,0x00,0x00,0x00,0x00,0x00,0x00,0x00,0x00,0x00,0x00,
	0x00,0x00,0x00,0x00,0x00,0x00,0x00,0x00,0x00,0x00,0x00,0x00,
	0x00,0x00,0x00,0x00,0x00,0x00,0x00,0x00,0x00,0x00,0x00,0x00,
	0x00,0x00,0x00,0x00,0x00,0x00,0x00,0x00,0x00,0x00,0x00,0x00,
	0x00,0x00,0x00,0x00,0x00,0x00,0x00,0x00,0x00,0x00,0x00,0x00,
	0x00,0x00,0x00,0x00,0x00,0x00,0x00,0x00,0x00,0x00,0x00,0x00,
	0x00,0x00,0x00,0x00,0x00,0x00,0x00,0x00,0x00,0x00,0x00,0x00,
	0x00,0x00,0x00,0x00,0x00,0x00,0x00,0x00,0x00,0x00,0x00,0x00,
	0x00,0x00,0x00,0x00,0x00,0x00,0x00,0x00,0x00,0x00,0x00,0x00,
	0x00,0x00,0x00,0x00,0x00,0x00,0x00,0x00,0x00,0x00,0x00,0x00,
	0x00,0x00,0x00,0x00,0x00,0x00,0x00,0x00,0x00,0x00,0x00,0x00,
	0x00,0x00,0x00,0x00,0x00,0x00,0x00,0x00,0x00,0x00,0x00,0x00,
	0x00,0x00,0x00,0x00,0x00,0x00,0x00,0x00,0x00,0x00,0x00,0x00,
	0x00,0x00,0x00,0x00,0x00,0x00,0x00,0x00,0x00,0x00,0x00,0x00,
	0x00,0x00,0x00,0x00,0x00,0x00,0x00,0x00,0x00,0x00,0x00,0x00,
	0x00,0x00,0x00,0x00,0x00,0x00,0x00,0x00,0x00,0x00,0x00,0x00,
	0x00,0x00,0x00,0x00,0x00,0x00,0x00,0x00,0x00,0x00,0x00,0x00,
	0x00,0x00,0x00,0x00,0x00,0x00,0x00,0x00,0x00,0x00,0x00,0x00,
	0x00,0x00,0x00,0x00,0x00,0x00,0x00,0x00,0x00,0x00,0x00,0x00,
	0x00,0x00,0x00,0x00,0x00,0x00,0x00,0x00,0x00,0x00,0x00,0x00,
	0x00,0x00,0x00,0x00,0x00,0x00,0x00,0x00,0x00,0x00,0x00,0x00,
	0x00,0x00,0x00,0x00,0x00,0x00,0x00,0x00,0x00,0x00,0x00,0x00,
	0x00,0x00,0x00,0x00,0x00,0x00,0x00,0x00,0x00,0x00,0x00,0x00,
	0x00,0x00,0x00,0x00,0x00,0x00,0x00,0x00,0x00,0x00,0x00,0x00,
	0x00,0x00,0x00,0x00,0x00,0x00,0x00,0x00,0x00,0x00,0x00,0x00,
	0x00,0x00,0x00,0x00,0x00,0x00,0x00,0x00,0x00,0x00,0x00,0x00,
	0x00,0x00,0x00,0x00,0x00,0x00,0x00,0x00,0x00,0x00,0x00,0x00,
	0x00,0x00,0x00,0x00,0x00,0x00,0x00,0x00,0x00,0x00,0x00,0x00,
	0x00,0x00,0x00,0x00,0x00,0x00,0x00,0x00,0x00,0x00,0x00,0x00,
	0x00,0x00,0x00,0x00,0x00,0x00,0x00,0x00,0x00,0x00,0x00,0x00,
	0x00,0x00,0x00,0x00,0x00,0x00,0x00,0x00,0x00,0x00,0x00,0x00,
	0x00,0x00,0x00,0x00,0x00,0x00,0x00,0x00,0x00,0x00,0x00,0x00,
	0x00,0x00,0x00,0x00,0x00,0x00,0x00,0x00,0xfb,0x80,0xfc,0x14,
	0x90,0x73,0x33,0xfc,0x06,0x1e,0x55,0x57,0x56,0x52,0x51,0x53,
	0x8b,0xec,0xbb,0x40,0x00,0x8e,0xdb,0x8b,0x16,0x63,0x00,0xbb,
	0x00,0xb8,0xf6,0xc2,0x20,0x74,0x02,0xb7,0xb0,0x8e,0xc3,0x33,
	0xdb,0x8a,0xdc,0xd1,0xe3,0x2e,0xff,0x97,0x3b,0xd0,0x5b,0x59,
	0x5a,0x5e,0x5f,0x5d,0x1f,0x07,0xcf,0x64,0xd0,0x18,0xd1,0x2f,
	0xd1,0x60,0xd1,0x74,0xd1,0xf0,0xd1,0x11,0xd2,0x10,0xd2,0xa3,
	0xd2,0xa3,0xd2,0xa3,0xd2,0xf9,0xd2,0x1e,0xd3,0x1e,0xd3,0xf2,
	0xd5,0x6e,0xd6,0x63,0xd0,0x79,0xd6,0x63,0xd0,0x03,0xd7,0xc3,
	0x3c,0x08,0x72,0x01,0xc3,0x86,0xe0,0xb7,0xb8,0xba,0xd8,0x03,
	0x32,0xc0,0x8a,0x1e,0x10,0x00,0x80,0xe3,0x30,0x80,0xfb,0x30,
	0x75,0x08,0xb7,0xb0,0xb2,0xb8,0xb4,0x07,0xfe,0xc0,0x32,0xdb,
	0x8e,0xc3,0x86,0xdc,0xec,0x24,0xf7,0xee,0x33,0xff,0xb9,0x00,
	0x08,0xb8,0x20,0x07,0x80,0xfb,0x07,0x74,0x09,0xb5,0x20,0x80,
	0xfb,0x04,0x72,0x02,0x33,0xc0,0xf3,0xab,0x8a,0xc3,0x80,0xea,
	0x04,0x1e,0x33,0xc9,0x8e,0xd9,0xc5,0x36,0x74,0x00,0xb1,0x10,
	0x3c,0x06,0x75,0x02,0xfe,0xc8,0xd0,0xe8,0xf6,0xe1,0x03,0xf0,
	0x32,0xff,0x8a,0xc7,0xee,0xfe,0xc7,0x42,0xac,0xee,0x4a,0xe2,
	0xf5,0x07,0xbf,0x49,0x00,0x8a,0xc3,0xaa,0xb8,0x28,0x00,0xf6,
	0xc3,0x02,0x74,0x02,0x03,0xc0,0xab,0xb8,0x00,0x08,0x32,0xff,
	0x2e,0x8a,0x8f,0xf5,0xf0,0xd3,0xe0,0xab,0xb9,0x09,0x00,0x33,
	0xc0,0xf3,0xab,0xb8,0x07,0x06,0xab,0x33,0xc0,0xaa,0x8b,0xc2,
	0xab,0x2e,0x8a,0x87,0xe4,0xf0,0xaa,0x83,0xc2,0x04,0xee,0x42,
	0xb0,0x30,0x80,0xfb,0x06,0x75,0x02,0x04,0x0f,0xaa,0xee,0xc3,
	0x89,0x0e,0x60,0x00,0xb0,0x0a,0xee,0x42,0x86,0xc5,0xee,0x4a,
	0xfe,0xc5,0x86,0xc5,0xee,0x42,0x86,0xc1,0xee,0x4a,0xc3,0x8a,
	0x5e,0x01,0xd1,0xe3,0x8b,0x4e,0x04,0x89,0x8f,0x50,0x00,0xd1,
	0xeb,0x38,0x1e,0x62,0x00,0x75,0x09,0xe8,0x07,0x00,0xd1,0xe9,
	0xb0,0x0e,0xeb,0xd2,0xc3,0x8a,0xc5,0xf6,0x26,0x4a,0x00,0x32,
	0xed,0x03,0xc8,0xd1,0xe1,0x8b,0xc1,0x03,0x0e,0x4e,0x00,0xc3,
	0x8a,0x5e,0x01,0xd1,0xe3,0x8b,0x0e,0x60,0x00,0x89,0x4e,0x02,
	0x8b,0x97,0x50,0x00,0x89,0x56,0x04,0xc3,0x32,0xe4,0x83,0xc2,
	0x06,0xec,0x83,0xea,0x06,0xa8,0x04,0x75,0x59,0xa8,0x02,0x74,
	0x59,0x8a,0x1e,0x49,0x00,0x8a,0xcb,0x2e,0x8a,0x9f,0xed,0xf0,
	0x03,0x1e,0x4e,0x00,0xd1,0xeb,0xb0,0x10,0xee,0x86,0xe0,0x42,
	0xec,0x86,0xe0,0xfe,0xc0,0x4a,0xee,0x42,0xec,0x4a,0x2b,0xc3,
	0x79,0x02,0x33,0xc0,0xbb,0x03,0x28,0x86,0xd9,0x3a,0xd9,0x76,
	0x2a,0x80,0xfb,0x07,0x74,0x25,0xf6,0xf7,0xd0,0xe0,0x88,0x46,
	0x03,0xd2,0xe8,0x80,0xfb,0x06,0x72,0x02,0xd0,0xe4,0x86,0xc4,
	0x89,0x46,0x04,0x33,0xdb,0x8a,0xd8,0xd3,0xe3,0x89,0x5e,0x00,
	0xb4,0x01,0x83,0xc2,0x07,0xee,0xc3,0x8a,0x2e,0x4a,0x00,0xf6,
	0xf5,0x8a,0xe8,0xd2,0xe0,0x88,0x46,0x03,0x8a,0xc5,0xeb,0xda,
	0xa2,0x62,0x00,0x8a,0xd8,0xf6,0x26,0x4d,0x00,0x86,0xe0,0xa3,
	0x4e,0x00,0xd1,0xe8,0x8b,0xc8,0xb0,0x0c,0xe8,0x17,0xff,0xd1,
	0xe3,0x8b,0x8f,0x50,0x00,0xe9,0x33,0xff,0xfd,0x8a,0xf8,0x8a,
	0x1e,0x49,0x00,0x80,0xfb,0x07,0x74,0x08,0x80,0xfb,0x03,0x76,
	0x03,0xe9,0x5f,0x01,0x1e,0x52,0x50,0xe8,0x46,0x00,0x8b,0xcf,
	0xe8,0x1e,0xff,0x8b,0xf9,0x8b,0x1e,0x4a,0x00,0x2a,0xda,0xd1,
	0xe3,0x8b,0xce,0xe8,0x0f,0xff,0x8b,0xf1,0x06,0x1f,0x58,0xf6,
	0xc4,0x01,0x74,0x02,0xf7,0xdb,0x32,0xed,0x3c,0x00,0x74,0x0e,
	0x8a,0xca,0xf3,0xa5,0x03,0xfb,0x03,0xf3,0xfe,0xce,0x75,0xf4,
	0x8a,0xf0,0x8a,0x66,0x01,0xb0,0x20,0x8a,0xca,0xf3,0xab,0x03,
	0xfb,0xfe,0xce,0x75,0xf6,0x5a,0x1f,0xc3,0x8b,0x56,0x04,0x3a,
	0x16,0x4a,0x00,0x72,0x06,0x8a,0x16,0x4a,0x00,0xfe,0xca,0x3a,
	0xca,0x76,0x02,0x8a,0xca,0x32,0xdb,0xf6,0xc4,0x01,0x74,0x08,
	0x8b,0xf2,0x2b,0xf3,0x8b,0xfa,0xeb,0x06,0x8b,0xf1,0x03,0xf3,
	0x8b,0xf9,0x2b,0xd1,0x2b,0xd3,0xfe,0xc6,0xfe,0xc2,0xc3,0x8a,
	0x3e,0x49,0x00,0x80,0xff,0x07,0x74,0x08,0x80,0xff,0x03,0x76,
	0x03,0xe9,0x68,0x02,0x50,0xa1,0x4c,0x00,0x86,0xc4,0x8a,0x5e,
	0x01,0xf6,0xe3,0x86,0xc4,0x8b,0xf0,0x32,0xff,0xd1,0xe3,0x8b,
	0x8f,0x50,0x00,0xe8,0x7f,0xfe,0x03,0xf0,0x83,0xc2,0x06,0x58,
	0x80,0xfc,0x08,0x75,0x05,0x26,0x8b,0x04,0xfb,0xc3,0x80,0xec,
	0x09,0x87,0xfe,0x8a,0x7e,0x00,0x8a,0xd8,0x8b,0x4e,0x02,0x8b,
	0xc3,0x75,0x05,0xab,0xfb,0xe2,0xfc,0xc3,0xaa,0x47,0xe2,0xfc,
	0xc3,0xa0,0x66,0x00,0x8a,0x5e,0x00,0x80,0x7e,0x01,0x00,0x74,
	0x10,0x0c,0x20,0xd0,0xcb,0x72,0x02,0x24,0xdf,0x83,0xc2,0x05,
	0xa2,0x66,0x00,0xee,0xc3,0x80,0xe3,0x1f,0x24,0xe0,0x02,0xc3,
	0xeb,0xef,0x8b,0xd8,0x8a,0x46,0x04,0xd0,0xe8,0xb2,0x50,0xf6,
	0xe2,0xf6,0x46,0x04,0x01,0x74,0x03,0x05,0x00,0x20,0x8b,0xf0,
	0x8b,0xc3,0xb7,0x80,0xd0,0xcb,0x8b,0xd1,0x8a,0xe8,0x8a,0xc1,
	0x24,0x07,0x80,0x3e,0x49,0x00,0x06,0x74,0x0a,0xd0,0xff,0xd0,
	0xe0,0x24,0x06,0xd1,0xe2,0xd0,0xcb,0xb1,0x03,0xd3,0xea,0x8a,
	0xc8,0x22,0xdf,0xd3,0xeb,0x03,0xf2,0x26,0x22,0x3c,0x80,0xfc,
	0x0d,0x74,0x0c,0xf6,0xc5,0x80,0x75,0x03,0x26,0x30,0x3c,0x26,
	0x30,0x1c,0xc3,0xf6,0xd9,0x80,0x3e,0x49,0x00,0x06,0xf5,0x80,
	0xd1,0x06,0x8a,0xc7,0xd2,0xe8,0xc3,0x50,0xe8,0xe9,0xfe,0xd0,
	0xe6,0xd0,0xe6,0x8b,0xcf,0xe8,0xaa,0x00,0x8b,0xf9,0x8b,0x1e,
	0x4a,0x00,0x2a,0xda,0x8b,0xce,0xe8,0x9d,0x00,0x8b,0xf1,0x58,
	0x80,0x3e,0x49,0x00,0x06,0x74,0x08,0xd1,0xe7,0xd1,0xe6,0xd0,
	0xe2,0xd0,0xe3,0xf6,0xc4,0x01,0x74,0x11,0xf7,0xdb,0x80,0x3e,
	0x49,0x00,0x06,0x9c,0x81,0xd6,0xf0,0x00,0x9d,0x81,0xd7,0xf0,
	0x00,0x50,0xb4,0x01,0x06,0x1f,0x3c,0x00,0x74,0x3f,0x50,0x57,
	0x56,0x32,0xed,0x8a,0xca,0xf3,0xa4,0x5e,0x5f,0x06,0x56,0x57,
	0x8c,0xc1,0x80,0xc5,0x02,0x8e,0xc1,0x8e,0xd9,0x32,0xed,0x8a,
	0xca,0xf3,0xa4,0xfe,0xcc,0x74,0x04,0x5f,0x5e,0xeb,0xe7,0x58,
	0x58,0x59,0x58,0x8e,0xc1,0x8e,0xd9,0x03,0xfb,0x03,0xf3,0xfe,
	0xce,0x75,0xcb,0x91,0x58,0x8a,0xf0,0xd0,0xe6,0xd0,0xe6,0x50,
	0x91,0x8a,0x46,0x01,0x50,0x57,0x32,0xed,0x8a,0xca,0xf3,0xaa,
	0x5f,0x06,0x57,0x8c,0xc1,0x80,0xc5,0x02,0x8e,0xc1,0x32,0xed,
	0x8a,0xca,0xf3,0xaa,0xfe,0xcc,0x74,0x03,0x5f,0xeb,0xeb,0x58,
	0x07,0x58,0x03,0xfb,0xfe,0xce,0x75,0xd8,0x58,0xc3,0x50,0x8a,
	0xc5,0xf6,0x26,0x4a,0x00,0x03,0xc0,0x03,0xc0,0x32,0xed,0x03,
	0xc8,0x58,0xc3,0x8b,0xf9,0xbe,0x6e,0xfa,0x0e,0x1f,0xa8,0x80,
	0x74,0x3a,0x24,0x7f,0x33,0xc9,0x8e,0xd9,0xc5,0x36,0x7c,0x00,
	0x50,0x8c,0xd8,0x3d,0x00,0x00,0x75,0x27,0x83,0xfe,0x00,0x75,
	0x22,0xbe,0x40,0x00,0x8e,0xde,0x8b,0x36,0x98,0x04,0x0e,0x1f,
	0x83,0xfe,0x02,0x75,0x05,0xbe,0x00,0xbc,0xeb,0x0d,0x83,0xfe,
	0x01,0x75,0x05,0xbe,0x00,0xb4,0xeb,0x03,0xbe,0x00,0xac,0x58,
	0x32,0xe4,0xb1,0x03,0xd3,0xe0,0x80,0xe4,0x07,0x03,0xf0,0x8a,
	0x5e,0x00,0x8b,0x4e,0x02,0xbd,0xff,0x1f,0x80,0xff,0x06,0x72,
	0x29,0xba,0xb1,0x1f,0x57,0x56,0xb7,0x04,0xac,0xf6,0xc3,0x80,
	0x74,0x03,0x26,0x32,0x05,0xaa,0xac,0x03,0xfd,0xf6,0xc3,0x80,
	0x74,0x03,0x26,0x32,0x05,0xaa,0x2b,0xfa,0xfe,0xcf,0x75,0xe4,
	0x5e,0x5f,0x47,0xe2,0xdb,0xc3,0x4d,0x57,0x56,0xb7,0x04,0xe8,
	0x26,0x00,0xf6,0xc3,0x80,0x74,0x03,0x26,0x33,0x05,0xab,0xe8,
	0x1a,0x00,0x03,0xfd,0xf6,0xc3,0x80,0x74,0x03,0x26,0x33,0x05,
	0xab,0x81,0xef,0xb2,0x1f,0xfe,0xcf,0x75,0xde,0x5e,0x5f,0x47,
	0x47,0xe2,0xd4,0xc3,0xac,0x53,0x33,0xd2,0x81,0xe3,0x03,0x00,
	0xd0,0xe8,0x73,0x02,0x03,0xd3,0xd1,0xe3,0xd1,0xe3,0x0a,0xc0,
	0x75,0xf2,0x86,0xf2,0x8b,0xc2,0x5b,0xc3,0x8b,0x0e,0x50,0x00,
	0x80,0xff,0x06,0x73,0x02,0xd1,0xe1,0xe8,0x10,0xff,0x80,0xfc,
	0x08,0x74,0x03,0xe9,0x19,0xff,0x8b,0xf1,0x06,0x0e,0x07,0x1f,
	0xbf,0x6e,0xfa,0x83,0xec,0x08,0x8b,0xec,0xb9,0x04,0x00,0x80,
	0xff,0x06,0x73,0x03,0xeb,0x78,0x90,0xbb,0xff,0x1f,0xba,0xb1,
	0x1f,0xac,0x88,0x46,0x00,0x03,0xf3,0xac,0x45,0x88,0x46,0x00,
	0x45,0x2b,0xf2,0xe2,0xf0,0xb9,0x08,0x00,0x2b,0xe9,0x32,0xe4,
	0x16,0x1f,0x32,0xc0,0x8b,0xf5,0x51,0x57,0xf3,0xa6,0x5f,0x59,
	0x74,0x47,0x03,0xf9,0xfe,0xc0,0x71,0xf0,0x3a,0xc4,0x74,0x3d,
	0x8a,0xe0,0x33,0xdb,0x8e,0xdb,0xc4,0x3e,0x7c,0x00,0x8c,0xc3,
	0x0b,0xdf,0x75,0x26,0xbb,0x40,0x00,0x8e,0xdb,0x8c,0xcb,0x8e,
	0xc3,0x8b,0x3e,0x98,0x00,0x83,0xff,0x02,0x75,0x05,0xbf,0x00,
	0xbc,0xeb,0xc1,0x83,0xff,0x01,0x75,0x05,0xbf,0x00,0xb4,0xeb,
	0xb7,0xbf,0x00,0xac,0xeb,0xb2,0xbb,0x40,0x00,0x8e,0xdb,0xeb,
	0xf7,0x03,0xe1,0x32,0xc4,0xc3,0xba,0xb2,0x1f,0xe8,0x06,0x00,
	0x2b,0xf2,0xe2,0xf9,0xeb,0x93,0xe8,0x04,0x00,0x81,0xc6,0xfe,
	0x1f,0xad,0x86,0xc4,0x8b,0xd8,0xd1,0xe0,0x0b,0xd8,0xb8,0x00,
	0x01,0xd1,0xeb,0xd1,0xeb,0x73,0x02,0x0a,0xc4,0xd0,0xe4,0x75,
	0xf4,0x88,0x46,0x00,0x45,0xc3,0x50,0x8a,0x26,0x49,0x00,0x3c,
	0x07,0x75,0x07,0xb3,0x02,0xe8,0x9e,0x01,0x58,0xc3,0x8a,0x1e,
	0x62,0x00,0xd1,0xe3,0x8b,0x97,0x50,0x00,0x8a,0xfb,0xd0,0xef,
	0x8a,0x5e,0x00,0x3c,0x0d,0x75,0x0e,0x32,0xd2,0x0a,0xd2,0x74,
	0x02,0xfe,0xca,0xb4,0x02,0xcd,0x10,0x58,0xc3,0x3c,0x08,0x74,
	0xf0,0x3c,0x0a,0x74,0x11,0xb4,0x0a,0xb9,0x01,0x00,0xcd,0x10,
	0xfe,0xc2,0x3a,0x16,0x4a,0x00,0x75,0xe3,0xb2,0x00,0xfe,0xc6,
	0x80,0xfe,0x19,0x72,0xda,0xfe,0xce,0xb4,0x02,0xcd,0x10,0x80,
	0x3e,0x49,0x00,0x04,0x72,0x09,0x32,0xff,0x80,0x3e,0x49,0x00,
	0x07,0x75,0x06,0xb4,0x08,0xcd,0x10,0x86,0xfc,0x33,0xc9,0xb8,
	0x01,0x06,0x8a,0x16,0x4a,0x00,0xfe,0xca,0xeb,0xb3,0x8a,0x3e,
	0x62,0x00,0x88,0x7e,0x01,0xa1,0x49,0x00,0xc3,0x50,0x3c,0x00,
	0x75,0x0c,0x8b,0x56,0x04,0x8e,0x46,0x0e,0x8b,0x6e,0x0a,0xeb,
	0x27,0x90,0x3c,0x02,0x75,0x08,0x8a,0x5e,0x00,0x80,0xfb,0x02,
	0x76,0x02,0x58,0xc3,0x0e,0x07,0xbd,0x00,0xa8,0xb8,0x00,0x08,
	0xb7,0x00,0x89,0x1e,0x98,0x00,0xf7,0xe3,0x03,0xe8,0xb9,0x80,
	0x00,0xba,0x80,0x00,0x52,0xba,0xd8,0x03,0xb0,0x00,0xee,0xba,
	0xdf,0x03,0xb0,0x01,0xee,0x5a,0xbb,0x00,0xb8,0x8e,0xdb,0x8b,
	0xd9,0xb1,0x03,0xd3,0xe2,0x8b,0xf2,0xd3,0xe3,0x8b,0xcb,0xe8,
	0x26,0x00,0x8b,0xf2,0x81,0xc6,0x00,0x08,0x8b,0xcb,0x58,0x3c,
	0x02,0x74,0x03,0x8b,0x6e,0x0a,0xe8,0x13,0x00,0xb8,0x40,0x00,
	0x8e,0xd8,0xba,0xdf,0x03,0xb0,0x00,0xee,0xba,0xd8,0x03,0xa0,
	0x65,0x00,0xee,0xc3,0x26,0x8a,0x46,0x00,0x88,0x04,0x45,0x46,
	0xe2,0xf6,0xc3,0x3c,0x04,0x72,0x03,0xe9,0x80,0x00,0x0b,0xc9,
	0x74,0x7c,0x8b,0x5e,0x00,0xd0,0xe7,0x32,0xdb,0x86,0xdf,0xff,
	0xb7,0x50,0x00,0x50,0x8b,0x46,0x0e,0x8e,0xc0,0x8b,0x56,0x04,
	0xb8,0x00,0x02,0x8b,0x5e,0x00,0xcd,0x10,0x8b,0x76,0x0a,0x8b,
	0x56,0x04,0x58,0x51,0x50,0x26,0x8a,0x24,0x80,0xfc,0x0d,0x74,
	0x4e,0x80,0xfc,0x0a,0x74,0x49,0x80,0xfc,0x08,0x74,0x44,0x80,
	0xfc,0x07,0x74,0x3f,0x3c,0x02,0x73,0x43,0xb9,0x01,0x00,0x86,
	0xc4,0x8b,0x5e,0x00,0xb4,0x09,0xcd,0x10,0xfe,0xc2,0x3a,0x16,
	0x4a,0x00,0x72,0x10,0x32,0xd2,0xfe,0xc6,0x80,0xfe,0x19,0x72,
	0x07,0xb8,0x0a,0x0e,0xfe,0xce,0xcd,0x10,0xb4,0x02,0xcd,0x10,
	0xb4,0x03,0xcd,0x10,0x58,0x59,0x46,0xe2,0xb2,0x5a,0xa8,0x01,
	0x75,0x04,0xb4,0x02,0xcd,0x10,0xc3,0x86,0xc4,0xb4,0x0e,0xcd,
	0x10,0xeb,0xe1,0xb9,0x01,0x00,0x86,0xc4,0x46,0x26,0x8a,0x1c,
	0xeb,0xba,0x51,0xb0,0xb6,0xe6,0x43,0xb0,0x2e,0xe6,0x42,0xb0,
	0x05,0xe6,0x42,0x33,0xc9,0xe4,0x61,0x8a,0xe0,0x0c,0x03,0xe6,
	0x61,0xe2,0xfe,0xe2,0xfe,0x86,0xc4,0xe6,0x61,0x59,0xc3,0x00,
	0x00,0x00,0x00,0x00,0x00,0x00,0x00,0x00,0x00,0x00,0x00,0x00,
	0x00,0x00,0x00,0x00,0x00,0x00,0x00,0x00,0x00,0x00,0x00,0x00,
	0x00,0x00,0x00,0x00,0x00,0x00,0x00,0x00,0x00,0x00,0x00,0x00,
	0x00,0x00,0x00,0x00,0x00,0x00,0x00,0x00,0x00,0x00,0x00,0x00,
	0x00,0x00,0x00,0x00,0x00,0x00,0x00,0x00,0x00,0x00,0x00,0x00,
	0x00,0x00,0x00,0x00,0x00,0x00,0x00,0x00,0x00,0x00,0x00,0x00,
	0x00,0x00,0x00,0x00,0x00,0x00,0x00,0x00,0x00,0x00,0x00,0x00,
	0x00,0x00,0x00,0x00,0x00,0x00,0x00,0x00,0x00,0x00,0x00,0x00,
	0x00,0x00,0x00,0x00,0x00,0x00,0x00,0x00,0x00,0x00,0x00,0x00,
	0x00,0x00,0x00,0x00,0x00,0x00,0x00,0x00,0x00,0x00,0x00,0x00,
	0x00,0x00,0x00,0x00,0x00,0x00,0x00,0x00,0x00,0x00,0x00,0x00,
	0x00,0x00,0x00,0x00,0x00,0x00,0x00,0x00,0x00,0x00,0x00,0x00,
	0x00,0x00,0x00,0x00,0x00,0x00,0x00,0x00,0x00,0x00,0x00,0x00,
	0x00,0x00,0x00,0x00,0x00,0x00,0x00,0x00,0x00,0x00,0x00,0x00,
	0x00,0x00,0x00,0x00,0x00,0x00,0x00,0x00,0x00,0x00,0x00,0x00,
	0x00,0x00,0x00,0x00,0x00,0x00,0x00,0x00,0x00,0x00,0x00,0x00,
	0x00,0x00,0x00,0x00,0x00,0x00,0x00,0x00,0x00,0x00,0x00,0x00,
	0x00,0x00,0x00,0x00,0x00,0x00,0x00,0x00,0x00,0x00,0x00,0x00,
	0x00,0x00,0x00,0x00,0x00,0x00,0x00,0x00,0x00,0x00,0x00,0x00,
	0x00,0x00,0x00,0x00,0x00,0x00,0x00,0x00,0x00,0x00,0x00,0x00,
	0x00,0x00,0x00,0x00,0x00,0x00,0x00,0x00,0x00,0x00,0x00,0x00,
	0x00,0x00,0x00,0x00,0x00,0x00,0x00,0x00,0x00,0x00,0x00,0x00,
	0x00,0x00,0x00,0x00,0x00,0x00,0x00,0x00,0x00,0x00,0x00,0x00,
	0x00,0x00,0x00,0x00,0x00,0x00,0x00,0x00,0x00,0x00,0x00,0x00,
	0x00,0x00,0x00,0x00,0x00,0x00,0x00,0x00,0x00,0x00,0x00,0x00,
	0x00,0x00,0x00,0x00,0x00,0x00,0x00,0x00,0x00,0x00,0x00,0x00,
	0x00,0x00,0x00,0x00,0x00,0x00,0x00,0x00,0x00,0x00,0x00,0x00,
	0x00,0x00,0x00,0x00,0x00,0x00,0x00,0x00,0x00,0x00,0x00,0x00,
	0x00,0x00,0x00,0x00,0x00,0x00,0x00,0x00,0x00,0x00,0x00,0x00,
	0x00,0x00,0x00,0x00,0x00,0x00,0x00,0x00,0x00,0x00,0x00,0x00,
	0x00,0x00,0x00,0x00,0x00,0x00,0x00,0x00,0x00,0x00,0x00,0x00,
	0x00,0x00,0x00,0x00,0x00,0x00,0x00,0x00,0x00,0x00,0x00,0x00,
	0x00,0x00,0x00,0x00,0x00,0x00,0x00,0x00,0x00,0x00,0x00,0x00,
	0x00,0x00,0x00,0x00,0x00,0x00,0x00,0x00,0x00,0x00,0x00,0x00,
	0x00,0x00,0x00,0x00,0x00,0x00,0x00,0x00,0x00,0x00,0x00,0x00,
	0x00,0x00,0x00,0x00,0x00,0x00,0x00,0x00,0x00,0x00,0x00,0x00,
	0x00,0x00,0x00,0x00,0x00,0x00,0x00,0x00,0x00,0x00,0x00,0x00,
	0x00,0x00,0x00,0x00,0x00,0x00,0x00,0x00,0x00,0x00,0x00,0x00,
	0x00,0x00,0x00,0x00,0x00,0x00,0x00,0x00,0x00,0x00,0x00,0x00,
	0x00,0x00,0x00,0x00,0x00,0x00,0x00,0x00,0x00,0x00,0x00,0x00,
	0x00,0x00,0x00,0x00,0x00,0x00,0x00,0x00,0x00,0x00,0x00,0x00,
	0x00,0x00,0x00,0x00,0x00,0x00,0x00,0x00,0x00,0x00,0x00,0x00,
	0x00,0x00,0x00,0x00,0x00,0x00,0x00,0x00,0x00,0x00,0x00,0x00,
	0x00,0x00,0x00,0x00,0x00,0x00,0x00,0x00,0x00,0x00,0x00,0x00,
	0x00,0x00,0x00,0x00,0x00,0x00,0x00,0x00,0x00,0x00,0x00,0x00,
	0x00,0x00,0x00,0x00,0x00,0x00,0x00,0x00,0x00,0x00,0x00,0x00,
	0x00,0x00,0x00,0x00,0x00,0x00,0x00,0x00,0x00,0x00,0x00,0x00,
	0x00,0x00,0x00,0x00,0x00,0x00,0x00,0x00,0x00,0x00,0x00,0x00,
	0x50,0x52,0x51,0x06,0x57,0x1e,0x56,0xb0,0x01,0xba,0xdf,0x03,
	0xee,0xba,0xd8,0x03,0xb0,0x00,0xee,0xb8,0x00,0xb8,0x8e,0xc0,
	0x33,0xff,0xb9,0x00,0x08,0x33,0xc0,0xfc,0xf3,0xab,0x33,0xff,
	0x0e,0x1f,0xbe,0x00,0x00,0x8d,0x36,0x00,0xa4,0xe8,0x23,0x00,
	0x8d,0x36,0x00,0xa8,0xe8,0x1c,0x00,0x8d,0x36,0x6e,0xfa,0xe8,
	0x15,0x00,0x8d,0x36,0x00,0xac,0xe8,0x0e,0x00,0xb0,0x00,0xba,
	0xdf,0x03,0xee,0x5e,0x1f,0x5f,0x07,0x59,0x5a,0x58,0xc3,0xb9,
	0x00,0x04,0x2e,0x8a,0x04,0x26,0x88,0x05,0x46,0x47,0xe2,0xf6,
	0xc3,0xb4,0x00,0x3c,0x10,0x72,0x07,0x2c,0x10,0x80,0xc4,0x0a,
	0xeb,0xf5,0x02,0xc4,0xc3,0x50,0x53,0x51,0xb0,0x0d,0xe8,0x56,
	0xc2,0xa8,0x80,0x75,0x14,0xb0,0x0e,0xe8,0x4d,0xc2,0x0c,0x80,
	0xb4,0x0e,0x86,0xc4,0xe8,0x63,0xc2,0xbe,0xe4,0xdd,0xeb,0x5e,
	0x90,0xb0,0x0e,0xe8,0x39,0xc2,0xa8,0x80,0x74,0x09,0x24,0x7f,
	0xb4,0x0e,0x86,0xc4,0xe8,0x4b,0xc2,0xb0,0x0a,0xe8,0x27,0xc2,
	0x24,0x7f,0x3c,0x26,0x74,0x06,0xb8,0x0a,0x26,0xe8,0x3a,0xc2,
	0xb0,0x0b,0xe8,0x16,0xc2,0x24,0x7f,0x3c,0x02,0x74,0x06,0xb8,
	0x0b,0x02,0xe8,0x29,0xc2,0xb4,0x02,0xcd,0x1a,0x51,0x52,0xb9,
	0x59,0x23,0xba,0x00,0x00,0xb4,0x03,0xcd,0x1a,0xb9,0x00,0x00,
	0xb4,0x02,0xcd,0x1a,0x81,0xf9,0x59,0x23,0x5a,0x59,0x75,0x07,
	0xb4,0x03,0xcd,0x1a,0xf8,0xeb,0x17,0xbe,0xd8,0xdd,0xe8,0x40,
	0x02,0xe8,0x28,0x05,0xa1,0x80,0x00,0xa3,0x1a,0x00,0xa3,0x1c,
	0x00,0xb4,0x00,0xcd,0x16,0xf9,0x59,0x5b,0x58,0xc3,0xb4,0x02,
	0xcd,0x1a,0x8a,0xc6,0xe8,0x52,0xff,0x8a,0xf8,0x8a,0xc5,0xe8,
	0x4b,0xff,0x8a,0xe8,0x8a,0xc1,0xe8,0x44,0xff,0x8a,0xd8,0xba,
	0x00,0x00,0xb0,0x12,0xf6,0xe7,0x8b,0xf0,0xb8,0x44,0x04,0xb7,
	0x00,0xf7,0xe3,0x03,0xf0,0xb0,0x07,0xf6,0xe5,0x03,0xc6,0x73,
	0x02,0xfe,0xc2,0x02,0xd5,0xa3,0x6c,0x00,0x89,0x16,0x6e,0x00,
	0xc3,0x55,0x06,0xb1,0x04,0x58,0xd3,0xc0,0x50,0x25,0xf0,0xff,
	0x5b,0x5a,0x03,0xc2,0x50,0x80,0xe3,0x0f,0x80,0xfb,0x0a,0x73,
	0x05,0x80,0xc3,0x30,0xeb,0x03,0x80,0xc3,0x37,0x8a,0xc3,0xb4,
	0x0e,0xcd,0x10,0xb5,0x04,0x58,0xd3,0xc0,0x50,0x24,0x0f,0x3c,
	0x0a,0x73,0x04,0x04,0x30,0xeb,0x02,0x04,0x37,0xb4,0x0e,0xcd,
	0x10,0x58,0xfe,0xcd,0x75,0xe8,0xc3,0x50,0x53,0x51,0x52,0x55,
	0x06,0x1e,0x56,0x57,0x52,0x51,0x53,0x50,0x8b,0xec,0xe8,0xbb,
	0xeb,0xb8,0x40,0x00,0x8e,0xd8,0xc6,0x06,0x3f,0x00,0x00,0xc6,
	0x06,0x40,0x00,0x00,0xc6,0x06,0x3e,0x00,0x00,0xc6,0x06,0x92,
	0x00,0x00,0xc6,0x06,0x93,0x00,0x00,0xc6,0x06,0x94,0x00,0x00,
	0xc6,0x06,0x95,0x00,0x00,0xba,0xf7,0x03,0xec,0x88,0x46,0x00,
	0xa8,0x60,0x75,0x19,0xb4,0xa0,0x88,0x26,0x90,0x00,0xc6,0x06,
	0x91,0x00,0x00,0xa0,0x10,0x00,0xa8,0x40,0x74,0x04,0x88,0x26,
	0x91,0x00,0xeb,0x1e,0x90,0xbb,0x00,0x00,0x8a,0x46,0x00,0xa8,
	0x20,0x74,0x03,0xbb,0x01,0x00,0xb4,0xa0,0x88,0xa7,0x90,0x00,
	0x4b,0x81,0xe3,0x01,0x00,0xc6,0x87,0x90,0x00,0x93,0xe8,0x4f,
	0xeb,0x26,0x8a,0x64,0x02,0x88,0x26,0x40,0x00,0x58,0x5b,0x59,
	0x5a,0x5f,0x5e,0x1f,0x07,0x5d,0x5a,0x59,0x5b,0x58,0xc3,0x33,
	0xc0,0x8e,0xd8,0xfa,0xc7,0x06,0x34,0x00,0x3a,0xcd,0xa1,0x4c,
	0x00,0xa3,0x00,0x01,0xc7,0x06,0x4c,0x00,0x00,0xc9,0xc7,0x06,
	0x64,0x00,0x90,0xcd,0xc7,0x06,0x04,0x01,0x1a,0xcc,0x8c,0x0e,
	0x36,0x00,0xa1,0x4e,0x00,0xa3,0x02,0x01,0x8c,0x0e,0x4e,0x00,
	0x8c,0x0e,0x66,0x00,0x8c,0x0e,0x06,0x01,0xfb,0xbb,0x40,0x00,
	0x8e,0xdb,0x88,0x3e,0x75,0x00,0x88,0x3e,0x77,0x00,0xb3,0x08,
	0xe8,0xbd,0x00,0x73,0x08,0x80,0xeb,0x01,0x73,0xf6,0xeb,0x6b,
	0x90,0xba,0x80,0x00,0xb8,0x00,0x00,0xcd,0x13,0xb0,0x12,0x72,
	0xf1,0xba,0x80,0x00,0xb8,0x00,0x14,0xcd,0x13,0x72,0xe7,0xb8,
	0x00,0x12,0xcd,0x13,0x72,0xe0,0x33,0xc0,0xa3,0x6c,0x00,0xbb,
	0xc7,0x01,0x81,0x3e,0x72,0x00,0x34,0x12,0x75,0x03,0xbb,0x24,
	0x00,0xe4,0x21,0x24,0xfe,0xe6,0x21,0xba,0x80,0x00,0xb4,0x10,
	0xcd,0x13,0x73,0x08,0x39,0x1e,0x6c,0x00,0x72,0xf1,0xeb,0x23,
	0xb4,0x11,0xcd,0x13,0x72,0x18,0xb4,0x09,0xcd,0x13,0x72,0x12,
	0x0e,0x07,0x53,0x33,0xdb,0xb4,0x0f,0xcd,0x13,0x5b,0x72,0x06,
	0xfe,0x06,0x75,0x00,0xeb,0x13,0xbe,0xf5,0xdc,0xeb,0x03,0xbe,
	0x08,0xdd,0xc6,0x06,0x75,0x00,0x00,0xe8,0x4b,0x00,0xbd,0x0f,
	0x00,0xfa,0xe4,0x21,0x0c,0x01,0xe6,0x21,0xe8,0x7a,0xec,0xfb,
	0xc3,0x0d,0x0a,0x44,0x69,0x73,0x6b,0x20,0x30,0x20,0x46,0x61,
	0x69,0x6c,0x75,0x72,0x65,0x0d,0x0a,0x00,0x0d,0x0a,0x44,0x69,
	0x73,0x6b,0x20,0x43,0x6f,0x6e,0x74,0x72,0x6f,0x6c,0x6c,0x65,
	0x72,0x20,0x46,0x61,0x69,0x6c,0x75,0x72,0x65,0x0d,0x0a,0x00,
	0x32,0xed,0xe8,0x29,0xec,0x74,0x05,0xfe,0xcd,0x75,0xf7,0xf9,
	0xc3,0x2e,0x8a,0x04,0x0a,0xc0,0x74,0x0b,0x53,0xb4,0x0e,0xb3,
	0x07,0xcd,0x10,0x5b,0x46,0xeb,0xee,0xc3,0x0a,0x0a,0x45,0x52,
	0x52,0x4f,0x52,0x20,0x00,0x0d,0x0a,0x4b,0x45,0x59,0x42,0x4f,
	0x41,0x52,0x44,0x20,0x45,0x52,0x52,0x4f,0x52,0x20,0x20,0x00,
	0x0d,0x0a,0x46,0x44,0x44,0x20,0x45,0x52,0x52,0x4f,0x52,0x20,
	0x00,0x3a,0x00,0x50,0x41,0x52,0x49,0x54,0x59,0x20,0x45,0x52,
	0x52,0x4f,0x52,0x20,0x31,0x0d,0x0a,0x00,0x50,0x41,0x52,0x49,
	0x54,0x59,0x20,0x45,0x52,0x52,0x4f,0x52,0x20,0x32,0x0d,0x0a,
	0x00,0x3f,0x3f,0x3f,0x3f,0x3f,0x00,0x20,0x28,0x53,0x29,0x00,
	0x20,0x28,0x45,0x29,0x00,0x0d,0x4d,0x45,0x4d,0x4f,0x52,0x59,
	0x20,0x54,0x45,0x53,0x54,0x20,0x00,0x20,0x4b,0x42,0x00,0x4f,
	0x50,0x54,0x49,0x4f,0x4e,0x20,0x52,0x4f,0x4d,0x20,0x45,0x52,
	0x52,0x4f,0x52,0x0d,0x0a,0x00,0x45,0x58,0x50,0x41,0x4e,0x53,
	0x49,0x4f,0x4e,0x20,0x45,0x52,0x52,0x4f,0x52,0x0d,0x0a,0x00,
	0x52,0x54,0x43,0x20,0x45,0x52,0x52,0x4f,0x52,0x0d,0x0a,0x00,
	0x52,0x54,0x43,0x20,0x42,0x41,0x54,0x54,0x45,0x52,0x59,0x20,
	0x45,0x52,0x52,0x4f,0x52,0x0d,0x0a,0x00,0xbc,0x03,0x78,0x03,
	0x78,0x02,0x00,0x00,0x00,0x00,0x00,0x00,0x00,0x00,0x00,0x00,
	0x00,0x00,0x00,0x00,0x00,0x00,0x00,0x00,0x00,0x00,0x00,0x00,
	0x00,0x00,0x00,0x00,0x00,0x00,0x00,0x00,0x00,0x00,0x00,0x00,
	0x00,0x00,0x00,0x00,0x00,0x00,0x00,0x00,0x00,0x00,0x00,0x00,
	0x00,0x00,0x00,0x00,0x00,0x00,0x00,0x00,0x00,0x00,0x00,0x00,
	0x00,0x00,0x00,0x00,0x00,0x00,0x00,0x00,0x00,0x00,0x00,0x00,
	0x00,0x00,0x00,0x00,0x00,0x00,0x00,0x00,0x00,0x00,0x00,0x00,
	0x00,0x00,0x00,0x00,0x00,0x00,0x00,0x00,0x00,0x00,0x00,0x00,
	0x00,0x00,0x00,0x00,0x00,0x00,0x00,0x00,0x00,0x00,0x00,0x00,
	0x00,0x00,0x00,0x00,0x00,0x00,0x00,0x00,0x00,0x00,0x00,0x00,
	0x00,0x00,0x00,0x00,0x00,0x00,0x00,0x00,0x00,0x00,0x00,0x00,
	0x00,0x00,0x00,0x00,0x00,0x00,0x00,0x00,0x00,0x00,0x00,0x00,
	0x00,0x00,0x00,0x00,0x00,0x00,0x00,0x00,0x00,0x00,0x00,0x00,
	0x00,0x00,0x00,0x00,0x00,0x00,0x00,0x00,0x00,0x00,0x00,0x00,
	0x00,0x00,0x00,0x00,0x00,0x00,0x00,0x00,0x00,0x00,0x00,0x00,
	0x00,0x00,0x00,0x00,0x00,0x00,0x00,0x00,0x00,0x00,0x00,0x00,
	0x00,0x00,0x00,0x00,0x00,0x00,0x00,0x00,0x00,0x00,0x00,0x00,
	0x00,0x00,0x00,0x00,0x00,0x00,0x00,0x00,0x00,0x00,0x00,0x00,
	0x00,0x00,0x00,0x00,0x00,0x00,0x00,0x00,0x00,0x00,0x00,0x00,
	0x00,0x00,0x00,0x00,0x00,0x00,0x00,0x00,0x00,0x00,0x00,0x00,
	0x00,0x00,0x00,0x00,0x00,0x00,0x00,0x00,0x00,0x00,0x00,0x00,
	0x00,0x00,0x00,0x00,0x00,0x00,0x00,0x00,0x00,0x00,0x00,0x00,
	0x00,0x00,0x00,0x00,0x00,0x00,0x00,0x00,0x00,0x00,0x00,0x00,
	0x00,0x00,0x00,0x00,0x00,0x00,0x00,0x00,0x00,0x00,0x00,0x00,
	0x00,0x00,0x00,0x00,0x00,0x00,0x00,0x00,0x00,0x00,0x00,0x00,
	0x00,0x00,0x00,0x00,0x00,0x00,0x00,0x00,0x00,0x00,0x00,0x00,
	0x00,0x00,0x00,0x00,0x00,0x00,0x00,0x00,0x00,0x00,0x00,0x00,
	0x00,0x00,0x00,0x00,0x00,0x00,0x00,0x00,0x00,0x00,0x00,0x00,
	0x00,0x00,0x00,0x00,0x00,0x00,0x00,0x00,0x00,0x00,0x00,0x00,
	0x00,0x00,0x00,0x00,0x00,0x00,0x00,0x00,0x00,0x00,0x00,0x00,
	0x00,0x00,0x00,0x00,0x00,0x00,0x00,0x00,0x00,0x00,0x00,0x00,
	0x00,0x00,0x00,0x00,0x00,0x00,0x00,0x00,0x00,0x00,0x00,0x00,
	0x00,0x00,0x00,0x00,0x00,0x00,0x00,0x00,0x00,0x00,0x00,0x00,
	0x00,0x00,0x00,0x00,0x00,0x00,0x00,0x00,0x00,0x00,0x00,0x00,
	0x00,0x00,0x00,0x00,0x00,0x00,0x00,0x00,0x00,0x00,0x00,0x00,
	0x00,0x00,0x00,0x00,0x00,0x00,0x00,0x00,0x00,0x00,0x00,0x00,
	0x00,0x00,0x00,0x00,0x00,0x00,0x00,0x00,0x00,0x00,0x00,0x00,
	0x00,0x00,0x00,0x00,0x00,0x00,0x00,0x00,0x00,0x00,0x00,0x00,
	0x00,0x00,0x00,0x00,0x00,0x00,0x00,0x00,0x00,0x00,0x00,0x00,
	0x00,0x00,0x00,0x00,0x00,0x00,0x00,0x00,0x00,0x00,0x00,0x00,
	0x00,0x00,0x00,0x00,0x00,0x00,0x00,0x00,0x00,0x00,0x00,0x00,
	0x00,0x00,0x00,0x00,0x00,0x00,0x00,0x00,0x00,0x00,0x00,0x00,
	0x00,0x00,0x00,0x00,0x00,0x00,0x00,0x00,0x00,0x00,0x00,0x00,
	0x4d,0x49,0x4e,0x53,0x4b,0x2e,0x2e,0x2e,0x2e,0x2e,0x32,0x38,
	0x2f,0x30,0x36,0x2e,0x39,0x30,0x20,0x50,0x43,0x33,0x30,0x30,
	0x00,0x00,0x00,0x54,0xba,0xe8,0x03,0xe4,0x61,0xb9,0xc8,0x00,
	0x0c,0x02,0xe6,0x61,0xe2,0xfe,0xb1,0xc8,0x24,0xfd,0xe6,0x61,
	0xe2,0xfe,0x4a,0x75,0xea,0xc3,0xb4,0x55,0x50,0xb0,0xff,0xe6,
	0x21,0xb0,0x20,0xe6,0x20,0x58,0xcf,0xb0,0x08,0xe6,0x61,0xb9,
	0x10,0x27,0xe2,0xfe,0xb0,0xc8,0xe6,0x61,0xb0,0x48,0xe6,0x61,
	0xc3,0xad,0xe1,0xfc,0xe0,0xeb,0xe0,0xfa,0xf8,0x72,0x23,0xb8,
	0x00,0x00,0x8e,0xd8,0x8c,0xdd,0x8e,0xd5,0x8c,0xd4,0x8e,0xc4,
	0x8c,0xc6,0x8b,0xfe,0x8b,0xdf,0x8b,0xcb,0x8b,0xd1,0x8c,0xc8,
	0x8e,0xd0,0xba,0x78,0x03,0xb0,0xaa,0xee,0xeb,0x01,0xf4,0x32,
	0xc0,0xe6,0xa0,0xe9,0x76,0x9f,0xe6,0x83,0xb0,0x99,0xe6,0x63,
	0xb0,0xf8,0xe6,0x61,0xb0,0x04,0xe6,0x08,0x8c,0xc8,0x8e,0xd8,
	0xba,0xd8,0x03,0xbb,0xa4,0xf0,0xb0,0x00,0xb9,0x10,0x00,0xee,
	0x83,0xea,0x04,0x33,0xc0,0x8a,0xc4,0xee,0x42,0xd7,0xee,0x4a,
	0xfe,0xc4,0xe2,0xf5,0x81,0xfb,0xd4,0xf0,0x74,0x0b,0xbb,0xd4,
	0xf0,0xba,0xb8,0x03,0xb8,0x01,0x00,0xeb,0xdb,0xb0,0xa8,0xe6,
	0x43,0xb9,0x00,0x80,0xbf,0x00,0x80,0xbc,0x57,0xe0,0x32,0xc0,
	0x02,0x05,0x47,0xe2,0xfb,0x0a,0xc0,0xc3,0xb3,0x01,0xbc,0x59,
	0xe0,0xba,0xd0,0x07,0xe9,0x34,0xff,0xba,0x78,0x03,0x8a,0xc3,
	0xee,0xf4,0xe8,0x27,0xff,0x8a,0xc3,0xba,0x78,0x03,0xee,0xc3,
	0x75,0xe2,0xb0,0x11,0xba,0x78,0x03,0xee,0xb0,0x54,0xe6,0x43,
	0xb9,0x14,0x00,0x8a,0xc5,0xe6,0x41,0xe2,0xfe,0xb0,0x40,0xe6,
	0x43,0xe4,0x41,0x3c,0x65,0x72,0x16,0xb8,0x74,0x12,0xe6,0x43,
	0x86,0xc4,0xe6,0x41,0x32,0xc0,0xe6,0x41,0xb0,0x12,0xba,0x78,
	0x03,0xee,0xeb,0x05,0x90,0xb3,0x02,0xeb,0xad,0xe6,0x0d,0xb8,
	0xff,0xff,0xe6,0x0f,0xb3,0x01,0xb9,0x08,0x00,0xba,0x00,0x00,
	0xee,0x90,0xee,0x90,0xec,0x3a,0xc4,0x74,0x02,0xeb,0x93,0xec,
	0x3a,0xc4,0x74,0x04,0xb3,0x05,0xeb,0x8a,0x42,0xe2,0xe9,0x33,
	0xc0,0xfe,0xcb,0x74,0xdd,0xb0,0x58,0xe6,0x0b,0xb0,0x41,0xe6,
	0x0b,0xfe,0xc0,0xe6,0x0b,0xfe,0xc0,0xe6,0x0b,0xb0,0xff,0xe6,
	0x01,0x90,0xe6,0x01,0xfe,0xc0,0xe6,0x08,0x90,0xe6,0x0a,0xb0,
	0x14,0xba,0x78,0x03,0xee,0xfc,0xb8,0x40,0x00,0x8e,0xd8,0x8b,
	0x36,0x72,0x00,0x8b,0x2e,0x98,0x00,0x33,0xc0,0x8b,0xf8,0x8e,
	0xc0,0xb9,0x00,0x20,0xf3,0xab,0x81,0xfe,0x34,0x12,0x74,0x11,
	0xbc,0x55,0xe0,0xb9,0x00,0x20,0xe9,0xfd,0x03,0xb3,0x06,0x75,
	0x6e,0x0a,0xc0,0x74,0x68,0xb8,0x40,0x00,0x8e,0xd8,0x89,0x36,
	0x72,0x00,0x89,0x2e,0x98,0x00,0xbe,0x00,0x04,0x8e,0xc6,0xbb,
	0x10,0x00,0xb8,0xf0,0x0f,0xb9,0x00,0x20,0x33,0xff,0x26,0x89,
	0x05,0x26,0x89,0x05,0x26,0x33,0x05,0x75,0x11,0xf3,0xab,0x83,
	0xc3,0x10,0x81,0xc6,0x00,0x04,0x8e,0xc6,0x81,0xfe,0x00,0xa0,
	0x75,0xdc,0x89,0x1e,0x13,0x00,0xb8,0xf8,0xf0,0xe6,0x61,0xe4,
	0x62,0x86,0xc4,0xb1,0x04,0xd2,0xe4,0xe6,0x61,0xe4,0x62,0x24,
	0x0f,0x0a,0xc4,0xa2,0x10,0x00,0xb0,0x16,0xba,0x78,0x03,0xee,
	0xeb,0x10,0x90,0xfe,0xc3,0xfe,0xc3,0xe8,0x02,0xfe,0xe9,0xce,
	0xfe,0xfe,0xc3,0xe9,0xc0,0xfe,0xbc,0x00,0x01,0xb8,0x30,0x00,
	0x8e,0xd0,0xb0,0x13,0xe6,0x20,0xb0,0x08,0xe6,0x21,0xfe,0xc0,
	0xe6,0x21,0xb9,0x1f,0x00,0xbf,0x00,0x00,0x8e,0xc7,0xb8,0x36,
	0xe0,0xab,0x8c,0xc8,0xab,0xe2,0xf7,0xb3,0x08,0xe6,0x21,0xfe,
	0xc0,0xe4,0x21,0x0a,0xc0,0x75,0xc4,0xfe,0xc8,0xe6,0x21,0xfe,
	0xc0,0xe4,0x21,0xfe,0xc0,0x75,0xb8,0xb0,0x10,0xe6,0x43,0xb0,
	0xfe,0xe6,0x21,0xb0,0x0a,0xe6,0x20,0xb9,0x00,0x20,0xe2,0xfe,
	0xe4,0x20,0x2c,0x01,0x73,0x9f,0xb9,0x00,0x10,0xfb,0xe6,0x40,
	0x80,0xfc,0x55,0x74,0x04,0xe2,0xf9,0xeb,0x8e,0xfa,0xb8,0x36,
	0x00,0xe6,0x43,0x86,0xe0,0xe6,0x40,0xe6,0x40,0xfc,0x8c,0xc8,
	0x8e,0xd8,0x8a,0xe0,0x8e,0xc0,0xbf,0x00,0x00,0xbe,0xf0,0xfe,
	0xb9,0x1f,0x00,0xa5,0x83,0xc7,0x02,0xe2,0xfa,0xb0,0x18,0xba,
	0x78,0x03,0xee,0xb8,0x40,0x00,0x8e,0xd8,0x1e,0xba,0xda,0x03,
	0x33,0xc9,0xec,0x24,0x08,0x75,0x04,0xe2,0xf9,0xeb,0x0d,0x33,
	0xc9,0xec,0x24,0x08,0x74,0x04,0xe2,0xf9,0xeb,0x02,0xeb,0x26,
	0x33,0xc9,0xba,0xba,0x03,0xec,0x24,0x08,0x75,0x04,0xe2,0xf9,
	0xeb,0x13,0x33,0xc9,0xec,0x24,0x08,0x74,0x05,0xe2,0xf9,0xeb,
	0x08,0x90,0x80,0x0e,0x10,0x00,0x30,0xeb,0x05,0x80,0x26,0x10,
	0x00,0xcf,0x8a,0x3e,0x10,0x00,0x80,0xe7,0x30,0x75,0x0a,0x26,
	0xc7,0x06,0x40,0x00,0x42,0xe0,0xeb,0x7e,0x90,0xb8,0x00,0xb0,
	0xb9,0x00,0x08,0xba,0xba,0x03,0x32,0xdb,0x80,0xff,0x30,0x74,
	0x0b,0xb8,0x00,0xb8,0xb9,0x00,0x20,0xba,0xda,0x03,0xb3,0x03,
	0x52,0x50,0x53,0x81,0x3e,0x72,0x00,0x34,0x12,0x74,0x0d,0xe8,
	0xce,0xf6,0xe8,0x75,0x02,0x74,0x05,0xb3,0x0c,0xe8,0xb6,0xfd,
	0x58,0x50,0xb4,0x00,0xcd,0x10,0xb9,0x28,0x00,0x5b,0x07,0x33,
	0xff,0xb8,0x20,0x70,0xf3,0xab,0x5a,0x53,0x33,0xc9,0xb3,0x0d,
	0xec,0x24,0x08,0x75,0x04,0xe2,0xf9,0xeb,0x0b,0x33,0xc9,0xfe,
	0xc3,0xec,0x24,0x08,0x74,0x07,0xe2,0xf9,0xe8,0x87,0xfd,0xb3,
	0xff,0xfe,0xc3,0x74,0x0a,0x83,0xea,0x06,0xb0,0x12,0xee,0x42,
	0xb0,0x0f,0xee,0x58,0xb4,0x00,0xcd,0x10,0xb0,0xfe,0xba,0x78,
	0x03,0xee,0xb8,0x00,0xc0,0xe8,0x63,0x02,0x3d,0x00,0xc8,0x75,
	0xf8,0x1f,0xbb,0x1e,0x00,0x89,0x1e,0x1a,0x00,0x89,0x1e,0x1c,
	0x00,0x89,0x1e,0x80,0x00,0x83,0xc3,0x20,0x89,0x1e,0x82,0x00,
	0x33,0xdb,0xbf,0x08,0x00,0xbe,0xf8,0xdd,0xba,0x78,0x03,0xec,
	0x50,0x52,0x2e,0x8b,0x14,0xb8,0x55,0x55,0xee,0xec,0x3a,0xe0,
	0x75,0x07,0xfe,0xc3,0x89,0x15,0x83,0xc7,0x02,0x83,0xc6,0x02,
	0x81,0xfe,0xfe,0xdd,0x75,0xe4,0x5a,0x58,0xee,0x86,0xfb,0xb9,
	0x02,0x00,0xbf,0x00,0x00,0xba,0xfa,0x03,0xec,0x24,0xf8,0x75,
	0x0a,0xfe,0xc3,0x83,0xea,0x02,0x89,0x15,0x83,0xc7,0x02,0xba,
	0xfa,0x02,0xe2,0xec,0xb1,0x05,0xd2,0xc7,0x0a,0xdf,0xd0,0xc3,
	0xba,0x01,0x02,0xec,0xa8,0x0c,0x74,0x04,0xa8,0x03,0x75,0x03,
	0x80,0xcb,0x10,0x88,0x1e,0x11,0x00,0x1e,0x07,0xb9,0x04,0x00,
	0x51,0xb8,0x14,0x01,0xbf,0x78,0x00,0xf3,0xaa,0x86,0xe0,0x59,
	0xf3,0xaa,0xfa,0xb0,0x0a,0xe6,0x20,0xb0,0xfd,0xe6,0x21,0xe8,
	0x15,0xfc,0x33,0xc9,0xe4,0x20,0x24,0x02,0x75,0x05,0xe2,0xf8,
	0xeb,0x13,0x90,0xb0,0x20,0xe6,0x20,0xe4,0x60,0x3c,0xaa,0xb0,
	0xc8,0xe6,0x61,0xb0,0x48,0xe6,0x61,0x74,0x0a,0xbe,0x4d,0xdd,
	0xe8,0xde,0xf8,0xe8,0xc6,0xfb,0xf4,0x81,0x3e,0x72,0x00,0x34,
	0x12,0x74,0x3a,0xfb,0xbd,0x16,0x00,0xe8,0x35,0x00,0xbb,0x10,
	0x00,0xb8,0x00,0x04,0x1e,0x50,0x53,0xe8,0x35,0x01,0x8a,0xd0,
	0x5b,0x58,0x1f,0x75,0x4a,0x05,0x00,0x04,0x83,0xc3,0x10,0x50,
	0x8b,0xc5,0x04,0x16,0x27,0x80,0xd4,0x00,0x27,0x8b,0xe8,0xe8,
	0x0d,0x00,0x58,0x75,0x08,0x3b,0x1e,0x13,0x00,0x74,0x64,0xeb,
	0xd3,0xeb,0x60,0x53,0xbe,0xa1,0xdd,0xe8,0x8f,0xf8,0x8b,0xc5,
	0xb9,0x04,0x03,0xd3,0xe0,0xe8,0xc2,0xf6,0xbe,0xaf,0xdd,0xe8,
	0x7f,0xf8,0xb4,0x01,0xcd,0x16,0x74,0x09,0xa1,0x80,0x00,0xa3,
	0x1a,0x00,0xa3,0x1c,0x00,0x5b,0xc3,0x89,0x1e,0x13,0x00,0x52,
	0x50,0x51,0xbe,0x44,0xdd,0xe8,0x61,0xf8,0xb8,0x00,0x40,0x59,
	0x2b,0xc1,0x8b,0xe8,0x07,0xe8,0x69,0xf6,0x5a,0xbe,0x6d,0xdd,
	0xe8,0x4e,0xf8,0x8a,0xe2,0xb9,0x04,0x02,0xe8,0x83,0xf6,0xe8,
	0x2e,0xfb,0xa1,0x80,0x00,0xa3,0x1a,0x00,0xa3,0x1c,0x00,0xb4,
	0x00,0xcd,0x16,0xbe,0xe1,0xdd,0xe8,0x30,0xf8,0xeb,0x1d,0xb5,
	0x08,0xe8,0x0d,0x00,0x74,0x06,0xfe,0xcd,0x75,0xf7,0xeb,0x10,
	0xe8,0x08,0xf7,0xeb,0x0b,0xba,0xf0,0x01,0x42,0xee,0x50,0x58,
	0xec,0x24,0x04,0xc3,0xfa,0xb0,0xff,0xe6,0x21,0x1e,0xb8,0x00,
	0xc8,0xe8,0xc3,0x00,0x3d,0x00,0xf6,0x75,0xf8,0x1f,0xe4,0x21,
	0x24,0xfd,0xe6,0x21,0xe8,0x36,0xf5,0x72,0x05,0xfa,0xe8,0xc5,
	0xf5,0xfb,0xa0,0x10,0x00,0x24,0x41,0x74,0x24,0xe4,0x21,0x24,
	0xbf,0xe6,0x21,0xb2,0x00,0xb4,0x00,0xcd,0x13,0x73,0x16,0xbe,
	0x60,0xdd,0xe8,0xd4,0xf7,0xe8,0xbc,0xfa,0xa1,0x80,0x00,0xa3,
	0x1a,0x00,0xa3,0x1c,0x00,0xb4,0x00,0xcd,0x16,0xe8,0x17,0xf6,
	0xe4,0x61,0x24,0xfc,0xe6,0x61,0x50,0xb0,0xb6,0xe6,0x43,0xb0,
	0x05,0xe6,0x42,0xe6,0x42,0xb9,0x60,0xea,0x58,0x0c,0x03,0xe6,
	0x61,0xe2,0xfc,0x24,0xfc,0xe6,0x61,0xa0,0x49,0x00,0x32,0xe4,
	0xcd,0x10,0xe4,0x21,0x24,0xfc,0xe6,0x21,0xcd,0x19,0xaa,0xaa,
	0x55,0x55,0x01,0x01,0x00,0x00,0x11,0xb9,0x00,0x20,0x8e,0xd8,
	0x33,0xff,0x8b,0x05,0x8b,0x05,0xe4,0x61,0x24,0xcf,0xe6,0x61,
	0xbb,0x9e,0xe5,0x2e,0x8b,0x07,0x3c,0x11,0x74,0x16,0x89,0x05,
	0x33,0x05,0x75,0x05,0x83,0xc3,0x02,0xeb,0xee,0xd1,0xe1,0x0a,
	0xc0,0x75,0x18,0x41,0x86,0xe0,0xeb,0x13,0x83,0xc7,0x02,0xe2,
	0xdb,0xe4,0x62,0x04,0xc0,0x73,0x08,0xe4,0x61,0x0c,0x30,0xe6,
	0x61,0x32,0xc0,0x83,0xf9,0x00,0xc3,0x8e,0xd8,0x33,0xff,0x81,
	0x3d,0x55,0xaa,0x75,0x03,0xeb,0x07,0x90,0x8c,0xd8,0x05,0x80,
	0x00,0xc3,0xb8,0x40,0x00,0x8e,0xc0,0x26,0xc7,0x06,0x67,0x04,
	0x03,0x00,0x26,0x8c,0x1e,0x69,0x04,0x8c,0xdb,0x8a,0x45,0x02,
	0xb1,0x05,0xd3,0xe0,0x03,0xd8,0x53,0xfe,0xc9,0xd3,0xe0,0x8b,
	0xc8,0xe8,0xae,0xfa,0x74,0x0b,0xbe,0xb3,0xdd,0xe8,0x01,0xf7,
	0xe8,0xe9,0xf9,0xeb,0x05,0x26,0xff,0x1e,0x67,0x04,0x58,0xc3,
	0x00,0x00,0x00,0x00,0x00,0x00,0x00,0x00,0x00,0x00,0x00,0x00,
	0x00,0x00,0x00,0x00,0x00,0x00,0x00,0x00,0x00,0x00,0x00,0x00,
	0x00,0x00,0x00,0x00,0x00,0x00,0x00,0x00,0x00,0x00,0x00,0x00,
	0x00,0x00,0x00,0x00,0x00,0x00,0x00,0x00,0x00,0x00,0x00,0x00,
	0x00,0x00,0x00,0x00,0x00,0x00,0x00,0x00,0x00,0x00,0x00,0x00,
	0x00,0x00,0x00,0x00,0x00,0x00,0x00,0x00,0x00,0x00,0x00,0x00,
	0x00,0x00,0x00,0x00,0x00,0x00,0x00,0x00,0x00,0x00,0x00,0x00,
	0x00,0x00,0x00,0x00,0x00,0x00,0x00,0x00,0x00,0x00,0x00,0x00,
	0x00,0x00,0x00,0x00,0x00,0x00,0x00,0x00,0x00,0x00,0x00,0x00,
	0x00,0x00,0x00,0x00,0x00,0x00,0x00,0x00,0x00,0x00,0x00,0x00,
	0x00,0x00,0x00,0x00,0x00,0x00,0x00,0x00,0x00,0x00,0x00,0x00,
	0x00,0x00,0x00,0x00,0x00,0x00,0x00,0x00,0x00,0x00,0x00,0x00,
	0x00,0x00,0x00,0x00,0x00,0x00,0x00,0x00,0x00,0x00,0x00,0x00,
	0x00,0x00,0x00,0x00,0x00,0x00,0x00,0x00,0x00,0x00,0x00,0x00,
	0x00,0x00,0x00,0x00,0x00,0x00,0x00,0x00,0x00,0xea,0x00,0x7c,
	0x00,0x00,0xfb,0x33,0xd2,0x8e,0xda,0xc7,0x06,0x78,0x00,0xc7,
	0xef,0x8c,0x0e,0x7a,0x00,0xbb,0x00,0x7c,0x8e,0xc2,0xbe,0x01,
	0x00,0xb9,0x04,0x00,0x32,0xe4,0xcd,0x13,0x72,0x0b,0xb8,0x01,
	0x02,0x87,0xce,0xcd,0x13,0x73,0xd2,0x87,0xce,0xe2,0xed,0x80,
	0xf2,0x01,0x75,0xe5,0xcd,0x18,0x00,0x00,0x00,0x00,0x00,0x00,
	0x00,0x00,0x00,0x00,0x00,0x00,0x00,0x00,0x00,0x00,0x00,0x00,
	0x00,0xfb,0x1e,0x53,0x52,0xbb,0x40,0x00,0x8e,0xdb,0x8b,0xda,
	0x03,0xdb,0x8b,0x97,0x00,0x00,0x23,0xd2,0x74,0x0b,0x55,0x51,
	0x50,0x8b,0xec,0xe8,0x07,0x00,0x58,0x59,0x5d,0x5a,0x5b,0x1f,
	0xcf,0x83,0xc2,0x04,0x0a,0xe4,0x74,0x1d,0xd1,0xeb,0x8a,0xbf,
	0x7c,0x00,0xfe,0xcc,0x74,0x45,0xfe,0xcc,0x74,0x5b,0xfe,0xcc,
	0x75,0x0a,0x42,0xec,0x88,0x46,0x01,0x42,0xec,0x88,0x46,0x00,
	0xc3,0x52,0x4a,0x86,0xc3,0xb0,0x80,0xee,0x80,0xe3,0xe0,0xb8,
	0x17,0x04,0x74,0x0b,0xb1,0x03,0xd2,0xc3,0xb8,0x00,0x06,0x8a,
	0xcb,0xd3,0xe8,0x83,0xea,0x03,0xee,0x42,0x8a,0xc4,0xee,0x42,
	0x42,0x8a,0x46,0x00,0x24,0x1f,0xee,0x4a,0x4a,0x32,0xc0,0xee,
	0x5a,0xeb,0xc3,0xb0,0x03,0xee,0xb3,0x30,0xe8,0x2d,0x00,0x75,
	0x0f,0x4a,0xb3,0x20,0xe8,0x27,0x00,0x75,0x07,0x83,0xea,0x05,
	0x8a,0x46,0x00,0xee,0xc3,0xb0,0x01,0xee,0xb3,0x20,0xe8,0x13,
	0x00,0x75,0xf5,0x4a,0xb3,0x01,0xe8,0x0d,0x00,0x75,0xed,0x80,
	0x66,0x01,0x1e,0x83,0xea,0x05,0xeb,0x94,0x42,0x42,0x57,0xbf,
	0x02,0x00,0x8a,0xe7,0x33,0xc9,0xec,0x88,0x46,0x01,0x22,0xc3,
	0x3a,0xc3,0x74,0x0d,0xe2,0xf4,0xfe,0xcc,0x75,0xee,0x4f,0x75,
	0xe9,0x80,0x4e,0x01,0x80,0x5f,0xc3,0x00,0x00,0x00,0x00,0x00,
	0x00,0x00,0x00,0x00,0x00,0x00,0x00,0x00,0x00,0x00,0x00,0x00,
	0x00,0x00,0x00,0x00,0x00,0x00,0x00,0x00,0x00,0x00,0x00,0x00,
	0x00,0x00,0x00,0x00,0x00,0x00,0xfb,0x1e,0x53,0xbb,0x40,0x00,
	0x8e,0xdb,0x80,0xec,0x01,0x76,0x0a,0xfe,0xcc,0x75,0x03,0xa0,
	0x17,0x00,0x5b,0x1f,0xcf,0x78,0x08,0xe8,0x1d,0x00,0x5b,0x1f,
	0xca,0x02,0x00,0xe8,0x15,0x00,0x74,0xfb,0x83,0xc3,0x02,0x3b,
	0x1e,0x82,0x00,0x75,0x04,0x8b,0x1e,0x80,0x00,0x89,0x1e,0x1a,
	0x00,0xeb,0xdb,0xfa,0x8b,0x1e,0x1a,0x00,0x8b,0x07,0x3b,0x1e,
	0x1c,0x00,0xfb,0xc3,0x00,0x00,0x00,0x00,0x00,0x00,0x00,0x00,
	0x00,0x00,0x00,0x00,0x00,0x00,0x00,0x00,0x00,0x00,0x00,0x00,
	0x00,0x00,0x00,0x00,0x00,0x00,0x00,0x00,0x00,0x00,0x00,0x00,
	0x00,0x00,0x00,0x00,0x00,0x00,0x00,0x00,0x00,0x00,0x00,0x00,
	0x00,0x00,0x00,0x00,0x00,0x00,0x00,0x00,0x00,0x00,0x00,0x00,
	0x00,0x00,0x00,0x00,0x00,0x00,0x00,0x00,0x00,0x00,0x00,0x00,
	0x00,0x00,0x00,0x00,0x00,0x00,0x00,0x00,0x00,0x00,0x00,0x00,
	0x00,0x00,0x00,0x00,0x00,0x00,0x00,0x00,0x00,0x00,0x00,0x00,
	0x00,0x00,0x00,0x00,0x00,0x00,0x00,0x00,0x00,0x00,0x00,0x00,
	0x00,0x00,0x00,0x00,0x00,0x00,0x00,0x00,0x00,0x00,0x00,0x00,
	0x00,0x00,0x00,0x00,0x00,0x00,0x00,0x00,0x00,0x00,0x00,0x00,
	0x00,0x00,0x00,0x00,0x00,0x00,0x00,0x00,0x00,0x00,0x00,0x00,
	0x00,0x00,0x00,0x00,0x00,0x00,0x00,0x00,0x00,0x00,0x00,0x00,
	0x00,0x00,0x00,0x00,0x00,0x00,0x00,0x00,0x00,0x00,0x00,0x00,
	0x00,0x00,0x00,0x00,0x00,0x00,0x00,0x00,0x00,0x00,0x00,0x00,
	0x00,0x00,0x00,0x00,0x00,0x00,0x00,0x00,0x00,0x00,0x00,0x00,
	0x00,0x00,0x00,0x00,0x00,0x00,0x00,0x00,0x00,0x00,0x00,0x00,
	0x00,0x00,0x00,0x00,0x00,0x00,0x00,0x00,0x00,0x00,0x00,0x00,
	0x00,0x00,0x00,0x00,0x00,0x00,0x00,0x00,0x00,0x00,0x00,0x00,
	0x00,0x00,0x00,0x00,0x00,0x00,0x00,0x00,0x00,0x00,0x00,0x00,
	0x00,0x00,0x00,0x00,0x00,0x00,0x00,0x00,0x00,0x00,0x00,0x00,
	0x00,0x00,0x00,0x00,0x00,0x00,0x00,0x00,0x00,0x00,0x00,0x00,
	0x00,0x00,0x00,0x00,0x00,0x00,0x00,0x00,0x00,0x00,0x00,0x00,
	0x00,0x00,0x00,0xe9,0x25,0xb4,0x00,0x00,0x00,0x00,0x00,0x00,
	0x00,0x00,0x00,0x00,0x00,0x00,0x00,0x00,0x00,0x00,0x00,0x00,
	0x00,0x00,0x00,0x00,0x00,0x00,0x00,0x00,0x00,0x00,0x00,0x00,
	0x00,0x00,0x00,0x00,0x00,0x00,0x00,0x00,0x00,0x00,0x00,0x00,
	0x00,0x00,0x00,0x00,0x00,0x00,0x00,0x00,0x00,0x00,0x00,0x00,
	0x00,0x00,0x00,0x00,0x00,0x00,0x00,0x00,0x00,0x00,0x00,0x00,
	0x00,0x00,0x00,0x00,0x00,0x00,0x00,0x00,0x00,0x00,0x00,0x00,
	0x00,0x00,0x00,0x00,0x00,0x00,0x00,0x00,0x00,0x00,0x00,0x00,
	0x00,0x00,0x00,0x00,0x00,0x00,0x00,0x00,0x00,0x00,0x00,0x00,
	0x00,0x00,0x00,0x00,0x00,0x00,0x00,0x00,0x00,0x00,0x00,0x00,
	0x00,0x00,0x00,0x00,0x50,0xe4,0x62,0x24,0xc0,0x75,0x02,0x58,
	0xcf,0xbe,0x6f,0xdd,0x78,0x03,0xbe,0x80,0xdd,0xb8,0x40,0x00,
	0x8e,0xd8,0xb0,0x01,0xcd,0x10,0xe8,0x57,0x00,0xe8,0x11,0xf3,
	0x32,0xc0,0xe6,0xa0,0xba,0x61,0x00,0xec,0x0c,0x30,0xee,0x24,
	0xcf,0xee,0x8b,0x16,0x13,0x00,0xb1,0x06,0xd3,0xe2,0xfc,0x83,
	0xea,0x40,0x8e,0xda,0x33,0xf6,0xb9,0x00,0x04,0xac,0xe4,0x62,
	0xa8,0xc0,0x75,0x0e,0xe2,0xf7,0x0b,0xd2,0x75,0xe9,0xbe,0x91,
	0xdd,0xe8,0xdd,0xf2,0xfa,0xf4,0x8e,0xc2,0x4e,0x8b,0xee,0xe8,
	0xe7,0xf0,0x32,0xc0,0xba,0x13,0x02,0xee,0x33,0xdb,0x89,0x17,
	0x3b,0x17,0xbe,0x97,0xdd,0x74,0xe2,0xbe,0x9c,0xdd,0xeb,0xdd,
	0x51,0xb0,0xb6,0xe6,0x43,0xb0,0x2e,0xe6,0x42,0xb0,0x05,0xe6,
	0x42,0x33,0xc9,0xe4,0x61,0x8a,0xe0,0x0c,0x03,0xe6,0x61,0xe2,
	0xfe,0xe2,0xfe,0x86,0xc4,0xe6,0x61,0x59,0xc3,0x00,0x00,0x00,
	0x00,0x00,0x00,0x00,0x00,0x00,0x00,0x00,0x00,0x00,0x00,0x00,
	0x00,0x00,0x00,0x00,0x00,0x00,0x00,0x00,0x00,0x00,0x00,0x00,
	0x00,0x00,0x00,0x00,0x00,0x00,0x00,0x00,0x00,0x00,0x00,0x00,
	0x00,0x00,0x00,0x00,0x00,0x00,0x00,0x00,0x00,0x00,0x00,0x00,
	0x00,0x00,0x00,0x00,0x00,0x00,0x00,0x00,0x00,0x00,0x00,0x00,
	0x00,0x00,0x00,0x00,0x00,0x00,0x00,0x00,0x00,0x00,0x00,0x00,
	0x00,0x00,0x00,0x00,0x00,0x00,0x00,0x00,0x00,0x00,0x00,0x00,
	0x00,0x00,0x00,0x00,0x00,0x00,0x00,0x00,0x00,0x00,0x00,0x00,
	0x00,0x00,0x00,0x00,0x00,0x00,0x00,0x00,0x00,0x00,0x00,0x00,
	0x00,0x00,0x00,0x00,0x00,0x00,0x00,0x00,0x00,0x00,0x00,0x00,
	0x00,0x00,0x00,0x00,0x00,0x00,0x00,0x00,0x00,0x00,0x00,0x00,
	0x00,0x00,0x00,0x00,0x00,0x00,0x00,0x00,0x00,0x00,0x00,0x00,
	0x00,0x00,0x00,0x00,0x00,0x00,0x00,0x00,0x00,0x00,0x00,0x00,
	0x00,0x00,0x00,0x00,0x00,0x00,0x00,0x00,0x00,0x00,0x00,0x00,
	0x00,0x00,0x00,0x00,0x00,0x00,0x00,0x00,0x00,0x00,0x00,0x00,
	0x00,0x00,0x00,0x00,0x00,0x00,0x00,0x00,0x00,0x00,0x00,0x00,
	0x00,0x00,0x00,0x00,0x00,0x00,0x00,0x00,0x00,0x00,0x00,0x00,
	0x00,0x00,0x00,0x00,0x00,0x00,0x00,0x00,0x00,0x00,0x00,0x00,
	0x00,0x00,0x00,0x00,0x00,0x00,0x00,0x00,0x00,0x00,0x00,0x00,
	0x00,0x00,0x00,0x00,0x00,0x00,0x00,0x00,0x00,0x00,0x00,0x00,
	0x00,0x00,0x00,0x00,0x00,0x00,0x00,0x00,0x00,0x00,0x00,0x00,
	0x00,0x00,0x00,0x00,0x00,0x00,0x00,0x00,0x00,0x00,0x00,0x00,
	0x00,0x00,0x00,0x00,0x00,0x00,0x00,0x00,0x00,0x00,0x00,0x00,
	0x00,0x00,0x00,0x00,0x00,0x00,0x00,0x00,0x00,0x00,0x00,0x00,
	0x00,0x00,0x00,0x00,0x00,0x00,0x00,0x00,0x00,0x00,0x00,0x00,
	0x00,0x00,0x00,0x00,0x00,0x00,0x00,0x00,0x00,0x00,0x00,0x00,
	0x00,0x00,0x00,0x00,0x00,0x00,0x00,0x00,0x00,0x00,0x00,0x00,
	0x00,0x00,0x00,0x00,0x00,0x00,0x00,0x00,0x00,0x00,0x00,0x00,
	0x00,0x00,0x00,0x00,0x00,0x00,0x00,0x00,0x00,0x00,0x00,0x00,
	0x00,0x00,0x00,0x00,0x00,0x00,0x00,0x00,0x00,0x00,0x00,0x00,
	0x00,0x00,0x00,0x00,0x00,0x00,0x00,0x00,0x00,0x00,0x00,0x00,
	0x00,0x00,0x00,0x00,0x00,0x00,0x00,0x00,0x00,0x00,0x00,0x00,
	0x00,0x00,0x00,0x00,0x00,0x00,0x00,0x00,0x00,0x00,0x00,0x00,
	0x00,0x00,0x00,0x00,0x00,0x00,0x00,0x00,0x00,0x00,0x00,0x00,
	0x00,0x00,0x00,0x00,0x00,0x00,0x00,0x00,0x00,0x00,0x00,0x00,
	0x00,0x00,0x00,0x00,0x00,0x00,0x00,0x00,0x00,0x00,0x00,0x00,
	0x00,0x00,0x00,0x00,0x00,0x00,0x00,0x00,0x00,0x00,0x00,0x00,
	0x00,0x00,0x00,0x00,0x00,0xe9,0xa4,0xd3,0x00,0x00,0x00,0x00,
	0x00,0x00,0x00,0x00,0x00,0x00,0x00,0x00,0x00,0x00,0x00,0x00,
	0x00,0x00,0x00,0x00,0x00,0x00,0x00,0x00,0x00,0x00,0x00,0x00,
	0x00,0x00,0x00,0x00,0x00,0x00,0x00,0x00,0x00,0x00,0x00,0x00,
	0x00,0x00,0x00,0x00,0x00,0x00,0x00,0x00,0x00,0x00,0x00,0x00,
	0x00,0x00,0x00,0x00,0x00,0x00,0x00,0x00,0x00,0x00,0x00,0x00,
	0x00,0x00,0x00,0x00,0x00,0x00,0x00,0x00,0x00,0x00,0x00,0x00,
	0x00,0x00,0x00,0x00,0x00,0x00,0x00,0x00,0x00,0x00,0x00,0x00,
	0x00,0x00,0x00,0x00,0x00,0x00,0x00,0x00,0x00,0x00,0x00,0x00,
	0x00,0x00,0x00,0x00,0x00,0x00,0x00,0x00,0x00,0x00,0x00,0x00,
	0x00,0x00,0x00,0x00,0x00,0x00,0x00,0x00,0x00,0x00,0x00,0x00,
	0x00,0x00,0x00,0x00,0x00,0x00,0x00,0x00,0x00,0x00,0x00,0x00,
	0x00,0x00,0x00,0x00,0x00,0x00,0x00,0x00,0x00,0x00,0x00,0x00,
	0x00,0x00,0x00,0x00,0x00,0x00,0x00,0x00,0x00,0x00,0x00,0x00,
	0x00,0x00,0x00,0x00,0x00,0x00,0x00,0x00,0x00,0x00,0x00,0x00,
	0x00,0x00,0x00,0x00,0x00,0x00,0x00,0x00,0x00,0x00,0x00,0x00,
	0x00,0x00,0x00,0x00,0x00,0x00,0x00,0x00,0x00,0x00,0x00,0x00,
	0x00,0x00,0x00,0x00,0x00,0x00,0x00,0x00,0x00,0x00,0x00,0x00,
	0x00,0x00,0x00,0x00,0x00,0x00,0x00,0x00,0x00,0x00,0x00,0x00,
	0x00,0x00,0x00,0x00,0x00,0x00,0x00,0x00,0x00,0x00,0x00,0x00,
	0x00,0x00,0x00,0x00,0x00,0x00,0x00,0x00,0x00,0x00,0x00,0x00,
	0x00,0x00,0x00,0x00,0x00,0x00,0x00,0x00,0x00,0x00,0x00,0x00,
	0x00,0x00,0x00,0x00,0x00,0x00,0x00,0x00,0x00,0x00,0x00,0x00,
	0x00,0x00,0x00,0x00,0x00,0x00,0x00,0x00,0x00,0x00,0x00,0x00,
	0x00,0x00,0x00,0x00,0x00,0x00,0x00,0x00,0x00,0x00,0x00,0x00,
	0x00,0x00,0x00,0x00,0x00,0x00,0x00,0x00,0x00,0x00,0x00,0x00,
	0x00,0x00,0x00,0x00,0x00,0x00,0x00,0x00,0x00,0x00,0x00,0x00,
	0x00,0x00,0x00,0x00,0x00,0x00,0x00,0x00,0x00,0x00,0x00,0x00,
	0x00,0x00,0x00,0x00,0x00,0x00,0x00,0x00,0x00,0x00,0x00,0x00,
	0x00,0x00,0x00,0x00,0x00,0x00,0x00,0x00,0x00,0x00,0x00,0x00,
	0x00,0x00,0x00,0x00,0x00,0x00,0x00,0x00,0x00,0x00,0x00,0x00,
	0x00,0x00,0x00,0x00,0x00,0x00,0x00,0x00,0x00,0x00,0x00,0x00,
	0x00,0x00,0x00,0x00,0x00,0x00,0x00,0x00,0x00,0x00,0x00,0x00,
	0x00,0x00,0x00,0x00,0x00,0x00,0x00,0x00,0x00,0x00,0x00,0x00,
	0x00,0x00,0x00,0x00,0x00,0x00,0x00,0x00,0x00,0x00,0x00,0x00,
	0x00,0x00,0x00,0x00,0x00,0x00,0x00,0x00,0x00,0x00,0x00,0x00,
	0x00,0x00,0x00,0x00,0x00,0x00,0x00,0x00,0x00,0x00,0x00,0x00,
	0x00,0x00,0x00,0x00,0x00,0x00,0x00,0x00,0x00,0x00,0x00,0x00,
	0x00,0x00,0x00,0x00,0x00,0x00,0x00,0x00,0x00,0x00,0x00,0x00,
	0x00,0x00,0x00,0x00,0x00,0x00,0x00,0x00,0x00,0x00,0x00,0x00,
	0x00,0x00,0x00,0x00,0x00,0x00,0x00,0x00,0x00,0x00,0x00,0x00,
	0x00,0x00,0x00,0x00,0x00,0x00,0x00,0x00,0x00,0x00,0x00,0x00,
	0x00,0x00,0x00,0x00,0x00,0x00,0x00,0x00,0x00,0x00,0x00,0x00,
	0x00,0x00,0x00,0x00,0x00,0x00,0x00,0x00,0x00,0x00,0x00,0x00,
	0x00,0x00,0x00,0x00,0x00,0x00,0x00,0x00,0x00,0x00,0x00,0x00,
	0x00,0x00,0x00,0x00,0x00,0x00,0x00,0x00,0x00,0x00,0x00,0x00,
	0x00,0x00,0x00,0x00,0x00,0x00,0x00,0x00,0x00,0x00,0x00,0x00,
	0x00,0x00,0x00,0x00,0x00,0x00,0x00,0x00,0x00,0x00,0x00,0x00,
	0x00,0x00,0x00,0x00,0x00,0x00,0x00,0x00,0x00,0x00,0x00,0x00,
	0x00,0x00,0x00,0x00,0x00,0x00,0x00,0x00,0x00,0x00,0x00,0x00,
	0x00,0x00,0x00,0x00,0x00,0x00,0x00,0x00,0x00,0x00,0x00,0x00,
	0x00,0x00,0x00,0x00,0x00,0x00,0x00,0x00,0x00,0x00,0x00,0x00,
	0x00,0x00,0x00,0x00,0x00,0x00,0x00,0x00,0x00,0x00,0x00,0x00,
	0x00,0x00,0x00,0x00,0x00,0x00,0x00,0x00,0x00,0x00,0x00,0x00,
	0x00,0x00,0x00,0x00,0x00,0x00,0x00,0x00,0x00,0x00,0x00,0x00,
	0x00,0x00,0x00,0x00,0x00,0x00,0x00,0x00,0x00,0x00,0x00,0x00,
	0x00,0x00,0x00,0x00,0x00,0x00,0x00,0x00,0x00,0x00,0x00,0x00,
	0x00,0x00,0x00,0x00,0x00,0x00,0x00,0x00,0x00,0x00,0x00,0x00,
	0x00,0x00,0x00,0x00,0x00,0x00,0x00,0x00,0x00,0x00,0x00,0x00,
	0x00,0x00,0x00,0x00,0x00,0x00,0x00,0x00,0x00,0x00,0x00,0x00,
	0x00,0x00,0x00,0x00,0x00,0x00,0x00,0x00,0x00,0x00,0x00,0x00,
	0x00,0x00,0x00,0x00,0x00,0x00,0x00,0x00,0x00,0x00,0x00,0x00,
	0x00,0x00,0x00,0x00,0x00,0x00,0x00,0x00,0x00,0x00,0x00,0x00,
	0x00,0x00,0x00,0x00,0x00,0x00,0x00,0x00,0x00,0x00,0x00,0x00,
	0x00,0x00,0x00,0x50,0xb8,0x40,0x00,0x1e,0x8e,0xd8,0xb0,0x20,
	0xe6,0x20,0x80,0x0e,0x3e,0x00,0x80,0x1f,0x58,0xcf,0x00,0x00,
	0x00,0x00,0x00,0x00,0x00,0x00,0x00,0x00,0x00,0x00,0x00,0x00,
	0x00,0x00,0x00,0x00,0x00,0x00,0x00,0x00,0x00,0x00,0x00,0x00,
	0x00,0x00,0x00,0x00,0x00,0x00,0x00,0x00,0x00,0x00,0x00,0x00,
	0x00,0x00,0x00,0x00,0x00,0x00,0x00,0x00,0x00,0x00,0x00,0x00,
	0x00,0x00,0x00,0x00,0x00,0x00,0x00,0x00,0x00,0x00,0x00,0x00,
	0x00,0x00,0x00,0x00,0x00,0x00,0x00,0x00,0x00,0x00,0x00,0x00,
	0x00,0x00,0x00,0x00,0x00,0x00,0x00,0x00,0x00,0x00,0x00,0x00,
	0x00,0x00,0x00,0x00,0x00,0x00,0x00,0xdf,0x02,0x25,0x02,0x08,
	0x2a,0xff,0x50,0xf6,0x0f,0x04,0xfb,0x1e,0x57,0x52,0x53,0x50,
	0xbb,0x40,0x00,0x8e,0xdb,0x8b,0xda,0xd1,0xe3,0x8b,0x97,0x08,
	0x00,0x23,0xd2,0x74,0x14,0x22,0xe4,0x74,0x2b,0xfe,0xcc,0x74,
	0x14,0xfe,0xcc,0x75,0x08,0x42,0xec,0x24,0xf8,0x34,0x48,0x8a,
	0xe0,0x5b,0x8a,0xc3,0x5b,0x5a,0x5f,0x1f,0xcf,0x83,0xc2,0x02,
	0xbb,0x29,0x02,0xb0,0x08,0xee,0x4b,0x75,0xfa,0xb0,0x0c,0xee,
	0x4a,0xfb,0xeb,0xde,0x42,0xd1,0xeb,0xbf,0x02,0x00,0x8a,0xa7,
	0x78,0x00,0x33,0xdb,0xec,0x3c,0x80,0x73,0x10,0x4b,0x75,0xf8,
	0xfe,0xcc,0x75,0xf2,0x4f,0x75,0xeb,0x24,0xf8,0xfe,0xc0,0xeb,
	0xc0,0x4a,0x58,0x50,0xee,0xb0,0x0d,0x42,0xfa,0x42,0xee,0xeb,
	0xcc,0x64,0xd0,0x18,0xd1,0x2f,0xd1,0x60,0xd1,0x74,0xd1,0xf0,
	0xd1,0x11,0xd2,0x10,0xd2,0xa3,0xd2,0xa3,0xd2,0xa3,0xd2,0xf9,
	0xd2,0x1e,0xd3,0x1e,0xd3,0xf2,0xd5,0x6e,0xd6,0xe9,0x98,0xdf,
	0x00,0x00,0x00,0x00,0x00,0x00,0x00,0x00,0x00,0x00,0x00,0x00,
	0x00,0x00,0x00,0x00,0x00,0x00,0x00,0x00,0x00,0x00,0x00,0x00,
	0x00,0x00,0x00,0x00,0x00,0x00,0x00,0x00,0x00,0x00,0x00,0x00,
	0x00,0x00,0x00,0x00,0x00,0x00,0x00,0x00,0x00,0x00,0x00,0x00,
	0x00,0x00,0x00,0x00,0x00,0x00,0x00,0x00,0x00,0x00,0x00,0x00,
	0x38,0x28,0x2d,0x0a,0x1f,0x06,0x19,0x1c,0x02,0x07,0x06,0x07,
	0x00,0x00,0x00,0x00,0x71,0x50,0x5a,0x0a,0x1f,0x06,0x19,0x1c,
	0x02,0x07,0x06,0x07,0x00,0x00,0x00,0x00,0x38,0x28,0x2d,0x0a,
	0x7f,0x06,0x64,0x70,0x02,0x01,0x06,0x07,0x00,0x00,0x00,0x00,
	0x61,0x50,0x52,0x0f,0x19,0x06,0x19,0x19,0x02,0x0d,0x0b,0x0c,
	0x00,0x00,0x00,0x00,0x2c,0x28,0x2d,0x29,0x2a,0x2e,0x1e,0x29,
	0x1e,0x06,0x06,0x0a,0x0a,0x06,0x06,0x06,0x08,0x00,0x00,0x01,
	0x01,0x03,0x03,0x03,0x01,0x04,0x00,0x00,0x00,0x00,0x00,0x00,
	0x00,0x00,0x00,0x00,0x00,0x00,0x00,0x00,0x00,0x00,0x00,0x00,
	0x00,0x00,0x00,0x00,0x00,0x00,0x00,0x00,0x00,0x00,0x00,0x00,
	0x00,0x00,0x00,0x00,0x00,0x00,0x00,0x00,0x00,0x00,0x00,0x00,
	0x00,0x00,0x00,0x00,0x00,0x00,0x00,0x00,0x00,0x00,0x00,0x00,
	0x00,0x00,0x00,0x00,0x00,0x00,0x00,0x00,0x00,0x00,0x00,0x00,
	0x00,0x00,0x00,0x00,0x00,0x00,0x00,0x00,0x00,0x00,0x00,0x00,
	0x00,0x00,0x00,0x00,0x00,0x00,0x00,0x00,0x00,0x00,0x00,0x00,
	0x00,0x00,0x00,0x00,0x00,0x00,0x00,0x00,0x00,0x00,0x00,0x00,
	0x00,0x00,0x00,0x00,0x00,0x00,0x00,0x00,0x00,0x00,0x00,0x00,
	0x00,0x00,0x00,0x00,0x00,0x00,0x00,0x00,0x00,0x00,0x00,0x00,
	0x00,0x00,0x00,0x00,0x00,0x00,0x00,0x00,0x00,0x00,0x00,0x00,
	0x00,0x00,0x00,0x00,0x00,0x00,0x00,0x00,0x00,0x00,0x00,0x00,
	0x00,0x00,0x00,0x00,0x00,0x00,0x00,0x00,0x00,0x00,0x00,0x00,
	0x00,0x00,0x00,0x00,0x00,0x00,0x00,0x00,0x00,0x00,0x00,0x00,
	0x00,0x00,0x00,0x00,0x00,0x00,0x00,0x00,0x00,0x00,0x00,0x00,
	0x00,0x00,0x00,0x00,0x00,0x00,0x00,0x00,0x00,0x00,0x00,0x00,
	0x00,0x00,0x00,0x00,0x00,0x00,0x00,0x00,0x00,0x00,0x00,0x00,
	0x00,0x00,0x00,0x00,0x00,0x00,0x00,0x00,0x00,0x00,0x00,0x00,
	0x00,0x00,0x00,0x00,0x00,0x00,0x00,0x00,0x00,0x00,0x00,0x00,
	0x00,0x00,0x00,0x00,0x00,0x00,0x00,0x00,0x00,0x00,0x00,0x00,
	0x00,0x00,0x00,0x00,0x00,0x00,0x00,0x00,0x00,0x00,0x00,0x00,
	0x00,0x00,0x00,0x00,0x00,0x00,0x00,0x00,0x00,0x00,0x00,0x00,
	0x00,0x00,0x00,0x00,0x00,0x00,0x00,0x00,0x00,0x00,0x00,0x00,
	0x00,0x00,0x00,0x00,0x00,0x00,0x00,0x00,0x00,0x00,0x00,0x00,
	0x00,0x00,0x00,0x00,0x00,0x00,0x00,0x00,0x00,0x00,0x00,0x00,
	0x00,0x00,0x00,0x00,0x00,0x00,0x00,0x00,0x00,0x00,0x00,0x00,
	0x00,0x00,0x00,0x00,0x00,0x00,0x00,0x00,0x00,0x00,0x00,0x00,
	0x00,0x00,0x00,0x00,0x00,0x00,0x00,0x00,0x00,0x00,0x00,0x00,
	0x00,0x00,0x00,0x00,0x00,0x00,0x00,0x00,0x00,0x00,0x00,0x00,
	0x00,0x00,0x00,0x00,0x00,0x00,0x00,0x00,0x00,0x00,0x00,0x00,
	0x00,0x00,0x00,0x00,0x00,0x00,0x00,0x00,0x00,0x00,0x00,0x00,
	0x00,0x00,0x00,0x00,0x00,0x00,0x00,0x00,0x00,0x00,0x00,0x00,
	0x00,0x00,0x00,0x00,0x00,0x00,0x00,0x00,0x00,0x00,0x00,0x00,
	0x00,0x00,0x00,0x00,0x00,0x00,0x00,0x00,0x00,0x00,0x00,0x00,
	0x00,0x00,0x00,0x00,0x00,0x00,0x00,0x00,0x00,0x00,0x00,0x00,
	0x00,0x00,0x00,0x00,0x00,0x00,0x00,0x00,0x00,0x00,0x00,0x00,
	0x00,0x00,0x00,0x00,0x00,0x00,0x00,0x00,0x00,0x00,0x00,0x00,
	0x00,0x00,0x00,0x00,0x00,0x00,0x00,0x00,0x00,0x00,0x00,0x00,
	0x00,0x00,0x00,0x00,0x00,0x00,0x00,0x00,0x00,0x00,0x00,0x00,
	0x00,0x00,0x00,0x00,0x00,0x00,0x00,0x00,0x00,0x00,0x00,0x00,
	0x00,0x00,0x00,0x00,0x00,0x00,0x00,0x00,0x00,0x00,0x00,0x00,
	0x00,0x00,0x00,0x00,0x00,0x00,0x00,0x00,0x00,0x00,0x00,0x00,
	0x00,0x00,0x00,0x00,0x00,0x00,0x00,0x00,0x00,0x00,0x00,0x00,
	0x00,0x00,0x00,0x00,0x00,0x00,0x00,0x00,0x00,0x00,0x00,0x00,
	0x00,0x00,0x00,0x00,0x00,0x00,0x00,0x00,0x00,0x00,0x00,0x00,
	0x00,0x00,0x00,0x00,0x00,0x00,0x00,0x00,0x00,0x00,0x00,0x00,
	0x00,0x00,0x00,0x00,0x00,0x00,0x00,0x00,0x00,0x00,0x00,0x00,
	0x00,0x00,0x00,0x00,0x00,0x00,0x00,0x00,0x00,0x00,0x00,0x00,
	0x00,0x00,0x00,0x00,0x00,0x00,0x00,0x00,0x00,0x00,0x00,0x00,
	0x00,0x00,0x00,0x00,0x00,0x00,0x00,0x00,0x00,0x00,0x00,0x00,
	0x00,0x00,0x00,0x00,0x00,0x00,0x00,0x00,0x00,0x00,0x00,0x00,
	0x00,0x00,0x00,0x00,0x00,0x00,0x00,0x00,0x00,0x00,0x00,0x00,
	0x00,0x00,0x00,0x00,0x00,0x00,0x00,0x00,0x00,0x00,0x00,0x00,
	0x00,0x00,0x00,0x00,0x00,0x00,0x00,0x00,0x00,0x00,0x00,0x00,
	0x00,0x00,0x00,0x00,0x00,0x00,0x00,0x00,0x00,0x00,0x00,0x00,
	0x00,0x00,0x00,0x00,0x00,0x00,0x00,0x00,0x00,0x00,0x00,0x00,
	0x00,0x00,0x00,0x00,0x00,0x00,0x00,0x00,0x00,0x00,0x00,0x00,
	0x00,0x00,0x00,0x00,0x00,0x00,0x00,0x00,0x00,0x00,0x00,0x00,
	0x00,0x00,0x00,0x00,0x00,0x00,0x00,0x00,0x00,0x00,0x00,0x00,
	0x00,0x00,0x00,0x00,0x00,0x00,0x00,0x00,0x00,0x00,0x00,0x00,
	0x00,0x00,0x00,0x00,0x00,0x00,0x00,0x00,0x00,0x00,0x00,0x00,
	0x00,0x00,0x00,0x00,0x00,0x00,0x00,0x00,0x00,0x00,0x00,0x00,
	0x00,0x00,0x00,0x00,0x00,0x00,0x00,0x00,0x00,0x00,0x00,0x00,
	0x00,0x00,0x00,0x00,0x00,0x00,0x00,0x00,0x00,0x00,0x00,0x00,
	0x00,0x00,0x00,0x00,0x00,0x00,0x00,0x00,0x00,0x00,0x00,0x00,
	0x00,0x00,0x00,0x00,0x00,0x00,0x00,0x00,0x00,0x00,0x00,0x00,
	0x00,0x00,0x00,0x00,0x00,0x00,0x00,0x00,0x00,0x00,0x00,0x00,
	0x00,0x00,0x00,0x00,0x00,0x00,0x00,0x00,0x00,0x00,0x00,0x00,
	0x00,0x00,0x00,0x00,0x00,0x00,0x00,0x00,0x00,0x00,0x00,0x00,
	0x00,0x00,0x00,0x00,0x00,0x00,0x00,0x00,0x00,0x00,0x00,0x00,
	0x00,0x00,0x00,0x00,0x00,0x00,0x00,0x00,0x00,0x00,0x00,0x00,
	0x00,0x00,0x00,0x00,0x00,0x00,0x00,0x00,0x00,0x00,0x00,0x00,
	0x00,0x00,0x00,0x00,0x00,0x00,0x00,0x00,0x00,0x00,0x00,0x00,
	0x00,0x00,0x00,0x00,0x00,0x00,0x00,0x00,0x00,0x00,0x00,0x00,
	0x00,0x00,0x00,0x00,0x00,0x00,0x00,0x00,0x00,0x00,0x00,0x00,
	0x00,0x00,0x00,0x00,0x00,0x00,0x00,0x00,0x00,0x00,0x00,0x00,
	0x00,0x00,0x00,0x00,0x00,0x00,0x00,0x00,0x00,0x00,0x00,0x00,
	0x00,0x00,0x00,0x00,0x00,0x00,0x00,0x00,0x00,0x00,0x00,0x00,
	0x00,0x00,0x00,0x00,0x00,0x00,0x00,0x00,0x00,0x00,0x00,0x00,
	0x00,0x00,0x00,0x00,0x00,0x00,0x00,0x00,0x00,0x00,0x00,0x00,
	0x00,0x00,0x00,0x00,0x00,0x00,0x00,0x00,0x00,0x00,0x00,0x00,
	0x00,0x00,0x00,0x00,0x00,0x00,0x00,0x00,0x00,0x00,0x00,0x00,
	0x00,0x00,0x00,0x00,0x00,0x00,0x00,0x00,0x00,0x00,0x00,0x00,
	0x00,0x00,0x00,0x00,0x00,0x00,0x00,0x00,0x00,0x00,0x00,0x00,
	0x00,0x00,0x00,0x00,0x00,0x00,0x00,0x00,0x00,0x00,0x00,0x00,
	0x00,0x00,0x00,0x00,0x00,0x00,0x00,0x00,0x00,0x00,0x00,0x00,
	0x00,0x00,0x00,0x00,0x00,0x00,0x00,0x00,0x00,0x00,0x00,0x00,
	0x00,0x00,0x00,0x00,0x00,0x00,0x00,0x00,0x00,0x00,0x00,0x00,
	0x00,0x00,0x00,0x00,0x00,0x00,0x00,0x00,0x00,0x00,0x00,0x00,
	0x00,0x00,0x00,0x00,0x00,0x00,0x00,0x00,0x00,0x00,0x00,0x00,
	0x00,0x00,0x00,0x00,0x00,0x00,0x00,0x00,0x00,0x00,0x00,0x00,
	0x00,0x00,0x00,0x00,0x00,0x00,0x00,0x00,0x00,0x00,0x00,0x00,
	0x00,0x00,0x00,0x00,0x00,0x00,0x00,0x00,0x00,0x00,0x00,0x00,
	0x00,0x00,0x00,0x00,0x00,0x00,0x00,0x00,0x00,0x00,0x00,0x00,
	0x00,0x00,0x00,0x00,0x00,0x00,0x00,0x00,0x00,0x00,0x00,0x00,
	0x00,0x00,0x00,0x00,0x00,0x00,0x00,0x00,0x00,0x00,0x00,0x00,
	0x00,0x00,0x00,0x00,0x00,0x00,0x00,0x00,0x00,0x00,0x00,0x00,
	0x00,0x00,0x00,0x00,0x00,0x00,0x00,0x00,0x00,0x00,0x00,0x00,
	0x00,0x00,0x00,0x00,0x00,0x00,0x00,0x00,0x00,0x00,0x00,0x00,
	0x00,0x00,0x00,0x00,0x00,0x00,0x00,0x00,0x00,0x00,0x00,0x00,
	0x00,0x00,0x00,0x00,0x00,0x00,0x00,0x00,0x00,0x00,0x00,0x00,
	0x00,0x00,0x00,0x00,0x00,0x00,0x00,0x00,0x00,0x00,0x00,0x00,
	0x00,0x00,0x00,0x00,0x00,0x00,0x00,0x00,0x00,0x00,0x00,0x00,
	0x00,0x00,0x00,0x00,0x00,0x00,0x00,0x00,0x00,0x00,0x00,0x00,
	0x00,0x00,0x00,0x00,0x00,0x00,0x00,0x00,0x00,0x00,0x00,0x00,
	0x00,0x00,0x00,0x00,0x00,0x00,0x00,0x00,0x00,0x00,0x00,0x00,
	0x00,0x00,0x00,0x00,0x00,0x00,0x00,0x00,0x00,0x00,0x00,0x00,
	0x00,0x00,0x00,0x00,0x00,0x00,0x00,0x00,0x00,0x00,0x00,0x00,
	0x00,0x00,0x00,0x00,0x00,0x00,0x00,0x00,0x00,0x00,0x00,0x00,
	0x00,0x00,0x00,0x00,0x00,0x00,0x00,0x00,0x00,0x00,0x00,0x00,
	0x00,0x00,0x00,0x00,0x00,0x00,0x00,0x00,0x00,0x00,0x00,0x00,
	0x00,0x00,0x00,0x00,0x00,0x00,0x00,0x00,0x00,0x00,0x00,0x00,
	0x00,0x00,0x00,0x00,0x00,0x00,0x00,0x00,0x00,0x00,0x00,0x00,
	0x00,0x00,0x00,0x00,0x00,0x00,0x00,0x00,0x00,0x00,0x00,0x00,
	0x00,0x00,0x00,0x00,0x00,0x00,0x00,0x00,0x00,0x00,0x00,0x00,
	0x00,0x00,0x00,0x00,0x00,0x00,0x00,0x00,0x00,0x00,0x00,0x00,
	0x00,0x00,0x00,0x00,0x00,0x00,0x00,0x00,0x00,0x00,0x00,0x00,
	0x00,0x00,0x00,0x00,0x00,0x00,0x00,0x00,0x00,0x00,0x00,0x00,
	0x00,0x00,0x00,0x00,0x00,0x00,0x00,0x00,0x00,0x00,0x00,0x00,
	0x00,0x00,0x00,0x00,0x00,0x00,0x00,0x00,0x00,0x00,0x00,0x00,
	0x00,0x00,0x00,0x00,0x00,0x00,0x00,0x00,0x00,0x00,0x00,0x00,
	0x00,0x00,0x00,0x00,0x00,0x00,0x00,0x00,0x00,0x00,0x00,0x00,
	0x00,0x00,0x00,0x00,0x00,0x00,0x00,0x00,0x00,0x00,0x00,0x00,
	0x00,0x00,0x00,0x00,0x00,0x00,0x00,0x00,0x00,0x00,0x00,0x00,
	0x00,0x00,0x00,0x00,0x00,0x00,0x00,0x00,0x00,0x00,0x00,0x00,
	0x00,0x00,0x00,0x00,0x00,0x00,0x00,0x00,0x00,0x00,0x00,0x00,
	0x00,0x00,0x00,0x00,0x00,0x00,0x00,0x00,0x00,0x00,0x00,0x00,
	0x00,0x00,0x00,0x00,0x00,0x00,0x00,0x00,0x00,0x00,0x00,0x00,
	0x00,0x00,0x00,0x00,0x00,0x00,0x00,0x00,0x00,0x00,0x00,0x00,
	0x00,0x00,0x00,0x00,0x00,0x00,0x00,0x00,0x00,0x00,0x00,0x00,
	0x00,0x00,0x00,0x00,0x00,0x00,0x00,0x00,0x00,0x00,0x00,0x00,
	0x00,0x00,0x00,0x00,0x00,0x00,0x00,0x00,0x00,0x00,0x00,0x00,
	0x00,0x00,0x00,0x00,0x00,0x00,0x00,0x00,0x00,0x00,0x00,0x00,
	0x00,0x00,0x00,0x00,0x00,0x00,0x00,0x00,0x00,0x00,0x00,0x00,
	0x00,0x00,0x00,0x00,0x00,0x00,0x00,0x00,0x00,0x00,0x00,0x00,
	0x00,0x00,0x00,0x00,0x00,0x00,0x00,0x00,0x00,0x00,0x00,0x00,
	0x00,0x00,0x00,0x00,0x00,0x00,0x00,0x00,0x00,0x00,0x00,0x00,
	0x00,0x00,0x00,0x00,0x00,0x00,0x00,0x00,0x00,0x00,0x00,0x00,
	0x00,0x00,0x00,0x00,0x00,0x00,0x00,0x00,0x00,0x00,0x00,0x00,
	0x00,0x00,0x00,0x00,0x00,0x00,0x00,0x00,0x00,0x00,0x00,0x00,
	0x00,0x00,0x00,0x00,0x00,0x00,0x00,0x00,0x00,0x00,0x00,0x00,
	0x00,0x00,0x00,0x00,0x00,0x00,0x00,0x00,0x00,0x00,0x00,0x00,
	0x00,0x00,0x00,0x00,0x00,0x00,0x00,0x00,0x00,0x00,0x00,0x00,
	0x00,0x00,0x00,0x00,0x00,0x00,0x00,0x00,0x00,0x00,0x00,0x00,
	0x00,0x00,0x00,0x00,0x00,0x00,0x00,0x00,0x00,0x00,0x00,0x00,
	0x00,0x00,0x00,0x00,0x00,0x00,0x00,0x00,0x00,0x00,0x00,0x00,
	0x00,0x00,0x00,0x00,0x00,0x00,0x00,0x00,0x00,0x00,0x00,0x00,
	0x00,0x00,0x00,0x00,0x00,0x00,0x00,0x00,0x00,0x00,0x00,0x00,
	0x00,0x00,0x00,0x00,0x00,0x00,0x00,0x00,0x00,0x00,0x00,0x00,
	0x00,0x00,0x00,0x00,0x00,0x00,0x00,0x00,0x00,0x00,0x00,0x00,
	0x00,0x00,0x00,0x00,0x00,0x00,0x00,0x00,0x00,0x00,0x00,0x00,
	0x00,0x00,0x00,0x00,0x00,0x00,0x00,0x00,0x00,0x00,0x00,0x00,
	0x00,0x00,0x00,0x00,0x00,0x00,0x00,0x00,0x00,0x00,0x00,0x00,
	0x00,0x00,0x00,0x00,0x00,0x00,0x00,0x00,0x00,0x00,0x00,0x00,
	0x00,0x00,0x00,0x00,0x00,0xfb,0xb8,0x40,0x00,0x1e,0x8e,0xd8,
	0xa1,0x13,0x00,0x1f,0xcf,0xfb,0xb8,0x40,0x00,0x1e,0x8e,0xd8,
	0xa1,0x10,0x00,0x1f,0xcf,0xb4,0x86,0xf9,0xca,0x02,0x00,0x83,
	0xc4,0x0c,0xbe,0x6e,0xf8,0xe8,0xc9,0xe4,0xb4,0x00,0xcd,0x16,
	0xcd,0x19,0x0d,0x0a,0x4e,0x6f,0x6e,0x2d,0x53,0x79,0x73,0x74,
	0x65,0x6d,0x20,0x64,0x69,0x73,0x6b,0x20,0x6f,0x72,0x20,0x64,
	0x69,0x73,0x6b,0x20,0x65,0x72,0x72,0x6f,0x72,0x2e,0x0d,0x0a,
	0x50,0x6c,0x61,0x63,0x65,0x20,0x73,0x79,0x73,0x74,0x65,0x6d,
	0x20,0x64,0x69,0x73,0x6b,0x20,0x69,0x6e,0x20,0x64,0x72,0x69,
	0x76,0x65,0x2e,0x0d,0x0a,0x50,0x72,0x65,0x73,0x73,0x20,0x61,
	0x6e,0x79,0x20,0x6b,0x65,0x79,0x20,0x77,0x68,0x65,0x6e,0x20,
	0x72,0x65,0x61,0x64,0x79,0x2e,0x0d,0x0a,0x00,0x00,0x00,0x00,
	0x00,0x00,0x00,0x00,0x00,0x00,0x00,0x00,0x00,0x00,0x00,0x00,
	0x00,0x00,0x00,0x00,0x00,0x00,0x00,0x00,0x00,0x00,0x00,0x00,
	0x00,0x00,0x00,0x00,0x00,0x00,0x00,0x00,0x00,0x00,0x00,0x00,
	0x00,0x00,0x00,0x00,0x00,0x00,0x00,0x00,0x00,0x00,0x00,0x00,
	0x00,0x00,0x00,0x00,0x00,0x00,0x00,0x00,0x00,0x00,0x00,0x00,
	0x00,0x00,0x00,0x00,0x00,0x00,0x00,0x00,0x00,0x00,0x00,0x00,
	0x00,0x00,0x00,0x00,0x00,0x00,0x00,0x00,0x00,0x00,0x00,0x00,
	0x00,0x00,0x00,0x00,0x00,0x00,0x00,0x00,0x00,0x00,0x00,0x00,
	0x00,0x00,0x00,0x00,0x00,0x00,0x00,0x00,0x00,0x00,0x00,0x00,
	0x00,0x00,0x00,0x00,0x00,0x00,0x00,0x00,0x00,0x00,0x00,0x00,
	0x00,0x00,0x00,0x00,0x00,0x00,0x00,0x00,0x00,0x00,0x00,0x00,
	0x00,0x00,0x00,0x00,0x00,0x00,0x00,0x00,0x00,0x00,0x00,0x00,
	0x00,0x00,0x00,0x00,0x00,0x00,0x00,0x00,0x00,0x00,0x00,0x00,
	0x00,0x00,0x00,0x00,0x00,0x00,0x00,0x00,0x00,0x00,0x00,0x00,
	0x00,0x00,0x00,0x00,0x00,0x00,0x00,0x00,0x00,0x00,0x00,0x00,
	0x00,0x00,0x00,0x00,0x00,0x00,0x00,0x00,0x00,0x00,0x00,0x00,
	0x00,0x00,0x00,0x00,0x00,0x00,0x00,0x00,0x00,0x00,0x00,0x00,
	0x00,0x00,0x00,0x00,0x00,0x00,0x00,0x00,0x00,0x00,0x00,0x00,
	0x00,0x00,0x00,0x00,0x00,0x00,0x00,0x00,0x00,0x00,0x00,0x00,
	0x00,0x00,0x00,0x00,0x00,0x00,0x00,0x00,0x00,0x00,0x00,0x00,
	0x00,0x00,0x00,0x00,0x00,0x00,0x00,0x00,0x00,0x00,0x00,0x00,
	0x00,0x00,0x00,0x00,0x00,0x00,0x00,0x00,0x00,0x00,0x00,0x00,
	0x00,0x00,0x00,0x00,0x00,0x00,0x00,0x00,0x00,0x00,0x00,0x00,
	0x00,0x00,0x00,0x00,0x00,0x00,0x00,0x00,0x00,0x00,0x00,0x00,
	0x00,0x00,0x00,0x00,0x00,0x00,0x00,0x00,0x00,0x00,0x00,0x00,
	0x00,0x00,0x00,0x00,0x00,0x00,0x00,0x00,0x00,0x00,0x00,0x00,
	0x00,0x00,0x00,0x00,0x00,0x00,0x00,0x00,0x00,0x00,0x00,0x00,
	0x00,0x00,0x00,0x00,0x00,0x00,0x00,0x00,0x00,0x00,0x00,0x00,
	0x00,0x00,0x00,0x00,0x00,0x00,0x00,0x00,0x00,0x00,0x00,0x00,
	0x00,0x00,0x00,0x00,0x00,0x00,0x00,0x00,0x00,0x00,0x00,0x00,
	0x00,0x00,0x00,0x00,0x00,0x00,0x00,0x00,0x00,0x00,0x00,0x00,
	0x00,0x00,0x00,0x00,0x00,0x00,0x00,0x00,0x00,0x00,0x00,0x00,
	0x00,0x00,0x00,0x00,0x00,0x00,0x00,0x00,0x00,0x00,0x00,0x00,
	0x00,0x00,0x00,0x00,0x00,0x00,0x00,0x00,0x00,0x00,0x00,0x00,
	0x00,0x00,0x00,0x00,0x00,0x00,0x00,0x00,0x00,0x00,0x00,0x00,
	0x00,0x00,0x00,0x00,0x00,0x00,0x7e,0x81,0xa5,0x81,0xbd,0x99,
	0x81,0x7e,0x7e,0xff,0xdb,0xff,0xc3,0xe7,0xff,0x7e,0x6c,0xfe,
	0xfe,0xfe,0x7c,0x38,0x10,0x00,0x10,0x38,0x7c,0xfe,0x7c,0x38,
	0x10,0x00,0x38,0x7c,0x38,0xfe,0xfe,0xd6,0x10,0x38,0x10,0x38,
	0x7c,0xfe,0xfe,0x7c,0x10,0x38,0x00,0x00,0x18,0x3c,0x3c,0x18,
	0x00,0x00,0xff,0xff,0xe7,0xc3,0xc3,0xe7,0xff,0xff,0x00,0x3c,
	0x66,0x42,0x42,0x66,0x3c,0x00,0xff,0xc3,0x99,0xbd,0xbd,0x99,
	0xc3,0xff,0x3f,0x0f,0x1b,0x78,0xcc,0xcc,0xcc,0x78,0x3c,0x66,
	0x66,0x66,0x3c,0x18,0x7e,0x18,0x1f,0x19,0x18,0x18,0x18,0xf0,
	0xe0,0x00,0x7f,0x63,0x7f,0x63,0x63,0x67,0xe6,0xc0,0x18,0xdb,
	0x3c,0xe7,0xe7,0x3c,0xdb,0x18,0x80,0xe0,0xf8,0xfe,0xf8,0xe0,
	0x80,0x00,0x02,0x0e,0x3e,0xfe,0x3e,0x0e,0x02,0x00,0x18,0x3c,
	0x7e,0x18,0x18,0x7e,0x3c,0x18,0x66,0x66,0x66,0x66,0x66,0x00,
	0x66,0x00,0x7f,0xdb,0xdb,0x7b,0x1b,0x1b,0x1b,0x00,0x3e,0x61,
	0x3c,0x66,0x66,0x3c,0x86,0x7c,0x00,0x00,0x00,0x00,0x7e,0x7e,
	0x7e,0x00,0x18,0x3c,0x7e,0x18,0x7e,0x3c,0x18,0xff,0x18,0x3c,
	0x7e,0x18,0x18,0x18,0x18,0x00,0x18,0x18,0x18,0x18,0x7e,0x3c,
	0x18,0x00,0x00,0x18,0x0c,0xfe,0x0c,0x18,0x00,0x00,0x00,0x30,
	0x60,0xfe,0x60,0x30,0x00,0x00,0x00,0x00,0xc0,0xc0,0xc0,0xfe,
	0x00,0x00,0x00,0x24,0x66,0xff,0x66,0x24,0x00,0x00,0x00,0x18,
	0x3c,0x7e,0xff,0xff,0x00,0x00,0x00,0xff,0xff,0x7e,0x3c,0x18,
	0x00,0x00,0x00,0x00,0x00,0x00,0x00,0x00,0x00,0x00,0x30,0x78,
	0x78,0x30,0x30,0x00,0x30,0x00,0x6c,0x6c,0x6c,0x00,0x00,0x00,
	0x00,0x00,0x6c,0x6c,0xfe,0x6c,0xfe,0x6c,0x6c,0x00,0x30,0x7c,
	0xc0,0x78,0x0c,0xf8,0x30,0x00,0x00,0xc6,0xcc,0x18,0x30,0x66,
	0xc6,0x00,0x38,0x6c,0x38,0x76,0xdc,0xcc,0x76,0x00,0x60,0x60,
	0xc0,0x00,0x00,0x00,0x00,0x00,0x18,0x30,0x60,0x60,0x60,0x30,
	0x18,0x00,0x60,0x30,0x18,0x18,0x18,0x30,0x60,0x00,0x00,0x66,
	0x3c,0xff,0x3c,0x66,0x00,0x00,0x00,0x30,0x30,0xfc,0x30,0x30,
	0x00,0x00,0x00,0x00,0x00,0x00,0x00,0x30,0x30,0x60,0x00,0x00,
	0x00,0xfc,0x00,0x00,0x00,0x00,0x00,0x00,0x00,0x00,0x00,0x30,
	0x30,0x00,0x06,0x0c,0x18,0x30,0x60,0xc0,0x80,0x00,0x7c,0xc6,
	0xce,0xde,0xf6,0xe6,0x7c,0x00,0x30,0x70,0x30,0x30,0x30,0x30,
	0xfc,0x00,0x78,0xcc,0x0c,0x38,0x60,0xcc,0xfc,0x00,0x78,0xcc,
	0x0c,0x38,0x0c,0xcc,0x78,0x00,0x1c,0x3c,0x6c,0xcc,0xfe,0x0c,
	0x1e,0x00,0xfc,0xc0,0xf8,0x0c,0x0c,0xcc,0x78,0x00,0x38,0x60,
	0xc0,0xf8,0xcc,0xcc,0x78,0x00,0xfc,0xcc,0x0c,0x18,0x30,0x30,
	0x30,0x00,0x78,0xcc,0xcc,0x78,0xcc,0xcc,0x78,0x00,0x78,0xcc,
	0xcc,0x7c,0x0c,0x18,0x70,0x00,0x00,0x30,0x30,0x00,0x00,0x30,
	0x30,0x00,0x00,0x30,0x30,0x00,0x00,0x30,0x30,0x60,0x1c,0x30,
	0x60,0xc0,0x60,0x30,0x1c,0x00,0x00,0x00,0xfc,0x00,0x00,0xfc,
	0x00,0x00,0xe0,0x30,0x18,0x0c,0x18,0x30,0xe0,0x00,0x78,0xcc,
	0x8c,0x18,0x30,0x00,0x30,0x00,0x7c,0xc6,0xde,0xd6,0xde,0xc0,
	0x78,0x00,0x38,0x7c,0xc6,0xc6,0xfe,0xc6,0xc6,0x00,0xfc,0x66,
	0x66,0x7c,0x66,0x66,0xfc,0x00,0x3c,0x66,0xc0,0xc0,0xc0,0x66,
	0x3c,0x00,0xf8,0x6c,0x66,0x66,0x66,0x6c,0xf8,0x00,0xfe,0x62,
	0x68,0x78,0x68,0x62,0xfe,0x00,0xfe,0x62,0x68,0x78,0x68,0x60,
	0xf0,0x00,0x3c,0x66,0xc0,0xc0,0xce,0x66,0x3e,0x00,0xcc,0xcc,
	0xcc,0xfc,0xcc,0xcc,0xcc,0x00,0x78,0x30,0x30,0x30,0x30,0x30,
	0x78,0x00,0x1e,0x0c,0x0c,0x0c,0x8c,0xcc,0x78,0x00,0xe6,0x66,
	0x6c,0x78,0x6c,0x66,0xe6,0x00,0xf0,0x60,0x60,0x60,0x62,0x66,
	0xfe,0x00,0xc6,0xee,0xfe,0xfe,0xd6,0xc6,0xc6,0x00,0xc6,0xe6,
	0xf6,0xde,0xce,0xc6,0xc6,0x00,0x38,0x6c,0xc6,0xc6,0xc6,0x6c,
	0x38,0x00,0xfc,0x66,0x66,0x7c,0x60,0x60,0xf0,0x00,0x78,0xcc,
	0xcc,0xcc,0xdc,0x78,0x1c,0x00,0xfc,0x66,0x66,0x7c,0x6c,0x66,
	0xe6,0x00,0x78,0xcc,0x60,0x30,0x18,0xcc,0x78,0x00,0xfc,0xb4,
	0x30,0x30,0x30,0x30,0x78,0x00,0xcc,0xcc,0xcc,0xcc,0xcc,0xcc,
	0xfc,0x00,0xc6,0xc6,0xc6,0xc6,0xc6,0x6c,0x38,0x00,0xc6,0xc6,
	0xc6,0xd6,0xfe,0xee,0xc6,0x00,0xc6,0xc6,0x6c,0x38,0x38,0x6c,
	0xc6,0x00,0xcc,0xcc,0xcc,0x78,0x30,0x30,0x78,0x00,0xfe,0xc6,
	0x8c,0x18,0x32,0x66,0xfe,0x00,0x78,0x60,0x60,0x60,0x60,0x60,
	0x78,0x00,0xc0,0x60,0x30,0x18,0x0c,0x06,0x02,0x00,0x78,0x18,
	0x18,0x18,0x18,0x18,0x78,0x00,0x10,0x38,0x6c,0xc6,0x00,0x00,
	0x00,0x00,0x00,0x00,0x00,0x00,0x00,0x00,0x00,0xff,0x30,0x30,
	0x18,0x00,0x00,0x00,0x00,0x00,0x00,0x00,0x78,0x0c,0x7c,0xcc,
	0x76,0x00,0xe0,0x60,0x60,0x7c,0x66,0x66,0xdc,0x00,0x00,0x00,
	0x78,0xcc,0xc0,0xcc,0x78,0x00,0x1c,0x0c,0x0c,0x7c,0xcc,0xcc,
	0x76,0x00,0x00,0x00,0x78,0xcc,0xfc,0xc0,0x78,0x00,0x1c,0x36,
	0x30,0x78,0x30,0x30,0x78,0x00,0x00,0x00,0x76,0xcc,0xcc,0x7c,
	0x0c,0xf8,0xe0,0x60,0x6c,0x76,0x66,0x66,0xe6,0x00,0x30,0x00,
	0x70,0x30,0x30,0x30,0x78,0x00,0x0c,0x00,0x0c,0x0c,0x0c,0x8c,
	0xcc,0x78,0xe0,0x60,0x66,0x6c,0x78,0x6c,0xe6,0x00,0x70,0x30,
	0x30,0x30,0x30,0x30,0x78,0x00,0x00,0x00,0xcc,0xfe,0xfe,0xd6,
	0xc6,0x00,0x00,0x00,0xf8,0xcc,0xcc,0xcc,0xcc,0x00,0x00,0x00,
	0x78,0xcc,0xcc,0xcc,0x78,0x00,0x00,0x00,0xdc,0x66,0x66,0x7c,
	0x60,0xf0,0x00,0x00,0x76,0xcc,0xcc,0x7c,0x0c,0x1e,0x00,0x00,
	0xdc,0x76,0x66,0x60,0xf0,0x00,0x00,0x00,0x7c,0xc0,0x78,0x0c,
	0xf8,0x00,0x10,0x30,0x7c,0x30,0x30,0x34,0x18,0x00,0x00,0x00,
	0xcc,0xcc,0xcc,0xcc,0x76,0x00,0x00,0x00,0xcc,0xcc,0xcc,0x78,
	0x30,0x00,0x00,0x00,0xc6,0xd6,0xfe,0xfe,0x6c,0x00,0x00,0x00,
	0xc6,0x6c,0x38,0x6c,0xc6,0x00,0x00,0x00,0xcc,0xcc,0xcc,0x7c,
	0x0c,0xf8,0x00,0x00,0xfc,0x98,0x30,0x64,0xfc,0x00,0x1c,0x30,
	0x30,0xe0,0x30,0x30,0x1c,0x00,0x18,0x18,0x18,0x00,0x18,0x18,
	0x18,0x00,0xe0,0x30,0x30,0x1c,0x30,0x30,0xe0,0x00,0x76,0xdc,
	0x00,0x00,0x00,0x00,0x00,0x00,0x00,0x10,0x38,0x6c,0xc6,0xc6,
	0xfe,0x00,0xe9,0x46,0x9d,0x00,0x00,0x00,0x00,0x00,0x00,0x00,
	0x00,0x00,0x00,0x00,0x00,0x00,0x00,0x00,0x00,0x00,0x00,0x00,
	0x00,0x00,0x00,0x00,0x00,0x00,0x00,0x00,0x00,0x00,0x00,0x00,
	0x00,0x00,0x00,0x00,0x00,0x00,0x00,0x00,0x00,0x00,0x00,0x00,
	0x00,0x00,0x00,0x00,0x00,0x00,0x00,0x00,0x00,0xe9,0x67,0x9e,
	0x00,0x00,0x00,0x00,0x00,0x00,0x00,0x00,0x00,0x00,0x00,0x00,
	0x00,0x00,0x00,0x00,0x00,0x00,0x00,0x00,0x00,0x00,0x00,0x00,
	0x00,0x00,0x00,0x00,0x00,0x00,0x00,0x00,0x00,0x00,0x00,0x00,
	0x00,0x00,0x00,0x00,0x00,0x00,0x00,0x00,0x00,0x00,0x00,0x00,
	0x00,0x00,0x00,0x00,0x00,0x00,0x00,0x00,0x00,0x00,0x00,0x00,
	0x00,0x00,0x00,0x00,0x00,0x00,0x00,0x00,0x00,0x00,0x00,0x00,
	0x45,0xff,0x45,0xff,0x00,0xea,0x45,0xff,0x45,0xff,0x54,0xff,
	0x45,0xff,0x45,0xff,0xa5,0xfe,0x87,0xe9,0x30,0xff,0x30,0xff,
	0x30,0xff,0x30,0xff,0x57,0xef,0x30,0xff,0x65,0xf0,0x4d,0xf8,
	0x41,0xf8,0x59,0xec,0x39,0xe7,0x59,0xf8,0x2e,0xe8,0xd2,0xef,
	0x5f,0xf8,0xf2,0xe6,0x6e,0xfe,0x45,0xff,0x45,0xff,0xa4,0xf0,
	0xc7,0xef,0x00,0x00,0x50,0xb0,0x0b,0xe6,0x20,0x90,0xe4,0x20,
	0x86,0xe0,0xe4,0x21,0x0a,0xc4,0xe6,0x21,0xb0,0x20,0xe6,0x20,
	0x58,0xcf,0x00,0x00,0x00,0x00,0x00,0x00,0x00,0x00,0x00,0x00,
	0x00,0x00,0x00,0x00,0xfb,0x1e,0x50,0xb8,0x50,0x00,0x8e,0xd8,
	0x53,0x52,0x80,0x3e,0x00,0x00,0x01,0x74,0x47,0x51,0xc6,0x06,
	0x00,0x00,0x01,0xb4,0x0f,0xcd,0x10,0x8a,0xdc,0xb4,0x03,0xcd,
	0x10,0x52,0x33,0xd2,0xb0,0x0a,0xe8,0x3b,0x00,0x75,0x32,0xb0,
	0x0d,0xe8,0x34,0x00,0x80,0xfe,0x19,0x73,0x19,0xb4,0x02,0xcd,
	0x10,0xb4,0x08,0xcd,0x10,0xe8,0x24,0x00,0x75,0x1b,0xfe,0xc2,
	0x3a,0xd3,0x72,0xed,0x2a,0xd3,0xfe,0xc6,0xeb,0xd6,0x20,0x16,
	0x00,0x00,0x5a,0xb4,0x02,0xcd,0x10,0x59,0x5a,0x5b,0x58,0x1f,
	0xcf,0x80,0x0e,0x00,0x00,0xff,0xeb,0xee,0x52,0x22,0xc0,0x75,
	0x02,0xb0,0x20,0x33,0xd2,0x8a,0xe6,0xcd,0x17,0xf6,0xc4,0x29,
	0x5a,0xc3,0x00,0x00,0x00,0x00,0x00,0x00,0x00,0x00,0x00,0x00,
	0x00,0x00,0x00,0x00,0x00,0x00,0x00,0x00,0x00,0x00,0x00,0x00,
	0x00,0x00,0x00,0x00,0x00,0x00,0x00,0x00,0x00,0x00,0x00,0x00,
	0x00,0x00,0x00,0x00,0xea,0x5b,0xe0,0x00,0xf0,0x32,0x38,0x2f,
	0x30,0x36,0x2e,0x39,0x30,0xff,0xfe,0x00,0xeb,0x65,0x90,0x0a,
	0x0d,0x41,0x4c,0x46,0x41,0x2d,0x44,0x45,0x42,0x55,0x47,0x20,
	0x56,0x32,0x2e,0x34,0x00,0x0f,0x46,0x47,0x4d,0x50,0x53,0x54,
	0x58,0x49,0x55,0x5a,0x44,0x4c,0x45,0x0d,0x41,0x58,0x42,0x58,
	0x43,0x58,0x44,0x58,0x53,0x50,0x42,0x50,0x53,0x49,0x44,0x49,
	0x44,0x53,0x45,0x53,0x53,0x53,0x43,0x53,0x49,0x50,0x4f,0x44,
	0x49,0x54,0x53,0x5a,0x41,0x50,0x43,0x00,0x0d,0x0a,0x00,0x5c,
	0x85,0x69,0x87,0xfd,0x84,0xc7,0x85,0x04,0x85,0xbb,0x87,0xf1,
	0x85,0x41,0x85,0x99,0x88,0x53,0x89,0x74,0x85,0xd9,0x88,0xd6,
	0x88,0x99,0x84,0xba,0xfb,0x03,0xb0,0x80,0xee,0xba,0xf8,0x03,
	0xb8,0x18,0x00,0xee,0xba,0xf9,0x03,0x8a,0xc4,0xee,0xba,0xfb,
	0x03,0xb0,0x1b,0xee,0xba,0xfc,0x03,0xb0,0x01,0xee,0xba,0xfe,
	0x03,0xec,0xa8,0x20,0x74,0x2a,0xba,0xfc,0x03,0xb0,0x00,0xee,
	0xba,0xfe,0x03,0xec,0xa8,0x20,0x75,0x1c,0xba,0xfc,0x03,0xb0,
	0x02,0xee,0xba,0xfe,0x03,0xec,0xa8,0x10,0x74,0x0e,0xba,0xfc,
	0x03,0xb0,0x00,0xee,0xba,0xfe,0x03,0xec,0xa8,0x10,0x74,0x03,
	0xe9,0xcf,0x5f,0xba,0xf8,0x03,0xec,0xb9,0x10,0x27,0xba,0xfd,
	0x03,0xec,0xa8,0x01,0x75,0x04,0xe2,0xf9,0xeb,0xea,0xba,0xf8,
	0x03,0xec,0x8a,0xe0,0xb9,0x10,0x27,0xba,0xfd,0x03,0xec,0xa8,
	0x01,0x75,0x04,0xe2,0xf9,0xeb,0xd5,0xba,0xf8,0x03,0xec,0x2a,
	0xc4,0x3c,0x03,0x75,0xcb,0xb9,0x10,0x27,0xe2,0xfe,0xba,0xfd,
	0x03,0xec,0xa8,0x20,0x74,0xfb,0xba,0xf8,0x03,0xb0,0xaa,0xee,
	0x8c,0xc8,0x8e,0xd8,0xba,0xf8,0x03,0xec,0xb4,0x0a,0x8d,0x2e,
	0x11,0x81,0xe9,0xb0,0x02,0xb4,0x0d,0x8d,0x2e,0x1a,0x81,0xe9,
	0xa7,0x02,0x90,0xb4,0x2e,0x8d,0x2e,0x24,0x81,0xe9,0x9d,0x02,
	0xba,0xfd,0x03,0xec,0xa8,0x01,0x74,0xf8,0xba,0xf8,0x03,0xec,
	0x3c,0x67,0x75,0x09,0x8a,0xe0,0x8d,0x2e,0x64,0x84,0xe9,0x84,
	0x02,0x3c,0x65,0x75,0x68,0x8a,0xe0,0x8d,0x2e,0x4a,0x81,0xe9,
	0x77,0x02,0xb4,0x73,0x8d,0x2e,0x53,0x81,0xe9,0x6e,0x02,0xb4,
	0x3d,0x8d,0x2e,0x5c,0x81,0xe9,0x65,0x02,0x8c,0xc0,0x86,0xe0,
	0x8d,0x2e,0x67,0x81,0xe9,0x7a,0x02,0x8d,0x2e,0x70,0x81,0x8b,
	0xc8,0xe9,0x51,0x02,0x8b,0xc1,0x86,0xe0,0x8d,0x2e,0x7b,0x81,
	0xe9,0x46,0x02,0x8c,0xc0,0x8d,0x2e,0x84,0x81,0xe9,0x5d,0x02,
	0x8d,0x2e,0x8d,0x81,0x8b,0xc8,0xe9,0x34,0x02,0x8b,0xc1,0x86,
	0xe0,0x8d,0x2e,0x98,0x81,0xe9,0x29,0x02,0x8d,0x2e,0xa2,0x81,
	0xb9,0x04,0x00,0xe9,0x5b,0x02,0x8b,0xc7,0x8e,0xc0,0xe9,0x5b,
	0xff,0x3c,0x61,0x75,0x49,0x8a,0xe0,0x8d,0x2e,0xb6,0x81,0xe9,
	0x0b,0x02,0xb4,0x6c,0x8d,0x2e,0xbf,0x81,0xe9,0x02,0x02,0xb4,
	0x3d,0x8d,0x2e,0xc8,0x81,0xe9,0xf9,0x01,0x8b,0xc4,0x8d,0x2e,
	0xd1,0x81,0xe9,0x10,0x02,0x8d,0x2e,0xda,0x81,0x8b,0xc8,0xe9,
	0xe7,0x01,0x8b,0xc1,0x86,0xe0,0x8d,0x2e,0xe5,0x81,0xe9,0xdc,
	0x01,0x8d,0x2e,0xef,0x81,0xb9,0x02,0x00,0xe9,0x0e,0x02,0x8b,
	0xc7,0x8b,0xe0,0xe9,0x0e,0xff,0x3c,0x72,0x75,0x4f,0x8a,0xe0,
	0x8d,0x2e,0x03,0x82,0xe9,0xbe,0x01,0x8d,0x2e,0x0d,0x82,0xb9,
	0x04,0x00,0xe9,0xf0,0x01,0xb4,0x20,0x8d,0x2e,0x16,0x82,0xe9,
	0xab,0x01,0x8b,0xc4,0x3c,0x99,0x75,0x05,0x26,0x8a,0x05,0xeb,
	0xfb,0xbe,0x08,0x00,0x26,0x8a,0x05,0x8d,0x2e,0x2e,0x82,0xe9,
	0xb3,0x01,0x8d,0x2e,0x37,0x82,0x8b,0xc8,0xe9,0x8a,0x01,0x8b,
	0xc1,0x86,0xe0,0x8d,0x2e,0x42,0x82,0xe9,0x7f,0x01,0x47,0x4e,
	0x75,0xde,0xe9,0xbb,0xfe,0x3c,0x77,0x75,0x34,0x8a,0xe0,0x8d,
	0x2e,0x56,0x82,0xe9,0x6b,0x01,0x8d,0x2e,0x60,0x82,0xb9,0x04,
	0x00,0xe9,0x9d,0x01,0xb9,0x02,0x00,0x8b,0xdf,0x8d,0x2e,0x6c,
	0x82,0xe9,0x91,0x01,0x8b,0xc4,0x3c,0x99,0x75,0x07,0x8b,0xc7,
	0x26,0x88,0x07,0xeb,0xfb,0x8b,0xc7,0x26,0x88,0x07,0xe9,0x83,
	0xfe,0x3c,0x6f,0x75,0x34,0x8a,0xe0,0x8d,0x2e,0x8e,0x82,0xe9,
	0x33,0x01,0x8d,0x2e,0x98,0x82,0xb9,0x03,0x00,0xe9,0x65,0x01,
	0xb9,0x02,0x00,0x8b,0xdf,0x8d,0x2e,0xa4,0x82,0xe9,0x59,0x01,
	0x8b,0xc4,0x3c,0x99,0x75,0x07,0x8b,0xc7,0x8b,0xd3,0xee,0xeb,
	0xfd,0x8b,0xc7,0x8b,0xd3,0xee,0xe9,0x4b,0xfe,0x3c,0x69,0x75,
	0x46,0x8a,0xe0,0x8d,0x2e,0xc6,0x82,0xe9,0xfb,0x00,0x8d,0x2e,
	0xd0,0x82,0xb9,0x03,0x00,0xe9,0x2d,0x01,0xb4,0x20,0x8d,0x2e,
	0xd9,0x82,0xe9,0xe8,0x00,0x8b,0xd7,0x8b,0xc4,0x3c,0x99,0x75,
	0x03,0xec,0xeb,0xfd,0xec,0x8d,0x2e,0xec,0x82,0xe9,0xf5,0x00,
	0x8d,0x2e,0xf5,0x82,0x8b,0xc8,0xe9,0xcc,0x00,0x8b,0xc1,0x86,
	0xe0,0x8d,0x2e,0x00,0x83,0xe9,0xc1,0x00,0xe9,0x01,0xfe,0x3c,
	0x6d,0x75,0x39,0x8a,0xe0,0x8d,0x2e,0x10,0x83,0xe9,0xb1,0x00,
	0xb0,0x74,0xe6,0x43,0xb0,0x12,0xe6,0x41,0xb0,0x00,0xe6,0x41,
	0xb0,0x12,0xe6,0x0d,0xb0,0xff,0xe6,0x0f,0xb0,0x00,0xe6,0x00,
	0x90,0x90,0xe6,0x00,0xb0,0x58,0xe6,0x0b,0xb0,0xff,0xe6,0x01,
	0x90,0x90,0xe6,0x01,0xfe,0xc0,0xe6,0x08,0x90,0x90,0xe6,0x0a,
	0x3c,0x76,0x74,0x03,0xe9,0xbd,0xfd,0x8a,0xe0,0x8d,0x2e,0x50,
	0x83,0xeb,0x72,0x90,0x8d,0x2e,0x5a,0x83,0xb9,0x04,0x00,0xe9,
	0xa3,0x00,0x8b,0xc4,0x8b,0xcf,0x8b,0xd1,0x33,0xff,0xf3,0xaa,
	0x8b,0xca,0x33,0xff,0x26,0x3a,0x05,0x75,0x06,0x47,0xe2,0xf8,
	0xe9,0x91,0xfd,0xb4,0x20,0x8d,0x2e,0x7c,0x83,0xeb,0x46,0x90,
	0xb4,0x3a,0x8d,0x2e,0x85,0x83,0xeb,0x3d,0x90,0x8b,0xc7,0x86,
	0xe0,0x8d,0x2e,0x90,0x83,0xeb,0x52,0x90,0x8d,0x2e,0x99,0x83,
	0x8b,0xc8,0xeb,0x29,0x90,0x8b,0xc1,0x86,0xe0,0x8d,0x2e,0xa4,
	0x83,0xeb,0x1e,0x90,0x8b,0xc7,0x8d,0x2e,0xad,0x83,0xeb,0x35,
	0x90,0x8d,0x2e,0xb6,0x83,0x8b,0xc8,0xeb,0x0c,0x90,0x8b,0xc1,
	0x86,0xe0,0x8d,0x2e,0x04,0x81,0xeb,0x01,0x90,0xba,0xfd,0x03,
	0xec,0xa8,0x20,0x74,0xf8,0xba,0xf8,0x03,0x8a,0xc4,0xee,0xff,
	0xe5,0x30,0x31,0x32,0x33,0x34,0x35,0x36,0x37,0x38,0x39,0x41,
	0x42,0x43,0x44,0x45,0x46,0x8a,0xe0,0x24,0xf0,0xd0,0xe8,0xd0,
	0xe8,0xd0,0xe8,0xd0,0xe8,0x8d,0x1e,0xd1,0x83,0xd7,0x86,0xe0,
	0x24,0x0f,0x8d,0x1e,0xd1,0x83,0xd7,0xff,0xe5,0xba,0xfd,0x03,
	0xec,0xa8,0x20,0x74,0xf8,0xba,0xf8,0x03,0xb0,0x20,0xee,0xbf,
	0x00,0x00,0x8a,0xe9,0xba,0xfd,0x03,0xec,0xa8,0x01,0x74,0xf8,
	0xba,0xf8,0x03,0xec,0x3c,0x2e,0x75,0x03,0xe9,0xe1,0xfc,0x8a,
	0xe0,0x80,0xfc,0x30,0x72,0xe6,0x80,0xfc,0x39,0x77,0x06,0x80,
	0xec,0x30,0xeb,0x0e,0x90,0x80,0xfc,0x61,0x72,0xd6,0x80,0xfc,
	0x66,0x77,0xd1,0x80,0xec,0x57,0x8b,0xf0,0xba,0xfd,0x03,0xec,
	0xa8,0x20,0x74,0xfb,0xba,0xf8,0x03,0x8b,0xc6,0xee,0x32,0xc0,
	0x86,0xc4,0xb1,0x04,0xd3,0xe7,0x0b,0xf8,0xfe,0xcd,0x75,0x02,
	0xff,0xe5,0xeb,0xac,0xb8,0x30,0x00,0x8e,0xd0,0xbc,0x00,0x01,
	0x2b,0xd2,0x8e,0xda,0xbb,0x04,0x00,0xb8,0xde,0x8a,0x89,0x07,
	0xb3,0x0c,0x89,0x07,0x0e,0x58,0xd0,0xeb,0x89,0x07,0xb3,0x0e,
	0x89,0x07,0xeb,0x11,0x90,0xb8,0x30,0x00,0x8e,0xd0,0xbc,0x00,
	0x01,0xe8,0x17,0x06,0xb0,0x3f,0xe8,0x9e,0x05,0xfc,0xb8,0x40,
	0x00,0x8e,0xd8,0xbe,0xde,0x00,0xb8,0xff,0xff,0xb9,0x04,0x00,
	0x89,0x04,0x83,0xc6,0x02,0xe2,0xf9,0xc7,0x06,0xe6,0x00,0x99,
	0x84,0x81,0x3e,0xbc,0x00,0xa5,0x5a,0x74,0x0c,0xc7,0x06,0xbc,
	0x00,0xa5,0x5a,0xbb,0x03,0x80,0xe8,0xcf,0x05,0xe8,0xdf,0x05,
	0xb0,0x5f,0xe8,0x66,0x05,0xc6,0x06,0xea,0x00,0x00,0xbf,0x15,
	0x80,0xe8,0x13,0x05,0x0e,0x07,0x26,0x8a,0x0d,0xb5,0x00,0x47,
	0x8b,0xf1,0x4e,0xf2,0xae,0x0b,0xc9,0x74,0x9c,0x2b,0xf1,0x03,
	0xf6,0xba,0x99,0x84,0x52,0xb9,0x02,0x00,0x2e,0xff,0xa4,0x4b,
	0x80,0xe8,0x6a,0x04,0xa4,0xe2,0xfd,0xc3,0x49,0xe8,0x7a,0x04,
	0x5e,0x8e,0x1e,0xb0,0x00,0xe8,0x9b,0x05,0xe8,0xa9,0x05,0xe8,
	0x9e,0x05,0xac,0x8a,0xe8,0xe8,0x5f,0x05,0xe8,0x49,0x05,0xe8,
	0x92,0x05,0x2b,0xdb,0xe8,0xd6,0x04,0x74,0x13,0xe8,0xaa,0x04,
	0x72,0x05,0xe8,0x62,0x04,0xeb,0xf6,0xe8,0xce,0x04,0x73,0x06,
	0x88,0x5c,0xff,0xf9,0x72,0xcf,0xe9,0x48,0xff,0xe8,0xab,0x04,
	0x3c,0x45,0x74,0x0c,0x3c,0x44,0x75,0xf2,0x81,0x26,0xba,0x00,
	0xff,0xdf,0xfa,0xc3,0x81,0x0e,0xba,0x00,0x00,0x20,0xfb,0xc3,
	0x41,0xe8,0x22,0x04,0x58,0x59,0x5f,0x2b,0xcf,0x72,0x0a,0x41,
	0xd1,0xe9,0x8e,0x06,0xb2,0x00,0xf3,0xab,0xc3,0xe9,0x15,0xff,
	0xb9,0x01,0x00,0xe8,0x08,0x04,0x5e,0xb9,0x10,0x00,0x1e,0x07,
	0x8e,0x1e,0xb0,0x00,0xe8,0x24,0x05,0xe8,0xcc,0x03,0xe8,0x2f,
	0x05,0xbf,0xbe,0x00,0xe8,0x21,0x05,0xac,0x51,0x8a,0xe8,0xe8,
	0xe1,0x04,0xe8,0xb9,0x03,0x59,0x49,0x3c,0x20,0x73,0x02,0xb0,
	0x2e,0xaa,0xe3,0x02,0xeb,0xe6,0x2a,0xc0,0xaa,0xe8,0x04,0x05,
	0xbf,0xbe,0x00,0x26,0x8a,0x05,0x3c,0x00,0x74,0x09,0xe8,0x7a,
	0x04,0xe8,0x96,0x03,0x47,0xeb,0xf0,0xc3,0xe9,0xc2,0xfe,0xe8,
	0x4c,0x04,0x8b,0xd3,0x73,0x19,0xec,0xe8,0xd9,0x04,0x8a,0xe8,
	0xb0,0x50,0xe8,0x5e,0x04,0x8b,0xda,0xe8,0x90,0x04,0xb0,0x3d,
	0xe8,0x54,0x04,0xe8,0x95,0x04,0xc3,0xe8,0x2c,0x04,0x73,0xd8,
	0x8a,0xc3,0xee,0xeb,0xde,0xe8,0x09,0x04,0x72,0x7d,0xe8,0x3e,
	0x04,0x3c,0x46,0x74,0x6f,0xb9,0x0e,0x00,0x8b,0xf1,0xbb,0x24,
	0x80,0x53,0x2e,0x3a,0x07,0x74,0x07,0x83,0xc3,0x02,0xe2,0xf6,
	0xe3,0x5e,0x5f,0x8b,0xce,0x86,0xe0,0xe8,0xd5,0x03,0x86,0xe0,
	0x0e,0x07,0xf2,0xaf,0xe3,0x4e,0x4e,0x2b,0xf1,0x83,0xef,0x02,
	0x03,0xf6,0x2e,0x8b,0x05,0xe8,0x7b,0x04,0xe8,0x04,0x04,0x86,
	0xe0,0xe8,0xff,0x03,0xb0,0x3d,0xe8,0xfa,0x03,0xe8,0x96,0x04,
	0xe8,0x25,0x04,0x2b,0xdb,0xe8,0x6c,0x04,0xe8,0xb2,0x03,0x74,
	0x14,0xe8,0x86,0x03,0x72,0x05,0xe8,0x3e,0x03,0xeb,0xf6,0xe8,
	0xaa,0x03,0x73,0x14,0x89,0x9c,0xa0,0x00,0xf9,0x73,0x0d,0x83,
	0xc6,0x02,0x83,0xc7,0x02,0xe2,0xbf,0xc3,0xeb,0x4c,0x90,0x90,
	0xe9,0x16,0xfe,0xbf,0x24,0x80,0x2b,0xf6,0xb9,0x0d,0x00,0xe8,
	0x2d,0x04,0xe8,0x33,0x04,0x2e,0x8b,0x05,0xe8,0xb0,0x03,0x86,
	0xc4,0xe8,0xab,0x03,0x83,0xc7,0x02,0xe8,0x22,0x04,0xe8,0x1f,
	0x04,0xe2,0xe7,0xe8,0x1a,0x04,0x8b,0xdf,0xe8,0xf9,0x03,0xe8,
	0x09,0x04,0xb9,0x0d,0x00,0xe8,0x2e,0x04,0x83,0xc6,0x02,0xe8,
	0x06,0x04,0xe2,0xf5,0xe8,0x01,0x04,0x8b,0x9c,0xa0,0x00,0xe9,
	0xa6,0x00,0xe8,0x40,0x03,0x72,0x5d,0xe8,0x75,0x03,0xbf,0x3e,
	0x80,0x0e,0x07,0xb9,0x0a,0x00,0x8b,0x1e,0xba,0x00,0xbe,0x09,
	0x00,0xf2,0xae,0xe3,0x9b,0x4f,0x2b,0xf1,0x51,0x8b,0xce,0xd3,
	0xc3,0x59,0xe8,0xca,0x03,0x2e,0x8a,0x05,0xe8,0x50,0x03,0xb0,
	0x3d,0xe8,0x4b,0x03,0xe8,0xdd,0x03,0xe8,0x76,0x03,0xe8,0xbf,
	0x03,0xb4,0x00,0xcd,0x16,0x3c,0x2e,0x74,0x2e,0x24,0x7f,0x3c,
	0x0d,0x74,0x2d,0x3c,0x20,0x72,0xee,0x3c,0x61,0x72,0x06,0x3c,
	0x7b,0x73,0x02,0x2c,0x20,0xe8,0x23,0x03,0x3c,0x30,0x75,0x07,
	0x8a,0xf0,0xeb,0xd9,0xeb,0x2f,0x90,0x3c,0x31,0x75,0x04,0x8a,
	0xf0,0xeb,0xce,0xb8,0x89,0x84,0x50,0xfe,0xc9,0xeb,0x11,0x90,
	0x47,0xd0,0xde,0x72,0x06,0x80,0xe3,0xfe,0xeb,0x04,0x90,0x80,
	0xcb,0x01,0xe2,0x9e,0xb2,0x09,0x2a,0xd1,0x8a,0xca,0xd3,0xcb,
	0x89,0x1e,0xba,0x00,0xc3,0xbb,0x3e,0x80,0xe8,0x58,0x03,0xe8,
	0x55,0x03,0xe8,0x3f,0x03,0xe8,0x4f,0x03,0x8b,0x1e,0xba,0x00,
	0xb9,0x09,0x00,0xe8,0x66,0x03,0xe2,0xfb,0xc3,0xe8,0x91,0x02,
	0x74,0x03,0xe8,0x74,0x02,0x72,0x30,0xe8,0xf2,0x02,0xb9,0x02,
	0x00,0xe8,0x9a,0x02,0x53,0xfe,0xc5,0x72,0x04,0xfe,0xc9,0x75,
	0xf4,0x73,0x31,0xbe,0xde,0x00,0x5b,0x89,0x1c,0x8e,0x06,0xb6,
	0x00,0x26,0x8a,0x07,0x83,0xc6,0x02,0x88,0x04,0x46,0xb0,0xcc,
	0x26,0x88,0x07,0xfe,0xcd,0x75,0xe7,0xe8,0x05,0x03,0xc7,0x06,
	0xe6,0x00,0xaf,0x87,0xe9,0x8f,0x00,0xe8,0x6f,0x00,0xe8,0xbe,
	0xfe,0xe9,0xe1,0xfc,0xe9,0xce,0xfc,0xe8,0x3f,0x02,0x74,0x03,
	0xe8,0x22,0x02,0x72,0x0c,0xe8,0xa0,0x02,0xe8,0x4b,0x02,0x89,
	0x1e,0xe4,0x00,0x73,0xe7,0xe8,0xd7,0x02,0xe8,0xd4,0x02,0x53,
	0x06,0x51,0xa1,0xb6,0x00,0x8e,0xc0,0x8b,0x1e,0xb8,0x00,0xe8,
	0x6e,0x03,0x59,0x07,0x5b,0x81,0x0e,0xba,0x00,0x00,0x10,0xc7,
	0x06,0xe6,0x00,0xf8,0x87,0xeb,0x47,0x90,0x2b,0xf6,0xff,0x06,
	0xb8,0x00,0xe8,0x72,0xfe,0x83,0x3e,0xe4,0x00,0xff,0x74,0x10,
	0xb4,0x01,0xcd,0x10,0x75,0x0a,0x8b,0x1e,0xe4,0x00,0x3b,0x1e,
	0xb8,0x00,0x75,0xb9,0x81,0x26,0xba,0x00,0xff,0xef,0xe9,0x78,
	0xfc,0xbe,0xde,0x00,0x8e,0x06,0xb6,0x00,0xb9,0x02,0x00,0x83,
	0x3c,0xff,0x74,0x0d,0x8b,0x1c,0x83,0xc6,0x02,0x8a,0x04,0x26,
	0x88,0x07,0x46,0xe2,0xee,0xc3,0x8b,0x36,0xac,0x00,0x8b,0x3e,
	0xae,0x00,0x8b,0x16,0xa6,0x00,0x8e,0x06,0xb2,0x00,0x8e,0x16,
	0xb4,0x00,0x8b,0x26,0xa8,0x00,0x8b,0x2e,0xaa,0x00,0xa1,0xba,
	0x00,0xb1,0x04,0xd3,0xc8,0x8b,0xd8,0x81,0xe3,0xc0,0x0f,0xd0,
	0xc8,0x8a,0xe0,0x24,0x10,0x0a,0xd8,0xd0,0xcc,0x8a,0xc4,0x24,
	0x04,0x0a,0xd8,0xd0,0xcc,0x80,0xe4,0x01,0x0a,0xdc,0x53,0xa1,
	0xa0,0x00,0x8b,0x0e,0xa4,0x00,0x8b,0x1e,0xb6,0x00,0x53,0x8b,
	0x1e,0xb8,0x00,0x53,0x8b,0x1e,0xa2,0x00,0x8e,0x1e,0xb0,0x00,
	0xcf,0x2b,0xdb,0xb9,0x0a,0x00,0xe8,0x5c,0x01,0x74,0x28,0xe8,
	0x77,0x01,0x72,0x0b,0x8b,0xcb,0x2b,0xdb,0xe8,0x67,0x01,0x73,
	0x22,0x87,0xcb,0xe8,0xf5,0x01,0x06,0x1e,0xa1,0xb6,0x00,0x8e,
	0xc0,0x8b,0xc1,0xe8,0x92,0x02,0x03,0xd9,0x8b,0xc8,0xe2,0xf5,
	0x1f,0x07,0xc3,0x8b,0x1e,0xb8,0x00,0x73,0x02,0xeb,0xe0,0xe9,
	0xb3,0xfb,0xe9,0xb0,0xfb,0x06,0x57,0x51,0xba,0xf8,0x03,0xec,
	0xe8,0x5d,0x00,0x72,0x4f,0x3c,0xaa,0x74,0x07,0x3c,0x1b,0x74,
	0x4a,0xeb,0x45,0x90,0xe8,0x4d,0x00,0x72,0x3f,0x86,0xc4,0xe8,
	0x46,0x00,0x72,0x38,0x86,0xc4,0x8b,0xc8,0xe8,0x3d,0x00,0x72,
	0x2f,0x86,0xc4,0xe8,0x36,0x00,0x72,0x28,0x86,0xc4,0x8e,0xc0,
	0xa3,0xb6,0x00,0xa3,0xb0,0x00,0xe8,0x27,0x00,0x72,0x19,0x86,
	0xc4,0xe8,0x20,0x00,0x72,0x12,0x86,0xc4,0x8b,0xf8,0xa3,0xb8,
	0x00,0xe8,0x14,0x00,0x72,0x06,0xaa,0xe2,0xf8,0xeb,0x04,0x90,
	0xe8,0x00,0x01,0x33,0xc9,0xa3,0xa0,0x00,0x59,0x5f,0x07,0xc3,
	0xba,0xfd,0x03,0xec,0xa8,0x01,0x74,0xfb,0xf9,0xa8,0x0e,0x75,
	0x05,0xba,0xf8,0x03,0xec,0xf8,0xc3,0xe9,0xaa,0xf7,0x1e,0x50,
	0xb8,0x40,0x00,0x8e,0xd8,0x58,0x80,0x3e,0xea,0x00,0x00,0x74,
	0x03,0xe9,0x31,0xfb,0x1f,0xc3,0x41,0xe8,0x14,0x00,0x8e,0x06,
	0xb2,0x00,0x5f,0x59,0x5e,0x2b,0xce,0x72,0x06,0x41,0x8e,0x1e,
	0xb0,0x00,0xc3,0xe9,0x07,0xfb,0xe8,0x91,0x00,0x58,0x53,0x50,
	0x49,0x73,0x03,0x75,0x03,0xc3,0x75,0xf2,0xe9,0xf6,0xfa,0x52,
	0x51,0x1e,0x56,0x33,0xc9,0x8e,0xd9,0xb9,0x00,0x05,0xbe,0x00,
	0x00,0xf3,0xac,0xba,0xfd,0x03,0xec,0xa8,0x01,0x74,0xf0,0xba,
	0xf8,0x03,0xec,0x5e,0x1f,0x59,0x5a,0x3c,0x0d,0x74,0x04,0x3c,
	0x20,0x72,0xd8,0xc3,0xe8,0x78,0x00,0x3c,0x30,0x72,0x11,0x3c,
	0x47,0x73,0x0d,0x3c,0x39,0x76,0x06,0x3c,0x41,0x72,0x05,0x2c,
	0x07,0x2c,0x30,0xc3,0xf9,0xc3,0x51,0xe8,0xe2,0xff,0x72,0x07,
	0xb1,0x04,0xd3,0xe3,0x02,0xd8,0xf8,0x59,0xc3,0x2b,0xdb,0xe8,
	0x33,0x00,0x89,0x1e,0xb8,0x00,0xc3,0xe8,0xa1,0xff,0x3c,0x2e,
	0x75,0x03,0xe9,0xa0,0xfa,0xe8,0x3b,0x00,0xc3,0xe8,0x93,0xff,
	0x3c,0x2e,0x74,0x0f,0x3c,0x20,0x74,0x0a,0x3c,0x2c,0x74,0x06,
	0x3c,0x0d,0xf9,0x74,0x01,0xf5,0xc3,0xe9,0x83,0xfa,0x2b,0xdb,
	0xe8,0xe2,0xff,0x74,0x10,0xe8,0xb6,0xff,0x72,0x05,0xe8,0x6e,
	0xff,0xeb,0xf6,0xe8,0xda,0xff,0x75,0x01,0xc3,0xe9,0x59,0xfa,
	0x04,0x90,0x27,0x14,0x40,0x27,0xc3,0x52,0x50,0x53,0x1e,0x50,
	0xbb,0x40,0x00,0x8e,0xdb,0xba,0xfd,0x03,0xec,0xa8,0x01,0x74,
	0x0d,0xba,0xf8,0x03,0xec,0x3c,0x2e,0x75,0xf0,0xa2,0xea,0x00,
	0xeb,0xeb,0xba,0xfd,0x03,0xec,0xa8,0x20,0x74,0xf8,0xba,0xf8,
	0x03,0x58,0xee,0x1f,0x5b,0x58,0x5a,0xc3,0xb0,0x2d,0xe8,0xca,
	0xff,0xc3,0x51,0x8a,0xef,0xe8,0x07,0x00,0x8a,0xeb,0xe8,0x02,
	0x00,0x59,0xc3,0x50,0x8a,0xc5,0xd0,0xe8,0xd0,0xe8,0xd0,0xe8,
	0xd0,0xe8,0xe8,0xa7,0xff,0xe8,0xab,0xff,0x8a,0xc5,0x24,0x0f,
	0xe8,0x9d,0xff,0xe8,0xa1,0xff,0x58,0xc3,0x50,0x1e,0x0e,0x1f,
	0x8a,0x07,0x0a,0xc0,0x74,0x06,0x43,0xe8,0x91,0xff,0xeb,0xf4,
	0x1f,0x58,0xc3,0x53,0xbb,0x48,0x80,0xe8,0xe6,0xff,0x5b,0xc3,
	0x50,0xb0,0x20,0xe8,0x7d,0xff,0x58,0xc3,0x8c,0xdb,0xe8,0xad,
	0xff,0xb0,0x3a,0xe8,0x71,0xff,0x8b,0xde,0xe8,0xa3,0xff,0xc3,
	0x2a,0xc0,0xd1,0xc3,0x14,0x30,0xe8,0x62,0xff,0xc3,0x8b,0x9c,
	0xa0,0x00,0xe8,0x91,0xff,0xc3,0x1e,0x50,0xb8,0x40,0x00,0x8e,
	0xd8,0x58,0xa3,0xa0,0x00,0x89,0x1e,0xa2,0x00,0x89,0x0e,0xa4,
	0x00,0x89,0x16,0xa6,0x00,0x89,0x3e,0xae,0x00,0x89,0x36,0xac,
	0x00,0x8c,0x16,0xb4,0x00,0x8c,0x06,0xb2,0x00,0x5b,0x89,0x1e,
	0xb0,0x00,0x5b,0x4b,0x89,0x1e,0xb8,0x00,0x5b,0x89,0x1e,0xb6,
	0x00,0x58,0x80,0xe4,0x0f,0xb1,0x04,0xd3,0xc0,0x8b,0xd8,0x81,
	0xe3,0x00,0xfc,0xd1,0xc0,0x25,0xa0,0x02,0x0b,0xd8,0x81,0xe3,
	0x00,0xfe,0xd1,0xc0,0x25,0x40,0x01,0x0b,0xd8,0xd0,0xc0,0x8a,
	0xd8,0x89,0x1e,0xba,0x00,0x89,0x26,0xa8,0x00,0x89,0x2e,0xaa,
	0x00,0xb8,0x30,0x00,0x8e,0xd0,0xbc,0x00,0x01,0x8b,0x1e,0xe6,
	0x00,0x0e,0x53,0xcb,0x50,0x56,0x06,0x1e,0x57,0x06,0x1f,0x53,
	0x8b,0xf3,0xe8,0x5b,0xff,0x8b,0xfb,0x5b,0x0e,0x1f,0xe8,0x4b,
	0xff,0xe8,0x48,0xff,0x33,0xc0,0x26,0x8a,0x07,0x8b,0xf0,0x03,
	0xf6,0x03,0xf6,0x53,0x8b,0x9c,0xb0,0x91,0x0b,0xdb,0x74,0x0e,
	0xe8,0x15,0xff,0x5b,0x83,0xc6,0x02,0xff,0x94,0xb0,0x91,0xeb,
	0x19,0x90,0x5b,0x83,0xc6,0x02,0x26,0x8a,0x47,0x01,0x51,0xb1,
	0x03,0xd2,0xe8,0x59,0x24,0x07,0x02,0xc0,0x32,0xe4,0xff,0x94,
	0xb0,0x91,0x5f,0xe8,0x01,0xff,0x1f,0x07,0x5e,0x58,0xc3,0xe8,
	0x02,0xff,0x50,0x26,0x8a,0x47,0x01,0x80,0xfa,0x04,0x74,0x03,
	0xeb,0x0a,0x90,0x24,0x38,0xb1,0x03,0xd2,0xe8,0xeb,0x1c,0x90,
	0x24,0xc0,0x3c,0xc0,0x74,0x03,0xeb,0x7d,0x90,0x26,0x8a,0x07,
	0x24,0xfe,0x3c,0x84,0x75,0x03,0xe9,0xea,0x01,0x26,0x8a,0x47,
	0x01,0x24,0x07,0x02,0xc0,0x2a,0xe4,0x56,0x8b,0xf0,0x26,0x8a,
	0x07,0x80,0xfa,0x04,0x75,0x07,0x3c,0xc4,0x75,0x03,0xeb,0x1b,
	0x90,0x24,0x01,0x3c,0x01,0x75,0x03,0xeb,0x12,0x90,0x8a,0x84,
	0x9e,0x9b,0xe8,0x2e,0xfe,0x8a,0x84,0x9f,0x9b,0xe8,0x27,0xfe,
	0xeb,0x0f,0x90,0x8a,0x84,0x8d,0x9b,0xe8,0x1d,0xfe,0x8a,0x84,
	0x8e,0x9b,0xe8,0x16,0xfe,0x5e,0x80,0xfa,0x00,0x74,0x1d,0x80,
	0xfa,0x01,0x74,0x18,0x80,0xfa,0x02,0x74,0x16,0x80,0xfa,0x03,
	0x75,0x03,0xe9,0x93,0x01,0x80,0xfa,0x04,0x74,0x0c,0xb9,0x02,
	0x00,0xe9,0x88,0x01,0xeb,0x64,0x90,0xb9,0x02,0x00,0xe9,0x49,
	0x01,0x26,0x8a,0x47,0x01,0x24,0x07,0x3c,0x06,0x75,0x15,0x50,
	0x26,0x8a,0x47,0x01,0x24,0xc0,0x3c,0x00,0x74,0x04,0x58,0xeb,
	0x07,0x90,0x58,0xb6,0x08,0xe9,0xc7,0x00,0x02,0xc0,0x2a,0xe4,
	0x56,0x8b,0xf0,0x53,0x8b,0x9c,0x41,0x9b,0xe8,0x1d,0xfe,0x5b,
	0x5e,0x26,0x8a,0x47,0x01,0x24,0xc0,0x3c,0x00,0x74,0x03,0xeb,
	0x47,0x90,0x80,0xfa,0x02,0x75,0x06,0xb9,0x02,0x00,0xe9,0x01,
	0x01,0x80,0xfa,0x05,0x74,0x0a,0x80,0xfa,0x06,0x74,0x05,0x80,
	0xfa,0x07,0x75,0x06,0xb9,0x02,0x00,0xe9,0x22,0x01,0xb0,0x2c,
	0xe8,0x88,0xfd,0x80,0xfa,0x00,0x74,0x0f,0x53,0x26,0x8b,0x5f,
	0x02,0xe8,0xb2,0xfd,0x5b,0xb9,0x04,0x00,0xe9,0x09,0x01,0x26,
	0x8a,0x6f,0x02,0xe8,0xb1,0xfd,0xb9,0x03,0x00,0xe9,0xfc,0x00,
	0x50,0xb0,0x2b,0xe8,0x61,0xfd,0x58,0x3c,0x40,0x74,0x03,0xeb,
	0x56,0x90,0x26,0x8a,0x6f,0x02,0xe8,0x96,0xfd,0x80,0xfa,0x00,
	0x74,0x23,0x80,0xfa,0x01,0x74,0x1e,0xb9,0x03,0x00,0x80,0xfa,
	0x06,0x75,0x03,0xe9,0xd2,0x00,0x80,0xfa,0x07,0x75,0x03,0xe9,
	0xca,0x00,0x80,0xfa,0x05,0x75,0x03,0xe9,0xc2,0x00,0xe9,0x89,
	0x00,0xb0,0x2c,0xe8,0x25,0xfd,0x80,0xfa,0x00,0x74,0x0f,0x53,
	0x26,0x8b,0x5f,0x03,0xe8,0x4f,0xfd,0x5b,0xb9,0x05,0x00,0xe9,
	0xa6,0x00,0x26,0x8a,0x6f,0x03,0xe8,0x4e,0xfd,0xb9,0x04,0x00,
	0xe9,0x99,0x00,0x80,0xfe,0x08,0x75,0x05,0xb0,0x28,0xe8,0xfa,
	0xfc,0x53,0x26,0x8b,0x5f,0x02,0xe8,0x29,0xfd,0x5b,0x80,0xfe,
	0x08,0x75,0x05,0xb0,0x29,0xe8,0xe7,0xfc,0x80,0xfa,0x07,0x74,
	0x15,0x80,0xfa,0x06,0x74,0x10,0x80,0xfa,0x05,0x74,0x0b,0x80,
	0xfa,0x02,0x75,0x0c,0xb9,0x04,0x00,0xeb,0x2d,0x90,0xb9,0x04,
	0x00,0xeb,0x5d,0x90,0xb0,0x2c,0xe8,0xc2,0xfc,0x80,0xfa,0x00,
	0x74,0x0f,0x53,0x26,0x8b,0x5f,0x04,0xe8,0xec,0xfc,0x5b,0xb9,
	0x06,0x00,0xeb,0x44,0x90,0x26,0x8a,0x6f,0x04,0xe8,0xeb,0xfc,
	0xb9,0x05,0x00,0xeb,0x37,0x90,0xb0,0x2c,0xe8,0x9c,0xfc,0x26,
	0x8a,0x47,0x01,0x80,0xfa,0x04,0x75,0x05,0xb2,0x05,0xeb,0x13,
	0x90,0x24,0x38,0xd0,0xe8,0xd0,0xe8,0xd0,0xe8,0x80,0xfa,0x02,
	0x75,0x05,0xb2,0x03,0xe9,0x28,0xfe,0x24,0xc0,0x3c,0xc0,0x74,
	0x03,0xe9,0x89,0xfe,0xe9,0x16,0xfe,0xb2,0x04,0xe9,0xe7,0xfd,
	0x58,0xc3,0x52,0x2b,0xd2,0xb2,0x02,0xe8,0xd9,0xfd,0x5a,0xc3,
	0x52,0x2b,0xd2,0xb2,0x04,0xe8,0xcf,0xfd,0x5a,0xc3,0x52,0x2b,
	0xd2,0xe8,0xc7,0xfd,0x5a,0xc3,0x52,0x2b,0xd2,0xb2,0x01,0xe8,
	0xbd,0xfd,0x5a,0xc3,0xb9,0x01,0x00,0xc3,0xb9,0x02,0x00,0xc3,
	0xb0,0x44,0xe8,0x36,0xfc,0xb0,0x42,0xe8,0x31,0xfc,0xe8,0xab,
	0xfc,0x26,0x8a,0x2f,0xe8,0x6c,0xfc,0xb9,0x01,0x00,0xc3,0xe8,
	0x9e,0xfc,0xb0,0x28,0xe8,0x1c,0xfc,0x26,0x8a,0x6f,0x01,0x53,
	0x2b,0xc0,0x8a,0xc5,0x98,0x8b,0xd8,0x03,0xdf,0x83,0xc3,0x02,
	0x81,0xfb,0x80,0x00,0x73,0x0d,0x83,0xfb,0x80,0x72,0x08,0x8a,
	0xeb,0xe8,0x3f,0xfc,0xeb,0x04,0x90,0xe8,0x2c,0xfc,0xb9,0x02,
	0x00,0x5b,0xb0,0x29,0xe8,0xec,0xfb,0xc3,0xe8,0x65,0xfc,0xb0,
	0x28,0xe8,0xe3,0xfb,0x53,0x26,0x8b,0x5f,0x01,0x03,0xdf,0x83,
	0xc3,0x03,0xe8,0x0d,0xfc,0xb9,0x03,0x00,0x5b,0xb0,0x29,0xe8,
	0xcd,0xfb,0xc3,0xe8,0x46,0xfc,0x53,0x26,0x8b,0x5f,0x03,0xe8,
	0xf8,0xfb,0x5b,0xb0,0x3a,0xe8,0xbb,0xfb,0x53,0x26,0x8b,0x5f,
	0x01,0xe8,0xea,0xfb,0xb9,0x05,0x00,0x5b,0xc3,0x8b,0xf0,0x53,
	0x8b,0x9c,0x51,0x9a,0xe8,0x05,0xfc,0x5b,0xe8,0x4b,0xff,0xc3,
	0x8b,0xf0,0x53,0x8b,0x9c,0x51,0x9a,0xe8,0xf6,0xfb,0x5b,0xe8,
	0x44,0xff,0xc3,0x03,0xc0,0x8b,0xf0,0x53,0x8b,0x9c,0x61,0x9a,
	0xe8,0xe5,0xfb,0x5b,0x83,0xc6,0x02,0xff,0x94,0x61,0x9a,0xc3,
	0x03,0xc0,0x8b,0xf0,0x53,0x8b,0x9c,0x81,0x9a,0xe8,0xd0,0xfb,
	0x5b,0x83,0xc6,0x02,0xff,0x94,0x81,0x9a,0xc3,0x26,0xf6,0x47,
	0x01,0x20,0x75,0x0d,0x53,0x8d,0x1e,0x12,0x98,0xe8,0xb8,0xfb,
	0x5b,0xe8,0xcd,0x01,0xc3,0xe8,0x14,0xff,0xc3,0x26,0xf6,0x47,
	0x01,0x20,0x75,0x0d,0x53,0x8d,0x1e,0x12,0x98,0xe8,0xa0,0xfb,
	0x5b,0xe8,0x24,0x02,0xc3,0xe8,0xfc,0xfe,0xc3,0x3c,0x00,0x75,
	0x0d,0x53,0x8d,0x1e,0xf6,0x95,0xe8,0x8b,0xfb,0x5b,0xe8,0x02,
	0x01,0xc3,0xe8,0xe7,0xfe,0xc3,0x3c,0x00,0x75,0x0d,0x53,0x8d,
	0x1e,0x12,0x98,0xe8,0x76,0xfb,0x5b,0xe8,0xbc,0xfe,0xc3,0xe8,
	0xd2,0xfe,0xc3,0x3c,0x00,0x75,0x0d,0x53,0x8d,0x1e,0x12,0x98,
	0xe8,0x61,0xfb,0x5b,0xe8,0xaf,0xfe,0xc3,0xe8,0xbd,0xfe,0xc3,
	0x03,0xc0,0x8b,0xf0,0x53,0x8b,0x9c,0xa1,0x9a,0xe8,0x4c,0xfb,
	0x5b,0x83,0xc6,0x02,0xff,0x94,0xa1,0x9a,0xc3,0x03,0xc0,0x8b,
	0xf0,0x53,0x8b,0x9c,0xc1,0x9a,0xe8,0x37,0xfb,0x5b,0x83,0xc6,
	0x02,0xff,0x94,0xc1,0x9a,0xc3,0x03,0xc0,0x8b,0xf0,0x53,0x8b,
	0x9c,0xe1,0x9a,0xe8,0x22,0xfb,0x5b,0x83,0xc6,0x02,0xff,0x94,
	0xe1,0x9a,0xc3,0x03,0xc0,0x8b,0xf0,0x53,0x8b,0x9c,0x01,0x9b,
	0xe8,0x0d,0xfb,0x5b,0x83,0xc6,0x02,0xff,0x94,0x01,0x9b,0xc3,
	0x03,0xc0,0x8b,0xf0,0x53,0x8b,0x9c,0x21,0x9b,0xe8,0xf8,0xfa,
	0x5b,0x83,0xc6,0x02,0xff,0x94,0x21,0x9b,0xc3,0x26,0x8a,0x6f,
	0x01,0xe8,0xcb,0xfa,0xb9,0x02,0x00,0xc3,0x53,0x26,0x8b,0x5f,
	0x01,0xe8,0xb2,0xfa,0x5b,0xb9,0x03,0x00,0xc3,0x52,0x2b,0xd2,
	0xb2,0x06,0xe8,0xe6,0xfb,0x5a,0xb0,0x2c,0xe8,0x68,0xfa,0x26,
	0x8b,0x07,0x53,0x25,0x03,0x00,0x3d,0x00,0x00,0x75,0x07,0x8d,
	0x1e,0x03,0x90,0xeb,0x1d,0x90,0x3d,0x01,0x00,0x75,0x07,0x8d,
	0x1e,0x08,0x90,0xeb,0x11,0x90,0x3d,0x02,0x00,0x75,0x07,0x8d,
	0x1e,0x0a,0x90,0xeb,0x05,0x90,0x8d,0x1e,0x10,0x90,0xe8,0x97,
	0xfa,0x5b,0xc3,0x31,0x20,0x20,0x42,0x00,0x31,0x00,0x43,0x4c,
	0x20,0x20,0x42,0x00,0x43,0x4c,0x00,0x52,0x2b,0xd2,0xb2,0x07,
	0xe8,0x94,0xfb,0x5a,0xe8,0x95,0xfa,0x26,0xf6,0x07,0x01,0x75,
	0x05,0xb0,0x42,0xe8,0x0d,0xfa,0xc3,0x50,0xb0,0x2c,0xe8,0x06,
	0xfa,0x26,0x8a,0x07,0x24,0x08,0x3c,0x08,0x74,0x0c,0x26,0x8a,
	0x6f,0x01,0xe8,0x3a,0xfa,0x58,0xb9,0x02,0x00,0xc3,0x53,0x26,
	0x8b,0x5f,0x01,0xe8,0x20,0xfa,0x5b,0x58,0xb9,0x03,0x00,0xc3,
	0x50,0xb0,0x2c,0xe8,0xdd,0xf9,0xb0,0x28,0xe8,0xd8,0xf9,0x53,
	0x26,0x8b,0x5f,0x01,0xe8,0x07,0xfa,0x5b,0xb0,0x29,0xe8,0xca,
	0xf9,0x58,0xb9,0x03,0x00,0xc3,0xe8,0x3f,0xfa,0x50,0xb0,0x28,
	0xe8,0xbc,0xf9,0x53,0x26,0x8b,0x5f,0x01,0xe8,0xeb,0xf9,0x5b,
	0xb0,0x29,0xe8,0xae,0xf9,0xb0,0x2c,0xe8,0xa9,0xf9,0xb0,0x41,
	0xe8,0xa4,0xf9,0x26,0x8a,0x07,0x24,0x01,0x3c,0x01,0x74,0x03,
	0xeb,0x09,0x90,0xb0,0x58,0xe8,0x93,0xf9,0xeb,0x06,0x90,0xb0,
	0x4c,0xe8,0x8b,0xf9,0x58,0xb9,0x03,0x00,0xc3,0xe8,0x00,0xfa,
	0x50,0x26,0x8a,0x47,0x01,0x24,0x38,0xb1,0x03,0xd2,0xe8,0x02,
	0xc0,0x2a,0xe4,0x56,0x8b,0xf0,0x8a,0x84,0xaf,0x9b,0xe8,0x6a,
	0xf9,0x8a,0x84,0xb0,0x9b,0xe8,0x63,0xf9,0x5e,0xb0,0x2c,0xe8,
	0x5d,0xf9,0x26,0x8a,0x47,0x01,0x24,0xc0,0x3c,0xc0,0x74,0x03,
	0xeb,0x22,0x90,0x26,0x8a,0x47,0x01,0x24,0x07,0x02,0xc0,0x2a,
	0xe4,0x56,0x8b,0xf0,0x8a,0x84,0x8d,0x9b,0xe8,0x3c,0xf9,0x8a,
	0x84,0x8e,0x9b,0xe8,0x35,0xf9,0x5e,0x58,0xb9,0x02,0x00,0xc3,
	0xb0,0x28,0xe8,0x2a,0xf9,0x53,0x26,0x8b,0x5f,0x02,0xe8,0x59,
	0xf9,0x5b,0xb0,0x29,0xe8,0x1c,0xf9,0xb9,0x04,0x00,0x58,0xc3,
	0xe8,0x91,0xf9,0x50,0x26,0x8a,0x47,0x01,0x24,0xc0,0x3c,0xc0,
	0x74,0x03,0xeb,0x23,0x90,0x26,0x8a,0x47,0x01,0x24,0x07,0x02,
	0xc0,0x2a,0xe4,0x56,0x8b,0xf0,0x8a,0x84,0x8d,0x9b,0xe8,0xf2,
	0xf8,0x8a,0x84,0x8e,0x9b,0xe8,0xeb,0xf8,0x5e,0xb9,0x02,0x00,
	0xeb,0x17,0x90,0xb0,0x28,0xe8,0xdf,0xf8,0x53,0x26,0x8b,0x5f,
	0x02,0xe8,0x0e,0xf9,0x5b,0xb0,0x29,0xe8,0xd1,0xf8,0xb9,0x04,
	0x00,0xb0,0x2c,0xe8,0xc9,0xf8,0x26,0x8a,0x47,0x01,0x24,0x38,
	0xd0,0xe8,0xd0,0xe8,0xd0,0xe8,0x02,0xc0,0x2a,0xe4,0x56,0x8b,
	0xf0,0x8a,0x84,0xaf,0x9b,0xe8,0xaf,0xf8,0x8a,0x84,0xb0,0x9b,
	0xe8,0xa8,0xf8,0x5e,0x58,0xc3,0xe8,0x14,0xfe,0xb0,0x2c,0xe8,
	0x9d,0xf8,0xb0,0x41,0xe8,0x98,0xf8,0x26,0xf6,0x07,0x01,0x74,
	0x05,0xb0,0x58,0xeb,0x03,0x90,0xb0,0x4c,0xe8,0x88,0xf8,0xc3,
	0xb0,0x95,0xce,0x8d,0xb0,0x95,0xce,0x8d,0xb0,0x95,0xd8,0x8d,
	0xb0,0x95,0xd8,0x8d,0xb4,0x95,0xa9,0x8f,0xbc,0x95,0xb4,0x8f,
	0xc4,0x95,0xf4,0x8d,0xcc,0x95,0xf4,0x8d,0xd3,0x95,0xce,0x8d,
	0xd3,0x95,0xce,0x8d,0xd3,0x95,0xd8,0x8d,0xd3,0x95,0xd8,0x8d,
	0xd6,0x95,0xa9,0x8f,0xdd,0x95,0xb4,0x8f,0xe4,0x95,0xf4,0x8d,
	0xf1,0x95,0xfc,0x8d,0xf2,0x95,0xce,0x8d,0xf2,0x95,0xce,0x8d,
	0xf2,0x95,0xd8,0x8d,0xf2,0x95,0xd8,0x8d,0xfa,0x95,0xa9,0x8f,
	0x02,0x96,0xb4,0x8f,0x0a,0x96,0xf4,0x8d,0x12,0x96,0xf4,0x8d,
	0x19,0x96,0xce,0x8d,0x19,0x96,0xce,0x8d,0x19,0x96,0xd8,0x8d,
	0x19,0x96,0xd8,0x8d,0x1d,0x96,0xa9,0x8f,0x25,0x96,0xb4,0x8f,
	0x2d,0x96,0xf4,0x8d,0x35,0x96,0xf4,0x8d,0x3c,0x96,0xce,0x8d,
	0x3c,0x96,0xce,0x8d,0x3c,0x96,0xd8,0x8d,0x3c,0x96,0xd8,0x8d,
	0x40,0x96,0xa9,0x8f,0x48,0x96,0xb4,0x8f,0x50,0x96,0xf4,0x8d,
	0x54,0x96,0xf4,0x8d,0x58,0x96,0xce,0x8d,0x58,0x96,0xce,0x8d,
	0x58,0x96,0xd8,0x8d,0x58,0x96,0xd8,0x8d,0x5c,0x96,0xa9,0x8f,
	0x64,0x96,0xb4,0x8f,0x6c,0x96,0xf4,0x8d,0x70,0x96,0xf4,0x8d,
	0x74,0x96,0xce,0x8d,0x74,0x96,0xce,0x8d,0x74,0x96,0xd8,0x8d,
	0x74,0x96,0xd8,0x8d,0x7c,0x96,0xa9,0x8f,0x84,0x96,0xb4,0x8f,
	0x8c,0x96,0xf4,0x8d,0x90,0x96,0xf4,0x8d,0x94,0x96,0xce,0x8d,
	0x94,0x96,0xce,0x8d,0x94,0x96,0xd8,0x8d,0x94,0x96,0xd8,0x8d,
	0x98,0x96,0xa9,0x8f,0xa0,0x96,0xb4,0x8f,0xa8,0x96,0xf4,0x8d,
	0xac,0x96,0xf4,0x8d,0xb0,0x96,0xf4,0x8d,0xb7,0x96,0xf4,0x8d,
	0xbe,0x96,0xf4,0x8d,0xc5,0x96,0xf4,0x8d,0xcc,0x96,0xf4,0x8d,
	0xd3,0x96,0xf4,0x8d,0xda,0x96,0xf4,0x8d,0xe1,0x96,0xf4,0x8d,
	0xe8,0x96,0xf4,0x8d,0xf6,0x96,0xf4,0x8d,0xef,0x96,0xf4,0x8d,
	0xfd,0x96,0xf4,0x8d,0x04,0x97,0xf4,0x8d,0x0b,0x97,0xf4,0x8d,
	0x12,0x97,0xf4,0x8d,0x19,0x97,0xf4,0x8d,0x20,0x97,0xf4,0x8d,
	0x28,0x97,0xf4,0x8d,0x30,0x97,0xf4,0x8d,0x38,0x97,0xf4,0x8d,
	0x40,0x97,0xf4,0x8d,0x48,0x97,0xf4,0x8d,0x50,0x97,0xf4,0x8d,
	0x58,0x97,0xf4,0x8d,0x60,0x97,0xf4,0x8d,0x67,0x97,0xf4,0x8d,
	0x6e,0x97,0xf4,0x8d,0x75,0x97,0xf4,0x8d,0x7c,0x97,0xf4,0x8d,
	0x83,0x97,0xf4,0x8d,0x8a,0x97,0xf4,0x8d,0x91,0x97,0xf4,0x8d,
	0xf1,0x95,0xfc,0x8d,0xf1,0x95,0xfc,0x8d,0xf1,0x95,0xfc,0x8d,
	0xf1,0x95,0xfc,0x8d,0xf1,0x95,0xfc,0x8d,0xf1,0x95,0xfc,0x8d,
	0xf1,0x95,0xfc,0x8d,0xf1,0x95,0xfc,0x8d,0xf1,0x95,0xfc,0x8d,
	0xf1,0x95,0xfc,0x8d,0xf1,0x95,0xfc,0x8d,0xf1,0x95,0xfc,0x8d,
	0xf1,0x95,0xfc,0x8d,0xf1,0x95,0xfc,0x8d,0xf1,0x95,0xfc,0x8d,
	0xf1,0x95,0xfc,0x8d,0x98,0x97,0x13,0x8e,0x9b,0x97,0x13,0x8e,
	0x9f,0x97,0x13,0x8e,0xa7,0x97,0x13,0x8e,0xaf,0x97,0x13,0x8e,
	0xb5,0x97,0x13,0x8e,0xbd,0x97,0x13,0x8e,0xc5,0x97,0x13,0x8e,
	0xcd,0x97,0x13,0x8e,0xd0,0x97,0x13,0x8e,0xd4,0x97,0x13,0x8e,
	0xdb,0x97,0x13,0x8e,0xe3,0x97,0x13,0x8e,0xeb,0x97,0x13,0x8e,
	0xf3,0x97,0x13,0x8e,0xfb,0x97,0x13,0x8e,0x00,0x00,0x89,0x8e,
	0x00,0x00,0x98,0x8e,0x00,0x00,0xa7,0x8e,0x00,0x00,0xbc,0x8e,
	0x08,0x98,0xce,0x8d,0x08,0x98,0xce,0x8d,0x0d,0x98,0xd8,0x8d,
	0x0d,0x98,0xd8,0x8d,0x12,0x98,0xce,0x8d,0x12,0x98,0xce,0x8d,
	0x12,0x98,0xd8,0x8d,0x12,0x98,0xd8,0x8d,0x00,0x00,0xe9,0x8e,
	0x16,0x98,0xd8,0x8d,0x00,0x00,0xd1,0x8e,0x00,0x00,0x01,0x8f,
	0x1a,0x98,0xf4,0x8d,0x25,0x98,0xf4,0x8d,0x30,0x98,0xf4,0x8d,
	0x3b,0x98,0xf4,0x8d,0x46,0x98,0xf4,0x8d,0x51,0x98,0xf4,0x8d,
	0x5c,0x98,0xf4,0x8d,0x67,0x98,0xf4,0x8d,0x72,0x98,0xf4,0x8d,
	0x76,0x98,0xf4,0x8d,0x7a,0x98,0x6b,0x8e,0x7f,0x98,0xf4,0x8d,
	0x84,0x98,0xf4,0x8d,0x8f,0x98,0xf4,0x8d,0x94,0x98,0xf4,0x8d,
	0x99,0x98,0xf4,0x8d,0x9e,0x98,0x54,0x90,0xa5,0x98,0x54,0x90,
	0x12,0x98,0x72,0x90,0x12,0x98,0x72,0x90,0xac,0x98,0xf4,0x8d,
	0xb2,0x98,0xf4,0x8d,0xb8,0x98,0xf4,0x8d,0xbe,0x98,0xf4,0x8d,
	0xc4,0x98,0xa9,0x8f,0xcd,0x98,0xb4,0x8f,0xd6,0x98,0xf4,0x8d,
	0xdc,0x98,0xf4,0x8d,0xe2,0x98,0xf4,0x8d,0xe8,0x98,0xf4,0x8d,
	0xee,0x98,0xf4,0x8d,0xf4,0x98,0xf4,0x8d,0x9e,0x98,0x2b,0x90,
	0xfa,0x98,0x2b,0x90,0x01,0x99,0x2b,0x90,0x08,0x99,0x2b,0x90,
	0x0f,0x99,0x2b,0x90,0x16,0x99,0x2b,0x90,0x1d,0x99,0x2b,0x90,
	0x24,0x99,0x2b,0x90,0xa5,0x98,0x2b,0x90,0x2b,0x99,0x2b,0x90,
	0x32,0x99,0x2b,0x90,0x39,0x99,0x2b,0x90,0x40,0x99,0x2b,0x90,
	0x47,0x99,0x2b,0x90,0x4e,0x99,0x2b,0x90,0x55,0x99,0x2b,0x90,
	0xf1,0x95,0xfc,0x8d,0xf1,0x95,0xfc,0x8d,0x5c,0x99,0xb4,0x8f,
	0x5c,0x99,0xf4,0x8d,0x60,0x99,0xd8,0x8d,0x64,0x99,0xd8,0x8d,
	0x00,0x00,0x16,0x8f,0x00,0x00,0x2b,0x8f,0xf1,0x95,0xfc,0x8d,
	0xf1,0x95,0xfc,0x8d,0x5c,0x99,0xb4,0x8f,0x5c,0x99,0xf4,0x8d,
	0x68,0x99,0xf4,0x8d,0x6e,0x99,0xa9,0x8f,0x73,0x99,0xf4,0x8d,
	0x78,0x99,0xf4,0x8d,0x00,0x00,0x40,0x8f,0x00,0x00,0x40,0x8f,
	0x00,0x00,0x40,0x8f,0x00,0x00,0x40,0x8f,0x99,0x99,0xf8,0x8d,
	0xb0,0x95,0xf4,0x8d,0xf1,0x95,0xfc,0x8d,0x9d,0x99,0xf4,0x8d,
	0xf1,0x95,0xfc,0x8d,0xf1,0x95,0xfc,0x8d,0xf1,0x95,0xfc,0x8d,
	0xf1,0x95,0xfc,0x8d,0xf1,0x95,0xfc,0x8d,0xf1,0x95,0xfc,0x8d,
	0xf1,0x95,0xfc,0x8d,0xf1,0x95,0xfc,0x8d,0xa2,0x99,0x13,0x8e,
	0xa9,0x99,0x13,0x8e,0xaf,0x99,0x13,0x8e,0x03,0x98,0x13,0x8e,
	0xb4,0x99,0xa9,0x8f,0xbb,0x99,0xa9,0x8f,0xc2,0x99,0x92,0x91,
	0xc2,0x99,0x92,0x91,0x7a,0x98,0x4c,0x8e,0xe2,0x99,0x4c,0x8e,
	0xe2,0x99,0x6b,0x8e,0xe2,0x99,0x13,0x8e,0xc7,0x99,0xf4,0x8d,
	0xd0,0x99,0xf4,0x8d,0xe6,0x99,0xf4,0x8d,0xf0,0x99,0xf4,0x8d,
	0xfa,0x99,0xf4,0x8d,0xf1,0x95,0xfc,0x8d,0xff,0x99,0xf4,0x8d,
	0x05,0x9a,0xf4,0x8d,0x0a,0x9a,0xf4,0x8d,0x0e,0x9a,0xf4,0x8d,
	0x00,0x00,0x55,0x8f,0x00,0x00,0x6a,0x8f,0x2c,0x9a,0xf4,0x8d,
	0x30,0x9a,0xf4,0x8d,0x34,0x9a,0xf4,0x8d,0x38,0x9a,0xf4,0x8d,
	0x3c,0x9a,0xf4,0x8d,0x78,0x96,0xf4,0x8d,0x00,0x00,0x7f,0x8f,
	0x00,0x00,0x94,0x8f,0x41,0x44,0x44,0x00,0x41,0x44,0x44,0x20,
	0x41,0x4c,0x2c,0x00,0x41,0x44,0x44,0x20,0x41,0x58,0x2c,0x00,
	0x50,0x55,0x53,0x48,0x20,0x45,0x53,0x00,0x50,0x4f,0x50,0x20,
	0x45,0x53,0x00,0x4f,0x52,0x00,0x4f,0x52,0x20,0x41,0x4c,0x2c,
	0x00,0x4f,0x52,0x20,0x41,0x58,0x2c,0x00,0x50,0x55,0x53,0x48,
	0x20,0x43,0x53,0x00,0x58,0x43,0x4e,0x47,0x00,0x00,0x41,0x44,
	0x43,0x00,0x50,0x4f,0x50,0x00,0x41,0x44,0x43,0x20,0x41,0x4c,
	0x2c,0x00,0x41,0x44,0x43,0x20,0x41,0x58,0x2c,0x00,0x50,0x55,
	0x53,0x48,0x20,0x53,0x53,0x00,0x50,0x4f,0x50,0x20,0x53,0x53,
	0x00,0x53,0x42,0x42,0x00,0x53,0x42,0x42,0x20,0x41,0x4c,0x2c,
	0x00,0x53,0x42,0x42,0x20,0x41,0x58,0x2c,0x00,0x50,0x55,0x53,
	0x48,0x20,0x44,0x53,0x00,0x50,0x4f,0x50,0x20,0x44,0x53,0x00,
	0x41,0x4e,0x44,0x00,0x41,0x4e,0x44,0x20,0x41,0x4c,0x2c,0x00,
	0x41,0x4e,0x44,0x20,0x41,0x58,0x2c,0x00,0x45,0x53,0x3a,0x00,
	0x44,0x41,0x41,0x00,0x53,0x55,0x42,0x00,0x53,0x55,0x42,0x20,
	0x41,0x4c,0x2c,0x00,0x53,0x55,0x42,0x20,0x41,0x58,0x2c,0x00,
	0x43,0x53,0x3a,0x00,0x44,0x41,0x53,0x00,0x58,0x4f,0x52,0x00,
	0x53,0x54,0x44,0x00,0x58,0x4f,0x52,0x20,0x41,0x4c,0x2c,0x00,
	0x58,0x4f,0x52,0x20,0x41,0x58,0x2c,0x00,0x53,0x53,0x3a,0x00,
	0x41,0x41,0x41,0x00,0x43,0x4d,0x50,0x00,0x43,0x4d,0x50,0x20,
	0x41,0x4c,0x2c,0x00,0x43,0x4d,0x50,0x20,0x41,0x58,0x2c,0x00,
	0x44,0x53,0x3a,0x00,0x41,0x41,0x53,0x00,0x49,0x4e,0x43,0x20,
	0x41,0x58,0x00,0x49,0x4e,0x43,0x20,0x43,0x58,0x00,0x49,0x4e,
	0x43,0x20,0x44,0x58,0x00,0x49,0x4e,0x43,0x20,0x42,0x58,0x00,
	0x49,0x4e,0x43,0x20,0x53,0x50,0x00,0x49,0x4e,0x43,0x20,0x42,
	0x50,0x00,0x49,0x4e,0x43,0x20,0x53,0x49,0x00,0x49,0x4e,0x43,
	0x20,0x44,0x49,0x00,0x44,0x45,0x43,0x20,0x41,0x58,0x00,0x44,
	0x45,0x43,0x20,0x44,0x58,0x00,0x44,0x45,0x43,0x20,0x43,0x58,
	0x00,0x44,0x45,0x43,0x20,0x42,0x58,0x00,0x44,0x45,0x43,0x20,
	0x53,0x50,0x00,0x44,0x45,0x43,0x20,0x42,0x50,0x00,0x44,0x45,
	0x43,0x20,0x53,0x49,0x00,0x44,0x45,0x43,0x20,0x44,0x49,0x00,
	0x50,0x55,0x53,0x48,0x20,0x41,0x58,0x00,0x50,0x55,0x53,0x48,
	0x20,0x43,0x58,0x00,0x50,0x55,0x53,0x48,0x20,0x44,0x58,0x00,
	0x50,0x55,0x53,0x48,0x20,0x42,0x58,0x00,0x50,0x55,0x53,0x48,
	0x20,0x53,0x50,0x00,0x50,0x55,0x53,0x48,0x20,0x42,0x50,0x00,
	0x50,0x55,0x53,0x48,0x20,0x53,0x49,0x00,0x50,0x55,0x53,0x48,
	0x20,0x44,0x49,0x00,0x50,0x4f,0x50,0x20,0x41,0x58,0x00,0x50,
	0x4f,0x50,0x20,0x43,0x58,0x00,0x50,0x4f,0x50,0x20,0x44,0x58,
	0x00,0x50,0x4f,0x50,0x20,0x42,0x58,0x00,0x50,0x4f,0x50,0x20,
	0x53,0x50,0x00,0x50,0x4f,0x50,0x20,0x42,0x50,0x00,0x50,0x4f,
	0x50,0x20,0x53,0x49,0x00,0x50,0x4f,0x50,0x20,0x44,0x49,0x00,
	0x4a,0x4f,0x00,0x4a,0x4e,0x4f,0x00,0x4a,0x42,0x2f,0x4a,0x4e,
	0x41,0x45,0x00,0x4a,0x4e,0x42,0x2f,0x4a,0x41,0x45,0x00,0x4a,
	0x45,0x2f,0x4a,0x5a,0x00,0x4a,0x4e,0x45,0x2f,0x4a,0x4e,0x5a,
	0x00,0x4a,0x42,0x45,0x2f,0x4a,0x4e,0x41,0x00,0x4a,0x4e,0x42,
	0x45,0x2f,0x4a,0x41,0x00,0x4a,0x53,0x00,0x4a,0x4e,0x53,0x00,
	0x4a,0x50,0x2f,0x4a,0x50,0x45,0x00,0x4a,0x4e,0x50,0x2f,0x4a,
	0x50,0x4f,0x00,0x4a,0x4c,0x2f,0x4a,0x4e,0x47,0x45,0x00,0x4a,
	0x4e,0x4c,0x2f,0x4a,0x47,0x45,0x00,0x4a,0x4c,0x45,0x2f,0x4a,
	0x4e,0x47,0x00,0x4a,0x4e,0x4c,0x45,0x2f,0x4a,0x47,0x00,0x4a,
	0x43,0x58,0x5a,0x00,0x54,0x45,0x53,0x54,0x00,0x58,0x43,0x48,
	0x47,0x00,0x4d,0x4f,0x56,0x00,0x4c,0x45,0x41,0x00,0x58,0x43,
	0x48,0x47,0x20,0x41,0x58,0x2c,0x41,0x58,0x00,0x58,0x43,0x48,
	0x47,0x20,0x41,0x58,0x2c,0x43,0x58,0x00,0x58,0x43,0x48,0x47,
	0x20,0x41,0x58,0x2c,0x44,0x58,0x00,0x58,0x43,0x48,0x47,0x20,
	0x41,0x58,0x2c,0x42,0x58,0x00,0x58,0x43,0x48,0x47,0x20,0x41,
	0x58,0x2c,0x53,0x50,0x00,0x58,0x43,0x48,0x47,0x20,0x41,0x58,
	0x2c,0x42,0x50,0x00,0x58,0x43,0x48,0x47,0x20,0x41,0x58,0x2c,
	0x53,0x49,0x00,0x58,0x43,0x48,0x47,0x20,0x41,0x58,0x2c,0x44,
	0x49,0x00,0x43,0x42,0x57,0x00,0x43,0x57,0x42,0x00,0x43,0x41,
	0x4c,0x4c,0x00,0x57,0x41,0x49,0x54,0x00,0x50,0x55,0x53,0x48,
	0x46,0x00,0x50,0x55,0x53,0x48,0x00,0x50,0x4f,0x50,0x46,0x00,
	0x53,0x41,0x48,0x46,0x00,0x4c,0x41,0x48,0x46,0x00,0x4d,0x4f,
	0x56,0x20,0x41,0x4c,0x00,0x4d,0x4f,0x56,0x20,0x41,0x58,0x00,
	0x4d,0x4f,0x56,0x53,0x42,0x00,0x4d,0x4f,0x56,0x53,0x57,0x00,
	0x43,0x4d,0x50,0x53,0x42,0x00,0x43,0x4d,0x50,0x53,0x57,0x00,
	0x54,0x45,0x53,0x54,0x20,0x41,0x4c,0x2c,0x00,0x54,0x45,0x53,
	0x54,0x20,0x41,0x58,0x2c,0x00,0x53,0x54,0x4f,0x53,0x42,0x00,
	0x53,0x54,0x4f,0x53,0x57,0x00,0x4c,0x4f,0x44,0x53,0x42,0x00,
	0x4c,0x4f,0x44,0x53,0x57,0x00,0x53,0x43,0x41,0x53,0x42,0x00,
	0x53,0x43,0x41,0x53,0x57,0x00,0x4d,0x4f,0x56,0x20,0x43,0x4c,
	0x00,0x4d,0x4f,0x56,0x20,0x44,0x4c,0x00,0x4d,0x4f,0x56,0x20,
	0x42,0x4c,0x00,0x4d,0x4f,0x56,0x20,0x41,0x48,0x00,0x4d,0x4f,
	0x56,0x20,0x43,0x48,0x00,0x4d,0x4f,0x56,0x20,0x44,0x48,0x00,
	0x4d,0x4f,0x56,0x20,0x42,0x48,0x00,0x4d,0x4f,0x56,0x20,0x43,
	0x58,0x00,0x4d,0x4f,0x56,0x20,0x44,0x58,0x00,0x4d,0x4f,0x56,
	0x20,0x42,0x58,0x00,0x4d,0x4f,0x56,0x20,0x53,0x50,0x00,0x4d,
	0x4f,0x56,0x20,0x42,0x50,0x00,0x4d,0x4f,0x56,0x20,0x53,0x49,
	0x00,0x4d,0x4f,0x56,0x20,0x44,0x49,0x00,0x52,0x45,0x54,0x00,
	0x4c,0x45,0x53,0x00,0x4c,0x44,0x53,0x00,0x49,0x4e,0x54,0x20,
	0x33,0x00,0x49,0x4e,0x54,0x20,0x00,0x49,0x4e,0x54,0x4f,0x00,
	0x49,0x52,0x45,0x54,0x00,0x52,0x4f,0x4c,0x00,0x52,0x4f,0x52,
	0x00,0x52,0x43,0x4c,0x00,0x52,0x43,0x52,0x00,0x53,0x48,0x4c,
	0x00,0x53,0x48,0x52,0x00,0x53,0x41,0x52,0x00,0x41,0x41,0x4d,
	0x00,0x58,0x4c,0x41,0x54,0x00,0x4c,0x4f,0x4f,0x50,0x4e,0x5a,
	0x00,0x4c,0x4f,0x4f,0x50,0x5a,0x00,0x4c,0x4f,0x4f,0x50,0x00,
	0x49,0x4e,0x20,0x41,0x4c,0x2c,0x00,0x49,0x4e,0x20,0x41,0x58,
	0x2c,0x00,0x4f,0x55,0x54,0x20,0x00,0x49,0x4e,0x20,0x41,0x4c,
	0x2c,0x44,0x58,0x00,0x49,0x4e,0x20,0x41,0x58,0x2c,0x44,0x58,
	0x00,0x49,0x4e,0x20,0x44,0x58,0x2c,0x41,0x4c,0x00,0x4a,0x4d,
	0x50,0x00,0x4f,0x55,0x54,0x20,0x44,0x58,0x2c,0x41,0x4c,0x00,
	0x4f,0x55,0x54,0x20,0x44,0x58,0x2c,0x41,0x58,0x00,0x4c,0x4f,
	0x43,0x4b,0x00,0x52,0x45,0x50,0x4e,0x5a,0x00,0x52,0x45,0x50,
	0x4e,0x00,0x48,0x4c,0x54,0x00,0x43,0x4d,0x43,0x00,0x4e,0x4f,
	0x54,0x00,0x4e,0x45,0x47,0x00,0x4d,0x55,0x4c,0x00,0x49,0x4d,
	0x55,0x4c,0x00,0x44,0x49,0x56,0x00,0x49,0x44,0x49,0x56,0x00,
	0x43,0x4c,0x43,0x00,0x53,0x54,0x43,0x00,0x43,0x4c,0x49,0x00,
	0x53,0x54,0x49,0x00,0x43,0x4c,0x44,0x00,0x53,0x54,0x42,0x00,
	0x49,0x4e,0x43,0x00,0x44,0x45,0x43,0x00,0x43,0x41,0x4c,0x4c,
	0x00,0xb0,0x95,0xd3,0x95,0xf2,0x95,0x19,0x96,0x3c,0x96,0x58,
	0x96,0x74,0x96,0x94,0x96,0xb0,0x95,0xe2,0x8d,0xf1,0x95,0xfc,
	0x8d,0xf2,0x95,0xe2,0x8d,0x19,0x96,0xe2,0x8d,0xf1,0x95,0xfc,
	0x8d,0x58,0x96,0xe2,0x8d,0xf1,0x95,0xfc,0x8d,0x94,0x96,0xe2,
	0x8d,0xb0,0x95,0xe2,0x8d,0xf1,0x95,0xfc,0x8d,0xf2,0x95,0xe2,
	0x8d,0x19,0x96,0xe2,0x8d,0xf1,0x95,0xfc,0x8d,0x58,0x96,0xe2,
	0x8d,0xf1,0x95,0xfc,0x8d,0x94,0x96,0xe2,0x8d,0x7d,0x99,0xc1,
	0x8f,0x81,0x99,0xc1,0x8f,0x85,0x99,0xc1,0x8f,0x89,0x99,0xc1,
	0x8f,0x8d,0x99,0xc1,0x8f,0x91,0x99,0xc1,0x8f,0xf1,0x95,0xfc,
	0x8d,0x95,0x99,0xc1,0x8f,0x08,0x98,0xe2,0x8d,0xf1,0x95,0xfc,
	0x8d,0x12,0x9a,0x13,0x90,0x16,0x9a,0x13,0x90,0x1a,0x9a,0x13,
	0x90,0x1e,0x9a,0x13,0x90,0x23,0x9a,0x13,0x90,0x27,0x9a,0x13,
	0x90,0x08,0x98,0xea,0x8d,0xf1,0x95,0xfc,0x8d,0x12,0x9a,0x13,
	0x90,0x16,0x9a,0x13,0x90,0x1a,0x9a,0x13,0x90,0x1e,0x9a,0x13,
	0x90,0x23,0x9a,0x13,0x90,0x27,0x9a,0x13,0x90,0x44,0x9a,0x13,
	0x90,0x48,0x9a,0x13,0x90,0xf1,0x95,0xfc,0x8d,0xf1,0x95,0xfc,
	0x8d,0xf1,0x95,0xfc,0x8d,0xf1,0x95,0xfc,0x8d,0xf1,0x95,0xfc,
	0x8d,0xf1,0x95,0xfc,0x8d,0x44,0x9a,0x13,0x90,0x48,0x9a,0x13,
	0x90,0x4c,0x9a,0x13,0x90,0x4c,0x9a,0x13,0x90,0xe2,0x99,0x13,
	0x90,0xe2,0x99,0x13,0x90,0x8a,0x98,0x13,0x90,0xf1,0x95,0xfc,
	0x8d,0x51,0x9b,0x5b,0x9b,0x65,0x9b,0x6f,0x9b,0x79,0x9b,0x7e,
	0x9b,0x83,0x9b,0x88,0x9b,0x28,0x42,0x58,0x29,0x2b,0x28,0x53,
	0x49,0x29,0x00,0x28,0x42,0x58,0x29,0x2b,0x28,0x44,0x49,0x29,
	0x00,0x28,0x42,0x50,0x29,0x2b,0x28,0x53,0x49,0x29,0x00,0x28,
	0x42,0x50,0x29,0x2b,0x28,0x44,0x49,0x29,0x00,0x28,0x53,0x49,
	0x29,0x00,0x28,0x44,0x49,0x29,0x00,0x28,0x42,0x50,0x29,0x00,
	0x28,0x42,0x58,0x29,0x00,0x41,0x58,0x43,0x58,0x44,0x58,0x42,
	0x58,0x53,0x50,0x42,0x50,0x53,0x49,0x44,0x49,0x00,0x41,0x4c,
	0x43,0x4c,0x44,0x4c,0x42,0x4c,0x41,0x48,0x43,0x48,0x44,0x48,
	0x42,0x48,0x00,0x45,0x53,0x43,0x53,0x53,0x53,0x44,0x53,0xfb,
	0x80,0xfc,0x06,0x73,0x30,0x80,0xfc,0x01,0x77,0x30,0x1e,0x53,
	0xbb,0x40,0x00,0x8e,0xdb,0xb0,0x00,0xfa,0x74,0x0f,0x86,0x06,
	0x70,0x00,0x8b,0x16,0x6c,0x00,0x8b,0x0e,0x6e,0x00,0xeb,0x0c,
	0x90,0xa2,0x70,0x00,0x89,0x16,0x6c,0x00,0x89,0x0e,0x6e,0x00,
	0x5b,0x1f,0xf9,0xb4,0x00,0xfb,0xf5,0xca,0x02,0x00,0x8a,0xc4,
	0x98,0x48,0x48,0x74,0x42,0x48,0x74,0x24,0x48,0x74,0x50,0xe8,
	0x77,0x00,0x52,0xb8,0x09,0x32,0xb2,0x08,0xe8,0xae,0x00,0x5a,
	0x8a,0xe2,0xb0,0x07,0xe8,0xdb,0x00,0xb8,0x06,0x00,0xe8,0xd5,
	0x00,0xe8,0xad,0x00,0x24,0x7f,0xeb,0x43,0xe8,0x56,0x00,0x52,
	0xb8,0x02,0x04,0xb2,0x00,0xe8,0x8d,0x00,0x5a,0xe8,0x99,0x00,
	0x24,0x60,0x0c,0x02,0x80,0xe2,0x01,0x0a,0xc2,0xeb,0x28,0xe8,
	0x2f,0x00,0xb0,0x02,0xb9,0x04,0x00,0xe8,0x62,0x00,0xe8,0x80,
	0x00,0x24,0x01,0x8a,0xd0,0xeb,0x9b,0xe8,0x1b,0x00,0xb0,0x09,
	0xb9,0x32,0x08,0xe8,0x4e,0x00,0xb0,0x07,0xe8,0x70,0x00,0x8a,
	0xd0,0xeb,0x87,0xb4,0x0b,0x86,0xc4,0xe8,0x84,0x00,0xe9,0x7d,
	0xff,0xe8,0x29,0x00,0x75,0x01,0xc3,0x58,0x33,0xc0,0xe9,0x72,
	0xff,0x51,0xe8,0x1c,0x00,0x59,0x74,0x18,0xb8,0x0a,0x26,0x90,
	0xe8,0x67,0x00,0xb8,0x0b,0x82,0xe8,0x61,0x00,0xb0,0x0c,0xe8,
	0x3d,0x00,0xb0,0x0d,0xe8,0x38,0x00,0x90,0xc3,0xb9,0x00,0x10,
	0xfb,0xb0,0x0a,0xfa,0xe8,0x2c,0x00,0xa8,0x80,0xe0,0xf5,0xc3,
	0xfa,0xe8,0x23,0x00,0x86,0xc1,0xe8,0x1e,0x00,0x86,0xc5,0xe8,
	0x19,0x00,0x86,0xc6,0xc3,0x86,0xe1,0xfa,0xe8,0x2f,0x00,0x91,
	0xe8,0x2b,0x00,0x92,0xe8,0x27,0x00,0x90,0xc3,0xb0,0x0b,0xe8,
	0x01,0x00,0xc3,0x9c,0xfa,0xd0,0xc0,0xf9,0xd0,0xd8,0xe6,0x70,
	0xeb,0x00,0xeb,0x00,0xe4,0x71,0x50,0xb0,0x1a,0xd0,0xd8,0xe6,
	0x70,0xeb,0x00,0xeb,0x00,0xe4,0x71,0x58,0x9d,0xc3,0x9c,0x50,
	0xfa,0xd0,0xc0,0xf9,0xd0,0xd8,0xe6,0x70,0xeb,0x00,0xeb,0x00,
	0x86,0xc4,0xe6,0x71,0xb0,0x1a,0xd0,0xd8,0xe6,0x70,0xeb,0x00,
	0xeb,0x00,0xe4,0x71,0x58,0x9d,0xc3,0xfb,0x1e,0x50,0xb8,0x00,
	0x00,0x8e,0xd8,0x50,0xa1,0x00,0x00,0xa1,0x02,0x00,0x58,0x05,
	0x00,0x10,0x3d,0x00,0xa0,0x75,0xee,0xb8,0x40,0x00,0x8e,0xd8,
	0x33,0xc0,0xf9,0x11,0x06,0x6c,0x00,0x11,0x06,0x6e,0x00,0x83,
	0x3e,0x6e,0x00,0x18,0x75,0x13,0x81,0x3e,0x6c,0x00,0xb0,0x00,
	0x75,0x0b,0xa3,0x6c,0x00,0xa3,0x6e,0x00,0xfe,0xc0,0xa2,0x70,
	0x00,0x52,0xfe,0x0e,0x40,0x00,0x75,0x0b,0xba,0xf2,0x03,0xb0,
	0x0c,0xee,0x80,0x26,0x3f,0x00,0xf0,0xcd,0x1c,0x5a,0xb0,0x20,
	0xe6,0x20,0x58,0x1f,0xcf,0x46,0xff,0x44,0x55,0x4c,0x54,0xff,
	0x50,0x42,0x51,0x52,0x4b,0x56,0x59,0x4a,0x47,0x48,0x43,0x4e,
	0x45,0x41,0xff,0x57,0x58,0x49,0x4f,0xff,0x53,0x4d,0xff,0xff,
	0x5a,0x66,0xff,0x64,0x75,0x6c,0x74,0xff,0x70,0x62,0x71,0x72,
	0x6b,0x76,0x79,0x6a,0x67,0x68,0x63,0x6e,0x65,0x61,0xff,0x77,
	0x78,0x69,0x6f,0xff,0x73,0x6d,0xff,0xff,0x7a,0xff,0xff,0xfb,
	0xfc,0x1e,0x50,0x51,0x52,0x53,0x55,0x56,0xbb,0x40,0x00,0x8e,
	0xdb,0x8b,0xec,0x83,0xec,0x02,0xfa,0xe4,0x60,0x50,0xe4,0x61,
	0x0c,0x80,0xe6,0x61,0x24,0x7f,0xe6,0x61,0x58,0xfb,0xf9,0xb4,
	0x4f,0xcd,0x15,0x73,0x0a,0x8a,0xe8,0xfb,0x3c,0xff,0x75,0x06,
	0xe9,0x2c,0x04,0xe9,0x2f,0x04,0xb1,0x00,0x8d,0x36,0x5e,0xa2,
	0x8a,0xd0,0x25,0x7f,0x00,0xd1,0xe0,0xd1,0xe0,0x03,0xf0,0x33,
	0xc0,0x2e,0x8a,0x04,0x3c,0x00,0x74,0x5a,0xf6,0xc2,0x80,0x74,
	0x26,0x80,0xe2,0x7f,0x3c,0x05,0x74,0x05,0x80,0xfa,0x52,0x75,
	0x46,0x2e,0x8a,0x44,0x01,0xf6,0xd0,0x20,0x06,0x18,0x00,0x80,
	0xfa,0x54,0x75,0x37,0xb0,0x20,0xe6,0x20,0xb8,0x01,0x85,0xcd,
	0x15,0xeb,0x2c,0xf6,0x06,0x18,0x00,0x08,0x74,0x28,0x80,0xfa,
	0x45,0x74,0x23,0x80,0xfa,0x54,0x74,0x1e,0xf6,0x06,0x17,0x00,
	0x04,0x75,0x0f,0x80,0xfa,0x3a,0x74,0x12,0x80,0xfa,0x46,0x74,
	0x0d,0x80,0xfa,0x5b,0x74,0x08,0x80,0x26,0x18,0x00,0xf7,0xb8,
	0x08,0x00,0x8b,0xd8,0x83,0xfb,0x08,0x72,0x03,0xbb,0x08,0x00,
	0xd1,0xe3,0x2e,0xff,0xa7,0x6b,0x9e,0x7d,0x9e,0xc4,0x9e,0x69,
	0x9f,0xb7,0xa1,0x11,0xa1,0xf2,0x9f,0x8c,0x9f,0x94,0xa1,0x15,
	0xa2,0x80,0xe2,0x7f,0x2e,0x8a,0x44,0x01,0xf6,0xc5,0x80,0x74,
	0x13,0xf6,0xd0,0x80,0xfa,0x5a,0x75,0x06,0x20,0x06,0x18,0x00,
	0xeb,0x15,0x20,0x06,0x17,0x00,0xeb,0x0f,0x80,0xfa,0x5a,0x75,
	0x06,0x08,0x06,0x18,0x00,0xeb,0x04,0x08,0x06,0x17,0x00,0x80,
	0xfd,0xb8,0x74,0x03,0xe9,0x62,0x03,0xa0,0x19,0x00,0x0a,0xc8,
	0x74,0xf6,0x33,0xc0,0x8a,0xe8,0xa2,0x19,0x00,0xe9,0x38,0x03,
	0x80,0xfd,0x39,0x75,0x05,0xb1,0x20,0xe9,0x95,0x00,0xf6,0x06,
	0x17,0x00,0x08,0x75,0xf6,0xf6,0x06,0x17,0x00,0x04,0x74,0x06,
	0x2e,0x8a,0x4c,0x03,0xeb,0xe9,0xa0,0x18,0x00,0x24,0x03,0x74,
	0x0a,0x3c,0x03,0x74,0x06,0x2e,0x8a,0x4c,0x02,0xeb,0x04,0x2e,
	0x8a,0x4c,0x01,0x80,0xf9,0xff,0x74,0x67,0xf6,0x06,0x17,0x00,
	0x40,0x74,0x0c,0x80,0xfa,0x35,0x75,0x04,0xfe,0xc9,0xeb,0x03,
	0x80,0xe9,0x20,0xf6,0x06,0x17,0x00,0x03,0x74,0x19,0x80,0xfa,
	0x35,0x75,0x05,0x80,0xf1,0x01,0xeb,0x0f,0xf6,0x06,0x17,0x00,
	0x40,0x74,0x05,0x80,0xc1,0x20,0xeb,0x03,0x80,0xe9,0x20,0x83,
	0x3e,0x98,0x00,0x00,0x74,0x2d,0x83,0x3e,0x98,0x00,0x01,0x75,
	0x0f,0x80,0xf9,0xe0,0x73,0x21,0x80,0xf9,0xb0,0x72,0x1c,0x80,
	0xe9,0x30,0xeb,0x17,0x83,0x3e,0x98,0x00,0x02,0x75,0x10,0x8a,
	0xc1,0x3c,0xb0,0x72,0x0a,0x2c,0xb0,0x8d,0x1e,0x6d,0x9d,0x2e,
	0xd7,0x8a,0xc8,0xe9,0x8c,0x02,0xe9,0xac,0x02,0xf6,0x06,0x17,
	0x00,0x08,0x75,0xf6,0x2e,0x8a,0x4c,0x03,0xf6,0x06,0x17,0x00,
	0x04,0x75,0x0f,0x2e,0x8a,0x4c,0x02,0xf6,0x06,0x17,0x00,0x03,
	0x75,0x04,0x2e,0x8a,0x4c,0x01,0xeb,0xa3,0xf6,0x06,0x17,0x00,
	0x08,0x75,0x54,0xf6,0x06,0x17,0x00,0x04,0x75,0x1e,0xf6,0x06,
	0x18,0x00,0x01,0x74,0x06,0x2e,0x8a,0x4c,0x03,0xeb,0x48,0x2e,
	0x8a,0x4c,0x01,0xf6,0x06,0x17,0x00,0x03,0x74,0x3d,0x2e,0x8a,
	0x4c,0x02,0xeb,0x37,0x2e,0x8a,0x4c,0x01,0x80,0xfd,0x03,0x74,
	0x1c,0x80,0xfd,0x04,0x74,0x17,0x80,0xfd,0x07,0x74,0x12,0x80,
	0xfd,0x0b,0x74,0x0d,0x80,0xfd,0x0c,0x74,0x08,0x80,0xfd,0x09,
	0x74,0x07,0xe9,0x38,0x02,0x2e,0x8a,0x4c,0x03,0x80,0xe9,0x40,
	0xeb,0x09,0x90,0x80,0xfd,0x0d,0x7f,0xee,0x80,0xc5,0x76,0xe9,
	0x00,0x02,0x2e,0x8a,0x44,0x01,0x84,0x06,0x18,0x00,0x74,0x0c,
	0x80,0xfd,0x46,0x75,0x2d,0xf6,0x06,0x17,0x00,0x04,0x74,0x26,
	0x08,0x06,0x18,0x00,0x80,0xfd,0x54,0x75,0x0c,0xb0,0x20,0xe6,
	0x20,0xb8,0x00,0x85,0xcd,0x15,0xe9,0xfd,0x01,0x80,0xfd,0x3a,
	0x75,0x0f,0xf6,0x06,0x17,0x00,0x04,0x75,0x05,0x80,0x36,0x17,
	0x00,0x40,0xe9,0xe4,0x01,0x80,0xfd,0x5b,0x75,0x07,0x80,0x36,
	0x18,0x00,0x02,0xeb,0xf1,0x80,0xfd,0x45,0x75,0x36,0xf6,0x06,
	0x17,0x00,0x04,0x74,0x28,0xf6,0x06,0x18,0x00,0x08,0x75,0x51,
	0x80,0x0e,0x18,0x00,0x08,0xb0,0x20,0xe6,0x20,0x80,0x3e,0x49,
	0x00,0x07,0x7d,0x07,0xa0,0x65,0x00,0xba,0xd8,0x03,0xee,0xf6,
	0x06,0x18,0x00,0x08,0x75,0xf9,0xe9,0xa9,0x01,0x80,0x36,0x17,
	0x00,0x20,0xeb,0x29,0x80,0xfd,0x46,0x75,0x27,0xf6,0x06,0x17,
	0x00,0x04,0x74,0x18,0x8b,0x1e,0x80,0x00,0x89,0x1e,0x1a,0x00,
	0x89,0x1e,0x1c,0x00,0xc6,0x06,0x71,0x00,0x80,0xcd,0x1b,0xb5,
	0x00,0xe9,0x56,0x01,0x80,0x36,0x17,0x00,0x10,0xe9,0x71,0x01,
	0x80,0xfd,0x53,0x75,0x3b,0xf6,0x06,0x17,0x00,0x08,0x74,0x10,
	0xf6,0x06,0x17,0x00,0x04,0x74,0xea,0xc7,0x06,0x72,0x00,0x34,
	0x12,0xe9,0x9b,0x3f,0xf6,0x06,0x17,0x00,0x04,0x75,0xda,0xf6,
	0x06,0x17,0x00,0x20,0x74,0x0c,0xf6,0x06,0x17,0x00,0x03,0x75,
	0x0c,0xb1,0x2e,0xe9,0x18,0x01,0xf6,0x06,0x17,0x00,0x03,0x75,
	0xf4,0xe9,0x0e,0x01,0x80,0xfd,0x37,0x75,0xf8,0xf6,0x06,0x17,
	0x00,0x08,0x75,0xb1,0xf6,0x06,0x17,0x00,0x04,0x75,0x10,0xf6,
	0x06,0x17,0x00,0x03,0x74,0x0e,0xb0,0x20,0xe6,0x20,0xcd,0x05,
	0xe9,0x13,0x01,0xb5,0x72,0xe9,0xe6,0x00,0xb1,0x2a,0xe9,0xe1,
	0x00,0xf6,0x06,0x17,0x00,0x08,0x74,0x32,0xf6,0x06,0x17,0x00,
	0x04,0x74,0x15,0x80,0xfd,0x49,0x75,0x04,0xb0,0x00,0xeb,0x07,
	0x80,0xfd,0x51,0x75,0x07,0xb0,0x80,0xe6,0xe0,0xe9,0xe1,0x00,
	0xa0,0x19,0x00,0xb3,0x0a,0xf6,0xe3,0x2e,0x8a,0x5c,0x02,0x80,
	0xeb,0x30,0x02,0xc3,0xa2,0x19,0x00,0xe9,0xcb,0x00,0xf6,0x06,
	0x17,0x00,0x04,0x74,0x07,0x2e,0x8a,0x6c,0x03,0xe9,0x9a,0x00,
	0xf6,0x06,0x17,0x00,0x20,0x74,0x0f,0xf6,0x06,0x17,0x00,0x03,
	0x75,0x0f,0x2e,0x8a,0x4c,0x02,0xe9,0x85,0x00,0x90,0xf6,0x06,
	0x17,0x00,0x03,0x75,0xf1,0x80,0xfd,0x4c,0x74,0xcd,0x80,0xfd,
	0x52,0x75,0x73,0x2e,0x8a,0x44,0x01,0x84,0x06,0x18,0x00,0x75,
	0xbe,0x08,0x06,0x18,0x00,0x80,0x36,0x17,0x00,0x80,0xeb,0x5e,
	0x80,0xc5,0x34,0xf6,0x06,0x17,0x00,0x08,0x75,0x54,0x80,0xed,
	0x02,0xf6,0x06,0x17,0x00,0x04,0x75,0x4a,0x80,0xed,0x02,0xf6,
	0x06,0x17,0x00,0x03,0x75,0x40,0x80,0xed,0x02,0xeb,0x3b,0xf6,
	0x06,0x18,0x00,0x01,0x74,0x12,0x80,0xfd,0x3e,0x73,0x0d,0x80,
	0xed,0x3b,0xb8,0x02,0x11,0x8a,0xdd,0xcd,0x10,0xeb,0x46,0x90,
	0xf6,0x06,0x17,0x00,0x08,0x74,0x05,0x80,0xc5,0x2d,0xeb,0x16,
	0xf6,0x06,0x17,0x00,0x04,0x74,0x05,0x80,0xc5,0x23,0xeb,0x0a,
	0xf6,0x06,0x17,0x00,0x03,0x74,0x03,0x80,0xc5,0x19,0x80,0xfd,
	0xff,0x74,0x1e,0x80,0xf9,0xff,0x74,0x19,0xe8,0x26,0x00,0x74,
	0x0e,0xfa,0xb0,0x20,0xe6,0x20,0xb8,0x02,0x91,0x8b,0xe5,0xcd,
	0x15,0xeb,0x0c,0xb9,0x00,0x50,0xe8,0x2f,0x00,0xfa,0xb0,0x20,
	0xe6,0x20,0xfa,0x8b,0xe5,0x5e,0x5d,0x5b,0x5a,0x59,0x58,0x1f,
	0xcf,0xa1,0x1c,0x00,0x05,0x02,0x00,0x3b,0x06,0x82,0x00,0x75,
	0x03,0xa1,0x80,0x00,0x3b,0x06,0x1a,0x00,0x74,0x09,0x8b,0x36,
	0x1c,0x00,0x89,0x0c,0xa3,0x1c,0x00,0xc3,0xba,0x61,0x00,0xec,
	0xeb,0x00,0xeb,0x00,0x8a,0xe0,0x0c,0x03,0xee,0xe2,0xfe,0x24,
	0xfd,0xee,0xeb,0x00,0xeb,0x00,0x8a,0xc4,0xee,0xc3,0x00,0x00,
	0x00,0x00,0x02,0x1b,0x1b,0x1b,0x06,0x29,0x31,0x26,0x06,0x2d,
	0x32,0x40,0x06,0x2f,0x33,0x5e,0x06,0x22,0x34,0x7b,0x06,0x3a,
	0x35,0x7d,0x06,0x2c,0x36,0x5c,0x06,0x2e,0x37,0x3c,0x06,0x5f,
	0x38,0x3e,0x06,0x3f,0x39,0x7c,0x06,0x25,0x30,0x5b,0x06,0x21,
	0x3d,0x5d,0x06,0x3b,0x24,0x60,0x02,0x08,0x08,0x7f,0x02,0x09,
	0x00,0xff,0x01,0x71,0xd9,0x11,0x01,0x77,0xe6,0x17,0x01,0x65,
	0xe3,0x05,0x01,0x72,0xda,0x12,0x01,0x74,0xd5,0x14,0x01,0x79,
	0xdd,0x19,0x01,0x75,0xd3,0x15,0x01,0x69,0xe8,0x09,0x01,0x6f,
	0xe9,0x0f,0x01,0x70,0xd7,0x10,0x01,0xff,0xe5,0x1b,0x01,0xff,
	0xea,0x1d,0x02,0x0d,0x0d,0x0a,0x00,0x04,0xff,0xff,0x01,0x61,
	0xe4,0x01,0x01,0x73,0xeb,0x13,0x01,0x64,0xd2,0x04,0x01,0x66,
	0xd0,0x06,0x01,0x67,0xdf,0x07,0x01,0x68,0xe0,0x08,0x01,0x6a,
	0xde,0x0a,0x01,0x6b,0xdb,0x0b,0x01,0x6c,0xd4,0x0c,0x01,0xff,
	0xd6,0xff,0x01,0xff,0xed,0xff,0x06,0x2a,0x23,0x7e,0x00,0x02,
	0xff,0xff,0x06,0x28,0x2b,0x27,0x01,0x7a,0xef,0x1a,0x01,0x78,
	0xe7,0x18,0x01,0x63,0xe1,0x03,0x01,0x76,0xdc,0x16,0x01,0x62,
	0xd8,0x02,0x01,0x6e,0xe2,0x0e,0x01,0x6d,0xec,0x0d,0x01,0xff,
	0xd1,0xff,0x01,0xff,0xee,0xff,0x01,0xff,0xf1,0xff,0x00,0x01,
	0xff,0xff,0x05,0x00,0xff,0xff,0x00,0x08,0xff,0xff,0x01,0x20,
	0x20,0x20,0x05,0x40,0xff,0xff,0x03,0xff,0xff,0xff,0x03,0xff,
	0xff,0xff,0x03,0xff,0xff,0xff,0x03,0xff,0xff,0xff,0x03,0xff,
	0xff,0xff,0x03,0xff,0xff,0xff,0x03,0xff,0xff,0xff,0x03,0xff,
	0xff,0xff,0x03,0xff,0xff,0xff,0x03,0xff,0xff,0xff,0x05,0x20,
	0xff,0xff,0x05,0x10,0xff,0xff,0x04,0x01,0x37,0x77,0x04,0x01,
	0x38,0x8d,0x04,0x01,0x39,0x84,0x02,0x2d,0x2d,0xff,0x04,0x01,
	0x34,0x73,0x04,0x01,0x35,0x8f,0x04,0x01,0x36,0x74,0x02,0x2b,
	0x2b,0xff,0x04,0x01,0x31,0x75,0x04,0x01,0x32,0x91,0x04,0x01,
	0x33,0x76,0x04,0x80,0x30,0x92,0x05,0x00,0xff,0x93,0x05,0x04,
	0xff,0xff,0x09,0xff,0xff,0xff,0x09,0xff,0xff,0xff,0x07,0xff,
	0xff,0xff,0x07,0xff,0xff,0xff,0x09,0xff,0xff,0xff,0x00,0x01,
	0xff,0xff,0x05,0x04,0xff,0xff,0x00,0x00,0x00,0x00,0x00,0x00,
	0x00,0x00,0x00,0x00,0x00,0x00,0x00,0x00,0x00,0x00,0x00,0x00,
	0x00,0x00,0x00,0x00,0x00,0x00,0x00,0x00,0x00,0x00,0x00,0x00,
	0x00,0x00,0x00,0x00,0x00,0x00,0x00,0x00,0x00,0x00,0x00,0x00,
	0x00,0x00,0x00,0x00,0x00,0x00,0x00,0x00,0x00,0x00,0x00,0x00,
	0x00,0x00,0x00,0x00,0x7e,0x81,0xa5,0x81,0xbd,0x99,0x81,0x7e,
	0x7e,0xff,0xdb,0xff,0xc3,0xe7,0xff,0x7e,0x6c,0xfe,0xfe,0xfe,
	0x7c,0x38,0x10,0x00,0x10,0x38,0x7c,0xfe,0x7c,0x38,0x10,0x00,
	0x38,0x7c,0x38,0xfe,0xfe,0xd6,0x10,0x38,0x10,0x38,0x7c,0xfe,
	0xfe,0x7c,0x10,0x38,0x00,0x00,0x18,0x3c,0x3c,0x18,0x00,0x00,
	0xff,0xff,0xe7,0xc3,0xc3,0xe7,0xff,0xff,0x00,0x3c,0x66,0x42,
	0x42,0x66,0x3c,0x00,0xff,0xc3,0x99,0xbd,0xbd,0x99,0xc3,0xff,
	0x0f,0x03,0x05,0x7d,0x84,0x84,0x84,0x78,0x3c,0x42,0x42,0x42,
	0x3c,0x18,0x7e,0x18,0x1f,0x11,0x10,0x10,0x10,0xf0,0xe0,0xc0,
	0x3f,0x21,0x3f,0x21,0x23,0x67,0xe6,0xc0,0x18,0xdb,0x3c,0xe7,
	0xe7,0x3c,0xdb,0x18,0x80,0xe0,0xf8,0xfe,0xf8,0xe0,0x80,0x00,
	0x02,0x0e,0x3e,0xfe,0x3e,0x0e,0x02,0x00,0x18,0x3c,0x7e,0x18,
	0x18,0x7e,0x3c,0x18,0x24,0x24,0x24,0x24,0x24,0x00,0x24,0x00,
	0x7f,0x92,0x92,0x72,0x12,0x12,0x12,0x00,0x3e,0xc1,0x3c,0x42,
	0x42,0x3c,0x86,0x7c,0x00,0x00,0x00,0x00,0x7e,0x7e,0x7e,0x00,
	0x18,0x3c,0x7e,0x18,0x7e,0x3c,0x18,0xff,0x10,0x38,0x7c,0x54,
	0x10,0x10,0x10,0x00,0x10,0x10,0x10,0x54,0x7c,0x38,0x10,0x00,
	0x00,0x18,0x0c,0xfe,0x0c,0x18,0x00,0x00,0x00,0x30,0x60,0xfe,
	0x60,0x30,0x00,0x00,0x00,0x00,0x40,0x40,0x40,0x7e,0x00,0x00,
	0x00,0x24,0x66,0xff,0x66,0x24,0x00,0x00,0x00,0x10,0x10,0x38,
	0x7c,0xfe,0x00,0x00,0x00,0xfe,0x7c,0x38,0x10,0x10,0x00,0x00,
	0x00,0x00,0x00,0x00,0x00,0x00,0x00,0x00,0x10,0x38,0x38,0x10,
	0x10,0x00,0x10,0x00,0x24,0x24,0x24,0x00,0x00,0x00,0x00,0x00,
	0x24,0x24,0x7e,0x24,0x7e,0x24,0x24,0x00,0x18,0x3e,0x40,0x3c,
	0x02,0x7c,0x18,0x00,0x00,0x62,0x64,0x08,0x10,0x26,0x46,0x00,
	0x30,0x48,0x30,0x56,0x88,0x88,0x76,0x00,0x10,0x10,0x20,0x00,
	0x00,0x00,0x00,0x00,0x10,0x20,0x40,0x40,0x40,0x20,0x10,0x00,
	0x20,0x10,0x08,0x08,0x08,0x10,0x20,0x00,0x00,0x44,0x38,0xfe,
	0x38,0x44,0x00,0x00,0x00,0x10,0x10,0x7c,0x10,0x10,0x00,0x00,
	0x00,0x00,0x00,0x00,0x00,0x10,0x10,0x20,0x00,0x00,0x00,0x7e,
	0x00,0x00,0x00,0x00,0x00,0x00,0x00,0x00,0x00,0x10,0x10,0x00,
	0x00,0x02,0x04,0x08,0x10,0x20,0x40,0x00,0x3c,0x42,0x46,0x4a,
	0x52,0x62,0x3c,0x00,0x10,0x30,0x50,0x10,0x10,0x10,0x7c,0x00,
	0x3c,0x42,0x02,0x0c,0x30,0x42,0x7e,0x00,0x3c,0x42,0x02,0x1c,
	0x02,0x42,0x3c,0x00,0x08,0x18,0x28,0x48,0xfe,0x08,0x1c,0x00,
	0x7e,0x40,0x7c,0x02,0x02,0x42,0x3c,0x00,0x1c,0x20,0x40,0x7c,
	0x42,0x42,0x3c,0x00,0x7e,0x42,0x04,0x08,0x10,0x10,0x10,0x00,
	0x3c,0x42,0x42,0x3c,0x42,0x42,0x3c,0x00,0x3c,0x42,0x42,0x3e,
	0x02,0x04,0x38,0x00,0x00,0x10,0x10,0x00,0x00,0x10,0x10,0x00,
	0x00,0x10,0x10,0x00,0x00,0x10,0x10,0x20,0x08,0x10,0x20,0x40,
	0x20,0x10,0x08,0x00,0x00,0x00,0x7e,0x00,0x00,0x7e,0x00,0x00,
	0x10,0x08,0x04,0x02,0x04,0x08,0x10,0x00,0x3c,0x42,0x02,0x04,
	0x08,0x00,0x08,0x00,0x3c,0x42,0x5e,0x52,0x5e,0x40,0x3c,0x00,
	0x18,0x24,0x42,0x42,0x7e,0x42,0x42,0x00,0x7c,0x22,0x22,0x3c,
	0x22,0x22,0x7c,0x00,0x1c,0x22,0x40,0x40,0x40,0x22,0x1c,0x00,
	0x78,0x24,0x22,0x22,0x22,0x24,0x78,0x00,0x7e,0x22,0x28,0x38,
	0x28,0x22,0x7e,0x00,0x7e,0x22,0x28,0x38,0x28,0x20,0x70,0x00,
	0x1c,0x22,0x40,0x40,0x4e,0x22,0x1e,0x00,0x42,0x42,0x42,0x7e,
	0x42,0x42,0x42,0x00,0x38,0x10,0x10,0x10,0x10,0x10,0x38,0x00,
	0x0e,0x04,0x04,0x04,0x44,0x44,0x38,0x00,0x62,0x24,0x28,0x30,
	0x28,0x24,0x63,0x00,0x70,0x20,0x20,0x20,0x20,0x22,0x7e,0x00,
	0x41,0x63,0x55,0x49,0x41,0x41,0x41,0x00,0x42,0x62,0x52,0x4a,
	0x46,0x42,0x42,0x00,0x18,0x24,0x42,0x42,0x42,0x24,0x18,0x00,
	0x7c,0x22,0x22,0x3c,0x20,0x20,0x70,0x00,0x3c,0x42,0x42,0x42,
	0x4a,0x3c,0x03,0x00,0x7c,0x22,0x22,0x3c,0x28,0x24,0x72,0x00,
	0x3c,0x42,0x40,0x3c,0x02,0x42,0x3c,0x00,0x7f,0x49,0x08,0x08,
	0x08,0x08,0x1c,0x00,0x42,0x42,0x42,0x42,0x42,0x42,0x3c,0x00,
	0x41,0x41,0x41,0x41,0x22,0x14,0x08,0x00,0x41,0x41,0x41,0x49,
	0x49,0x49,0x36,0x00,0x41,0x22,0x14,0x08,0x14,0x22,0x41,0x00,
	0x41,0x22,0x14,0x08,0x08,0x08,0x1c,0x00,0x7f,0x42,0x04,0x08,
	0x10,0x21,0x7f,0x00,0x78,0x40,0x40,0x40,0x40,0x40,0x78,0x00,
	0x80,0x40,0x20,0x10,0x08,0x04,0x02,0x00,0x78,0x08,0x08,0x08,
	0x08,0x08,0x78,0x00,0x10,0x28,0x44,0x82,0x00,0x00,0x00,0x00,
	0x00,0x00,0x00,0x00,0x00,0x00,0x00,0xff,0x10,0x10,0x08,0x00,
	0x00,0x00,0x00,0x00,0x00,0x00,0x3c,0x02,0x3e,0x42,0x3d,0x00,
	0x60,0x20,0x20,0x2e,0x31,0x31,0x2e,0x00,0x00,0x00,0x3c,0x42,
	0x40,0x42,0x3c,0x00,0x06,0x02,0x02,0x3a,0x46,0x46,0x3b,0x00,
	0x00,0x00,0x3c,0x42,0x7e,0x40,0x3c,0x00,0x0c,0x12,0x10,0x38,
	0x10,0x10,0x38,0x00,0x00,0x00,0x3d,0x42,0x42,0x3e,0x02,0x7c,
	0x60,0x20,0x2c,0x32,0x22,0x22,0x62,0x00,0x10,0x00,0x30,0x10,
	0x10,0x10,0x38,0x00,0x02,0x00,0x06,0x02,0x02,0x42,0x42,0x3c,
	0x60,0x20,0x24,0x28,0x30,0x28,0x26,0x00,0x30,0x10,0x10,0x10,
	0x10,0x10,0x38,0x00,0x00,0x00,0x76,0x49,0x49,0x49,0x49,0x00,
	0x00,0x00,0x5c,0x62,0x42,0x42,0x42,0x00,0x00,0x00,0x3c,0x42,
	0x42,0x42,0x3c,0x00,0x00,0x00,0x6c,0x32,0x32,0x2c,0x20,0x70,
	0x00,0x00,0x36,0x4c,0x4c,0x34,0x04,0x0e,0x00,0x00,0x6c,0x32,
	0x22,0x20,0x70,0x00,0x00,0x00,0x3e,0x40,0x3c,0x02,0x7c,0x00,
	0x10,0x10,0x7c,0x10,0x10,0x12,0x0c,0x00,0x00,0x00,0x42,0x42,
	0x42,0x46,0x3a,0x00,0x00,0x00,0x41,0x41,0x22,0x14,0x08,0x00,
	0x00,0x00,0x41,0x49,0x49,0x49,0x36,0x00,0x00,0x00,0x44,0x28,
	0x10,0x28,0x44,0x00,0x00,0x00,0x42,0x42,0x42,0x3e,0x02,0x7c,
	0x00,0x00,0x7c,0x08,0x10,0x20,0x7c,0x00,0x0c,0x10,0x10,0x60,
	0x10,0x10,0x0c,0x00,0x10,0x10,0x10,0x00,0x10,0x10,0x10,0x00,
	0x30,0x08,0x08,0x06,0x08,0x08,0x30,0x00,0x32,0x4c,0x00,0x00,
	0x00,0x00,0x00,0x00,0x00,0x08,0x08,0x14,0x22,0x41,0x7f,0x00,
	0x08,0x08,0xff,0x00,0xff,0x00,0x00,0x00,0x24,0x24,0x24,0xff,
	0x00,0x00,0x00,0x00,0x00,0x00,0xff,0x00,0xff,0x08,0x08,0x08,
	0x08,0x08,0xf8,0x08,0xf8,0x08,0x08,0x08,0x24,0x24,0x24,0xe4,
	0x24,0x24,0x24,0x24,0x00,0x00,0x00,0xfc,0x24,0x24,0x24,0x24,
	0x00,0x00,0xf8,0x08,0xf8,0x08,0x08,0x08,0x00,0x00,0x00,0xff,
	0x24,0x24,0x24,0x24,0x24,0x24,0x24,0xff,0x00,0x00,0x00,0x00,
	0x08,0x08,0x0f,0x08,0x0f,0x00,0x00,0x00,0x00,0x00,0x0f,0x08,
	0x0f,0x08,0x08,0x08,0x24,0x24,0x24,0xfc,0x00,0x00,0x00,0x00,
	0x08,0x08,0xf8,0x08,0xf8,0x00,0x00,0x00,0x08,0x08,0x0f,0x08,
	0x0f,0x08,0x08,0x08,0x24,0x24,0x24,0x27,0x24,0x24,0x24,0x24,
	0x00,0x00,0x00,0x3f,0x24,0x24,0x24,0x24,0x00,0x00,0x3f,0x20,
	0x27,0x24,0x24,0x24,0x00,0x00,0xfc,0x04,0xe4,0x24,0x24,0x24,
	0x24,0x24,0xe4,0x04,0xfc,0x00,0x00,0x00,0x24,0x24,0x27,0x20,
	0x3f,0x00,0x00,0x00,0x00,0x00,0xff,0x00,0xff,0x00,0x00,0x00,
	0x24,0x24,0x24,0x24,0x24,0x24,0x24,0x24,0x00,0x00,0xff,0x00,
	0xe7,0x24,0x24,0x24,0x24,0x24,0xe4,0x04,0xe4,0x24,0x24,0x24,
	0x24,0x24,0xe7,0x00,0xff,0x00,0x00,0x00,0x24,0x24,0x27,0x20,
	0x27,0x24,0x24,0x24,0x24,0x24,0xe7,0x00,0xe7,0x24,0x24,0x24,
	0x22,0x88,0x22,0x88,0x22,0x88,0x22,0x88,0x55,0xaa,0x55,0xaa,
	0x55,0xaa,0x55,0xaa,0xdb,0x77,0xdb,0xee,0xdb,0x77,0xdb,0xee,
	0x24,0x24,0x24,0xe7,0x24,0x24,0x24,0x24,0x08,0x08,0xff,0x00,
	0xff,0x08,0x08,0x08,0x00,0x00,0x00,0x0f,0x08,0x08,0x08,0x08,
	0x00,0x00,0x00,0xf8,0x08,0x08,0x08,0x08,0x08,0x08,0x08,0xf8,
	0x00,0x00,0x00,0x00,0x08,0x08,0x08,0x0f,0x00,0x00,0x00,0x00,
	0x00,0x00,0x00,0xff,0x00,0x00,0x00,0x00,0x08,0x08,0x08,0x08,
	0x08,0x08,0x08,0x08,0x00,0x00,0x00,0xff,0x08,0x08,0x08,0x08,
	0x08,0x08,0x08,0xf8,0x08,0x08,0x08,0x08,0x08,0x08,0x08,0xff,
	0x00,0x00,0x00,0x00,0x08,0x08,0x08,0x0f,0x08,0x08,0x08,0x08,
	0x08,0x08,0x08,0xff,0x08,0x08,0x08,0x08,0xff,0xff,0xff,0xff,
	0xff,0xff,0xff,0xff,0x00,0x00,0x00,0x00,0xff,0xff,0xff,0xff,
	0xf0,0xf0,0xf0,0xf0,0xf0,0xf0,0xf0,0xf0,0x0f,0x0f,0x0f,0x0f,
	0x0f,0x0f,0x0f,0x0f,0xff,0xff,0xff,0xff,0x00,0x00,0x00,0x00,
	0x0e,0x12,0x22,0x42,0x7e,0x42,0x42,0x00,0x7c,0x40,0x40,0x7c,
	0x42,0x42,0x7c,0x00,0x7c,0x42,0x42,0x7c,0x42,0x42,0x7c,0x00,
	0x7e,0x40,0x40,0x40,0x40,0x40,0x40,0x00,0x18,0x24,0x24,0x24,
	0x24,0x24,0x7e,0x42,0x7e,0x40,0x40,0x7c,0x40,0x40,0x7e,0x00,
	0x49,0x49,0x2a,0x08,0x2a,0x49,0x49,0x00,0x3c,0x42,0x02,0x1c,
	0x02,0x42,0x3c,0x00,0x42,0x42,0x46,0x4a,0x52,0x62,0x42,0x00,
	0x18,0x42,0x46,0x4a,0x52,0x62,0x42,0x00,0x42,0x44,0x48,0x70,
	0x48,0x44,0x42,0x00,0x1e,0x22,0x42,0x42,0x42,0x42,0x42,0x00,
	0x41,0x63,0x55,0x49,0x41,0x41,0x41,0x00,0x42,0x42,0x42,0x7e,
	0x42,0x42,0x42,0x00,0x3c,0x42,0x42,0x42,0x42,0x42,0x3c,0x00,
	0x7e,0x42,0x42,0x42,0x42,0x42,0x42,0x00,0x7c,0x42,0x42,0x42,
	0x7c,0x40,0x40,0x00,0x3c,0x42,0x40,0x40,0x40,0x42,0x3c,0x00,
	0x7f,0x08,0x08,0x08,0x08,0x08,0x08,0x00,0x42,0x42,0x42,0x3e,
	0x02,0x42,0x3c,0x00,0x3e,0x49,0x49,0x49,0x3e,0x08,0x08,0x00,
	0x42,0x42,0x24,0x18,0x24,0x42,0x42,0x00,0x42,0x42,0x42,0x42,
	0x42,0x42,0x7f,0x01,0x42,0x42,0x42,0x3e,0x02,0x02,0x02,0x00,
	0x49,0x49,0x49,0x49,0x49,0x49,0x7f,0x00,0x92,0x92,0x92,0x92,
	0x92,0x92,0xff,0x01,0x60,0x20,0x20,0x3e,0x21,0x21,0x3e,0x00,
	0x41,0x41,0x41,0x79,0x45,0x45,0x79,0x00,0x40,0x40,0x40,0x7c,
	0x42,0x42,0x7c,0x00,0x78,0x04,0x02,0x3e,0x02,0x04,0x78,0x00,
	0x8e,0x91,0x91,0xf1,0x91,0x91,0x8e,0x00,0x3e,0x42,0x42,0x42,
	0x3e,0x22,0x42,0x00,0x00,0x00,0x3c,0x02,0x3e,0x42,0x3d,0x00,
	0x00,0x3c,0x40,0x3c,0x42,0x42,0x3c,0x00,0x00,0x3c,0x42,0x7c,
	0x42,0x42,0x7c,0x00,0x00,0x00,0x7e,0x40,0x40,0x40,0x40,0x00,
	0x00,0x00,0x1e,0x22,0x22,0x22,0x7f,0x41,0x00,0x00,0x3c,0x42,
	0x7e,0x40,0x3c,0x00,0x00,0x00,0x49,0x2a,0x08,0x2a,0x49,0x00,
	0x00,0x00,0x3c,0x42,0x04,0x42,0x3c,0x00,0x00,0x00,0x42,0x46,
	0x4a,0x52,0x62,0x00,0x00,0x18,0x42,0x46,0x4a,0x52,0x62,0x00,
	0x00,0x00,0x42,0x44,0x78,0x44,0x42,0x00,0x00,0x00,0x1e,0x22,
	0x42,0x42,0x42,0x00,0x00,0x00,0x41,0x63,0x55,0x49,0x41,0x00,
	0x00,0x00,0x42,0x42,0x7e,0x42,0x42,0x00,0x00,0x00,0x3c,0x42,
	0x42,0x42,0x3c,0x00,0x00,0x00,0x7e,0x42,0x42,0x42,0x42,0x00,
	0x00,0x00,0x7c,0x42,0x42,0x7c,0x40,0x00,0x00,0x00,0x3c,0x42,
	0x40,0x42,0x3c,0x00,0x00,0x00,0x7f,0x08,0x08,0x08,0x08,0x00,
	0x00,0x00,0x42,0x42,0x3e,0x02,0x3c,0x00,0x00,0x00,0x3e,0x49,
	0x49,0x3e,0x08,0x00,0x00,0x00,0x42,0x24,0x18,0x24,0x42,0x00,
	0x00,0x00,0x42,0x42,0x42,0x42,0x7f,0x01,0x00,0x00,0x42,0x42,
	0x3e,0x02,0x02,0x00,0x00,0x00,0x49,0x49,0x49,0x49,0x7f,0x00,
	0x00,0x00,0x49,0x49,0x49,0x49,0x7f,0x01,0x00,0x00,0x60,0x20,
	0x3c,0x22,0x3c,0x00,0x00,0x00,0x42,0x42,0x72,0x4a,0x72,0x00,
	0x00,0x00,0x20,0x20,0x3c,0x22,0x3c,0x00,0x00,0x00,0x7c,0x02,
	0x3e,0x02,0x7c,0x00,0x00,0x00,0x4e,0x51,0x71,0x51,0x4e,0x00,
	0x00,0x00,0x3e,0x42,0x3e,0x22,0x42,0x00,0x24,0x7e,0x40,0x7c,
	0x40,0x40,0x7e,0x00,0x00,0x42,0x3c,0x42,0x7e,0x40,0x3c,0x00,
	0x00,0x00,0x00,0x00,0x01,0x02,0x04,0x08,0x00,0x00,0x00,0x00,
	0x80,0x40,0x20,0x10,0x10,0x20,0x40,0x80,0x00,0x00,0x00,0x00,
	0x08,0x04,0x02,0x01,0x00,0x00,0x00,0x00,0x00,0x08,0x04,0x7e,
	0x04,0x08,0x00,0x00,0x00,0x10,0x20,0x7e,0x20,0x10,0x00,0x00,
	0x08,0x1c,0x2a,0x08,0x08,0x08,0x08,0x00,0x08,0x08,0x08,0x08,
	0x2a,0x1c,0x08,0x00,0x18,0x18,0x00,0x7e,0x00,0x18,0x18,0x00,
	0x10,0x10,0x7c,0x10,0x10,0x00,0x7c,0x00,0x8f,0x88,0xcb,0xa8,
	0x98,0x88,0x88,0x00,0x00,0x42,0x3c,0x42,0x42,0x3c,0x42,0x00,
	0x00,0x00,0x3c,0x3c,0x3c,0x3c,0x00,0x00,0x00,0x00,0x00,0x00,
	0x00,0x00,0x00,0x00,0x18,0x18,0xff,0x00,0xff,0x00,0x00,0x00,
	0x6c,0x6c,0x6c,0xff,0x00,0x00,0x00,0x00,0x00,0x00,0xff,0x00,
	0xff,0x18,0x18,0x18,0x18,0x18,0xf8,0x18,0xf8,0x18,0x18,0x18,
	0x6c,0x6c,0x6c,0xec,0x6c,0x6c,0x6c,0x6c,0x00,0x00,0x00,0xfc,
	0x6c,0x6c,0x6c,0x6c,0x00,0x00,0xf8,0x18,0xf8,0x18,0x18,0x18,
	0x00,0x00,0x00,0xff,0x6c,0x6c,0x6c,0x6c,0x6c,0x6c,0x6c,0x7f,
	0x00,0x00,0x00,0x00,0x18,0x18,0x1f,0x18,0x1f,0x00,0x00,0x00,
	0x00,0x00,0x1f,0x18,0x1f,0x18,0x18,0x18,0x6c,0x6c,0x6c,0xfc,
	0x00,0x00,0x00,0x00,0x18,0x18,0xf8,0x18,0xf8,0x00,0x00,0x00,
	0x18,0x18,0x1f,0x18,0x1f,0x18,0x18,0x18,0x6c,0x6c,0x6c,0x6f,
	0x6c,0x6c,0x6c,0x6c,0x00,0x00,0x00,0x7f,0x6c,0x6c,0x6c,0x6c,
	0x00,0x00,0x7f,0x60,0x6f,0x6c,0x6c,0x6c,0x00,0x00,0xfc,0x0c,
	0xec,0x6c,0x6c,0x6c,0x6c,0x6c,0xec,0x0c,0xfc,0x00,0x00,0x00,
	0x6c,0x6c,0x6f,0x60,0x7f,0x00,0x00,0x00,0x00,0x00,0xff,0x00,
	0xff,0x00,0x00,0x00,0x6c,0x6c,0x6c,0x6c,0x6c,0x6c,0x6c,0x6c,
	0x00,0x00,0xff,0x00,0xef,0x6c,0x6c,0x6c,0x6c,0x6c,0xec,0x0c,
	0xec,0x6c,0x6c,0x6c,0x6c,0x6c,0xef,0x00,0xff,0x00,0x00,0x00,
	0x6c,0x6c,0x6f,0x60,0x6f,0x6c,0x6c,0x6c,0x6c,0x6c,0xef,0x00,
	0xef,0x6c,0x6c,0x6c,0x22,0x88,0x22,0x88,0x22,0x88,0x22,0x88,
	0x92,0x49,0x92,0x49,0x92,0x49,0x92,0x00,0xaa,0x55,0xaa,0x55,
	0xaa,0x55,0xaa,0x00,0x6c,0x6c,0x6c,0xef,0x6c,0x6c,0x6c,0x6c,
	0x18,0x18,0xff,0x00,0xff,0x18,0x18,0x18,0x00,0x00,0x00,0x1f,
	0x18,0x18,0x18,0x18,0x00,0x00,0x00,0xf8,0x18,0x18,0x18,0x18,
	0x18,0x18,0x18,0xf8,0x00,0x00,0x00,0x00,0x18,0x18,0x18,0x1f,
	0x00,0x00,0x00,0x00,0x00,0x00,0x00,0xff,0x00,0x00,0x00,0x00,
	0x18,0x18,0x18,0x18,0x18,0x18,0x18,0x18,0x00,0x00,0x00,0xff,
	0x18,0x18,0x18,0x18,0x18,0x18,0x18,0xf8,0x18,0x18,0x18,0x18,
	0x18,0x18,0x18,0xff,0x00,0x00,0x00,0x00,0x18,0x18,0x18,0x1f,
	0x18,0x18,0x18,0x18,0x18,0x18,0x18,0xff,0x18,0x18,0x18,0x18,
	0xff,0xff,0xff,0xff,0xff,0xff,0xff,0xff,0x00,0x00,0x00,0x00,
	0xff,0xff,0xff,0xff,0xf0,0xf0,0xf0,0xf0,0xf0,0xf0,0xf0,0xf0,
	0x0f,0x0f,0x0f,0x0f,0x0f,0x0f,0x0f,0x0f,0xff,0xff,0xff,0xff,
	0x00,0x00,0x00,0x00,0x1e,0x36,0x66,0x66,0x7e,0x66,0x66,0x00,
	0x7c,0x60,0x60,0x7c,0x66,0x66,0x7c,0x00,0x7c,0x66,0x66,0x7c,
	0x66,0x66,0x7c,0x00,0x7e,0x60,0x60,0x60,0x60,0x60,0x60,0x00,
	0x38,0x6c,0x6c,0x6c,0x6c,0x6c,0xfe,0xc6,0x7e,0x60,0x60,0x7c,
	0x60,0x60,0x7e,0x00,0xdb,0xdb,0x7e,0x3c,0x7e,0xdb,0xdb,0x00,
	0x3c,0x66,0x06,0x1c,0x06,0x66,0x3c,0x00,0x66,0x66,0x6e,0x7e,
	0x76,0x66,0x66,0x00,0x3c,0x66,0x6e,0x7e,0x76,0x66,0x66,0x00,
	0x66,0x6c,0x78,0x70,0x78,0x6c,0x66,0x00,0x1e,0x36,0x66,0x66,
	0x66,0x66,0x66,0x00,0xc6,0xee,0xfe,0xfe,0xd6,0xc6,0xc6,0x00,
	0x66,0x66,0x66,0x7e,0x66,0x66,0x66,0x00,0x3c,0x66,0x66,0x66,
	0x66,0x66,0x3c,0x00,0x7e,0x66,0x66,0x66,0x66,0x66,0x66,0x00,
	0x7c,0x66,0x66,0x66,0x7c,0x60,0x60,0x00,0x3c,0x66,0x60,0x60,
	0x60,0x66,0x3c,0x00,0x7e,0x18,0x18,0x18,0x18,0x18,0x18,0x00,
	0x66,0x66,0x66,0x3e,0x06,0x66,0x3c,0x00,0x7e,0xdb,0xdb,0xdb,
	0x7e,0x18,0x18,0x00,0x66,0x66,0x3c,0x18,0x3c,0x66,0x66,0x00,
	0x66,0x66,0x66,0x66,0x66,0x66,0x7f,0x03,0x66,0x66,0x66,0x3e,
	0x06,0x06,0x06,0x00,0xdb,0xdb,0xdb,0xdb,0xdb,0xdb,0xff,0x00,
	0xdb,0xdb,0xdb,0xdb,0xdb,0xdb,0xff,0x03,0xe0,0x60,0x60,0x7c,
	0x66,0x66,0x7c,0x00,0xc6,0xc6,0xc6,0xf6,0xde,0xde,0xf6,0x00,
	0x60,0x60,0x60,0x7c,0x66,0x66,0x7c,0x00,0x78,0x0c,0x06,0x3e,
	0x06,0x0c,0x78,0x00,0xce,0xdb,0xdb,0xfb,0xdb,0xdb,0xce,0x00,
	0x3e,0x66,0x66,0x66,0x3e,0x36,0x66,0x00,0x00,0x00,0x78,0x0c,
	0x7c,0xcc,0x76,0x00,0x00,0x3c,0x60,0x3c,0x66,0x66,0x3c,0x00,
	0x00,0x3c,0x66,0x7c,0x66,0x66,0x7c,0x00,0x00,0x00,0x7e,0x60,
	0x60,0x60,0x60,0x00,0x00,0x00,0x3c,0x6c,0x6c,0x6c,0xfe,0xc6,
	0x00,0x00,0x3c,0x66,0x7e,0x60,0x3c,0x00,0x00,0x00,0xdb,0x7e,
	0x3c,0x7e,0xdb,0x00,0x00,0x00,0x3c,0x66,0x0c,0x66,0x3c,0x00,
	0x00,0x00,0x66,0x6e,0x7e,0x76,0x66,0x00,0x00,0x18,0x66,0x6e,
	0x7e,0x76,0x66,0x00,0x00,0x00,0x66,0x6c,0x78,0x6c,0x66,0x00,
	0x00,0x00,0x1e,0x36,0x66,0x66,0x66,0x00,0x00,0x00,0xc6,0xfe,
	0xfe,0xd6,0xc6,0x00,0x00,0x00,0x66,0x66,0x7e,0x66,0x66,0x00,
	0x00,0x00,0x3c,0x66,0x66,0x66,0x3c,0x00,0x00,0x00,0x7e,0x66,
	0x66,0x66,0x66,0x00,0x00,0x00,0x7c,0x66,0x66,0x7c,0x60,0x00,
	0x00,0x00,0x3c,0x66,0x60,0x66,0x3c,0x00,0x00,0x00,0x7e,0x18,
	0x18,0x18,0x18,0x00,0x00,0x00,0x66,0x66,0x3e,0x06,0x3c,0x00,
	0x00,0x00,0x7e,0xdb,0xdb,0x7e,0x18,0x00,0x00,0x00,0x66,0x3c,
	0x18,0x3c,0x66,0x00,0x00,0x00,0x66,0x66,0x66,0x66,0x7f,0x03,
	0x00,0x00,0x66,0x66,0x3e,0x06,0x06,0x00,0x00,0x00,0xdb,0xdb,
	0xdb,0xdb,0xff,0x00,0x00,0x00,0xdb,0xdb,0xdb,0xdb,0xff,0x03,
	0x00,0x00,0xe0,0x60,0x7c,0x66,0x7c,0x00,0x00,0x00,0xc6,0xc6,
	0xf6,0xde,0xf6,0x00,0x00,0x00,0x60,0x60,0x7c,0x66,0x7c,0x00,
	0x00,0x00,0x7c,0x06,0x3e,0x06,0x7c,0x00,0x00,0x00,0xce,0xdb,
	0xfb,0xdb,0xce,0x00,0x00,0x00,0x3e,0x66,0x3e,0x36,0x66,0x00,
	0x66,0x7e,0x60,0x7c,0x60,0x60,0x7e,0x00,0x00,0x66,0x3c,0x66,
	0x7e,0x60,0x3c,0x00,0x00,0x00,0x00,0x00,0x03,0x06,0x0c,0x18,
	0x00,0x00,0x00,0x00,0xc0,0x60,0x30,0x18,0x18,0x30,0x60,0xc0,
	0x00,0x00,0x00,0x00,0x18,0x0c,0x06,0x03,0x00,0x00,0x00,0x00,
	0x00,0x00,0x18,0x0c,0x7e,0x0c,0x18,0x00,0x00,0x00,0x18,0x30,
	0x7e,0x30,0x18,0x00,0x18,0x3c,0x7e,0x18,0x18,0x18,0x18,0x00,
	0x18,0x18,0x18,0x18,0x7e,0x3c,0x18,0x00,0x18,0x18,0x00,0x7e,
	0x00,0x18,0x18,0x00,0x18,0x18,0x7e,0x18,0x18,0x00,0x7c,0x00,
	0xcf,0xcc,0xef,0xfc,0xdc,0xcc,0xcc,0x00,0x00,0x66,0x3c,0x66,
	0x66,0x3c,0x66,0x00,0x00,0x00,0x00,0x1c,0x1c,0x00,0x00,0x00,
	0x00,0x00,0x00,0x00,0x00,0x00,0x00,0x00,0x0e,0x12,0x22,0x42,
	0x7e,0x42,0x42,0x00,0x7c,0x40,0x40,0x7c,0x42,0x42,0x7c,0x00,
	0x7c,0x42,0x42,0x7c,0x42,0x42,0x7c,0x00,0x7e,0x40,0x40,0x40,
	0x40,0x40,0x40,0x00,0x18,0x24,0x24,0x24,0x24,0x24,0x7e,0x42,
	0x7e,0x40,0x40,0x7c,0x40,0x40,0x7e,0x00,0x49,0x49,0x2a,0x08,
	0x2a,0x49,0x49,0x00,0x3c,0x42,0x02,0x1c,0x02,0x42,0x3c,0x00,
	0x42,0x42,0x46,0x4a,0x52,0x62,0x42,0x00,0x18,0x42,0x46,0x4a,
	0x52,0x62,0x42,0x00,0x42,0x44,0x48,0x70,0x48,0x44,0x42,0x00,
	0x1e,0x22,0x42,0x42,0x42,0x42,0x42,0x00,0x41,0x63,0x55,0x49,
	0x41,0x41,0x41,0x00,0x42,0x42,0x42,0x7e,0x42,0x42,0x42,0x00,
	0x3c,0x42,0x42,0x42,0x42,0x42,0x3c,0x00,0x7e,0x42,0x42,0x42,
	0x42,0x42,0x42,0x00,0x7c,0x42,0x42,0x42,0x7c,0x40,0x40,0x00,
	0x3c,0x42,0x40,0x40,0x40,0x42,0x3c,0x00,0x7f,0x08,0x08,0x08,
	0x08,0x08,0x08,0x00,0x42,0x42,0x42,0x3e,0x02,0x42,0x3c,0x00,
	0x3e,0x49,0x49,0x49,0x3e,0x08,0x08,0x00,0x42,0x42,0x24,0x18,
	0x24,0x42,0x42,0x00,0x42,0x42,0x42,0x42,0x42,0x42,0x7f,0x01,
	0x42,0x42,0x42,0x3e,0x02,0x02,0x02,0x00,0x49,0x49,0x49,0x49,
	0x49,0x49,0x7f,0x00,0x92,0x92,0x92,0x92,0x92,0x92,0xff,0x01,
	0x60,0x20,0x20,0x3e,0x21,0x21,0x3e,0x00,0x41,0x41,0x41,0x79,
	0x45,0x45,0x79,0x00,0x40,0x40,0x40,0x7c,0x42,0x42,0x7c,0x00,
	0x78,0x04,0x02,0x3e,0x02,0x04,0x78,0x00,0x8e,0x91,0x91,0xf1,
	0x91,0x91,0x8e,0x00,0x3e,0x42,0x42,0x42,0x3e,0x22,0x42,0x00,
	0x00,0x00,0x3c,0x02,0x3e,0x42,0x3d,0x00,0x00,0x3c,0x40,0x3c,
	0x42,0x42,0x3c,0x00,0x00,0x3c,0x42,0x7c,0x42,0x42,0x7c,0x00,
	0x00,0x00,0x7e,0x40,0x40,0x40,0x40,0x00,0x00,0x00,0x1e,0x22,
	0x22,0x22,0x7f,0x41,0x00,0x00,0x3c,0x42,0x7e,0x40,0x3c,0x00,
	0x00,0x00,0x49,0x2a,0x08,0x2a,0x49,0x00,0x00,0x00,0x3c,0x42,
	0x04,0x42,0x3c,0x00,0x00,0x00,0x42,0x46,0x4a,0x52,0x62,0x00,
	0x00,0x18,0x42,0x46,0x4a,0x52,0x62,0x00,0x00,0x00,0x42,0x44,
	0x78,0x44,0x42,0x00,0x00,0x00,0x1e,0x22,0x42,0x42,0x42,0x00,
	0x00,0x00,0x41,0x63,0x55,0x49,0x41,0x00,0x00,0x00,0x42,0x42,
	0x7e,0x42,0x42,0x00,0x00,0x00,0x3c,0x42,0x42,0x42,0x3c,0x00,
	0x00,0x00,0x7e,0x42,0x42,0x42,0x42,0x00,0x22,0x88,0x22,0x88,
	0x22,0x88,0x22,0x88,0x55,0xaa,0x55,0xaa,0x55,0xaa,0x55,0xaa,
	0xdb,0x77,0xdb,0xee,0xdb,0x77,0xdb,0xee,0x10,0x10,0x10,0x10,
	0x10,0x10,0x10,0x10,0x10,0x10,0x10,0x10,0xf0,0x10,0x10,0x10,
	0x10,0x10,0xf0,0x10,0xf0,0x10,0x10,0x10,0x14,0x14,0x14,0x14,
	0xf4,0x14,0x14,0x14,0x00,0x00,0x00,0x00,0xfc,0x14,0x14,0x14,
	0x00,0x00,0xf0,0x10,0xf0,0x10,0x10,0x10,0x14,0x14,0xf4,0x04,
	0xf4,0x14,0x14,0x14,0x14,0x14,0x14,0x14,0x14,0x14,0x14,0x14,
	0x00,0x00,0xfc,0x04,0xf4,0x14,0x14,0x14,0x14,0x14,0xf4,0x04,
	0xfc,0x00,0x00,0x00,0x14,0x14,0x14,0x14,0xfc,0x00,0x00,0x00,
	0x10,0x10,0xf0,0x10,0xf0,0x00,0x00,0x00,0x00,0x00,0x00,0x00,
	0xf0,0x10,0x10,0x10,0x10,0x10,0x10,0x10,0x1f,0x00,0x00,0x00,
	0x10,0x10,0x10,0x10,0xff,0x00,0x00,0x00,0x00,0x00,0x00,0x00,
	0xff,0x10,0x10,0x10,0x10,0x10,0x10,0x10,0x1f,0x10,0x10,0x10,
	0x00,0x00,0x00,0x00,0xff,0x00,0x00,0x00,0x10,0x10,0x10,0x10,
	0xff,0x10,0x10,0x10,0x10,0x10,0x1f,0x10,0x1f,0x10,0x10,0x10,
	0x14,0x14,0x14,0x14,0x17,0x14,0x14,0x14,0x14,0x14,0x17,0x10,
	0x1f,0x00,0x00,0x00,0x00,0x00,0x1f,0x10,0x17,0x14,0x14,0x14,
	0x14,0x14,0xf7,0x00,0xff,0x00,0x00,0x00,0x00,0x00,0xff,0x00,
	0xf7,0x14,0x14,0x14,0x14,0x14,0x17,0x10,0x17,0x14,0x14,0x14,
	0x00,0x00,0xff,0x00,0xff,0x00,0x00,0x00,0x14,0x14,0xf7,0x00,
	0xf7,0x14,0x14,0x14,0x10,0x10,0xff,0x00,0xff,0x00,0x00,0x00,
	0x14,0x14,0x14,0x14,0xff,0x00,0x00,0x00,0x00,0x00,0xff,0x00,
	0xff,0x10,0x10,0x10,0x00,0x00,0x00,0x00,0xff,0x14,0x14,0x14,
	0x14,0x14,0x14,0x14,0x1f,0x00,0x00,0x00,0x10,0x10,0x1f,0x10,
	0x1f,0x00,0x00,0x00,0x00,0x00,0x1f,0x10,0x1f,0x10,0x10,0x10,
	0x00,0x00,0x00,0x00,0x1f,0x14,0x14,0x14,0x14,0x14,0x14,0x14,
	0xff,0x14,0x14,0x14,0x10,0x10,0xff,0x10,0xff,0x10,0x10,0x10,
	0x10,0x10,0x10,0x10,0xf0,0x00,0x00,0x00,0x00,0x00,0x00,0x00,
	0x1f,0x10,0x10,0x10,0xff,0xff,0xff,0xff,0xff,0xff,0xff,0xff,
	0x00,0x00,0x00,0x00,0xff,0xff,0xff,0xff,0xf0,0xf0,0xf0,0xf0,
	0xf0,0xf0,0xf0,0xf0,0x0f,0x0f,0x0f,0x0f,0x0f,0x0f,0x0f,0x0f,
	0xff,0xff,0xff,0xff,0x00,0x00,0x00,0x00,0x00,0x00,0x7c,0x42,
	0x42,0x7c,0x40,0x00,0x00,0x00,0x3c,0x42,0x40,0x42,0x3c,0x00,
	0x00,0x00,0x7f,0x08,0x08,0x08,0x08,0x00,0x00,0x00,0x42,0x42,
	0x3e,0x02,0x3c,0x00,0x00,0x00,0x3e,0x49,0x49,0x3e,0x08,0x00,
	0x00,0x00,0x42,0x24,0x18,0x24,0x42,0x00,0x00,0x00,0x42,0x42,
	0x42,0x42,0x7f,0x01,0x00,0x00,0x42,0x42,0x3e,0x02,0x02,0x00,
	0x00,0x00,0x49,0x49,0x49,0x49,0x7f,0x00,0x00,0x00,0x49,0x49,
	0x49,0x49,0x7f,0x01,0x00,0x00,0x60,0x20,0x3c,0x22,0x3c,0x00,
	0x00,0x00,0x42,0x42,0x72,0x4a,0x72,0x00,0x00,0x00,0x20,0x20,
	0x3c,0x22,0x3c,0x00,0x00,0x00,0x7c,0x02,0x3e,0x02,0x7c,0x00,
	0x00,0x00,0x4e,0x51,0x71,0x51,0x4e,0x00,0x00,0x00,0x3e,0x42,
	0x3e,0x22,0x42,0x00,0x24,0x7e,0x40,0x7c,0x40,0x40,0x7e,0x00,
	0x00,0x42,0x3c,0x42,0x7e,0x40,0x3c,0x00,0x00,0x00,0x00,0x00,
	0x01,0x02,0x04,0x08,0x00,0x00,0x00,0x00,0x80,0x40,0x20,0x10,
	0x10,0x20,0x40,0x80,0x00,0x00,0x00,0x00,0x08,0x04,0x02,0x01,
	0x00,0x00,0x00,0x00,0x00,0x08,0x04,0x7e,0x04,0x08,0x00,0x00,
	0x00,0x10,0x20,0x7e,0x20,0x10,0x00,0x00,0x08,0x1c,0x2a,0x08,
	0x08,0x08,0x08,0x00,0x08,0x08,0x08,0x08,0x2a,0x1c,0x08,0x00,
	0x18,0x18,0x00,0x7e,0x00,0x18,0x18,0x00,0x10,0x10,0x7c,0x10,
	0x10,0x00,0x7c,0x00,0x8f,0x88,0xcb,0xa8,0x98,0x88,0x88,0x00,
	0x00,0x42,0x3c,0x42,0x42,0x3c,0x42,0x00,0x00,0x00,0x3c,0x3c,
	0x3c,0x3c,0x00,0x00,0x00,0x00,0x00,0x00,0x00,0x00,0x00,0x00,
	0x1e,0x36,0x66,0x66,0x7e,0x66,0x66,0x00,0x7c,0x60,0x60,0x7c,
	0x66,0x66,0x7c,0x00,0x7c,0x66,0x66,0x7c,0x66,0x66,0x7c,0x00,
	0x7e,0x60,0x60,0x60,0x60,0x60,0x60,0x00,0x38,0x6c,0x6c,0x6c,
	0x6c,0x6c,0xfe,0xc6,0x7e,0x60,0x60,0x7c,0x60,0x60,0x7e,0x00,
	0xdb,0xdb,0x7e,0x3c,0x7e,0xdb,0xdb,0x00,0x3c,0x66,0x06,0x1c,
	0x06,0x66,0x3c,0x00,0x66,0x66,0x6e,0x7e,0x76,0x66,0x66,0x00,
	0x3c,0x66,0x6e,0x7e,0x76,0x66,0x66,0x00,0x66,0x6c,0x78,0x70,
	0x78,0x6c,0x66,0x00,0x1e,0x36,0x66,0x66,0x66,0x66,0x66,0x00,
	0xc6,0xee,0xfe,0xfe,0xd6,0xc6,0xc6,0x00,0x66,0x66,0x66,0x7e,
	0x66,0x66,0x66,0x00,0x3c,0x66,0x66,0x66,0x66,0x66,0x3c,0x00,
	0x7e,0x66,0x66,0x66,0x66,0x66,0x66,0x00,0x7c,0x66,0x66,0x66,
	0x7c,0x60,0x60,0x00,0x3c,0x66,0x60,0x60,0x60,0x66,0x3c,0x00,
	0x7e,0x18,0x18,0x18,0x18,0x18,0x18,0x00,0x66,0x66,0x66,0x3e,
	0x06,0x66,0x3c,0x00,0x7e,0xdb,0xdb,0xdb,0x7e,0x18,0x18,0x00,
	0x66,0x66,0x3c,0x18,0x3c,0x66,0x66,0x00,0x66,0x66,0x66,0x66,
	0x66,0x66,0x7f,0x03,0x66,0x66,0x66,0x3e,0x06,0x06,0x06,0x00,
	0xdb,0xdb,0xdb,0xdb,0xdb,0xdb,0xff,0x00,0xdb,0xdb,0xdb,0xdb,
	0xdb,0xdb,0xff,0x03,0xe0,0x60,0x60,0x7c,0x66,0x66,0x7c,0x00,
	0xc6,0xc6,0xc6,0xf6,0xde,0xde,0xf6,0x00,0x60,0x60,0x60,0x7c,
	0x66,0x66,0x7c,0x00,0x78,0x0c,0x06,0x3e,0x06,0x0c,0x78,0x00,
	0xce,0xdb,0xdb,0xfb,0xdb,0xdb,0xce,0x00,0x3e,0x66,0x66,0x66,
	0x3e,0x36,0x66,0x00,0x00,0x00,0x78,0x0c,0x7c,0xcc,0x76,0x00,
	0x00,0x3c,0x60,0x3c,0x66,0x66,0x3c,0x00,0x00,0x3c,0x66,0x7c,
	0x66,0x66,0x7c,0x00,0x00,0x00,0x7e,0x60,0x60,0x60,0x60,0x00,
	0x00,0x00,0x3c,0x6c,0x6c,0x6c,0xfe,0xc6,0x00,0x00,0x3c,0x66,
	0x7e,0x60,0x3c,0x00,0x00,0x00,0xdb,0x7e,0x3c,0x7e,0xdb,0x00,
	0x00,0x00,0x3c,0x66,0x0c,0x66,0x3c,0x00,0x00,0x00,0x66,0x6e,
	0x7e,0x76,0x66,0x00,0x00,0x18,0x66,0x6e,0x7e,0x76,0x66,0x00,
	0x00,0x00,0x66,0x6c,0x78,0x6c,0x66,0x00,0x00,0x00,0x1e,0x36,
	0x66,0x66,0x66,0x00,0x00,0x00,0xc6,0xfe,0xfe,0xd6,0xc6,0x00,
	0x00,0x00,0x66,0x66,0x7e,0x66,0x66,0x00,0x00,0x00,0x3c,0x66,
	0x66,0x66,0x3c,0x00,0x00,0x00,0x7e,0x66,0x66,0x66,0x66,0x00,
	0x22,0x88,0x22,0x88,0x22,0x88,0x22,0x88,0x55,0xaa,0x55,0xaa,
	0x55,0xaa,0x55,0xaa,0xdb,0x77,0xdb,0xee,0xdb,0x77,0xdb,0xee,
	0x18,0x18,0x18,0x18,0x18,0x18,0x18,0x18,0x18,0x18,0x18,0x18,
	0xf8,0x18,0x18,0x18,0x18,0x18,0xf8,0x18,0xf8,0x18,0x18,0x18,
	0x36,0x36,0x36,0x36,0xf6,0x36,0x36,0x36,0x00,0x00,0x00,0x00,
	0xfe,0x36,0x36,0x36,0x00,0x00,0xf8,0x18,0xf8,0x18,0x18,0x18,
	0x36,0x36,0xf6,0x06,0xf6,0x36,0x36,0x36,0x36,0x36,0x36,0x36,
	0x36,0x36,0x36,0x36,0x00,0x00,0xfe,0x06,0xf6,0x36,0x36,0x36,
	0x36,0x36,0xf6,0x06,0xfe,0x00,0x00,0x00,0x36,0x36,0x36,0x36,
	0xfe,0x00,0x00,0x00,0x18,0x18,0xf8,0x18,0xf8,0x00,0x00,0x00,
	0x00,0x00,0x00,0x00,0xf8,0x18,0x18,0x18,0x18,0x18,0x18,0x18,
	0x1f,0x00,0x00,0x00,0x18,0x18,0x18,0x18,0xff,0x00,0x00,0x00,
	0x00,0x00,0x00,0x00,0xff,0x18,0x18,0x18,0x18,0x18,0x18,0x18,
	0x1f,0x18,0x18,0x18,0x00,0x00,0x00,0x00,0xff,0x00,0x00,0x00,
	0x18,0x18,0x18,0x18,0xff,0x18,0x18,0x18,0x18,0x18,0x1f,0x18,
	0x1f,0x18,0x18,0x18,0x36,0x36,0x36,0x36,0x37,0x36,0x36,0x36,
	0x36,0x36,0x37,0x30,0x3f,0x00,0x00,0x00,0x00,0x00,0x3f,0x30,
	0x37,0x36,0x36,0x36,0x36,0x36,0xf7,0x00,0xff,0x00,0x00,0x00,
	0x00,0x00,0xff,0x00,0xf7,0x36,0x36,0x36,0x36,0x36,0x37,0x30,
	0x37,0x36,0x36,0x36,0x00,0x00,0xff,0x00,0xff,0x00,0x00,0x00,
	0x36,0x36,0xf7,0x00,0xf7,0x36,0x36,0x36,0x18,0x18,0xff,0x00,
	0xff,0x00,0x00,0x00,0x36,0x36,0x36,0x36,0xff,0x00,0x00,0x00,
	0x00,0x00,0xff,0x00,0xff,0x18,0x18,0x18,0x00,0x00,0x00,0x00,
	0xff,0x36,0x36,0x36,0x36,0x36,0x36,0x36,0x3f,0x00,0x00,0x00,
	0x18,0x18,0x1f,0x18,0x1f,0x00,0x00,0x00,0x00,0x00,0x1f,0x18,
	0x1f,0x18,0x18,0x18,0x00,0x00,0x00,0x00,0x3f,0x36,0x36,0x36,
	0x36,0x36,0x36,0x36,0xff,0x36,0x36,0x36,0x18,0x18,0xff,0x18,
	0xff,0x18,0x18,0x18,0x18,0x18,0x18,0x18,0xf8,0x00,0x00,0x00,
	0x00,0x00,0x00,0x00,0x1f,0x18,0x18,0x18,0xff,0xff,0xff,0xff,
	0xff,0xff,0xff,0xff,0x00,0x00,0x00,0x00,0xff,0xff,0xff,0xff,
	0xf0,0xf0,0xf0,0xf0,0xf0,0xf0,0xf0,0xf0,0x0f,0x0f,0x0f,0x0f,
	0x0f,0x0f,0x0f,0x0f,0xff,0xff,0xff,0xff,0x00,0x00,0x00,0x00,
	0x00,0x00,0x7c,0x66,0x66,0x7c,0x60,0x00,0x00,0x00,0x3c,0x66,
	0x60,0x66,0x3c,0x00,0x00,0x00,0x7e,0x18,0x18,0x18,0x18,0x00,
	0x00,0x00,0x66,0x66,0x3e,0x06,0x3c,0x00,0x00,0x00,0x7e,0xdb,
	0xdb,0x7e,0x18,0x00,0x00,0x00,0x66,0x3c,0x18,0x3c,0x66,0x00,
	0x00,0x00,0x66,0x66,0x66,0x66,0x7f,0x03,0x00,0x00,0x66,0x66,
	0x3e,0x06,0x06,0x00,0x00,0x00,0xdb,0xdb,0xdb,0xdb,0xff,0x00,
	0x00,0x00,0xdb,0xdb,0xdb,0xdb,0xff,0x03,0x00,0x00,0xe0,0x60,
	0x7c,0x66,0x7c,0x00,0x00,0x00,0xc6,0xc6,0xf6,0xde,0xf6,0x00,
	0x00,0x00,0x60,0x60,0x7c,0x66,0x7c,0x00,0x00,0x00,0x7c,0x06,
	0x3e,0x06,0x7c,0x00,0x00,0x00,0xce,0xdb,0xfb,0xdb,0xce,0x00,
	0x00,0x00,0x3e,0x66,0x3e,0x36,0x66,0x00,0x66,0x7e,0x60,0x7c,
	0x60,0x60,0x7e,0x00,0x00,0x66,0x3c,0x66,0x7e,0x60,0x3c,0x00,
	0x00,0x00,0x00,0x00,0x03,0x06,0x0c,0x18,0x00,0x00,0x00,0x00,
	0xc0,0x60,0x30,0x18,0x18,0x30,0x60,0xc0,0x00,0x00,0x00,0x00,
	0x18,0x0c,0x06,0x03,0x00,0x00,0x00,0x00,0x00,0x00,0x18,0x0c,
	0x7e,0x0c,0x18,0x00,0x00,0x00,0x18,0x30,0x7e,0x30,0x18,0x00,
	0x18,0x3c,0x7e,0x18,0x18,0x18,0x18,0x00,0x18,0x18,0x18,0x18,
	0x7e,0x3c,0x18,0x00,0x18,0x18,0x00,0x7e,0x00,0x18,0x18,0x00,
	0x18,0x18,0x7e,0x18,0x18,0x00,0x7c,0x00,0xcf,0xcc,0xef,0xfc,
	0xdc,0xcc,0xcc,0x00,0x00,0x66,0x3c,0x66,0x66,0x3c,0x66,0x00,
	0x00,0x00,0x00,0x1c,0x1c,0x00,0x00,0x00,0x00,0x00,0x00,0x00,
	0x00,0x00,0x00,0x00,0x38,0x44,0x40,0x44,0x38,0x10,0x48,0x30,
	0x00,0x44,0x00,0x44,0x44,0x44,0x3e,0x00,0x0c,0x00,0x3c,0x42,
	0x7e,0x40,0x3c,0x00,0x18,0x24,0x5a,0x04,0x3c,0x44,0x3a,0x00,
	0x42,0x00,0x38,0x04,0x3c,0x44,0x3a,0x00,0x70,0x00,0x38,0x04,
	0x3c,0x44,0x3a,0x00,0x10,0x00,0x38,0x04,0x3c,0x44,0x3a,0x00,
	0x00,0x00,0x3c,0x40,0x44,0x38,0x0e,0x38,0x3c,0x42,0x3c,0x42,
	0x7e,0x40,0x3c,0x00,0x42,0x00,0x3c,0x42,0x7e,0x40,0x3c,0x00,
	0x30,0x00,0x3c,0x42,0x7e,0x40,0x3c,0x00,0x24,0x00,0x18,0x08,
	0x08,0x08,0x1c,0x00,0x7c,0x82,0x30,0x10,0x10,0x10,0x38,0x00,
	0x30,0x00,0x18,0x08,0x08,0x08,0x1c,0x00,0x42,0x18,0x24,0x42,
	0x7e,0x42,0x42,0x00,0x18,0x18,0x00,0x3c,0x42,0x7e,0x42,0x00,
	0x0c,0x00,0x7c,0x20,0x38,0x20,0x7c,0x00,0x00,0x00,0x33,0x0c,
	0x3f,0x44,0x3b,0x00,0x1f,0x24,0x44,0x7f,0x44,0x44,0x47,0x00,
	0x18,0x24,0x00,0x3c,0x42,0x42,0x3c,0x00,0x00,0x42,0x00,0x3c,
	0x42,0x42,0x3c,0x00,0x20,0x10,0x00,0x3c,0x42,0x42,0x3c,0x00,
	0x18,0x24,0x00,0x42,0x42,0x42,0x3c,0x00,0x20,0x10,0x00,0x42,
	0x42,0x42,0x3c,0x00,0x00,0x42,0x00,0x42,0x42,0x3e,0x02,0x3c,
	0x42,0x18,0x24,0x42,0x42,0x24,0x18,0x00,0x42,0x00,0x42,0x42,
	0x42,0x42,0x3c,0x00,0x08,0x08,0x3e,0x40,0x40,0x3e,0x08,0x08,
	0x18,0x24,0x20,0x70,0x20,0x42,0x7c,0x00,0x44,0x28,0x7c,0x10,
	0x7c,0x10,0x10,0x00,0xf8,0x4c,0x78,0x44,0x4f,0x44,0x45,0xe6,
	0x0c,0x12,0x10,0x7c,0x10,0x10,0x90,0x60,0x0e,0x00,0x38,0x04,
	0x3c,0x44,0x3a,0x00,0x0c,0x00,0x18,0x08,0x08,0x08,0x1c,0x00,
	0x04,0x08,0x00,0x3c,0x42,0x42,0x3c,0x00,0x00,0x04,0x08,0x42,
	0x42,0x42,0x3c,0x00,0x32,0x4c,0x00,0x7c,0x42,0x42,0x42,0x00,
	0x32,0x4c,0x00,0x62,0x52,0x4a,0x46,0x00,0x38,0x04,0x3c,0x44,
	0x3a,0x00,0x7e,0x00,0x00,0x38,0x44,0x44,0x38,0x00,0x7c,0x00,
	0x10,0x00,0x10,0x20,0x40,0x42,0x3c,0x00,0x00,0x00,0x00,0x7e,
	0x40,0x40,0x00,0x00,0x00,0x00,0x00,0x7e,0x02,0x02,0x00,0x00,
	0x42,0xc4,0x48,0xf6,0x29,0x43,0x8c,0x1f,0x42,0xc4,0x4a,0xf6,
	0x2a,0x5f,0x82,0x02,0x10,0x00,0x10,0x10,0x38,0x38,0x10,0x00,
	0x00,0x12,0x24,0x48,0x24,0x12,0x00,0x00,0x00,0x48,0x24,0x12,
	0x24,0x48,0x00,0x00,0x22,0x88,0x22,0x88,0x22,0x88,0x22,0x88,
	0x55,0xaa,0x55,0xaa,0x55,0xaa,0x55,0xaa,0xdb,0x77,0xdb,0xee,
	0xdb,0x77,0xdb,0xee,0x10,0x10,0x10,0x10,0x10,0x10,0x10,0x10,
	0x10,0x10,0x10,0x10,0xf0,0x10,0x10,0x10,0x10,0x10,0xf0,0x10,
	0xf0,0x10,0x10,0x10,0x14,0x14,0x14,0x14,0xf4,0x14,0x14,0x14,
	0x00,0x00,0x00,0x00,0xfc,0x14,0x14,0x14,0x00,0x00,0xf0,0x10,
	0xf0,0x10,0x10,0x10,0x14,0x14,0xf4,0x04,0xf4,0x14,0x14,0x14,
	0x14,0x14,0x14,0x14,0x14,0x14,0x14,0x14,0x00,0x00,0xfc,0x04,
	0xf4,0x14,0x14,0x14,0x14,0x14,0xf4,0x04,0xfc,0x00,0x00,0x00,
	0x14,0x14,0x14,0x14,0xfc,0x00,0x00,0x00,0x10,0x10,0xf0,0x10,
	0xf0,0x00,0x00,0x00,0x00,0x00,0x00,0x00,0xf0,0x10,0x10,0x10,
	0x10,0x10,0x10,0x10,0x1f,0x00,0x00,0x00,0x10,0x10,0x10,0x10,
	0xff,0x00,0x00,0x00,0x00,0x00,0x00,0x00,0xff,0x10,0x10,0x10,
	0x10,0x10,0x10,0x10,0x1f,0x10,0x10,0x10,0x00,0x00,0x00,0x00,
	0xff,0x00,0x00,0x00,0x10,0x10,0x10,0x10,0xff,0x10,0x10,0x10,
	0x10,0x10,0x1f,0x10,0x1f,0x10,0x10,0x10,0x14,0x14,0x14,0x14,
	0x17,0x14,0x14,0x14,0x14,0x14,0x17,0x10,0x1f,0x00,0x00,0x00,
	0x00,0x00,0x1f,0x10,0x17,0x14,0x14,0x14,0x14,0x14,0xf7,0x00,
	0xff,0x00,0x00,0x00,0x00,0x00,0xff,0x00,0xf7,0x14,0x14,0x14,
	0x14,0x14,0x17,0x10,0x17,0x14,0x14,0x14,0x00,0x00,0xff,0x00,
	0xff,0x00,0x00,0x00,0x14,0x14,0xf7,0x00,0xf7,0x14,0x14,0x14,
	0x10,0x10,0xff,0x00,0xff,0x00,0x00,0x00,0x14,0x14,0x14,0x14,
	0xff,0x00,0x00,0x00,0x00,0x00,0xff,0x00,0xff,0x10,0x10,0x10,
	0x00,0x00,0x00,0x00,0xff,0x14,0x14,0x14,0x14,0x14,0x14,0x14,
	0x1f,0x00,0x00,0x00,0x10,0x10,0x1f,0x10,0x1f,0x00,0x00,0x00,
	0x00,0x00,0x1f,0x10,0x1f,0x10,0x10,0x10,0x00,0x00,0x00,0x00,
	0x1f,0x14,0x14,0x14,0x14,0x14,0x14,0x14,0xff,0x14,0x14,0x14,
	0x10,0x10,0xff,0x10,0xff,0x10,0x10,0x10,0x10,0x10,0x10,0x10,
	0xf0,0x00,0x00,0x00,0x00,0x00,0x00,0x00,0x1f,0x10,0x10,0x10,
	0xff,0xff,0xff,0xff,0xff,0xff,0xff,0xff,0x00,0x00,0x00,0x00,
	0xff,0xff,0xff,0xff,0xf0,0xf0,0xf0,0xf0,0xf0,0xf0,0xf0,0xf0,
	0x0f,0x0f,0x0f,0x0f,0x0f,0x0f,0x0f,0x0f,0xff,0xff,0xff,0xff,
	0x00,0x00,0x00,0x00,0x00,0x00,0x31,0x4a,0x44,0x4a,0x31,0x00,
	0x00,0x3c,0x42,0x7c,0x42,0x7c,0x40,0x40,0x00,0x7e,0x42,0x40,
	0x40,0x40,0x40,0x00,0x00,0x3f,0x54,0x14,0x14,0x14,0x14,0x00,
	0x7e,0x42,0x20,0x18,0x20,0x42,0x7e,0x00,0x00,0x00,0x3e,0x48,
	0x48,0x48,0x30,0x00,0x00,0x44,0x44,0x44,0x7a,0x40,0x40,0x80,
	0x00,0x33,0x4c,0x08,0x08,0x08,0x08,0x00,0x7c,0x10,0x38,0x44,
	0x44,0x38,0x10,0x7c,0x18,0x24,0x42,0x7e,0x42,0x24,0x18,0x00,
	0x18,0x24,0x42,0x42,0x24,0x24,0x66,0x00,0x1c,0x20,0x18,0x3c,
	0x42,0x42,0x3c,0x00,0x00,0x62,0x95,0x89,0x95,0x62,0x00,0x00,
	0x02,0x04,0x3c,0x4a,0x52,0x3c,0x40,0x80,0x1c,0x20,0x40,0x7c,
	0x40,0x20,0x1c,0x00,0x3c,0x42,0x42,0x42,0x42,0x42,0x42,0x00,
	0x00,0x7e,0x00,0x7e,0x00,0x7e,0x00,0x00,0x10,0x10,0x7c,0x10,
	0x10,0x00,0x7c,0x00,0x10,0x08,0x04,0x08,0x10,0x00,0x7e,0x00,
	0x08,0x10,0x20,0x10,0x08,0x00,0x7e,0x00,0x0c,0x12,0x12,0x10,
	0x10,0x10,0x10,0x10,0x10,0x10,0x10,0x10,0x10,0x90,0x90,0x60,
	0x18,0x18,0x00,0x7e,0x00,0x18,0x18,0x00,0x00,0x32,0x4c,0x00,
	0x32,0x4c,0x00,0x00,0x30,0x48,0x48,0x30,0x00,0x00,0x00,0x00,
	0x00,0x00,0x00,0x18,0x18,0x00,0x00,0x00,0x00,0x00,0x00,0x00,
	0x18,0x00,0x00,0x00,0x0f,0x08,0x08,0x08,0x08,0xc8,0x28,0x18,
	0x78,0x44,0x44,0x44,0x44,0x00,0x00,0x00,0x30,0x48,0x10,0x20,
	0x78,0x00,0x00,0x00,0x00,0x00,0x3c,0x3c,0x3c,0x3c,0x00,0x00,
	0x00,0x00,0x00,0x00,0x00,0x00,0x00,0x00,0x78,0xcc,0xc0,0xcc,
	0x78,0x30,0x98,0x70,0x00,0xcc,0x00,0xcc,0xcc,0xcc,0x7e,0x00,
	0x1c,0x00,0x78,0xcc,0xfc,0xc0,0x78,0x00,0x3c,0xe7,0x18,0x0c,
	0x3e,0x66,0x3b,0x00,0xcc,0x00,0x78,0x0c,0x7c,0xcc,0x76,0x00,
	0xe0,0x20,0x78,0x0c,0x7c,0xcc,0x76,0x00,0x30,0x30,0x78,0x0c,
	0x7c,0xcc,0x76,0x00,0x00,0x00,0x70,0xc0,0xc8,0x70,0x18,0x70,
	0x7e,0xc3,0x3c,0x66,0x7e,0x60,0x3c,0x00,0xcc,0x00,0x78,0xcc,
	0xfc,0xc0,0x78,0x00,0xe0,0x20,0x78,0xcc,0xfc,0xc0,0x78,0x00,
	0xcc,0x00,0x70,0x30,0x30,0x30,0x78,0x00,0x7c,0xc6,0x38,0x18,
	0x18,0x18,0x3c,0x00,0xe0,0x20,0x70,0x30,0x30,0x30,0x78,0x00,
	0xc6,0x38,0x6c,0xc6,0xfe,0xc6,0xc6,0x00,0x30,0x30,0x00,0x78,
	0xcc,0xfc,0xcc,0x00,0x1c,0x10,0xfc,0x60,0x78,0x60,0xfc,0x00,
	0x00,0x00,0x7f,0x0c,0x7f,0xcc,0x7f,0x00,0x3f,0x6c,0xcc,0xfe,
	0xcc,0xcc,0xcf,0x00,0x78,0xcc,0x00,0x78,0xcc,0xcc,0x78,0x00,
	0x00,0xcc,0x00,0x78,0xcc,0xcc,0x78,0x00,0x00,0xe0,0x20,0x78,
	0xcc,0xcc,0x78,0x00,0x78,0xcc,0x00,0xcc,0xcc,0xcc,0x7e,0x00,
	0x00,0xe0,0x20,0xcc,0xcc,0xcc,0x7e,0x00,0x00,0xcc,0x00,0xcc,
	0xcc,0x7c,0x0c,0xf8,0xc3,0x18,0x3c,0x66,0x66,0x3c,0x18,0x00,
	0xcc,0x00,0xcc,0xcc,0xcc,0xcc,0x78,0x00,0x18,0x18,0x7e,0xc0,
	0xc0,0x7e,0x18,0x18,0x38,0x6c,0x64,0xf0,0x60,0xe6,0xfc,0x00,
	0xcc,0xcc,0x78,0xfc,0x30,0xfc,0x30,0x30,0xf8,0xcc,0xcc,0xfa,
	0xc6,0xcf,0xc6,0xc7,0x0e,0x1b,0x19,0x18,0x3c,0x18,0xd8,0x70,
	0x1c,0x10,0x78,0x0c,0x7c,0xcc,0x76,0x00,0x38,0x20,0x70,0x30,
	0x30,0x30,0x78,0x00,0x00,0x1c,0x10,0x78,0xcc,0xcc,0x78,0x00,
	0x00,0x1c,0x10,0xcc,0xcc,0xcc,0x7e,0x00,0x64,0x98,0x00,0xf8,
	0xcc,0xcc,0xcc,0x00,0xfc,0x00,0xcc,0xec,0xfc,0xdc,0xcc,0x00,
	0x78,0x0c,0x7c,0xcc,0x76,0x00,0x7c,0x00,0x00,0x38,0x6c,0x6c,
	0x38,0x00,0x7c,0x00,0x30,0x00,0x30,0x60,0xc4,0xcc,0x78,0x00,
	0x00,0x00,0x00,0xfc,0xc0,0xc0,0x00,0x00,0x00,0x00,0x00,0xfc,
	0x0c,0x0c,0x00,0x00,0xc3,0xc6,0xcc,0xde,0x33,0x66,0xcc,0x0f,
	0xc3,0xc6,0xcc,0xdb,0x37,0x6f,0xcf,0x03,0x18,0x00,0x18,0x18,
	0x3c,0x3c,0x18,0x00,0x00,0x33,0x66,0xcc,0x66,0x33,0x00,0x00,
	0x00,0xcc,0x66,0x33,0x66,0xcc,0x00,0x00,0x22,0x88,0x22,0x88,
	0x22,0x88,0x22,0x88,0x55,0xaa,0x55,0xaa,0x55,0xaa,0x55,0xaa,
	0xdb,0x77,0xdb,0xee,0xdb,0x77,0xdb,0xee,0x18,0x18,0x18,0x18,
	0x18,0x18,0x18,0x18,0x18,0x18,0x18,0x18,0xf8,0x18,0x18,0x18,
	0x18,0x18,0xf8,0x18,0xf8,0x18,0x18,0x18,0x36,0x36,0x36,0x36,
	0xf6,0x36,0x36,0x36,0x00,0x00,0x00,0x00,0xfe,0x36,0x36,0x36,
	0x00,0x00,0xf8,0x18,0xf8,0x18,0x18,0x18,0x36,0x36,0xf6,0x06,
	0xf6,0x36,0x36,0x36,0x36,0x36,0x36,0x36,0x36,0x36,0x36,0x36,
	0x00,0x00,0xfe,0x06,0xf6,0x36,0x36,0x36,0x36,0x36,0xf6,0x06,
	0xfe,0x00,0x00,0x00,0x36,0x36,0x36,0x36,0xfe,0x00,0x00,0x00,
	0x18,0x18,0xf8,0x18,0xf8,0x00,0x00,0x00,0x00,0x00,0x00,0x00,
	0xf8,0x18,0x18,0x18,0x18,0x18,0x18,0x18,0x1f,0x00,0x00,0x00,
	0x18,0x18,0x18,0x18,0xff,0x00,0x00,0x00,0x00,0x00,0x00,0x00,
	0xff,0x18,0x18,0x18,0x18,0x18,0x18,0x18,0x1f,0x18,0x18,0x18,
	0x00,0x00,0x00,0x00,0xff,0x00,0x00,0x00,0x18,0x18,0x18,0x18,
	0xff,0x18,0x18,0x18,0x18,0x18,0x1f,0x18,0x1f,0x18,0x18,0x18,
	0x36,0x36,0x36,0x36,0x37,0x36,0x36,0x36,0x36,0x36,0x37,0x30,
	0x3f,0x00,0x00,0x00,0x00,0x00,0x3f,0x30,0x37,0x36,0x36,0x36,
	0x36,0x36,0xf7,0x00,0xff,0x00,0x00,0x00,0x00,0x00,0xff,0x00,
	0xf7,0x36,0x36,0x36,0x36,0x36,0x37,0x30,0x37,0x36,0x36,0x36,
	0x00,0x00,0xff,0x00,0xff,0x00,0x00,0x00,0x36,0x36,0xf7,0x00,
	0xf7,0x36,0x36,0x36,0x18,0x18,0xff,0x00,0xff,0x00,0x00,0x00,
	0x36,0x36,0x36,0x36,0xff,0x00,0x00,0x00,0x00,0x00,0xff,0x00,
	0xff,0x18,0x18,0x18,0x00,0x00,0x00,0x00,0xff,0x36,0x36,0x36,
	0x36,0x36,0x36,0x36,0x3f,0x00,0x00,0x00,0x18,0x18,0x1f,0x18,
	0x1f,0x00,0x00,0x00,0x00,0x00,0x1f,0x18,0x1f,0x18,0x18,0x18,
	0x00,0x00,0x00,0x00,0x3f,0x36,0x36,0x36,0x36,0x36,0x36,0x36,
	0xff,0x36,0x36,0x36,0x18,0x18,0xff,0x18,0xff,0x18,0x18,0x18,
	0x18,0x18,0x18,0x18,0xf8,0x00,0x00,0x00,0x00,0x00,0x00,0x00,
	0x1f,0x18,0x18,0x18,0xff,0xff,0xff,0xff,0xff,0xff,0xff,0xff,
	0x00,0x00,0x00,0x00,0xff,0xff,0xff,0xff,0xf0,0xf0,0xf0,0xf0,
	0xf0,0xf0,0xf0,0xf0,0x0f,0x0f,0x0f,0x0f,0x0f,0x0f,0x0f,0x0f,
	0xff,0xff,0xff,0xff,0x00,0x00,0x00,0x00,0x00,0x00,0x76,0xdc,
	0xc8,0xdc,0x76,0x00,0x00,0x78,0xcc,0xf8,0xcc,0xf8,0xc0,0xc0,
	0x00,0xfc,0xc4,0xc0,0xc0,0xc0,0xc0,0x00,0x00,0xfe,0x6c,0x6c,
	0x6c,0x6c,0x6c,0x00,0xfc,0xc4,0x60,0x30,0x60,0xc4,0xfc,0x00,
	0x00,0x00,0x7e,0xd8,0xd8,0xd8,0x70,0x00,0x00,0x66,0x66,0x66,
	0x66,0x7c,0x60,0xc0,0x00,0x76,0xdc,0x18,0x18,0x18,0x18,0x00,
	0xfc,0x30,0x78,0xcc,0xcc,0x78,0x30,0xfc,0x38,0x6c,0xc6,0xfe,
	0xc6,0x6c,0x38,0x00,0x38,0x6c,0xc6,0xc6,0x6c,0x6c,0xee,0x00,
	0x1c,0x30,0x18,0x7c,0xcc,0xcc,0x78,0x00,0x00,0x00,0x7e,0xdb,
	0xdb,0x7e,0x00,0x00,0x06,0x0c,0x7e,0xcb,0xd3,0x7e,0x30,0x60,
	0x3c,0x60,0xc0,0xfc,0xc0,0x60,0x3c,0x00,0x78,0xcc,0xcc,0xcc,
	0xcc,0xcc,0xcc,0x00,0x00,0xfc,0x00,0xfc,0x00,0xfc,0x00,0x00,
	0x30,0x30,0xfc,0x30,0x30,0x00,0xfc,0x00,0x60,0x30,0x18,0x30,
	0x60,0x00,0xfc,0x00,0x18,0x30,0x60,0x30,0x18,0x00,0xfc,0x00,
	0x0e,0x1b,0x19,0x18,0x18,0x18,0x18,0x18,0x18,0x18,0x18,0x18,
	0x18,0x98,0xd8,0x70,0x30,0x30,0x00,0xfc,0x00,0x30,0x30,0x00,
	0x00,0x76,0xdc,0x00,0x76,0xdc,0x00,0x00,0x38,0x6c,0x6c,0x38,
	0x00,0x00,0x00,0x00,0x00,0x00,0x00,0x18,0x18,0x00,0x00,0x00,
	0x00,0x00,0x00,0x00,0x18,0x00,0x00,0x00,0x0f,0x0c,0x0c,0x0c,
	0xcc,0x6c,0x3c,0x1c,0x78,0x6c,0x6c,0x6c,0x6c,0x00,0x00,0x00,
	0x70,0x18,0x30,0x60,0x78,0x00,0x00,0x00,0x00,0x00,0x3c,0x3c,
	0x3c,0x3c,0x00,0x00,0x00,0x00,0x00,0x00,0x00,0x00,0x00,0x00,
	0xfb,0x55,0x06,0x1e,0x56,0x53,0xe8,0x4b,0x07,0xbb,0x40,0x00,
	0x8e,0xdb,0x5b,0x80,0xfc,0x01,0x75,0x1d,0x24,0x00,0xe8,0x3b,
	0x07,0x26,0x8a,0x64,0x02,0x88,0x26,0x40,0x00,0x8a,0x26,0x41,
	0x00,0x0a,0xe4,0x74,0x01,0xf9,0x5e,0x1f,0x07,0x5d,0xca,0x02,
	0x00,0xc6,0x06,0x41,0x00,0x00,0x57,0x52,0x51,0x53,0x50,0x8b,
	0xec,0x72,0x0a,0xe8,0x65,0x00,0x5b,0x5b,0x59,0x5a,0x5f,0xeb,
	0xcd,0xe8,0x03,0x00,0x58,0xeb,0xf4,0xfa,0xba,0xf2,0x03,0xa0,
	0x3f,0x00,0x0a,0xc0,0x74,0x10,0xd0,0xe8,0x3c,0x04,0x75,0x02,
	0xfe,0xc8,0x8a,0xc8,0xb4,0x10,0xd2,0xe4,0x0a,0xc4,0x04,0x08,
	0xee,0x80,0x26,0x3e,0x00,0x00,0x04,0x04,0xee,0xe8,0x1f,0x03,
	0x72,0x0e,0xe8,0x7d,0x02,0x75,0x09,0x3c,0xc0,0x74,0x06,0x80,
	0x0e,0x41,0x00,0x20,0xc3,0xe8,0x60,0x01,0x75,0xfa,0xba,0xf5,
	0x03,0xb0,0x03,0xe8,0x55,0x01,0x75,0xf0,0x26,0x8a,0x04,0xe8,
	0x4d,0x01,0x75,0xe8,0x26,0x8a,0x44,0x01,0xee,0xeb,0xe1,0x80,
	0xfa,0x02,0x73,0x4e,0x80,0xfc,0x02,0x75,0x03,0xe9,0x40,0x03,
	0x80,0xfc,0x03,0x75,0x03,0xe9,0x38,0x03,0x80,0xfc,0x04,0x75,
	0x03,0xe9,0x30,0x03,0x80,0xfc,0x05,0x75,0x03,0xe9,0x28,0x03,
	0x80,0xfc,0x08,0x75,0x03,0xe9,0x3a,0x05,0x80,0xfc,0x15,0x75,
	0x03,0xe9,0x70,0x05,0x80,0xfc,0x16,0x75,0x03,0xe9,0x3e,0x06,
	0x80,0xfc,0x17,0x75,0x11,0xe9,0x98,0x05,0xb4,0x4d,0xeb,0x02,
	0xb4,0xc5,0xb0,0x4a,0xeb,0x19,0xb0,0x42,0xeb,0x13,0xc6,0x06,
	0x41,0x00,0x01,0xeb,0x03,0xe8,0x42,0x02,0xb0,0x06,0xe6,0x0a,
	0x32,0xc0,0xc3,0xb0,0x46,0xb4,0xe6,0x88,0x66,0x01,0xe8,0x9d,
	0x01,0x73,0x07,0xc6,0x06,0x41,0x00,0x09,0xeb,0xe6,0xe8,0xef,
	0x00,0x73,0x0a,0xc6,0x06,0x41,0x00,0x00,0xe8,0xe5,0x00,0x72,
	0xd4,0xe8,0xbc,0x00,0x75,0xd2,0x8a,0x46,0x01,0xe8,0xa1,0x00,
	0x75,0xca,0x80,0x7e,0x01,0x4d,0x75,0x14,0x26,0x8b,0x5c,0x03,
	0xe8,0x82,0x00,0x75,0xbb,0x26,0x8b,0x5c,0x07,0xe8,0x79,0x00,
	0x75,0xb2,0xeb,0x21,0x8a,0x46,0x05,0xee,0x8a,0x5e,0x07,0x8a,
	0x7e,0x04,0xe8,0x68,0x00,0x75,0xa1,0x26,0x8b,0x5c,0x03,0xe8,
	0x5f,0x00,0x75,0x98,0x26,0x8b,0x5c,0x05,0xe8,0x56,0x00,0x75,
	0x8f,0xe8,0x1f,0x02,0x72,0x87,0xe8,0xc9,0x01,0x72,0x85,0xa0,
	0x42,0x00,0x24,0xc0,0x74,0x42,0x78,0x27,0xa0,0x43,0x00,0xa8,
	0x80,0xb4,0x04,0x75,0x20,0xa8,0x20,0xb4,0x10,0x75,0x1a,0xa8,
	0x10,0xb4,0x08,0x75,0x14,0xa8,0x04,0xb4,0x04,0x75,0x0e,0xa8,
	0x02,0xb4,0x03,0x75,0x08,0xa8,0x01,0xb4,0x02,0x75,0x02,0xb4,
	0x20,0x08,0x26,0x41,0x00,0xe8,0xc6,0x01,0xf6,0x06,0x43,0x00,
	0x20,0x74,0x09,0xf6,0x06,0x44,0x00,0x20,0x74,0x02,0xfe,0xc8,
	0xc3,0xe8,0x20,0x00,0x75,0x0a,0x8a,0xc3,0xe8,0x18,0x00,0x75,
	0x03,0x8a,0xc7,0xee,0xc3,0xba,0xf5,0x03,0xe8,0x0c,0x00,0x75,
	0xf7,0x8a,0x46,0x07,0xd0,0xe0,0xd0,0xe0,0x0a,0x46,0x06,0xee,
	0x32,0xe4,0x51,0x52,0xba,0xf4,0x03,0x33,0xc9,0xec,0xa8,0x80,
	0x74,0x06,0x24,0x40,0x32,0xc4,0x74,0x09,0xe2,0xf3,0x0b,0xe4,
	0xc6,0x06,0x41,0x00,0x80,0x5a,0x59,0xc3,0xb4,0x40,0xeb,0xde,
	0xc6,0x06,0x40,0x00,0xff,0x8a,0x4e,0x06,0xb0,0x01,0xd2,0xe0,
	0x84,0x06,0x3f,0x00,0x75,0x03,0xe8,0xf5,0x00,0x84,0x06,0x3e,
	0x00,0x75,0x44,0x08,0x06,0x3e,0x00,0xe8,0xba,0xff,0x75,0x2e,
	0xba,0xf5,0x03,0xb0,0x07,0xe8,0xaf,0xff,0x75,0x24,0x8a,0x46,
	0x06,0xee,0xe8,0x52,0x01,0x72,0x1b,0xe8,0xb0,0x00,0x75,0x16,
	0xa8,0xc0,0x74,0x14,0x8a,0x4e,0x06,0xb0,0x01,0xd2,0xe0,0x34,
	0xff,0x20,0x06,0x3e,0x00,0xc6,0x06,0x41,0x00,0x40,0xf9,0xc3,
	0xb8,0x0a,0x00,0xb9,0x1c,0x02,0xe2,0xfe,0x48,0x75,0xf8,0xe8,
	0x7a,0xff,0x75,0xee,0xb0,0x0f,0xe8,0x60,0xff,0x75,0xe7,0x8a,
	0x46,0x05,0xb7,0x00,0x8a,0x5e,0x06,0xf6,0x87,0x90,0x00,0x20,
	0x74,0x02,0xd0,0xe0,0x88,0x87,0x94,0x00,0xee,0xe8,0x03,0x01,
	0x72,0xcc,0x33,0xc0,0x26,0x0a,0x44,0x09,0x74,0x0a,0xb9,0xb8,
	0x01,0x90,0x90,0xe2,0xfe,0x48,0x75,0xf6,0xe8,0x4f,0x00,0x75,
	0xb5,0xa8,0xc0,0x75,0xac,0xc3,0xe8,0x9f,0x04,0xfa,0xe6,0x0c,
	0xba,0x10,0x00,0xe6,0x0b,0x8b,0x46,0x0e,0xf7,0xe2,0x8b,0x5e,
	0x02,0x03,0xc3,0x12,0xd6,0xe6,0x04,0x86,0xc4,0xe6,0x04,0x86,
	0xc4,0x8b,0xd8,0x8a,0xc2,0xe6,0x81,0x33,0xc0,0x8a,0x46,0x00,
	0x26,0x8a,0x4c,0x03,0xba,0x80,0x00,0xd3,0xe2,0xf7,0xe2,0x2d,
	0x01,0x00,0xe6,0x05,0x86,0xc4,0xe6,0x05,0x86,0xc4,0x03,0xc3,
	0xfb,0xb0,0x02,0xe6,0x0a,0xc3,0x52,0xe8,0xee,0xfe,0x75,0x18,
	0xb0,0x08,0xba,0xf5,0x03,0xee,0xe8,0x03,0xff,0x75,0x0d,0xec,
	0xa2,0x42,0x00,0xe8,0xfa,0xfe,0x75,0x04,0xec,0xa0,0x42,0x00,
	0x5a,0xc3,0x50,0xe8,0x36,0x04,0xfa,0xa2,0x3f,0x00,0xb0,0x10,
	0xd2,0xe0,0x0a,0xc1,0x0c,0x0c,0xba,0xf2,0x03,0xee,0xfb,0xb0,
	0x19,0x26,0x8a,0x54,0x0a,0xf6,0xe2,0x0b,0xc0,0x74,0x09,0xb9,
	0xfc,0x08,0x90,0xe2,0xfe,0x48,0x75,0xf7,0x58,0xc3,0xfc,0xbf,
	0x42,0x00,0x33,0xc9,0xba,0xf4,0x03,0xec,0x02,0xc0,0x72,0x09,
	0xe2,0xf9,0x80,0x0e,0x41,0x00,0x80,0xeb,0x1f,0x02,0xc0,0x73,
	0x16,0x42,0xec,0x88,0x05,0x47,0x4a,0xb9,0x0a,0x00,0xe2,0xfe,
	0xec,0x24,0x10,0x74,0x0c,0x81,0xff,0x49,0x00,0x75,0xd3,0x80,
	0x0e,0x41,0x00,0x20,0xf9,0xc3,0xfa,0xe4,0x05,0x8a,0xe0,0xe4,
	0x05,0x86,0xe0,0xfb,0x40,0xd1,0xe0,0x26,0x8a,0x4c,0x03,0xd2,
	0xec,0x8a,0x46,0x00,0x2a,0xc4,0xc3,0xfb,0xb3,0xfd,0x2b,0xc9,
	0xf6,0x06,0x3e,0x00,0x80,0x74,0x06,0x80,0x36,0x3e,0x00,0x80,
	0xc3,0xe2,0xf1,0xfe,0xc3,0x75,0xed,0x80,0x0e,0x41,0x00,0x80,
	0xf9,0xc3,0x61,0x00,0x02,0x01,0x41,0x01,0x61,0x02,0x61,0x03,
	0x15,0x00,0x15,0x02,0x61,0x03,0x54,0x00,0x54,0x02,0x61,0x03,
	0x74,0x00,0x74,0x02,0x61,0x03,0xa0,0x00,0x86,0x01,0xa0,0x02,
	0xa0,0x03,0x97,0x00,0x97,0x02,0xa0,0x03,0xb3,0x00,0xb3,0x02,
	0xa0,0x03,0x93,0x00,0x93,0x02,0x02,0x15,0x41,0x54,0x61,0x74,
	0x86,0x97,0xa0,0xb3,0xb7,0x00,0x8a,0x5e,0x06,0x8a,0x87,0x90,
	0x00,0xe8,0x64,0x00,0x73,0x08,0xc6,0x06,0x41,0x00,0x01,0xb0,
	0x00,0xc3,0x8a,0x6e,0x05,0x80,0xfd,0x02,0x72,0x04,0xe8,0x6b,
	0x00,0xc3,0xa8,0x10,0x74,0x04,0xe8,0x63,0x00,0xc3,0x50,0x53,
	0x51,0xb4,0x04,0xb5,0x02,0x88,0x6e,0x05,0x88,0x66,0x01,0xe8,
	0x52,0x00,0x59,0x5b,0x58,0x88,0x66,0x01,0x88,0x6e,0x05,0x8a,
	0x87,0x90,0x00,0xa8,0x10,0x75,0x14,0x80,0x3e,0x41,0x00,0x06,
	0x75,0x01,0xc3,0xe8,0x1a,0x00,0xe8,0xae,0x01,0x88,0x87,0x90,
	0x00,0xeb,0x0d,0xe8,0x0e,0x00,0x73,0x08,0xc6,0x06,0x41,0x00,
	0x01,0xb0,0x00,0xc3,0xe8,0x1d,0x00,0xc3,0x50,0x51,0x06,0x57,
	0x0e,0x07,0xbf,0xb6,0xc3,0xb4,0x00,0xb9,0x1a,0x00,0xfc,0xf2,
	0xaf,0x8b,0xf7,0xf9,0x75,0x01,0xf5,0x5f,0x07,0x59,0x58,0xc3,
	0xc6,0x06,0x41,0x00,0x00,0xb7,0x00,0x8a,0x5e,0x06,0x8a,0x87,
	0x90,0x00,0x3c,0x93,0x74,0x2a,0x56,0xe8,0xc8,0x00,0x5e,0x73,
	0x23,0xe8,0x22,0x01,0x72,0x4d,0x88,0x87,0x90,0x00,0x56,0xe8,
	0x33,0x01,0xe8,0xb5,0x00,0x5e,0x73,0x08,0xc6,0x06,0x41,0x00,
	0x80,0xb0,0x00,0xc3,0xc6,0x06,0x41,0x00,0x06,0xb0,0x00,0xc3,
	0x8a,0x87,0x90,0x00,0x8a,0x6e,0x05,0x80,0xfd,0x28,0x72,0x0b,
	0xa8,0x20,0x74,0x07,0xa8,0x10,0x75,0x03,0xeb,0x59,0x90,0x50,
	0x56,0x80,0xfc,0x02,0x74,0x19,0x80,0xfc,0x03,0x74,0x1a,0x80,
	0xfc,0x04,0x74,0x1b,0x80,0xfc,0x05,0x74,0x1c,0x5e,0x58,0xc6,
	0x06,0x41,0x00,0x01,0xb0,0x00,0xc3,0xe8,0x15,0xfc,0xeb,0x10,
	0x90,0xe8,0xf4,0xfb,0xeb,0x0a,0x90,0xe8,0xf4,0xfb,0xeb,0x04,
	0x90,0xe8,0xe4,0xfb,0x5e,0x59,0xb7,0x00,0x8a,0x5e,0x06,0x8a,
	0xe5,0x80,0x3e,0x41,0x00,0x00,0x75,0x13,0x8a,0x8f,0x90,0x00,
	0xf6,0xc1,0x10,0x75,0x05,0xe8,0x19,0x00,0x72,0xc5,0x88,0x8f,
	0x90,0x00,0xc3,0xe8,0xcd,0x00,0x88,0x87,0x90,0x00,0x80,0xf9,
	0x01,0x75,0x03,0xe9,0x46,0xff,0xb0,0x00,0xc3,0x50,0x53,0x51,
	0x56,0x1e,0x0e,0x1f,0x8a,0xd9,0xbe,0xea,0xc3,0xb9,0x05,0x00,
	0xfc,0xad,0x3a,0xc3,0xe0,0xfb,0xf9,0x75,0x01,0xf5,0x1f,0x5e,
	0x59,0x5b,0x8a,0xcc,0x58,0xc3,0x50,0x51,0x52,0x8a,0xcb,0xb0,
	0x01,0xd2,0xe0,0xfa,0x84,0x06,0x3f,0x00,0x75,0x16,0xc6,0x06,
	0x40,0x00,0xff,0xb0,0x10,0xd2,0xe0,0x0a,0xc1,0x0c,0x0c,0xba,
	0xf2,0x03,0xee,0xb9,0x14,0x00,0xe2,0xfe,0xba,0xf7,0x03,0xec,
	0x50,0xb0,0x0f,0x84,0x06,0x3f,0x00,0x75,0x08,0xba,0xf2,0x03,
	0xb0,0x0f,0xee,0xeb,0x19,0xa0,0x3f,0x00,0x24,0x0f,0xb4,0x00,
	0xa8,0x02,0x74,0x02,0xb4,0x01,0xb1,0x04,0xd2,0xe0,0x0c,0x0c,
	0x0a,0xc4,0xba,0xf2,0x03,0xee,0x58,0xa8,0x80,0xf9,0x75,0x01,
	0xf5,0xfb,0x5a,0x59,0x58,0xc3,0x51,0x50,0x1e,0x0e,0x1f,0xb9,
	0x1a,0x00,0xfc,0xad,0x80,0xfc,0x03,0xe0,0xfa,0x8a,0xc8,0xf9,
	0x75,0x01,0xf5,0x1f,0x58,0x8a,0xc1,0x59,0xc3,0x53,0x8a,0x6e,
	0x05,0x51,0xe8,0x73,0x01,0xe8,0x6b,0xfa,0xc6,0x46,0x05,0x01,
	0xe8,0x25,0xfc,0xc6,0x46,0x05,0x00,0xe8,0x1e,0xfc,0xe8,0x5a,
	0xfa,0x59,0x88,0x6e,0x05,0x5b,0xc3,0x53,0x8a,0xfc,0x8a,0xdd,
	0x1e,0x0e,0x1f,0xfc,0xad,0x1f,0x8a,0xcc,0x8a,0xeb,0x8a,0xe7,
	0x5b,0xc3,0xb7,0x00,0x8a,0x5e,0x06,0x8a,0x87,0x90,0x00,0xe8,
	0x4a,0xfe,0x72,0x14,0x81,0xfe,0xd4,0xc3,0x73,0x07,0xc6,0x46,
	0x04,0x0f,0xeb,0x0c,0x90,0xc6,0x46,0x04,0x09,0xeb,0x05,0x90,
	0xc6,0x46,0x04,0x00,0xb0,0x00,0x5b,0x5b,0x5b,0x59,0x5a,0x5f,
	0x8a,0x26,0x41,0x00,0x0a,0xe4,0x74,0x01,0xf9,0x5e,0x1f,0x07,
	0x5d,0xca,0x02,0x00,0xb7,0x00,0x8a,0x5e,0x06,0x8a,0x87,0x90,
	0x00,0xe8,0x0c,0xfe,0x72,0x14,0x81,0xfe,0xe8,0xc3,0x73,0x07,
	0xc6,0x46,0x01,0x02,0xeb,0x0c,0x90,0xc6,0x46,0x01,0x01,0xeb,
	0x05,0x90,0xc6,0x46,0x01,0x00,0xc6,0x46,0x00,0x00,0x5b,0x58,
	0x5b,0x59,0x5a,0x5f,0xf8,0x5e,0x1f,0x07,0x5d,0xca,0x02,0x00,
	0xb7,0x00,0x8a,0x5e,0x06,0x8a,0x87,0x90,0x00,0xe8,0xd4,0xfd,
	0x73,0x03,0xe9,0x85,0x00,0x81,0xfe,0xe8,0xc3,0x72,0x09,0x80,
	0x7e,0x00,0x01,0x75,0x79,0xeb,0x7c,0x90,0x56,0xe8,0xb6,0xfe,
	0x5e,0x73,0x23,0xe8,0x10,0xff,0x72,0x6a,0x88,0x87,0x90,0x00,
	0x56,0xe8,0x21,0xff,0xe8,0xa3,0xfe,0x5e,0x73,0x08,0xc6,0x06,
	0x41,0x00,0x80,0xeb,0x5a,0x90,0xc6,0x06,0x41,0x00,0x06,0xeb,
	0x52,0x90,0x81,0xfe,0xd4,0xc3,0x72,0x1c,0x80,0x7e,0x00,0x01,
	0x75,0x08,0xc6,0x87,0x90,0x00,0x97,0xeb,0x3e,0x90,0x80,0x7e,
	0x00,0x02,0x75,0x32,0xc6,0x87,0x90,0x00,0xb3,0xeb,0x30,0x90,
	0x80,0x7e,0x00,0x01,0x75,0x08,0xc6,0x87,0x90,0x00,0x54,0xeb,
	0x22,0x90,0x80,0x7e,0x00,0x02,0x75,0x08,0xc6,0x87,0x90,0x00,
	0x74,0xeb,0x14,0x90,0x80,0x7e,0x00,0x03,0x75,0x08,0xc6,0x87,
	0x90,0x00,0x15,0xeb,0x06,0x90,0xc6,0x06,0x41,0x00,0x01,0xb0,
	0x00,0xc3,0x8a,0xe0,0xb7,0x00,0x8a,0x5e,0x06,0x8a,0x87,0x90,
	0x00,0xe8,0x34,0xfd,0x72,0x1a,0x81,0xfe,0xe8,0xc3,0x73,0x0c,
	0xc6,0x46,0x01,0xff,0xe8,0x1f,0xfe,0x72,0x03,0xeb,0x0e,0x90,
	0xc6,0x06,0x41,0x00,0x06,0xeb,0x06,0x90,0xc6,0x06,0x41,0x00,
	0x80,0x8a,0xc4,0xc3,0x53,0x1e,0x33,0xdb,0x8e,0xdb,0xbb,0x78,
	0x00,0xc4,0x37,0x1f,0x5b,0xc3,0x00,0x00,0x00,0x00,0x00,0x00,
	0x00,0x00,0x00,0x00,0x00,0x00,0x00,0x00,0x00,0x00,0x00,0x00,
	0x00,0x00,0x00,0x00,0x00,0x00,0x00,0x00,0x00,0x00,0x00,0x00,
	0x00,0x00,0x00,0x00,0x00,0x00,0x00,0x00,0x00,0x00,0x00,0x00,
	0x00,0x00,0x00,0x00,0x00,0x00,0x00,0x00,0x00,0x00,0x00,0x00,
	0x00,0x00,0x00,0x00,0x00,0x00,0x00,0x00,0x00,0x00,0x00,0x00,
	0x00,0x00,0x00,0x00,0x00,0x00,0x00,0x00,0x00,0x00,0x00,0x00,
	0x00,0x00,0x00,0x00,0x00,0x00,0x00,0x00,0x00,0x00,0x00,0x00,
	0x00,0x00,0x00,0x00,0x00,0x00,0x00,0x00,0x00,0x00,0x00,0x00,
	0x00,0x00,0x00,0x00,0x00,0x00,0x00,0x00,0x00,0x00,0x00,0x00,
	0x00,0x00,0x00,0x00,0x00,0x00,0x00,0x00,0x00,0x00,0x00,0x00,
	0x00,0x00,0x00,0x00,0x00,0x00,0x00,0x00,0x00,0x00,0x00,0x00,
	0x00,0x00,0x00,0x00,0x00,0x00,0x00,0x00,0x00,0x00,0x00,0x00,
	0x00,0x00,0x00,0x00,0x00,0x00,0x00,0x00,0x00,0x00,0x00,0x00,
	0x00,0x00,0x00,0x00,0x00,0x00,0x00,0x00,0x00,0x00,0x00,0x00,
	0x00,0x00,0x00,0x00,0x00,0x00,0x00,0x00,0x00,0x00,0x00,0x00,
	0x00,0x00,0x00,0x00,0x00,0x00,0x00,0x00,0x00,0x00,0x00,0x00,
	0x00,0x00,0x00,0x00,0x00,0x00,0x00,0x00,0x00,0x00,0x00,0x00,
	0x00,0x00,0x00,0x00,0x00,0x00,0x00,0x00,0x00,0x00,0x00,0x00,
	0x00,0x00,0x00,0x00,0x00,0x00,0x00,0x00,0x00,0x00,0x00,0x00,
	0x00,0x00,0x00,0x00,0x00,0x00,0x00,0x00,0x00,0x00,0x00,0x00,
	0x00,0x00,0x00,0x00,0x00,0x00,0x00,0x00,0x00,0x00,0x00,0x00,
	0x00,0x00,0x00,0x00,0x00,0x00,0x00,0x00,0x00,0x00,0x00,0x00,
	0x00,0x00,0x00,0x00,0x00,0x00,0x00,0x00,0x00,0x00,0x00,0x00,
	0x00,0x00,0x00,0x00,0x00,0x00,0x00,0x00,0x00,0x00,0x00,0x00,
	0x00,0x00,0x00,0x00,0x00,0x00,0x00,0x00,0x00,0x00,0x00,0x00,
	0x00,0x00,0x00,0x00,0x00,0x00,0x00,0x00,0x00,0x00,0x00,0x00,
	0x00,0x00,0x00,0x00,0x00,0x00,0x00,0x00,0x00,0x00,0x00,0x00,
	0x00,0x00,0x00,0x00,0x00,0x00,0x00,0x00,0x00,0x00,0x00,0x00,
	0x00,0x00,0x00,0x00,0x00,0x00,0x00,0x00,0x00,0x00,0x00,0x00,
	0x00,0x00,0x00,0x00,0x00,0x00,0x00,0x00,0x00,0x00,0x00,0x00,
	0x00,0x00,0x00,0x00,0x00,0x00,0x00,0x00,0x00,0x00,0x00,0x00,
	0x00,0x00,0x00,0x00,0x00,0x00,0x00,0x00,0x00,0x00,0x00,0x00,
	0x00,0x00,0x00,0x00,0x00,0x00,0x00,0x00,0x00,0x00,0x00,0x00,
	0x00,0x00,0x00,0x00,0x00,0x00,0x00,0x00,0x00,0x00,0x00,0x00,
	0x0a,0xd2,0x78,0x05,0xcd,0x40,0xca,0x02,0x00,0xfb,0x22,0xe4,
	0x75,0x09,0xcd,0x40,0x32,0xe4,0x80,0xfa,0x82,0x73,0x38,0x80,
	0xfc,0x15,0x75,0x03,0xe9,0x25,0x04,0x55,0x1e,0x56,0x06,0x52,
	0x51,0x53,0x50,0x8b,0xec,0xbb,0x00,0x00,0x8e,0xdb,0xbb,0x04,
	0x01,0xc4,0x37,0xbb,0x40,0x00,0x8e,0xdb,0xe8,0x4e,0x00,0xe8,
	0x2f,0x00,0x58,0x88,0x26,0x74,0x00,0x0a,0xe4,0x74,0x01,0xf9,
	0x5b,0x59,0x5a,0x07,0x5e,0x1f,0x5d,0xca,0x02,0x00,0xe8,0x0d,
	0x00,0x42,0xee,0x51,0xb9,0xd0,0x07,0xe2,0xfe,0x59,0xec,0x24,
	0x08,0xc3,0x8a,0x16,0x77,0x00,0x32,0xf6,0x81,0xc2,0xf0,0x01,
	0xc3,0xba,0xff,0x01,0x32,0xc0,0xee,0x83,0xea,0x04,0x81,0xfa,
	0xf0,0x01,0x73,0xf6,0xfa,0xe4,0x21,0x0c,0x20,0xe6,0x21,0xb0,
	0x07,0xe6,0x0a,0xfb,0xc3,0xc7,0x46,0x00,0x00,0x00,0x80,0xfa,
	0x88,0x73,0x49,0xd0,0xc1,0xd0,0xc1,0x80,0xe9,0x04,0xd0,0xc9,
	0xd0,0xc9,0x89,0x0e,0x44,0x00,0xa2,0x46,0x00,0xa0,0x76,0x00,
	0xa2,0x47,0x00,0x8a,0xc2,0x24,0x06,0xd0,0xe0,0xa2,0x77,0x00,
	0xd0,0xca,0xd0,0xca,0xd0,0xca,0x80,0xe2,0x20,0x0a,0xf2,0x88,
	0x36,0x43,0x00,0xe8,0x9c,0xff,0x80,0xfc,0x15,0x90,0x73,0x10,
	0x8a,0xdc,0xd1,0xe3,0xd1,0xe3,0x2e,0x8b,0x87,0xe3,0xc9,0x2e,
	0xff,0xa7,0xe1,0xc9,0xc6,0x46,0x01,0x01,0xc3,0x35,0xca,0x00,
	0x00,0x4a,0xca,0x00,0x00,0x17,0xcb,0x47,0x08,0x17,0xcb,0x4b,
	0x0a,0x0b,0xcb,0x02,0x05,0x51,0xca,0x02,0x06,0x51,0xca,0x02,
	0x07,0x51,0xca,0x02,0x04,0x59,0xca,0x00,0x00,0x8e,0xca,0x00,
	0x00,0x17,0xcb,0x47,0xe5,0x17,0xcb,0x4b,0xe6,0x0b,0xcb,0x02,
	0x0b,0x35,0xca,0x00,0x00,0x03,0xcb,0x47,0x0e,0x03,0xcb,0x4b,
	0x0f,0x0b,0xcb,0x02,0x00,0x0b,0xcb,0x02,0x01,0x0b,0xcb,0x02,
	0xe0,0x0b,0xcb,0x02,0xe3,0x0b,0xcb,0x02,0xe4,0xb8,0x01,0x04,
	0xb9,0x01,0x00,0xba,0x80,0x00,0xcd,0x13,0xe8,0x0f,0xff,0x74,
	0x49,0xc6,0x46,0x01,0x05,0xc3,0xa0,0x74,0x00,0x88,0x46,0x00,
	0xc3,0x80,0x26,0x44,0x00,0xc0,0xe9,0xb2,0x00,0xe8,0x21,0x02,
	0x72,0x21,0x26,0x8b,0x04,0x80,0xe4,0x03,0x2d,0x02,0x00,0xd0,
	0xcc,0xd0,0xcc,0x86,0xe0,0x04,0x11,0x89,0x46,0x04,0x26,0x8a,
	0x64,0x02,0xfe,0xcc,0xa0,0x75,0x00,0x89,0x46,0x06,0xc3,0xc6,
	0x46,0x01,0x07,0xc7,0x46,0x04,0x00,0x00,0xc7,0x46,0x06,0x00,
	0x00,0xc3,0xc7,0x06,0x42,0x00,0x0c,0x00,0x06,0xe8,0x08,0x00,
	0x07,0x72,0x56,0xc6,0x06,0x43,0x00,0x20,0x32,0xc0,0xe8,0xfb,
	0x01,0x72,0x4a,0xe8,0xd3,0x01,0x72,0x40,0x26,0x8b,0x04,0xe8,
	0x40,0x00,0x72,0x38,0x26,0x8a,0x44,0x02,0xe8,0x40,0x00,0x72,
	0x2f,0x26,0x8b,0x44,0x03,0xe8,0x2e,0x00,0x72,0x26,0x26,0x8b,
	0x44,0x05,0xe8,0x25,0x00,0x72,0x1d,0x26,0x8a,0x44,0x07,0xe8,
	0x25,0x00,0x72,0x14,0x26,0x8a,0x44,0x08,0xa2,0x76,0x00,0xb4,
	0x07,0xe8,0x78,0x01,0x75,0x06,0x4a,0xec,0xa8,0x02,0x74,0x05,
	0xc6,0x46,0x01,0x07,0xf9,0xc3,0x50,0x86,0xe0,0xe8,0x03,0x00,
	0x58,0x72,0x07,0xe8,0x5c,0x01,0x72,0x02,0x4a,0xee,0xc3,0xc6,
	0x06,0x46,0x00,0x01,0xeb,0x0d,0x90,0x88,0x26,0x42,0x00,0xe8,
	0x8e,0x01,0x72,0x13,0xeb,0x7b,0x90,0x88,0x26,0x42,0x00,0xe8,
	0xc9,0x01,0x72,0x17,0xb0,0x03,0xe8,0x7b,0x01,0x73,0x66,0x32,
	0xc0,0xc6,0x06,0x42,0x00,0x03,0xe8,0x6f,0x01,0x73,0x05,0xc6,
	0x46,0x01,0xff,0xc3,0xbb,0x42,0x00,0xe8,0x1c,0x01,0x72,0xf7,
	0x4a,0xec,0x88,0x07,0x43,0x81,0xfb,0x46,0x00,0x75,0xf0,0xe8,
	0x0c,0x01,0x72,0xe7,0x4a,0xec,0xd0,0xe8,0xd0,0xe8,0x72,0xdb,
	0xa0,0x42,0x00,0x24,0x3f,0xbb,0xda,0xcb,0x2e,0xd7,0x88,0x46,
	0x01,0x2c,0x11,0x75,0xce,0xc6,0x06,0x42,0x00,0x0d,0xe8,0x2f,
	0x01,0x72,0xc4,0xe8,0xe4,0x00,0x72,0xbf,0x4a,0xec,0x88,0x46,
	0x00,0xe8,0xda,0x00,0x72,0xb5,0x4a,0xec,0x24,0x02,0x74,0xaf,
	0xc6,0x46,0x01,0x20,0xc3,0xb0,0x03,0xe6,0x0a,0xe4,0x21,0x24,
	0xdf,0xe6,0x21,0xe8,0xe3,0x00,0x26,0x8a,0x5c,0x0b,0x80,0x3e,
	0x42,0x00,0xe3,0x74,0x0f,0x26,0x8a,0x5c,0x0a,0x80,0x3e,0x42,
	0x00,0x04,0x74,0x04,0x26,0x8a,0x5c,0x09,0xb4,0x20,0xe8,0xa3,
	0x00,0x74,0x08,0xfe,0xcb,0x75,0xf5,0xc6,0x46,0x01,0x80,0x4a,
	0xec,0x24,0x02,0x08,0x46,0x01,0x80,0xca,0x03,0xb0,0x00,0xee,
	0xf6,0x46,0x01,0xff,0x74,0x03,0xe9,0x4e,0xff,0xc3,0x00,0x20,
	0x40,0x20,0x80,0xbb,0x20,0xbb,0x40,0xbb,0xbb,0xbb,0xbb,0xbb,
	0xbb,0xbb,0x10,0x10,0x02,0xbb,0x04,0x40,0xbb,0xbb,0x11,0x0b,
	0xbb,0xbb,0xbb,0xbb,0xbb,0xbb,0x01,0x02,0xbb,0xbb,0xbb,0xbb,
	0xbb,0xbb,0xbb,0xbb,0xbb,0xbb,0xbb,0xbb,0xbb,0xbb,0x20,0x20,
	0x10,0xbb,0xbb,0xbb,0xbb,0xbb,0xbb,0xbb,0xbb,0xbb,0xbb,0xbb,
	0xbb,0xbb,0x64,0x02,0x02,0x32,0x01,0x00,0x00,0x0b,0x05,0x0c,
	0xb4,0x28,0x00,0x00,0x11,0x00,0x64,0x02,0x02,0x32,0x01,0x00,
	0x00,0x0b,0x05,0x0c,0xb4,0x28,0x00,0x00,0x11,0x00,0x64,0x02,
	0x02,0x32,0x01,0x00,0x00,0x0b,0x05,0x0c,0xb4,0x28,0x00,0x00,
	0x11,0x00,0x64,0x02,0x02,0x32,0x01,0x00,0x00,0x0b,0x05,0x0c,
	0xb4,0x28,0x00,0x00,0x11,0x00,0xb4,0x01,0x50,0x53,0xb3,0xf8,
	0x33,0xc9,0x80,0xe2,0xfc,0x42,0xec,0x22,0xc4,0x32,0xc4,0x74,
	0x0d,0xe2,0xf3,0xfe,0xc3,0x75,0xed,0xc6,0x46,0x01,0x80,0xfe,
	0xc3,0xf9,0x5b,0x58,0xc3,0x80,0xe2,0xfc,0x42,0xec,0x24,0x02,
	0xf9,0x75,0x18,0x42,0xec,0xf6,0x06,0x43,0x00,0x20,0x75,0x04,
	0xd1,0xe8,0xd1,0xe8,0x25,0x03,0x00,0x52,0x8c,0xc2,0x03,0xd0,
	0x8e,0xc2,0x5a,0xc3,0x50,0x80,0xe2,0xfc,0x33,0xc9,0x42,0x42,
	0xb0,0x01,0xee,0x4a,0xec,0x24,0x08,0x75,0x05,0xe2,0xf4,0x58,
	0xeb,0x1c,0x58,0x80,0xca,0x03,0xee,0x83,0xea,0x02,0xbb,0x42,
	0x00,0x33,0xc9,0x8a,0xe5,0xec,0x24,0x0f,0x2c,0x0d,0x74,0x0c,
	0xfe,0xcc,0x75,0xf5,0xe2,0xf3,0xf9,0xc6,0x46,0x01,0x80,0xc3,
	0x80,0xe2,0xfc,0x8a,0x07,0xee,0x42,0x43,0x81,0xfb,0x47,0x00,
	0x76,0xdb,0xc3,0x80,0x3e,0x46,0x00,0x80,0x76,0x06,0xc6,0x46,
	0x01,0x09,0xf9,0xc3,0xfa,0xe6,0x0c,0x52,0xba,0x10,0x00,0xe6,
	0x0b,0x8b,0x46,0x08,0xf7,0xe2,0x03,0x46,0x02,0x12,0xd6,0xe6,
	0x06,0x86,0xe0,0xe6,0x06,0x86,0xe0,0x8b,0xd8,0x8a,0xc2,0xe6,
	0x82,0x33,0xc0,0x8a,0x26,0x46,0x00,0xd1,0xe0,0x80,0x3e,0x42,
	0x00,0xe5,0x72,0x06,0x8a,0xd4,0xd1,0xe2,0x03,0xc2,0x48,0xe6,
	0x07,0x86,0xe0,0xe6,0x07,0x86,0xe0,0xfb,0x03,0xc3,0x5a,0x72,
	0xb5,0xc3,0x50,0xb0,0x20,0xe6,0x20,0xe8,0x3b,0xfc,0x58,0xcf,
	0x1e,0x06,0x53,0xb8,0x40,0x00,0x8e,0xd8,0xc6,0x06,0x74,0x00,
	0x00,0x8a,0x1e,0x75,0x00,0x80,0xe2,0x7f,0x3a,0xda,0x76,0x22,
	0xe8,0x27,0x00,0x26,0x8a,0x47,0x02,0x26,0x8a,0x4f,0x0e,0xf6,
	0xe9,0x26,0x8b,0x0f,0x49,0xf7,0xe9,0x8b,0xca,0x8b,0xd0,0x2b,
	0xc0,0xb4,0x03,0x5b,0x07,0x1f,0xf8,0xca,0x02,0x00,0x2b,0xc0,
	0x8b,0xc8,0x8b,0xd0,0xeb,0xf1,0x2b,0xc0,0x8e,0xc0,0x26,0xc4,
	0x1e,0x04,0x01,0xc3,0x33,0xd2,0x8e,0xda,0x8e,0xc2,0xc7,0x06,
	0x04,0x01,0x1a,0xcc,0x8c,0x0e,0x06,0x01,0xfb,0xbb,0x00,0x7c,
	0xbf,0x01,0x00,0xb9,0x03,0x00,0x33,0xc0,0xcd,0x13,0x72,0x1c,
	0xb8,0x01,0x02,0x87,0xcf,0xcd,0x13,0x87,0xcf,0x72,0x11,0x0a,
	0xd2,0x79,0x08,0x81,0x3e,0xfe,0x7d,0x55,0xaa,0x75,0x14,0xea,
	0x00,0x7c,0x00,0x00,0xe2,0xdc,0x0a,0xd2,0x78,0x09,0x80,0xf2,
	0x01,0x75,0xd0,0xb2,0x80,0xeb,0xcc,0xcd,0x18,0x00,0x00,0x00,
	0x00,0x00,0x00,0x00,0x00,0x00,0x00,0x00,0x00,0x00,0x00,0x00,
	0x00,0x00,0x00,0x00,0x00,0x00,0x00,0x00,0x00,0x00,0x00,0x00,
	0x00,0x00,0x00,0x00,0x00,0x00,0x00,0x00,0x00,0x00,0x00,0x00,
	0x00,0x00,0x00,0x00,0x00,0x00,0x00,0x00,0x00,0x00,0x00,0x00,
	0x00,0x00,0x00,0x00,0x00,0x00,0x00,0x00,0x00,0x00,0x00,0x00,
	0x00,0x00,0x00,0x00,0x00,0x00,0x00,0x00,0x00,0x00,0x00,0x00,
	0x00,0x00,0x00,0x00,0x00,0x00,0x00,0x00,0x00,0x00,0x00,0x00,
	0x00,0x00,0x00,0x00,0x00,0x00,0x00,0x00,0x00,0x00,0x00,0x00,
	0x00,0x00,0x00,0x00,0x00,0x00,0x00,0x00,0x00,0x00,0x00,0x00,
	0x00,0x00,0x00,0x00,0x00,0x00,0x00,0x00,0x00,0x00,0x00,0x00,
	0x00,0x00,0x00,0x00,0x00,0x00,0x00,0x00,0x00,0x00,0x00,0x00,
	0x00,0x00,0x00,0x00,0x00,0x00,0x00,0x00,0x00,0x00,0x00,0x00,
	0x00,0x00,0x00,0x00,0x00,0x00,0x00,0x00,0x00,0x00,0x00,0x00,
	0x00,0x00,0x00,0x00,0x00,0x00,0x00,0x00,0x00,0x00,0x00,0x00,
	0x00,0x00,0x00,0x00,0x00,0x00,0x00,0x00,0x00,0x00,0x00,0x00,
	0x00,0x00,0x00,0x00,0x00,0x00,0x00,0x00,0x00,0x00,0x00,0x00,
	0x00,0x00,0x00,0x00,0x00,0x00,0x00,0x00,0x00,0x00,0x00,0x00,
	0x00,0x00,0x00,0x00,0x00,0x00,0x00,0x00,0x00,0x00,0x00,0x00,
	0x00,0x00,0x00,0x00,0x00,0x00,0x00,0x00,0x00,0x00,0x00,0x00,
	0x00,0x00,0x00,0x00,0x00,0x00,0x00,0x00,0x00,0x00,0x00,0x00,
	0x00,0x00,0x00,0x00,0x00,0x00,0x00,0x00,0x00,0x00,0x00,0x00,
	0x00,0x00,0x00,0x00,0x00,0x00,0x00,0x00,0x00,0x00,0x00,0x00,
	0x00,0x00,0x00,0x00,0x00,0x00,0x00,0x00,0x00,0x00,0x00,0x00,
	0x00,0x00,0x00,0x00,0x00,0x00,0x00,0x00,0x00,0x00,0x00,0x00,
	0x00,0x00,0x00,0x00,0x00,0x00,0x00,0x00,0x00,0x00,0x00,0x00,
	0x00,0x00,0x00,0x00,0x00,0x00,0x00,0x00,0x00,0x00,0x00,0x00,
	0x00,0x00,0x00,0x00,0x00,0x00,0x00,0x00,0x00,0x00,0x00,0x00,
	0x00,0x00,0x00,0x00,0x00,0x00,0x00,0x00,0x00,0x00,0x00,0x00,
	0x00,0x00,0x00,0x00,0x00,0x00,0x00,0x00,0x00,0x00,0x00,0x00,
	0x00,0x00,0x00,0x00,0x00,0x00,0x00,0x00,0x00,0x00,0x00,0x00,
	0x00,0x00,0x00,0x00,0x00,0x00,0x00,0x00,0x00,0x00,0x00,0x00,
	0x00,0x00,0x00,0x00,0x00,0x00,0x00,0x00,0x00,0x00,0x00,0x00,
	0x00,0x00,0x00,0x00,0x00,0x00,0x00,0x00,0x00,0x00,0x00,0x00,
	0x00,0x00,0x00,0x00,0x00,0x00,0x00,0x00,0x00,0x00,0x00,0x00,
	0x00,0x00,0x00,0x00,0x00,0x00,0x00,0x00,0x00,0x00,0x00,0x00,
	0x00,0x00,0x00,0x00,0x00,0x00,0x00,0x00,0x00,0x00,0x00,0x00,
	0x00,0x00,0x00,0x00,0x00,0x00,0x00,0x00,0x00,0x00,0x00,0x00,
	0x00,0x00,0x00,0x00,0x00,0x00,0x00,0x00,0x00,0x00,0x00,0x00,
	0x00,0x00,0x00,0x00,0x00,0x00,0x00,0x00,0x00,0x00,0x00,0x00,
	0x00,0x00,0x00,0x00,0x00,0x00,0x00,0x00,0x00,0x00,0x00,0x00,
	0x00,0x00,0x00,0x00,0x00,0x00,0x00,0x00,0x00,0x00,0x00,0x00,
	0x00,0x00,0x00,0x00,0x00,0x00,0x00,0x00,0x00,0x00,0x00,0x00,
	0x00,0x00,0x00,0x00,0x00,0x00,0x00,0x00,0x00,0x00,0x00,0x00,
	0x00,0x00,0x00,0x00,0x00,0x00,0x00,0x00,0x00,0x00,0x00,0x00,
	0x00,0x00,0x00,0x00,0x00,0x00,0x00,0x00,0x00,0x00,0x00,0x00,
	0x00,0x00,0x00,0x00,0xfb,0x80,0xfc,0x14,0x90,0x73,0x33,0xfc,
	0x06,0x1e,0x55,0x57,0x56,0x52,0x51,0x53,0x8b,0xec,0xbb,0x40,
	0x00,0x8e,0xdb,0x8b,0x16,0x63,0x00,0xbb,0x00,0xb8,0xf6,0xc2,
	0x20,0x74,0x02,0xb7,0xb0,0x8e,0xc3,0x33,0xdb,0x8a,0xdc,0xd1,
	0xe3,0x2e,0xff,0x97,0x3b,0xd0,0x5b,0x59,0x5a,0x5e,0x5f,0x5d,
	0x1f,0x07,0xcf,0x64,0xd0,0x18,0xd1,0x2f,0xd1,0x60,0xd1,0x74,
	0xd1,0xf0,0xd1,0x11,0xd2,0x10,0xd2,0xa3,0xd2,0xa3,0xd2,0xa3,
	0xd2,0xf9,0xd2,0x1e,0xd3,0x1e,0xd3,0xf2,0xd5,0x6e,0xd6,0x63,
	0xd0,0x79,0xd6,0x63,0xd0,0x03,0xd7,0xc3,0x3c,0x08,0x72,0x01,
	0xc3,0x86,0xe0,0xb7,0xb8,0xba,0xd8,0x03,0x32,0xc0,0x8a,0x1e,
	0x10,0x00,0x80,0xe3,0x30,0x80,0xfb,0x30,0x75,0x08,0xb7,0xb0,
	0xb2,0xb8,0xb4,0x07,0xfe,0xc0,0x32,0xdb,0x8e,0xc3,0x86,0xdc,
	0xec,0x24,0xf7,0xee,0x33,0xff,0xb9,0x00,0x08,0xb8,0x20,0x07,
	0x80,0xfb,0x07,0x74,0x09,0xb5,0x20,0x80,0xfb,0x04,0x72,0x02,
	0x33,0xc0,0xf3,0xab,0x8a,0xc3,0x80,0xea,0x04,0x1e,0x33,0xc9,
	0x8e,0xd9,0xc5,0x36,0x74,0x00,0xb1,0x10,0x3c,0x06,0x75,0x02,
	0xfe,0xc8,0xd0,0xe8,0xf6,0xe1,0x03,0xf0,0x32,0xff,0x8a,0xc7,
	0xee,0xfe,0xc7,0x42,0xac,0xee,0x4a,0xe2,0xf5,0x07,0xbf,0x49,
	0x00,0x8a,0xc3,0xaa,0xb8,0x28,0x00,0xf6,0xc3,0x02,0x74,0x02,
	0x03,0xc0,0xab,0xb8,0x00,0x08,0x32,0xff,0x2e,0x8a,0x8f,0xf5,
	0xf0,0xd3,0xe0,0xab,0xb9,0x09,0x00,0x33,0xc0,0xf3,0xab,0xb8,
	0x07,0x06,0xab,0x33,0xc0,0xaa,0x8b,0xc2,0xab,0x2e,0x8a,0x87,
	0xe4,0xf0,0xaa,0x83,0xc2,0x04,0xee,0x42,0xb0,0x30,0x80,0xfb,
	0x06,0x75,0x02,0x04,0x0f,0xaa,0xee,0xc3,0x89,0x0e,0x60,0x00,
	0xb0,0x0a,0xee,0x42,0x86,0xc5,0xee,0x4a,0xfe,0xc5,0x86,0xc5,
	0xee,0x42,0x86,0xc1,0xee,0x4a,0xc3,0x8a,0x5e,0x01,0xd1,0xe3,
	0x8b,0x4e,0x04,0x89,0x8f,0x50,0x00,0xd1,0xeb,0x38,0x1e,0x62,
	0x00,0x75,0x09,0xe8,0x07,0x00,0xd1,0xe9,0xb0,0x0e,0xeb,0xd2,
	0xc3,0x8a,0xc5,0xf6,0x26,0x4a,0x00,0x32,0xed,0x03,0xc8,0xd1,
	0xe1,0x8b,0xc1,0x03,0x0e,0x4e,0x00,0xc3,0x8a,0x5e,0x01,0xd1,
	0xe3,0x8b,0x0e,0x60,0x00,0x89,0x4e,0x02,0x8b,0x97,0x50,0x00,
	0x89,0x56,0x04,0xc3,0x32,0xe4,0x83,0xc2,0x06,0xec,0x83,0xea,
	0x06,0xa8,0x04,0x75,0x59,0xa8,0x02,0x74,0x59,0x8a,0x1e,0x49,
	0x00,0x8a,0xcb,0x2e,0x8a,0x9f,0xed,0xf0,0x03,0x1e,0x4e,0x00,
	0xd1,0xeb,0xb0,0x10,0xee,0x86,0xe0,0x42,0xec,0x86,0xe0,0xfe,
	0xc0,0x4a,0xee,0x42,0xec,0x4a,0x2b,0xc3,0x79,0x02,0x33,0xc0,
	0xbb,0x03,0x28,0x86,0xd9,0x3a,0xd9,0x76,0x2a,0x80,0xfb,0x07,
	0x74,0x25,0xf6,0xf7,0xd0,0xe0,0x88,0x46,0x03,0xd2,0xe8,0x80,
	0xfb,0x06,0x72,0x02,0xd0,0xe4,0x86,0xc4,0x89,0x46,0x04,0x33,
	0xdb,0x8a,0xd8,0xd3,0xe3,0x89,0x5e,0x00,0xb4,0x01,0x83,0xc2,
	0x07,0xee,0xc3,0x8a,0x2e,0x4a,0x00,0xf6,0xf5,0x8a,0xe8,0xd2,
	0xe0,0x88,0x46,0x03,0x8a,0xc5,0xeb,0xda,0xa2,0x62,0x00,0x8a,
	0xd8,0xf6,0x26,0x4d,0x00,0x86,0xe0,0xa3,0x4e,0x00,0xd1,0xe8,
	0x8b,0xc8,0xb0,0x0c,0xe8,0x17,0xff,0xd1,0xe3,0x8b,0x8f,0x50,
	0x00,0xe9,0x33,0xff,0xfd,0x8a,0xf8,0x8a,0x1e,0x49,0x00,0x80,
	0xfb,0x07,0x74,0x08,0x80,0xfb,0x03,0x76,0x03,0xe9,0x5f,0x01,
	0x1e,0x52,0x50,0xe8,0x46,0x00,0x8b,0xcf,0xe8,0x1e,0xff,0x8b,
	0xf9,0x8b,0x1e,0x4a,0x00,0x2a,0xda,0xd1,0xe3,0x8b,0xce,0xe8,
	0x0f,0xff,0x8b,0xf1,0x06,0x1f,0x58,0xf6,0xc4,0x01,0x74,0x02,
	0xf7,0xdb,0x32,0xed,0x3c,0x00,0x74,0x0e,0x8a,0xca,0xf3,0xa5,
	0x03,0xfb,0x03,0xf3,0xfe,0xce,0x75,0xf4,0x8a,0xf0,0x8a,0x66,
	0x01,0xb0,0x20,0x8a,0xca,0xf3,0xab,0x03,0xfb,0xfe,0xce,0x75,
	0xf6,0x5a,0x1f,0xc3,0x8b,0x56,0x04,0x3a,0x16,0x4a,0x00,0x72,
	0x06,0x8a,0x16,0x4a,0x00,0xfe,0xca,0x3a,0xca,0x76,0x02,0x8a,
	0xca,0x32,0xdb,0xf6,0xc4,0x01,0x74,0x08,0x8b,0xf2,0x2b,0xf3,
	0x8b,0xfa,0xeb,0x06,0x8b,0xf1,0x03,0xf3,0x8b,0xf9,0x2b,0xd1,
	0x2b,0xd3,0xfe,0xc6,0xfe,0xc2,0xc3,0x8a,0x3e,0x49,0x00,0x80,
	0xff,0x07,0x74,0x08,0x80,0xff,0x03,0x76,0x03,0xe9,0x68,0x02,
	0x50,0xa1,0x4c,0x00,0x86,0xc4,0x8a,0x5e,0x01,0xf6,0xe3,0x86,
	0xc4,0x8b,0xf0,0x32,0xff,0xd1,0xe3,0x8b,0x8f,0x50,0x00,0xe8,
	0x7f,0xfe,0x03,0xf0,0x83,0xc2,0x06,0x58,0x80,0xfc,0x08,0x75,
	0x05,0x26,0x8b,0x04,0xfb,0xc3,0x80,0xec,0x09,0x87,0xfe,0x8a,
	0x7e,0x00,0x8a,0xd8,0x8b,0x4e,0x02,0x8b,0xc3,0x75,0x05,0xab,
	0xfb,0xe2,0xfc,0xc3,0xaa,0x47,0xe2,0xfc,0xc3,0xa0,0x66,0x00,
	0x8a,0x5e,0x00,0x80,0x7e,0x01,0x00,0x74,0x10,0x0c,0x20,0xd0,
	0xcb,0x72,0x02,0x24,0xdf,0x83,0xc2,0x05,0xa2,0x66,0x00,0xee,
	0xc3,0x80,0xe3,0x1f,0x24,0xe0,0x02,0xc3,0xeb,0xef,0x8b,0xd8,
	0x8a,0x46,0x04,0xd0,0xe8,0xb2,0x50,0xf6,0xe2,0xf6,0x46,0x04,
	0x01,0x74,0x03,0x05,0x00,0x20,0x8b,0xf0,0x8b,0xc3,0xb7,0x80,
	0xd0,0xcb,0x8b,0xd1,0x8a,0xe8,0x8a,0xc1,0x24,0x07,0x80,0x3e,
	0x49,0x00,0x06,0x74,0x0a,0xd0,0xff,0xd0,0xe0,0x24,0x06,0xd1,
	0xe2,0xd0,0xcb,0xb1,0x03,0xd3,0xea,0x8a,0xc8,0x22,0xdf,0xd3,
	0xeb,0x03,0xf2,0x26,0x22,0x3c,0x80,0xfc,0x0d,0x74,0x0c,0xf6,
	0xc5,0x80,0x75,0x03,0x26,0x30,0x3c,0x26,0x30,0x1c,0xc3,0xf6,
	0xd9,0x80,0x3e,0x49,0x00,0x06,0xf5,0x80,0xd1,0x06,0x8a,0xc7,
	0xd2,0xe8,0xc3,0x50,0xe8,0xe9,0xfe,0xd0,0xe6,0xd0,0xe6,0x8b,
	0xcf,0xe8,0xaa,0x00,0x8b,0xf9,0x8b,0x1e,0x4a,0x00,0x2a,0xda,
	0x8b,0xce,0xe8,0x9d,0x00,0x8b,0xf1,0x58,0x80,0x3e,0x49,0x00,
	0x06,0x74,0x08,0xd1,0xe7,0xd1,0xe6,0xd0,0xe2,0xd0,0xe3,0xf6,
	0xc4,0x01,0x74,0x11,0xf7,0xdb,0x80,0x3e,0x49,0x00,0x06,0x9c,
	0x81,0xd6,0xf0,0x00,0x9d,0x81,0xd7,0xf0,0x00,0x50,0xb4,0x01,
	0x06,0x1f,0x3c,0x00,0x74,0x3f,0x50,0x57,0x56,0x32,0xed,0x8a,
	0xca,0xf3,0xa4,0x5e,0x5f,0x06,0x56,0x57,0x8c,0xc1,0x80,0xc5,
	0x02,0x8e,0xc1,0x8e,0xd9,0x32,0xed,0x8a,0xca,0xf3,0xa4,0xfe,
	0xcc,0x74,0x04,0x5f,0x5e,0xeb,0xe7,0x58,0x58,0x59,0x58,0x8e,
	0xc1,0x8e,0xd9,0x03,0xfb,0x03,0xf3,0xfe,0xce,0x75,0xcb,0x91,
	0x58,0x8a,0xf0,0xd0,0xe6,0xd0,0xe6,0x50,0x91,0x8a,0x46,0x01,
	0x50,0x57,0x32,0xed,0x8a,0xca,0xf3,0xaa,0x5f,0x06,0x57,0x8c,
	0xc1,0x80,0xc5,0x02,0x8e,0xc1,0x32,0xed,0x8a,0xca,0xf3,0xaa,
	0xfe,0xcc,0x74,0x03,0x5f,0xeb,0xeb,0x58,0x07,0x58,0x03,0xfb,
	0xfe,0xce,0x75,0xd8,0x58,0xc3,0x50,0x8a,0xc5,0xf6,0x26,0x4a,
	0x00,0x03,0xc0,0x03,0xc0,0x32,0xed,0x03,0xc8,0x58,0xc3,0x8b,
	0xf9,0xbe,0x6e,0xfa,0x0e,0x1f,0xa8,0x80,0x74,0x3a,0x24,0x7f,
	0x33,0xc9,0x8e,0xd9,0xc5,0x36,0x7c,0x00,0x50,0x8c,0xd8,0x3d,
	0x00,0x00,0x75,0x27,0x83,0xfe,0x00,0x75,0x22,0xbe,0x40,0x00,
	0x8e,0xde,0x8b,0x36,0x98,0x04,0x0e,0x1f,0x83,0xfe,0x02,0x75,
	0x05,0xbe,0x00,0xbc,0xeb,0x0d,0x83,0xfe,0x01,0x75,0x05,0xbe,
	0x00,0xb4,0xeb,0x03,0xbe,0x00,0xac,0x58,0x32,0xe4,0xb1,0x03,
	0xd3,0xe0,0x80,0xe4,0x07,0x03,0xf0,0x8a,0x5e,0x00,0x8b,0x4e,
	0x02,0xbd,0xff,0x1f,0x80,0xff,0x06,0x72,0x29,0xba,0xb1,0x1f,
	0x57,0x56,0xb7,0x04,0xac,0xf6,0xc3,0x80,0x74,0x03,0x26,0x32,
	0x05,0xaa,0xac,0x03,0xfd,0xf6,0xc3,0x80,0x74,0x03,0x26,0x32,
	0x05,0xaa,0x2b,0xfa,0xfe,0xcf,0x75,0xe4,0x5e,0x5f,0x47,0xe2,
	0xdb,0xc3,0x4d,0x57,0x56,0xb7,0x04,0xe8,0x26,0x00,0xf6,0xc3,
	0x80,0x74,0x03,0x26,0x33,0x05,0xab,0xe8,0x1a,0x00,0x03,0xfd,
	0xf6,0xc3,0x80,0x74,0x03,0x26,0x33,0x05,0xab,0x81,0xef,0xb2,
	0x1f,0xfe,0xcf,0x75,0xde,0x5e,0x5f,0x47,0x47,0xe2,0xd4,0xc3,
	0xac,0x53,0x33,0xd2,0x81,0xe3,0x03,0x00,0xd0,0xe8,0x73,0x02,
	0x03,0xd3,0xd1,0xe3,0xd1,0xe3,0x0a,0xc0,0x75,0xf2,0x86,0xf2,
	0x8b,0xc2,0x5b,0xc3,0x8b,0x0e,0x50,0x00,0x80,0xff,0x06,0x73,
	0x02,0xd1,0xe1,0xe8,0x10,0xff,0x80,0xfc,0x08,0x74,0x03,0xe9,
	0x19,0xff,0x8b,0xf1,0x06,0x0e,0x07,0x1f,0xbf,0x6e,0xfa,0x83,
	0xec,0x08,0x8b,0xec,0xb9,0x04,0x00,0x80,0xff,0x06,0x73,0x03,
	0xeb,0x78,0x90,0xbb,0xff,0x1f,0xba,0xb1,0x1f,0xac,0x88,0x46,
	0x00,0x03,0xf3,0xac,0x45,0x88,0x46,0x00,0x45,0x2b,0xf2,0xe2,
	0xf0,0xb9,0x08,0x00,0x2b,0xe9,0x32,0xe4,0x16,0x1f,0x32,0xc0,
	0x8b,0xf5,0x51,0x57,0xf3,0xa6,0x5f,0x59,0x74,0x47,0x03,0xf9,
	0xfe,0xc0,0x71,0xf0,0x3a,0xc4,0x74,0x3d,0x8a,0xe0,0x33,0xdb,
	0x8e,0xdb,0xc4,0x3e,0x7c,0x00,0x8c,0xc3,0x0b,0xdf,0x75,0x26,
	0xbb,0x40,0x00,0x8e,0xdb,0x8c,0xcb,0x8e,0xc3,0x8b,0x3e,0x98,
	0x00,0x83,0xff,0x02,0x75,0x05,0xbf,0x00,0xbc,0xeb,0xc1,0x83,
	0xff,0x01,0x75,0x05,0xbf,0x00,0xb4,0xeb,0xb7,0xbf,0x00,0xac,
	0xeb,0xb2,0xbb,0x40,0x00,0x8e,0xdb,0xeb,0xf7,0x03,0xe1,0x32,
	0xc4,0xc3,0xba,0xb2,0x1f,0xe8,0x06,0x00,0x2b,0xf2,0xe2,0xf9,
	0xeb,0x93,0xe8,0x04,0x00,0x81,0xc6,0xfe,0x1f,0xad,0x86,0xc4,
	0x8b,0xd8,0xd1,0xe0,0x0b,0xd8,0xb8,0x00,0x01,0xd1,0xeb,0xd1,
	0xeb,0x73,0x02,0x0a,0xc4,0xd0,0xe4,0x75,0xf4,0x88,0x46,0x00,
	0x45,0xc3,0x50,0x8a,0x26,0x49,0x00,0x3c,0x07,0x75,0x07,0xb3,
	0x02,0xe8,0x9e,0x01,0x58,0xc3,0x8a,0x1e,0x62,0x00,0xd1,0xe3,
	0x8b,0x97,0x50,0x00,0x8a,0xfb,0xd0,0xef,0x8a,0x5e,0x00,0x3c,
	0x0d,0x75,0x0e,0x32,0xd2,0x0a,0xd2,0x74,0x02,0xfe,0xca,0xb4,
	0x02,0xcd,0x10,0x58,0xc3,0x3c,0x08,0x74,0xf0,0x3c,0x0a,0x74,
	0x11,0xb4,0x0a,0xb9,0x01,0x00,0xcd,0x10,0xfe,0xc2,0x3a,0x16,
	0x4a,0x00,0x75,0xe3,0xb2,0x00,0xfe,0xc6,0x80,0xfe,0x19,0x72,
	0xda,0xfe,0xce,0xb4,0x02,0xcd,0x10,0x80,0x3e,0x49,0x00,0x04,
	0x72,0x09,0x32,0xff,0x80,0x3e,0x49,0x00,0x07,0x75,0x06,0xb4,
	0x08,0xcd,0x10,0x86,0xfc,0x33,0xc9,0xb8,0x01,0x06,0x8a,0x16,
	0x4a,0x00,0xfe,0xca,0xeb,0xb3,0x8a,0x3e,0x62,0x00,0x88,0x7e,
	0x01,0xa1,0x49,0x00,0xc3,0x50,0x3c,0x00,0x75,0x0c,0x8b,0x56,
	0x04,0x8e,0x46,0x0e,0x8b,0x6e,0x0a,0xeb,0x27,0x90,0x3c,0x02,
	0x75,0x08,0x8a,0x5e,0x00,0x80,0xfb,0x02,0x76,0x02,0x58,0xc3,
	0x0e,0x07,0xbd,0x00,0xa8,0xb8,0x00,0x08,0xb7,0x00,0x89,0x1e,
	0x98,0x00,0xf7,0xe3,0x03,0xe8,0xb9,0x80,0x00,0xba,0x80,0x00,
	0x52,0xba,0xd8,0x03,0xb0,0x00,0xee,0xba,0xdf,0x03,0xb0,0x01,
	0xee,0x5a,0xbb,0x00,0xb8,0x8e,0xdb,0x8b,0xd9,0xb1,0x03,0xd3,
	0xe2,0x8b,0xf2,0xd3,0xe3,0x8b,0xcb,0xe8,0x26,0x00,0x8b,0xf2,
	0x81,0xc6,0x00,0x08,0x8b,0xcb,0x58,0x3c,0x02,0x74,0x03,0x8b,
	0x6e,0x0a,0xe8,0x13,0x00,0xb8,0x40,0x00,0x8e,0xd8,0xba,0xdf,
	0x03,0xb0,0x00,0xee,0xba,0xd8,0x03,0xa0,0x65,0x00,0xee,0xc3,
	0x26,0x8a,0x46,0x00,0x88,0x04,0x45,0x46,0xe2,0xf6,0xc3,0x3c,
	0x04,0x72,0x03,0xe9,0x80,0x00,0x0b,0xc9,0x74,0x7c,0x8b,0x5e,
	0x00,0xd0,0xe7,0x32,0xdb,0x86,0xdf,0xff,0xb7,0x50,0x00,0x50,
	0x8b,0x46,0x0e,0x8e,0xc0,0x8b,0x56,0x04,0xb8,0x00,0x02,0x8b,
	0x5e,0x00,0xcd,0x10,0x8b,0x76,0x0a,0x8b,0x56,0x04,0x58,0x51,
	0x50,0x26,0x8a,0x24,0x80,0xfc,0x0d,0x74,0x4e,0x80,0xfc,0x0a,
	0x74,0x49,0x80,0xfc,0x08,0x74,0x44,0x80,0xfc,0x07,0x74,0x3f,
	0x3c,0x02,0x73,0x43,0xb9,0x01,0x00,0x86,0xc4,0x8b,0x5e,0x00,
	0xb4,0x09,0xcd,0x10,0xfe,0xc2,0x3a,0x16,0x4a,0x00,0x72,0x10,
	0x32,0xd2,0xfe,0xc6,0x80,0xfe,0x19,0x72,0x07,0xb8,0x0a,0x0e,
	0xfe,0xce,0xcd,0x10,0xb4,0x02,0xcd,0x10,0xb4,0x03,0xcd,0x10,
	0x58,0x59,0x46,0xe2,0xb2,0x5a,0xa8,0x01,0x75,0x04,0xb4,0x02,
	0xcd,0x10,0xc3,0x86,0xc4,0xb4,0x0e,0xcd,0x10,0xeb,0xe1,0xb9,
	0x01,0x00,0x86,0xc4,0x46,0x26,0x8a,0x1c,0xeb,0xba,0x51,0xb0,
	0xb6,0xe6,0x43,0xb0,0x2e,0xe6,0x42,0xb0,0x05,0xe6,0x42,0x33,
	0xc9,0xe4,0x61,0x8a,0xe0,0x0c,0x03,0xe6,0x61,0xe2,0xfe,0xe2,
	0xfe,0x86,0xc4,0xe6,0x61,0x59,0xc3,0x00,0x00,0x00,0x00,0x00,
	0x00,0x00,0x00,0x00,0x00,0x00,0x00,0x00,0x00,0x00,0x00,0x00,
	0x00,0x00,0x00,0x00,0x00,0x00,0x00,0x00,0x00,0x00,0x00,0x00,
	0x00,0x00,0x00,0x00,0x00,0x00,0x00,0x00,0x00,0x00,0x00,0x00,
	0x00,0x00,0x00,0x00,0x00,0x00,0x00,0x00,0x00,0x00,0x00,0x00,
	0x00,0x00,0x00,0x00,0x00,0x00,0x00,0x00,0x00,0x00,0x00,0x00,
	0x00,0x00,0x00,0x00,0x00,0x00,0x00,0x00,0x00,0x00,0x00,0x00,
	0x00,0x00,0x00,0x00,0x00,0x00,0x00,0x00,0x00,0x00,0x00,0x00,
	0x00,0x00,0x00,0x00,0x00,0x00,0x00,0x00,0x00,0x00,0x00,0x00,
	0x00,0x00,0x00,0x00,0x00,0x00,0x00,0x00,0x00,0x00,0x00,0x00,
	0x00,0x00,0x00,0x00,0x00,0x00,0x00,0x00,0x00,0x00,0x00,0x00,
	0x00,0x00,0x00,0x00,0x00,0x00,0x00,0x00,0x00,0x00,0x00,0x00,
	0x00,0x00,0x00,0x00,0x00,0x00,0x00,0x00,0x00,0x00,0x00,0x00,
	0x00,0x00,0x00,0x00,0x00,0x00,0x00,0x00,0x00,0x00,0x00,0x00,
	0x00,0x00,0x00,0x00,0x00,0x00,0x00,0x00,0x00,0x00,0x00,0x00,
	0x00,0x00,0x00,0x00,0x00,0x00,0x00,0x00,0x00,0x00,0x00,0x00,
	0x00,0x00,0x00,0x00,0x00,0x00,0x00,0x00,0x00,0x00,0x00,0x00,
	0x00,0x00,0x00,0x00,0x00,0x00,0x00,0x00,0x00,0x00,0x00,0x00,
	0x00,0x00,0x00,0x00,0x00,0x00,0x00,0x00,0x00,0x00,0x00,0x00,
	0x00,0x00,0x00,0x00,0x00,0x00,0x00,0x00,0x00,0x00,0x00,0x00,
	0x00,0x00,0x00,0x00,0x00,0x00,0x00,0x00,0x00,0x00,0x00,0x00,
	0x00,0x00,0x00,0x00,0x00,0x00,0x00,0x00,0x00,0x00,0x00,0x00,
	0x00,0x00,0x00,0x00,0x00,0x00,0x00,0x00,0x00,0x00,0x00,0x00,
	0x00,0x00,0x00,0x00,0x00,0x00,0x00,0x00,0x00,0x00,0x00,0x00,
	0x00,0x00,0x00,0x00,0x00,0x00,0x00,0x00,0x00,0x00,0x00,0x00,
	0x00,0x00,0x00,0x00,0x00,0x00,0x00,0x00,0x00,0x00,0x00,0x00,
	0x00,0x00,0x00,0x00,0x00,0x00,0x00,0x00,0x00,0x00,0x00,0x00,
	0x00,0x00,0x00,0x00,0x00,0x00,0x00,0x00,0x00,0x00,0x00,0x00,
	0x00,0x00,0x00,0x00,0x00,0x00,0x00,0x00,0x00,0x00,0x00,0x00,
	0x00,0x00,0x00,0x00,0x00,0x00,0x00,0x00,0x00,0x00,0x00,0x00,
	0x00,0x00,0x00,0x00,0x00,0x00,0x00,0x00,0x00,0x00,0x00,0x00,
	0x00,0x00,0x00,0x00,0x00,0x00,0x00,0x00,0x00,0x00,0x00,0x00,
	0x00,0x00,0x00,0x00,0x00,0x00,0x00,0x00,0x00,0x00,0x00,0x00,
	0x00,0x00,0x00,0x00,0x00,0x00,0x00,0x00,0x00,0x00,0x00,0x00,
	0x00,0x00,0x00,0x00,0x00,0x00,0x00,0x00,0x00,0x00,0x00,0x00,
	0x00,0x00,0x00,0x00,0x00,0x00,0x00,0x00,0x00,0x00,0x00,0x00,
	0x00,0x00,0x00,0x00,0x00,0x00,0x00,0x00,0x00,0x00,0x00,0x00,
	0x00,0x00,0x00,0x00,0x00,0x00,0x00,0x00,0x00,0x00,0x00,0x00,
	0x00,0x00,0x00,0x00,0x00,0x00,0x00,0x00,0x00,0x00,0x00,0x00,
	0x00,0x00,0x00,0x00,0x00,0x00,0x00,0x00,0x00,0x00,0x00,0x00,
	0x00,0x00,0x00,0x00,0x00,0x00,0x00,0x00,0x00,0x00,0x00,0x00,
	0x00,0x00,0x00,0x00,0x00,0x00,0x00,0x00,0x00,0x00,0x00,0x00,
	0x00,0x00,0x00,0x00,0x00,0x00,0x00,0x00,0x00,0x00,0x00,0x00,
	0x00,0x00,0x00,0x00,0x00,0x00,0x00,0x00,0x00,0x00,0x00,0x00,
	0x00,0x00,0x00,0x00,0x00,0x00,0x00,0x00,0x00,0x00,0x00,0x00,
	0x00,0x00,0x00,0x00,0x00,0x00,0x00,0x00,0x00,0x00,0x00,0x00,
	0x00,0x00,0x00,0x00,0x00,0x00,0x00,0x00,0x00,0x00,0x00,0x00,
	0x00,0x00,0x00,0x00,0x00,0x00,0x00,0x00,0x00,0x00,0x00,0x00,
	0x00,0x00,0x00,0x00,0x00,0x00,0x00,0x00,0x50,0x52,0x51,0x06,
	0x57,0x1e,0x56,0xb0,0x01,0xba,0xdf,0x03,0xee,0xba,0xd8,0x03,
	0xb0,0x00,0xee,0xb8,0x00,0xb8,0x8e,0xc0,0x33,0xff,0xb9,0x00,
	0x08,0x33,0xc0,0xfc,0xf3,0xab,0x33,0xff,0x0e,0x1f,0xbe,0x00,
	0x00,0x8d,0x36,0x00,0xa4,0xe8,0x23,0x00,0x8d,0x36,0x00,0xa8,
	0xe8,0x1c,0x00,0x8d,0x36,0x6e,0xfa,0xe8,0x15,0x00,0x8d,0x36,
	0x00,0xac,0xe8,0x0e,0x00,0xb0,0x00,0xba,0xdf,0x03,0xee,0x5e,
	0x1f,0x5f,0x07,0x59,0x5a,0x58,0xc3,0xb9,0x00,0x04,0x2e,0x8a,
	0x04,0x26,0x88,0x05,0x46,0x47,0xe2,0xf6,0xc3,0xb4,0x00,0x3c,
	0x10,0x72,0x07,0x2c,0x10,0x80,0xc4,0x0a,0xeb,0xf5,0x02,0xc4,
	0xc3,0x50,0x53,0x51,0xb0,0x0d,0xe8,0x56,0xc2,0xa8,0x80,0x75,
	0x14,0xb0,0x0e,0xe8,0x4d,0xc2,0x0c,0x80,0xb4,0x0e,0x86,0xc4,
	0xe8,0x63,0xc2,0xbe,0xe4,0xdd,0xeb,0x5e,0x90,0xb0,0x0e,0xe8,
	0x39,0xc2,0xa8,0x80,0x74,0x09,0x24,0x7f,0xb4,0x0e,0x86,0xc4,
	0xe8,0x4b,0xc2,0xb0,0x0a,0xe8,0x27,0xc2,0x24,0x7f,0x3c,0x26,
	0x74,0x06,0xb8,0x0a,0x26,0xe8,0x3a,0xc2,0xb0,0x0b,0xe8,0x16,
	0xc2,0x24,0x7f,0x3c,0x02,0x74,0x06,0xb8,0x0b,0x02,0xe8,0x29,
	0xc2,0xb4,0x02,0xcd,0x1a,0x51,0x52,0xb9,0x59,0x23,0xba,0x00,
	0x00,0xb4,0x03,0xcd,0x1a,0xb9,0x00,0x00,0xb4,0x02,0xcd,0x1a,
	0x81,0xf9,0x59,0x23,0x5a,0x59,0x75,0x07,0xb4,0x03,0xcd,0x1a,
	0xf8,0xeb,0x17,0xbe,0xd8,0xdd,0xe8,0x40,0x02,0xe8,0x28,0x05,
	0xa1,0x80,0x00,0xa3,0x1a,0x00,0xa3,0x1c,0x00,0xb4,0x00,0xcd,
	0x16,0xf9,0x59,0x5b,0x58,0xc3,0xb4,0x02,0xcd,0x1a,0x8a,0xc6,
	0xe8,0x52,0xff,0x8a,0xf8,0x8a,0xc5,0xe8,0x4b,0xff,0x8a,0xe8,
	0x8a,0xc1,0xe8,0x44,0xff,0x8a,0xd8,0xba,0x00,0x00,0xb0,0x12,
	0xf6,0xe7,0x8b,0xf0,0xb8,0x44,0x04,0xb7,0x00,0xf7,0xe3,0x03,
	0xf0,0xb0,0x07,0xf6,0xe5,0x03,0xc6,0x73,0x02,0xfe,0xc2,0x02,
	0xd5,0xa3,0x6c,0x00,0x89,0x16,0x6e,0x00,0xc3,0x55,0x06,0xb1,
	0x04,0x58,0xd3,0xc0,0x50,0x25,0xf0,0xff,0x5b,0x5a,0x03,0xc2,
	0x50,0x80,0xe3,0x0f,0x80,0xfb,0x0a,0x73,0x05,0x80,0xc3,0x30,
	0xeb,0x03,0x80,0xc3,0x37,0x8a,0xc3,0xb4,0x0e,0xcd,0x10,0xb5,
	0x04,0x58,0xd3,0xc0,0x50,0x24,0x0f,0x3c,0x0a,0x73,0x04,0x04,
	0x30,0xeb,0x02,0x04,0x37,0xb4,0x0e,0xcd,0x10,0x58,0xfe,0xcd,
	0x75,0xe8,0xc3,0x50,0x53,0x51,0x52,0x55,0x06,0x1e,0x56,0x57,
	0x52,0x51,0x53,0x50,0x8b,0xec,0xe8,0xbb,0xeb,0xb8,0x40,0x00,
	0x8e,0xd8,0xc6,0x06,0x3f,0x00,0x00,0xc6,0x06,0x40,0x00,0x00,
	0xc6,0x06,0x3e,0x00,0x00,0xc6,0x06,0x92,0x00,0x00,0xc6,0x06,
	0x93,0x00,0x00,0xc6,0x06,0x94,0x00,0x00,0xc6,0x06,0x95,0x00,
	0x00,0xba,0xf7,0x03,0xec,0x88,0x46,0x00,0xa8,0x60,0x75,0x19,
	0xb4,0xa0,0x88,0x26,0x90,0x00,0xc6,0x06,0x91,0x00,0x00,0xa0,
	0x10,0x00,0xa8,0x40,0x74,0x04,0x88,0x26,0x91,0x00,0xeb,0x1e,
	0x90,0xbb,0x00,0x00,0x8a,0x46,0x00,0xa8,0x20,0x74,0x03,0xbb,
	0x01,0x00,0xb4,0xa0,0x88,0xa7,0x90,0x00,0x4b,0x81,0xe3,0x01,
	0x00,0xc6,0x87,0x90,0x00,0x93,0xe8,0x4f,0xeb,0x26,0x8a,0x64,
	0x02,0x88,0x26,0x40,0x00,0x58,0x5b,0x59,0x5a,0x5f,0x5e,0x1f,
	0x07,0x5d,0x5a,0x59,0x5b,0x58,0xc3,0x33,0xc0,0x8e,0xd8,0xfa,
	0xc7,0x06,0x34,0x00,0x3a,0xcd,0xa1,0x4c,0x00,0xa3,0x00,0x01,
	0xc7,0x06,0x4c,0x00,0x00,0xc9,0xc7,0x06,0x64,0x00,0x90,0xcd,
	0xc7,0x06,0x04,0x01,0x1a,0xcc,0x8c,0x0e,0x36,0x00,0xa1,0x4e,
	0x00,0xa3,0x02,0x01,0x8c,0x0e,0x4e,0x00,0x8c,0x0e,0x66,0x00,
	0x8c,0x0e,0x06,0x01,0xfb,0xbb,0x40,0x00,0x8e,0xdb,0x88,0x3e,
	0x75,0x00,0x88,0x3e,0x77,0x00,0xb3,0x08,0xe8,0xbd,0x00,0x73,
	0x08,0x80,0xeb,0x01,0x73,0xf6,0xeb,0x6b,0x90,0xba,0x80,0x00,
	0xb8,0x00,0x00,0xcd,0x13,0xb0,0x12,0x72,0xf1,0xba,0x80,0x00,
	0xb8,0x00,0x14,0xcd,0x13,0x72,0xe7,0xb8,0x00,0x12,0xcd,0x13,
	0x72,0xe0,0x33,0xc0,0xa3,0x6c,0x00,0xbb,0xc7,0x01,0x81,0x3e,
	0x72,0x00,0x34,0x12,0x75,0x03,0xbb,0x24,0x00,0xe4,0x21,0x24,
	0xfe,0xe6,0x21,0xba,0x80,0x00,0xb4,0x10,0xcd,0x13,0x73,0x08,
	0x39,0x1e,0x6c,0x00,0x72,0xf1,0xeb,0x23,0xb4,0x11,0xcd,0x13,
	0x72,0x18,0xb4,0x09,0xcd,0x13,0x72,0x12,0x0e,0x07,0x53,0x33,
	0xdb,0xb4,0x0f,0xcd,0x13,0x5b,0x72,0x06,0xfe,0x06,0x75,0x00,
	0xeb,0x13,0xbe,0xf5,0xdc,0xeb,0x03,0xbe,0x08,0xdd,0xc6,0x06,
	0x75,0x00,0x00,0xe8,0x4b,0x00,0xbd,0x0f,0x00,0xfa,0xe4,0x21,
	0x0c,0x01,0xe6,0x21,0xe8,0x7a,0xec,0xfb,0xc3,0x0d,0x0a,0x44,
	0x69,0x73,0x6b,0x20,0x30,0x20,0x46,0x61,0x69,0x6c,0x75,0x72,
	0x65,0x0d,0x0a,0x00,0x0d,0x0a,0x44,0x69,0x73,0x6b,0x20,0x43,
	0x6f,0x6e,0x74,0x72,0x6f,0x6c,0x6c,0x65,0x72,0x20,0x46,0x61,
	0x69,0x6c,0x75,0x72,0x65,0x0d,0x0a,0x00,0x32,0xed,0xe8,0x29,
	0xec,0x74,0x05,0xfe,0xcd,0x75,0xf7,0xf9,0xc3,0x2e,0x8a,0x04,
	0x0a,0xc0,0x74,0x0b,0x53,0xb4,0x0e,0xb3,0x07,0xcd,0x10,0x5b,
	0x46,0xeb,0xee,0xc3,0x0a,0x0a,0x45,0x52,0x52,0x4f,0x52,0x20,
	0x00,0x0d,0x0a,0x4b,0x45,0x59,0x42,0x4f,0x41,0x52,0x44,0x20,
	0x45,0x52,0x52,0x4f,0x52,0x20,0x20,0x00,0x0d,0x0a,0x46,0x44,
	0x44,0x20,0x45,0x52,0x52,0x4f,0x52,0x20,0x00,0x3a,0x00,0x50,
	0x41,0x52,0x49,0x54,0x59,0x20,0x45,0x52,0x52,0x4f,0x52,0x20,
	0x31,0x0d,0x0a,0x00,0x50,0x41,0x52,0x49,0x54,0x59,0x20,0x45,
	0x52,0x52,0x4f,0x52,0x20,0x32,0x0d,0x0a,0x00,0x3f,0x3f,0x3f,
	0x3f,0x3f,0x00,0x20,0x28,0x53,0x29,0x00,0x20,0x28,0x45,0x29,
	0x00,0x0d,0x4d,0x45,0x4d,0x4f,0x52,0x59,0x20,0x54,0x45,0x53,
	0x54,0x20,0x00,0x20,0x4b,0x42,0x00,0x4f,0x50,0x54,0x49,0x4f,
	0x4e,0x20,0x52,0x4f,0x4d,0x20,0x45,0x52,0x52,0x4f,0x52,0x0d,
	0x0a,0x00,0x45,0x58,0x50,0x41,0x4e,0x53,0x49,0x4f,0x4e,0x20,
	0x45,0x52,0x52,0x4f,0x52,0x0d,0x0a,0x00,0x52,0x54,0x43,0x20,
	0x45,0x52,0x52,0x4f,0x52,0x0d,0x0a,0x00,0x52,0x54,0x43,0x20,
	0x42,0x41,0x54,0x54,0x45,0x52,0x59,0x20,0x45,0x52,0x52,0x4f,
	0x52,0x0d,0x0a,0x00,0xbc,0x03,0x78,0x03,0x78,0x02,0x00,0x00,
	0x00,0x00,0x00,0x00,0x00,0x00,0x00,0x00,0x00,0x00,0x00,0x00,
	0x00,0x00,0x00,0x00,0x00,0x00,0x00,0x00,0x00,0x00,0x00,0x00,
	0x00,0x00,0x00,0x00,0x00,0x00,0x00,0x00,0x00,0x00,0x00,0x00,
	0x00,0x00,0x00,0x00,0x00,0x00,0x00,0x00,0x00,0x00,0x00,0x00,
	0x00,0x00,0x00,0x00,0x00,0x00,0x00,0x00,0x00,0x00,0x00,0x00,
	0x00,0x00,0x00,0x00,0x00,0x00,0x00,0x00,0x00,0x00,0x00,0x00,
	0x00,0x00,0x00,0x00,0x00,0x00,0x00,0x00,0x00,0x00,0x00,0x00,
	0x00,0x00,0x00,0x00,0x00,0x00,0x00,0x00,0x00,0x00,0x00,0x00,
	0x00,0x00,0x00,0x00,0x00,0x00,0x00,0x00,0x00,0x00,0x00,0x00,
	0x00,0x00,0x00,0x00,0x00,0x00,0x00,0x00,0x00,0x00,0x00,0x00,
	0x00,0x00,0x00,0x00,0x00,0x00,0x00,0x00,0x00,0x00,0x00,0x00,
	0x00,0x00,0x00,0x00,0x00,0x00,0x00,0x00,0x00,0x00,0x00,0x00,
	0x00,0x00,0x00,0x00,0x00,0x00,0x00,0x00,0x00,0x00,0x00,0x00,
	0x00,0x00,0x00,0x00,0x00,0x00,0x00,0x00,0x00,0x00,0x00,0x00,
	0x00,0x00,0x00,0x00,0x00,0x00,0x00,0x00,0x00,0x00,0x00,0x00,
	0x00,0x00,0x00,0x00,0x00,0x00,0x00,0x00,0x00,0x00,0x00,0x00,
	0x00,0x00,0x00,0x00,0x00,0x00,0x00,0x00,0x00,0x00,0x00,0x00,
	0x00,0x00,0x00,0x00,0x00,0x00,0x00,0x00,0x00,0x00,0x00,0x00,
	0x00,0x00,0x00,0x00,0x00,0x00,0x00,0x00,0x00,0x00,0x00,0x00,
	0x00,0x00,0x00,0x00,0x00,0x00,0x00,0x00,0x00,0x00,0x00,0x00,
	0x00,0x00,0x00,0x00,0x00,0x00,0x00,0x00,0x00,0x00,0x00,0x00,
	0x00,0x00,0x00,0x00,0x00,0x00,0x00,0x00,0x00,0x00,0x00,0x00,
	0x00,0x00,0x00,0x00,0x00,0x00,0x00,0x00,0x00,0x00,0x00,0x00,
	0x00,0x00,0x00,0x00,0x00,0x00,0x00,0x00,0x00,0x00,0x00,0x00,
	0x00,0x00,0x00,0x00,0x00,0x00,0x00,0x00,0x00,0x00,0x00,0x00,
	0x00,0x00,0x00,0x00,0x00,0x00,0x00,0x00,0x00,0x00,0x00,0x00,
	0x00,0x00,0x00,0x00,0x00,0x00,0x00,0x00,0x00,0x00,0x00,0x00,
	0x00,0x00,0x00,0x00,0x00,0x00,0x00,0x00,0x00,0x00,0x00,0x00,
	0x00,0x00,0x00,0x00,0x00,0x00,0x00,0x00,0x00,0x00,0x00,0x00,
	0x00,0x00,0x00,0x00,0x00,0x00,0x00,0x00,0x00,0x00,0x00,0x00,
	0x00,0x00,0x00,0x00,0x00,0x00,0x00,0x00,0x00,0x00,0x00,0x00,
	0x00,0x00,0x00,0x00,0x00,0x00,0x00,0x00,0x00,0x00,0x00,0x00,
	0x00,0x00,0x00,0x00,0x00,0x00,0x00,0x00,0x00,0x00,0x00,0x00,
	0x00,0x00,0x00,0x00,0x00,0x00,0x00,0x00,0x00,0x00,0x00,0x00,
	0x00,0x00,0x00,0x00,0x00,0x00,0x00,0x00,0x00,0x00,0x00,0x00,
	0x00,0x00,0x00,0x00,0x00,0x00,0x00,0x00,0x00,0x00,0x00,0x00,
	0x00,0x00,0x00,0x00,0x00,0x00,0x00,0x00,0x00,0x00,0x00,0x00,
	0x00,0x00,0x00,0x00,0x00,0x00,0x00,0x00,0x00,0x00,0x00,0x00,
	0x00,0x00,0x00,0x00,0x00,0x00,0x00,0x00,0x00,0x00,0x00,0x00,
	0x00,0x00,0x00,0x00,0x00,0x00,0x00,0x00,0x00,0x00,0x00,0x00,
	0x00,0x00,0x00,0x00,0x00,0x00,0x00,0x00,0x00,0x00,0x00,0x00,
	0x00,0x00,0x00,0x00,0x00,0x00,0x00,0x00,0x00,0x00,0x00,0x00,
	0x00,0x00,0x00,0x00,0x00,0x00,0x00,0x00,0x4d,0x49,0x4e,0x53,
	0x4b,0x2e,0x2e,0x2e,0x2e,0x2e,0x32,0x38,0x2f,0x30,0x36,0x2e,
	0x39,0x30,0x20,0x50,0x43,0x33,0x30,0x30,0x00,0x00,0x00,0x54,
	0xba,0xe8,0x03,0xe4,0x61,0xb9,0xc8,0x00,0x0c,0x02,0xe6,0x61,
	0xe2,0xfe,0xb1,0xc8,0x24,0xfd,0xe6,0x61,0xe2,0xfe,0x4a,0x75,
	0xea,0xc3,0xb4,0x55,0x50,0xb0,0xff,0xe6,0x21,0xb0,0x20,0xe6,
	0x20,0x58,0xcf,0xb0,0x08,0xe6,0x61,0xb9,0x10,0x27,0xe2,0xfe,
	0xb0,0xc8,0xe6,0x61,0xb0,0x48,0xe6,0x61,0xc3,0xad,0xe1,0xfc,
	0xe0,0xeb,0xe0,0xfa,0xf8,0x72,0x23,0xb8,0x00,0x00,0x8e,0xd8,
	0x8c,0xdd,0x8e,0xd5,0x8c,0xd4,0x8e,0xc4,0x8c,0xc6,0x8b,0xfe,
	0x8b,0xdf,0x8b,0xcb,0x8b,0xd1,0x8c,0xc8,0x8e,0xd0,0xba,0x78,
	0x03,0xb0,0xaa,0xee,0xeb,0x01,0xf4,0x32,0xc0,0xe6,0xa0,0xe9,
	0x76,0x9f,0xe6,0x83,0xb0,0x99,0xe6,0x63,0xb0,0xf8,0xe6,0x61,
	0xb0,0x04,0xe6,0x08,0x8c,0xc8,0x8e,0xd8,0xba,0xd8,0x03,0xbb,
	0xa4,0xf0,0xb0,0x00,0xb9,0x10,0x00,0xee,0x83,0xea,0x04,0x33,
	0xc0,0x8a,0xc4,0xee,0x42,0xd7,0xee,0x4a,0xfe,0xc4,0xe2,0xf5,
	0x81,0xfb,0xd4,0xf0,0x74,0x0b,0xbb,0xd4,0xf0,0xba,0xb8,0x03,
	0xb8,0x01,0x00,0xeb,0xdb,0xb0,0xa8,0xe6,0x43,0xb9,0x00,0x80,
	0xbf,0x00,0x80,0xbc,0x57,0xe0,0x32,0xc0,0x02,0x05,0x47,0xe2,
	0xfb,0x0a,0xc0,0xc3,0xb3,0x01,0xbc,0x59,0xe0,0xba,0xd0,0x07,
	0xe9,0x34,0xff,0xba,0x78,0x03,0x8a,0xc3,0xee,0xf4,0xe8,0x27,
	0xff,0x8a,0xc3,0xba,0x78,0x03,0xee,0xc3,0x75,0xe2,0xb0,0x11,
	0xba,0x78,0x03,0xee,0xb0,0x54,0xe6,0x43,0xb9,0x14,0x00,0x8a,
	0xc5,0xe6,0x41,0xe2,0xfe,0xb0,0x40,0xe6,0x43,0xe4,0x41,0x3c,
	0x65,0x72,0x16,0xb8,0x74,0x12,0xe6,0x43,0x86,0xc4,0xe6,0x41,
	0x32,0xc0,0xe6,0x41,0xb0,0x12,0xba,0x78,0x03,0xee,0xeb,0x05,
	0x90,0xb3,0x02,0xeb,0xad,0xe6,0x0d,0xb8,0xff,0xff,0xe6,0x0f,
	0xb3,0x01,0xb9,0x08,0x00,0xba,0x00,0x00,0xee,0x90,0xee,0x90,
	0xec,0x3a,0xc4,0x74,0x02,0xeb,0x93,0xec,0x3a,0xc4,0x74,0x04,
	0xb3,0x05,0xeb,0x8a,0x42,0xe2,0xe9,0x33,0xc0,0xfe,0xcb,0x74,
	0xdd,0xb0,0x58,0xe6,0x0b,0xb0,0x41,0xe6,0x0b,0xfe,0xc0,0xe6,
	0x0b,0xfe,0xc0,0xe6,0x0b,0xb0,0xff,0xe6,0x01,0x90,0xe6,0x01,
	0xfe,0xc0,0xe6,0x08,0x90,0xe6,0x0a,0xb0,0x14,0xba,0x78,0x03,
	0xee,0xfc,0xb8,0x40,0x00,0x8e,0xd8,0x8b,0x36,0x72,0x00,0x8b,
	0x2e,0x98,0x00,0x33,0xc0,0x8b,0xf8,0x8e,0xc0,0xb9,0x00,0x20,
	0xf3,0xab,0x81,0xfe,0x34,0x12,0x74,0x11,0xbc,0x55,0xe0,0xb9,
	0x00,0x20,0xe9,0xfd,0x03,0xb3,0x06,0x75,0x6e,0x0a,0xc0,0x74,
	0x68,0xb8,0x40,0x00,0x8e,0xd8,0x89,0x36,0x72,0x00,0x89,0x2e,
	0x98,0x00,0xbe,0x00,0x04,0x8e,0xc6,0xbb,0x10,0x00,0xb8,0xf0,
	0x0f,0xb9,0x00,0x20,0x33,0xff,0x26,0x89,0x05,0x26,0x89,0x05,
	0x26,0x33,0x05,0x75,0x11,0xf3,0xab,0x83,0xc3,0x10,0x81,0xc6,
	0x00,0x04,0x8e,0xc6,0x81,0xfe,0x00,0xa0,0x75,0xdc,0x89,0x1e,
	0x13,0x00,0xb8,0xf8,0xf0,0xe6,0x61,0xe4,0x62,0x86,0xc4,0xb1,
	0x04,0xd2,0xe4,0xe6,0x61,0xe4,0x62,0x24,0x0f,0x0a,0xc4,0xa2,
	0x10,0x00,0xb0,0x16,0xba,0x78,0x03,0xee,0xeb,0x10,0x90,0xfe,
	0xc3,0xfe,0xc3,0xe8,0x02,0xfe,0xe9,0xce,0xfe,0xfe,0xc3,0xe9,
	0xc0,0xfe,0xbc,0x00,0x01,0xb8,0x30,0x00,0x8e,0xd0,0xb0,0x13,
	0xe6,0x20,0xb0,0x08,0xe6,0x21,0xfe,0xc0,0xe6,0x21,0xb9,0x1f,
	0x00,0xbf,0x00,0x00,0x8e,0xc7,0xb8,0x36,0xe0,0xab,0x8c,0xc8,
	0xab,0xe2,0xf7,0xb3,0x08,0xe6,0x21,0xfe,0xc0,0xe4,0x21,0x0a,
	0xc0,0x75,0xc4,0xfe,0xc8,0xe6,0x21,0xfe,0xc0,0xe4,0x21,0xfe,
	0xc0,0x75,0xb8,0xb0,0x10,0xe6,0x43,0xb0,0xfe,0xe6,0x21,0xb0,
	0x0a,0xe6,0x20,0xb9,0x00,0x20,0xe2,0xfe,0xe4,0x20,0x2c,0x01,
	0x73,0x9f,0xb9,0x00,0x10,0xfb,0xe6,0x40,0x80,0xfc,0x55,0x74,
	0x04,0xe2,0xf9,0xeb,0x8e,0xfa,0xb8,0x36,0x00,0xe6,0x43,0x86,
	0xe0,0xe6,0x40,0xe6,0x40,0xfc,0x8c,0xc8,0x8e,0xd8,0x8a,0xe0,
	0x8e,0xc0,0xbf,0x00,0x00,0xbe,0xf0,0xfe,0xb9,0x1f,0x00,0xa5,
	0x83,0xc7,0x02,0xe2,0xfa,0xb0,0x18,0xba,0x78,0x03,0xee,0xb8,
	0x40,0x00,0x8e,0xd8,0x1e,0xba,0xda,0x03,0x33,0xc9,0xec,0x24,
	0x08,0x75,0x04,0xe2,0xf9,0xeb,0x0d,0x33,0xc9,0xec,0x24,0x08,
	0x74,0x04,0xe2,0xf9,0xeb,0x02,0xeb,0x26,0x33,0xc9,0xba,0xba,
	0x03,0xec,0x24,0x08,0x75,0x04,0xe2,0xf9,0xeb,0x13,0x33,0xc9,
	0xec,0x24,0x08,0x74,0x05,0xe2,0xf9,0xeb,0x08,0x90,0x80,0x0e,
	0x10,0x00,0x30,0xeb,0x05,0x80,0x26,0x10,0x00,0xcf,0x8a,0x3e,
	0x10,0x00,0x80,0xe7,0x30,0x75,0x0a,0x26,0xc7,0x06,0x40,0x00,
	0x42,0xe0,0xeb,0x7e,0x90,0xb8,0x00,0xb0,0xb9,0x00,0x08,0xba,
	0xba,0x03,0x32,0xdb,0x80,0xff,0x30,0x74,0x0b,0xb8,0x00,0xb8,
	0xb9,0x00,0x20,0xba,0xda,0x03,0xb3,0x03,0x52,0x50,0x53,0x81,
	0x3e,0x72,0x00,0x34,0x12,0x74,0x0d,0xe8,0xce,0xf6,0xe8,0x75,
	0x02,0x74,0x05,0xb3,0x0c,0xe8,0xb6,0xfd,0x58,0x50,0xb4,0x00,
	0xcd,0x10,0xb9,0x28,0x00,0x5b,0x07,0x33,0xff,0xb8,0x20,0x70,
	0xf3,0xab,0x5a,0x53,0x33,0xc9,0xb3,0x0d,0xec,0x24,0x08,0x75,
	0x04,0xe2,0xf9,0xeb,0x0b,0x33,0xc9,0xfe,0xc3,0xec,0x24,0x08,
	0x74,0x07,0xe2,0xf9,0xe8,0x87,0xfd,0xb3,0xff,0xfe,0xc3,0x74,
	0x0a,0x83,0xea,0x06,0xb0,0x12,0xee,0x42,0xb0,0x0f,0xee,0x58,
	0xb4,0x00,0xcd,0x10,0xb0,0xfe,0xba,0x78,0x03,0xee,0xb8,0x00,
	0xc0,0xe8,0x63,0x02,0x3d,0x00,0xc8,0x75,0xf8,0x1f,0xbb,0x1e,
	0x00,0x89,0x1e,0x1a,0x00,0x89,0x1e,0x1c,0x00,0x89,0x1e,0x80,
	0x00,0x83,0xc3,0x20,0x89,0x1e,0x82,0x00,0x33,0xdb,0xbf,0x08,
	0x00,0xbe,0xf8,0xdd,0xba,0x78,0x03,0xec,0x50,0x52,0x2e,0x8b,
	0x14,0xb8,0x55,0x55,0xee,0xec,0x3a,0xe0,0x75,0x07,0xfe,0xc3,
	0x89,0x15,0x83,0xc7,0x02,0x83,0xc6,0x02,0x81,0xfe,0xfe,0xdd,
	0x75,0xe4,0x5a,0x58,0xee,0x86,0xfb,0xb9,0x02,0x00,0xbf,0x00,
	0x00,0xba,0xfa,0x03,0xec,0x24,0xf8,0x75,0x0a,0xfe,0xc3,0x83,
	0xea,0x02,0x89,0x15,0x83,0xc7,0x02,0xba,0xfa,0x02,0xe2,0xec,
	0xb1,0x05,0xd2,0xc7,0x0a,0xdf,0xd0,0xc3,0xba,0x01,0x02,0xec,
	0xa8,0x0c,0x74,0x04,0xa8,0x03,0x75,0x03,0x80,0xcb,0x10,0x88,
	0x1e,0x11,0x00,0x1e,0x07,0xb9,0x04,0x00,0x51,0xb8,0x14,0x01,
	0xbf,0x78,0x00,0xf3,0xaa,0x86,0xe0,0x59,0xf3,0xaa,0xfa,0xb0,
	0x0a,0xe6,0x20,0xb0,0xfd,0xe6,0x21,0xe8,0x15,0xfc,0x33,0xc9,
	0xe4,0x20,0x24,0x02,0x75,0x05,0xe2,0xf8,0xeb,0x13,0x90,0xb0,
	0x20,0xe6,0x20,0xe4,0x60,0x3c,0xaa,0xb0,0xc8,0xe6,0x61,0xb0,
	0x48,0xe6,0x61,0x74,0x0a,0xbe,0x4d,0xdd,0xe8,0xde,0xf8,0xe8,
	0xc6,0xfb,0xf4,0x81,0x3e,0x72,0x00,0x34,0x12,0x74,0x3a,0xfb,
	0xbd,0x16,0x00,0xe8,0x35,0x00,0xbb,0x10,0x00,0xb8,0x00,0x04,
	0x1e,0x50,0x53,0xe8,0x35,0x01,0x8a,0xd0,0x5b,0x58,0x1f,0x75,
	0x4a,0x05,0x00,0x04,0x83,0xc3,0x10,0x50,0x8b,0xc5,0x04,0x16,
	0x27,0x80,0xd4,0x00,0x27,0x8b,0xe8,0xe8,0x0d,0x00,0x58,0x75,
	0x08,0x3b,0x1e,0x13,0x00,0x74,0x64,0xeb,0xd3,0xeb,0x60,0x53,
	0xbe,0xa1,0xdd,0xe8,0x8f,0xf8,0x8b,0xc5,0xb9,0x04,0x03,0xd3,
	0xe0,0xe8,0xc2,0xf6,0xbe,0xaf,0xdd,0xe8,0x7f,0xf8,0xb4,0x01,
	0xcd,0x16,0x74,0x09,0xa1,0x80,0x00,0xa3,0x1a,0x00,0xa3,0x1c,
	0x00,0x5b,0xc3,0x89,0x1e,0x13,0x00,0x52,0x50,0x51,0xbe,0x44,
	0xdd,0xe8,0x61,0xf8,0xb8,0x00,0x40,0x59,0x2b,0xc1,0x8b,0xe8,
	0x07,0xe8,0x69,0xf6,0x5a,0xbe,0x6d,0xdd,0xe8,0x4e,0xf8,0x8a,
	0xe2,0xb9,0x04,0x02,0xe8,0x83,0xf6,0xe8,0x2e,0xfb,0xa1,0x80,
	0x00,0xa3,0x1a,0x00,0xa3,0x1c,0x00,0xb4,0x00,0xcd,0x16,0xbe,
	0xe1,0xdd,0xe8,0x30,0xf8,0xeb,0x1d,0xb5,0x08,0xe8,0x0d,0x00,
	0x74,0x06,0xfe,0xcd,0x75,0xf7,0xeb,0x10,0xe8,0x08,0xf7,0xeb,
	0x0b,0xba,0xf0,0x01,0x42,0xee,0x50,0x58,0xec,0x24,0x04,0xc3,
	0xfa,0xb0,0xff,0xe6,0x21,0x1e,0xb8,0x00,0xc8,0xe8,0xc3,0x00,
	0x3d,0x00,0xf6,0x75,0xf8,0x1f,0xe4,0x21,0x24,0xfd,0xe6,0x21,
	0xe8,0x36,0xf5,0x72,0x05,0xfa,0xe8,0xc5,0xf5,0xfb,0xa0,0x10,
	0x00,0x24,0x41,0x74,0x24,0xe4,0x21,0x24,0xbf,0xe6,0x21,0xb2,
	0x00,0xb4,0x00,0xcd,0x13,0x73,0x16,0xbe,0x60,0xdd,0xe8,0xd4,
	0xf7,0xe8,0xbc,0xfa,0xa1,0x80,0x00,0xa3,0x1a,0x00,0xa3,0x1c,
	0x00,0xb4,0x00,0xcd,0x16,0xe8,0x17,0xf6,0xe4,0x61,0x24,0xfc,
	0xe6,0x61,0x50,0xb0,0xb6,0xe6,0x43,0xb0,0x05,0xe6,0x42,0xe6,
	0x42,0xb9,0x60,0xea,0x58,0x0c,0x03,0xe6,0x61,0xe2,0xfc,0x24,
	0xfc,0xe6,0x61,0xa0,0x49,0x00,0x32,0xe4,0xcd,0x10,0xe4,0x21,
	0x24,0xfc,0xe6,0x21,0xcd,0x19,0xaa,0xaa,0x55,0x55,0x01,0x01,
	0x00,0x00,0x11,0xb9,0x00,0x20,0x8e,0xd8,0x33,0xff,0x8b,0x05,
	0x8b,0x05,0xe4,0x61,0x24,0xcf,0xe6,0x61,0xbb,0x9e,0xe5,0x2e,
	0x8b,0x07,0x3c,0x11,0x74,0x16,0x89,0x05,0x33,0x05,0x75,0x05,
	0x83,0xc3,0x02,0xeb,0xee,0xd1,0xe1,0x0a,0xc0,0x75,0x18,0x41,
	0x86,0xe0,0xeb,0x13,0x83,0xc7,0x02,0xe2,0xdb,0xe4,0x62,0x04,
	0xc0,0x73,0x08,0xe4,0x61,0x0c,0x30,0xe6,0x61,0x32,0xc0,0x83,
	0xf9,0x00,0xc3,0x8e,0xd8,0x33,0xff,0x81,0x3d,0x55,0xaa,0x75,
	0x03,0xeb,0x07,0x90,0x8c,0xd8,0x05,0x80,0x00,0xc3,0xb8,0x40,
	0x00,0x8e,0xc0,0x26,0xc7,0x06,0x67,0x04,0x03,0x00,0x26,0x8c,
	0x1e,0x69,0x04,0x8c,0xdb,0x8a,0x45,0x02,0xb1,0x05,0xd3,0xe0,
	0x03,0xd8,0x53,0xfe,0xc9,0xd3,0xe0,0x8b,0xc8,0xe8,0xae,0xfa,
	0x74,0x0b,0xbe,0xb3,0xdd,0xe8,0x01,0xf7,0xe8,0xe9,0xf9,0xeb,
	0x05,0x26,0xff,0x1e,0x67,0x04,0x58,0xc3,0x00,0x00,0x00,0x00,
	0x00,0x00,0x00,0x00,0x00,0x00,0x00,0x00,0x00,0x00,0x00,0x00,
	0x00,0x00,0x00,0x00,0x00,0x00,0x00,0x00,0x00,0x00,0x00,0x00,
	0x00,0x00,0x00,0x00,0x00,0x00,0x00,0x00,0x00,0x00,0x00,0x00,
	0x00,0x00,0x00,0x00,0x00,0x00,0x00,0x00,0x00,0x00,0x00,0x00,
	0x00,0x00,0x00,0x00,0x00,0x00,0x00,0x00,0x00,0x00,0x00,0x00,
	0x00,0x00,0x00,0x00,0x00,0x00,0x00,0x00,0x00,0x00,0x00,0x00,
	0x00,0x00,0x00,0x00,0x00,0x00,0x00,0x00,0x00,0x00,0x00,0x00,
	0x00,0x00,0x00,0x00,0x00,0x00,0x00,0x00,0x00,0x00,0x00,0x00,
	0x00,0x00,0x00,0x00,0x00,0x00,0x00,0x00,0x00,0x00,0x00,0x00,
	0x00,0x00,0x00,0x00,0x00,0x00,0x00,0x00,0x00,0x00,0x00,0x00,
	0x00,0x00,0x00,0x00,0x00,0x00,0x00,0x00,0x00,0x00,0x00,0x00,
	0x00,0x00,0x00,0x00,0x00,0x00,0x00,0x00,0x00,0x00,0x00,0x00,
	0x00,0x00,0x00,0x00,0x00,0x00,0x00,0x00,0x00,0x00,0x00,0x00,
	0x00,0x00,0x00,0x00,0x00,0x00,0x00,0x00,0x00,0x00,0x00,0x00,
	0x00,0x00,0x00,0x00,0x00,0xea,0x00,0x7c,0x00,0x00,0xfb,0x33,
	0xd2,0x8e,0xda,0xc7,0x06,0x78,0x00,0xc7,0xef,0x8c,0x0e,0x7a,
	0x00,0xbb,0x00,0x7c,0x8e,0xc2,0xbe,0x01,0x00,0xb9,0x04,0x00,
	0x32,0xe4,0xcd,0x13,0x72,0x0b,0xb8,0x01,0x02,0x87,0xce,0xcd,
	0x13,0x73,0xd2,0x87,0xce,0xe2,0xed,0x80,0xf2,0x01,0x75,0xe5,
	0xcd,0x18,0x00,0x00,0x00,0x00,0x00,0x00,0x00,0x00,0x00,0x00,
	0x00,0x00,0x00,0x00,0x00,0x00,0x00,0x00,0x00,0xfb,0x1e,0x53,
	0x52,0xbb,0x40,0x00,0x8e,0xdb,0x8b,0xda,0x03,0xdb,0x8b,0x97,
	0x00,0x00,0x23,0xd2,0x74,0x0b,0x55,0x51,0x50,0x8b,0xec,0xe8,
	0x07,0x00,0x58,0x59,0x5d,0x5a,0x5b,0x1f,0xcf,0x83,0xc2,0x04,
	0x0a,0xe4,0x74,0x1d,0xd1,0xeb,0x8a,0xbf,0x7c,0x00,0xfe,0xcc,
	0x74,0x45,0xfe,0xcc,0x74,0x5b,0xfe,0xcc,0x75,0x0a,0x42,0xec,
	0x88,0x46,0x01,0x42,0xec,0x88,0x46,0x00,0xc3,0x52,0x4a,0x86,
	0xc3,0xb0,0x80,0xee,0x80,0xe3,0xe0,0xb8,0x17,0x04,0x74,0x0b,
	0xb1,0x03,0xd2,0xc3,0xb8,0x00,0x06,0x8a,0xcb,0xd3,0xe8,0x83,
	0xea,0x03,0xee,0x42,0x8a,0xc4,0xee,0x42,0x42,0x8a,0x46,0x00,
	0x24,0x1f,0xee,0x4a,0x4a,0x32,0xc0,0xee,0x5a,0xeb,0xc3,0xb0,
	0x03,0xee,0xb3,0x30,0xe8,0x2d,0x00,0x75,0x0f,0x4a,0xb3,0x20,
	0xe8,0x27,0x00,0x75,0x07,0x83,0xea,0x05,0x8a,0x46,0x00,0xee,
	0xc3,0xb0,0x01,0xee,0xb3,0x20,0xe8,0x13,0x00,0x75,0xf5,0x4a,
	0xb3,0x01,0xe8,0x0d,0x00,0x75,0xed,0x80,0x66,0x01,0x1e,0x83,
	0xea,0x05,0xeb,0x94,0x42,0x42,0x57,0xbf,0x02,0x00,0x8a,0xe7,
	0x33,0xc9,0xec,0x88,0x46,0x01,0x22,0xc3,0x3a,0xc3,0x74,0x0d,
	0xe2,0xf4,0xfe,0xcc,0x75,0xee,0x4f,0x75,0xe9,0x80,0x4e,0x01,
	0x80,0x5f,0xc3,0x00,0x00,0x00,0x00,0x00,0x00,0x00,0x00,0x00,
	0x00,0x00,0x00,0x00,0x00,0x00,0x00,0x00,0x00,0x00,0x00,0x00,
	0x00,0x00,0x00,0x00,0x00,0x00,0x00,0x00,0x00,0x00,0x00,0x00,
	0x00,0x00,0xfb,0x1e,0x53,0xbb,0x40,0x00,0x8e,0xdb,0x80,0xec,
	0x01,0x76,0x0a,0xfe,0xcc,0x75,0x03,0xa0,0x17,0x00,0x5b,0x1f,
	0xcf,0x78,0x08,0xe8,0x1d,0x00,0x5b,0x1f,0xca,0x02,0x00,0xe8,
	0x15,0x00,0x74,0xfb,0x83,0xc3,0x02,0x3b,0x1e,0x82,0x00,0x75,
	0x04,0x8b,0x1e,0x80,0x00,0x89,0x1e,0x1a,0x00,0xeb,0xdb,0xfa,
	0x8b,0x1e,0x1a,0x00,0x8b,0x07,0x3b,0x1e,0x1c,0x00,0xfb,0xc3,
	0x00,0x00,0x00,0x00,0x00,0x00,0x00,0x00,0x00,0x00,0x00,0x00,
	0x00,0x00,0x00,0x00,0x00,0x00,0x00,0x00,0x00,0x00,0x00,0x00,
	0x00,0x00,0x00,0x00,0x00,0x00,0x00,0x00,0x00,0x00,0x00,0x00,
	0x00,0x00,0x00,0x00,0x00,0x00,0x00,0x00,0x00,0x00,0x00,0x00,
	0x00,0x00,0x00,0x00,0x00,0x00,0x00,0x00,0x00,0x00,0x00,0x00,
	0x00,0x00,0x00,0x00,0x00,0x00,0x00,0x00,0x00,0x00,0x00,0x00,
	0x00,0x00,0x00,0x00,0x00,0x00,0x00,0x00,0x00,0x00,0x00,0x00,
	0x00,0x00,0x00,0x00,0x00,0x00,0x00,0x00,0x00,0x00,0x00,0x00,
	0x00,0x00,0x00,0x00,0x00,0x00,0x00,0x00,0x00,0x00,0x00,0x00,
	0x00,0x00,0x00,0x00,0x00,0x00,0x00,0x00,0x00,0x00,0x00,0x00,
	0x00,0x00,0x00,0x00,0x00,0x00,0x00,0x00,0x00,0x00,0x00,0x00,
	0x00,0x00,0x00,0x00,0x00,0x00,0x00,0x00,0x00,0x00,0x00,0x00,
	0x00,0x00,0x00,0x00,0x00,0x00,0x00,0x00,0x00,0x00,0x00,0x00,
	0x00,0x00,0x00,0x00,0x00,0x00,0x00,0x00,0x00,0x00,0x00,0x00,
	0x00,0x00,0x00,0x00,0x00,0x00,0x00,0x00,0x00,0x00,0x00,0x00,
	0x00,0x00,0x00,0x00,0x00,0x00,0x00,0x00,0x00,0x00,0x00,0x00,
	0x00,0x00,0x00,0x00,0x00,0x00,0x00,0x00,0x00,0x00,0x00,0x00,
	0x00,0x00,0x00,0x00,0x00,0x00,0x00,0x00,0x00,0x00,0x00,0x00,
	0x00,0x00,0x00,0x00,0x00,0x00,0x00,0x00,0x00,0x00,0x00,0x00,
	0x00,0x00,0x00,0x00,0x00,0x00,0x00,0x00,0x00,0x00,0x00,0x00,
	0x00,0x00,0x00,0x00,0x00,0x00,0x00,0x00,0x00,0x00,0x00,0x00,
	0x00,0x00,0x00,0x00,0x00,0x00,0x00,0x00,0x00,0x00,0x00,0x00,
	0x00,0x00,0x00,0x00,0x00,0x00,0x00,0x00,0x00,0x00,0x00,0xe9,
	0x25,0xb4,0x00,0x00,0x00,0x00,0x00,0x00,0x00,0x00,0x00,0x00,
	0x00,0x00,0x00,0x00,0x00,0x00,0x00,0x00,0x00,0x00,0x00,0x00,
	0x00,0x00,0x00,0x00,0x00,0x00,0x00,0x00,0x00,0x00,0x00,0x00,
	0x00,0x00,0x00,0x00,0x00,0x00,0x00,0x00,0x00,0x00,0x00,0x00,
	0x00,0x00,0x00,0x00,0x00,0x00,0x00,0x00,0x00,0x00,0x00,0x00,
	0x00,0x00,0x00,0x00,0x00,0x00,0x00,0x00,0x00,0x00,0x00,0x00,
	0x00,0x00,0x00,0x00,0x00,0x00,0x00,0x00,0x00,0x00,0x00,0x00,
	0x00,0x00,0x00,0x00,0x00,0x00,0x00,0x00,0x00,0x00,0x00,0x00,
	0x00,0x00,0x00,0x00,0x00,0x00,0x00,0x00,0x00,0x00,0x00,0x00,
	0x00,0x00,0x00,0x00,0x00,0x00,0x00,0x00,0x00,0x00,0x00,0x00,
	0x50,0xe4,0x62,0x24,0xc0,0x75,0x02,0x58,0xcf,0xbe,0x6f,0xdd,
	0x78,0x03,0xbe,0x80,0xdd,0xb8,0x40,0x00,0x8e,0xd8,0xb0,0x01,
	0xcd,0x10,0xe8,0x57,0x00,0xe8,0x11,0xf3,0x32,0xc0,0xe6,0xa0,
	0xba,0x61,0x00,0xec,0x0c,0x30,0xee,0x24,0xcf,0xee,0x8b,0x16,
	0x13,0x00,0xb1,0x06,0xd3,0xe2,0xfc,0x83,0xea,0x40,0x8e,0xda,
	0x33,0xf6,0xb9,0x00,0x04,0xac,0xe4,0x62,0xa8,0xc0,0x75,0x0e,
	0xe2,0xf7,0x0b,0xd2,0x75,0xe9,0xbe,0x91,0xdd,0xe8,0xdd,0xf2,
	0xfa,0xf4,0x8e,0xc2,0x4e,0x8b,0xee,0xe8,0xe7,0xf0,0x32,0xc0,
	0xba,0x13,0x02,0xee,0x33,0xdb,0x89,0x17,0x3b,0x17,0xbe,0x97,
	0xdd,0x74,0xe2,0xbe,0x9c,0xdd,0xeb,0xdd,0x51,0xb0,0xb6,0xe6,
	0x43,0xb0,0x2e,0xe6,0x42,0xb0,0x05,0xe6,0x42,0x33,0xc9,0xe4,
	0x61,0x8a,0xe0,0x0c,0x03,0xe6,0x61,0xe2,0xfe,0xe2,0xfe,0x86,
	0xc4,0xe6,0x61,0x59,0xc3,0x00,0x00,0x00,0x00,0x00,0x00,0x00,
	0x00,0x00,0x00,0x00,0x00,0x00,0x00,0x00,0x00,0x00,0x00,0x00,
	0x00,0x00,0x00,0x00,0x00,0x00,0x00,0x00,0x00,0x00,0x00,0x00,
	0x00,0x00,0x00,0x00,0x00,0x00,0x00,0x00,0x00,0x00,0x00,0x00,
	0x00,0x00,0x00,0x00,0x00,0x00,0x00,0x00,0x00,0x00,0x00,0x00,
	0x00,0x00,0x00,0x00,0x00,0x00,0x00,0x00,0x00,0x00,0x00,0x00,
	0x00,0x00,0x00,0x00,0x00,0x00,0x00,0x00,0x00,0x00,0x00,0x00,
	0x00,0x00,0x00,0x00,0x00,0x00,0x00,0x00,0x00,0x00,0x00,0x00,
	0x00,0x00,0x00,0x00,0x00,0x00,0x00,0x00,0x00,0x00,0x00,0x00,
	0x00,0x00,0x00,0x00,0x00,0x00,0x00,0x00,0x00,0x00,0x00,0x00,
	0x00,0x00,0x00,0x00,0x00,0x00,0x00,0x00,0x00,0x00,0x00,0x00,
	0x00,0x00,0x00,0x00,0x00,0x00,0x00,0x00,0x00,0x00,0x00,0x00,
	0x00,0x00,0x00,0x00,0x00,0x00,0x00,0x00,0x00,0x00,0x00,0x00,
	0x00,0x00,0x00,0x00,0x00,0x00,0x00,0x00,0x00,0x00,0x00,0x00,
	0x00,0x00,0x00,0x00,0x00,0x00,0x00,0x00,0x00,0x00,0x00,0x00,
	0x00,0x00,0x00,0x00,0x00,0x00,0x00,0x00,0x00,0x00,0x00,0x00,
	0x00,0x00,0x00,0x00,0x00,0x00,0x00,0x00,0x00,0x00,0x00,0x00,
	0x00,0x00,0x00,0x00,0x00,0x00,0x00,0x00,0x00,0x00,0x00,0x00,
	0x00,0x00,0x00,0x00,0x00,0x00,0x00,0x00,0x00,0x00,0x00,0x00,
	0x00,0x00,0x00,0x00,0x00,0x00,0x00,0x00,0x00,0x00,0x00,0x00,
	0x00,0x00,0x00,0x00,0x00,0x00,0x00,0x00,0x00,0x00,0x00,0x00,
	0x00,0x00,0x00,0x00,0x00,0x00,0x00,0x00,0x00,0x00,0x00,0x00,
	0x00,0x00,0x00,0x00,0x00,0x00,0x00,0x00,0x00,0x00,0x00,0x00,
	0x00,0x00,0x00,0x00,0x00,0x00,0x00,0x00,0x00,0x00,0x00,0x00,
	0x00,0x00,0x00,0x00,0x00,0x00,0x00,0x00,0x00,0x00,0x00,0x00,
	0x00,0x00,0x00,0x00,0x00,0x00,0x00,0x00,0x00,0x00,0x00,0x00,
	0x00,0x00,0x00,0x00,0x00,0x00,0x00,0x00,0x00,0x00,0x00,0x00,
	0x00,0x00,0x00,0x00,0x00,0x00,0x00,0x00,0x00,0x00,0x00,0x00,
	0x00,0x00,0x00,0x00,0x00,0x00,0x00,0x00,0x00,0x00,0x00,0x00,
	0x00,0x00,0x00,0x00,0x00,0x00,0x00,0x00,0x00,0x00,0x00,0x00,
	0x00,0x00,0x00,0x00,0x00,0x00,0x00,0x00,0x00,0x00,0x00,0x00,
	0x00,0x00,0x00,0x00,0x00,0x00,0x00,0x00,0x00,0x00,0x00,0x00,
	0x00,0x00,0x00,0x00,0x00,0x00,0x00,0x00,0x00,0x00,0x00,0x00,
	0x00,0x00,0x00,0x00,0x00,0x00,0x00,0x00,0x00,0x00,0x00,0x00,
	0x00,0x00,0x00,0x00,0x00,0x00,0x00,0x00,0x00,0x00,0x00,0x00,
	0x00,0x00,0x00,0x00,0x00,0x00,0x00,0x00,0x00,0x00,0x00,0x00,
	0x00,0x00,0x00,0x00,0x00,0x00,0x00,0x00,0x00,0x00,0x00,0x00,
	0x00,0x00,0x00,0x00,0x00,0x00,0x00,0x00,0x00,0x00,0x00,0x00,
	0x00,0xe9,0xa4,0xd3,0x00,0x00,0x00,0x00,0x00,0x00,0x00,0x00,
	0x00,0x00,0x00,0x00,0x00,0x00,0x00,0x00,0x00,0x00,0x00,0x00,
	0x00,0x00,0x00,0x00,0x00,0x00,0x00,0x00,0x00,0x00,0x00,0x00,
	0x00,0x00,0x00,0x00,0x00,0x00,0x00,0x00,0x00,0x00,0x00,0x00,
	0x00,0x00,0x00,0x00,0x00,0x00,0x00,0x00,0x00,0x00,0x00,0x00,
	0x00,0x00,0x00,0x00,0x00,0x00,0x00,0x00,0x00,0x00,0x00,0x00,
	0x00,0x00,0x00,0x00,0x00,0x00,0x00,0x00,0x00,0x00,0x00,0x00,
	0x00,0x00,0x00,0x00,0x00,0x00,0x00,0x00,0x00,0x00,0x00,0x00,
	0x00,0x00,0x00,0x00,0x00,0x00,0x00,0x00,0x00,0x00,0x00,0x00,
	0x00,0x00,0x00,0x00,0x00,0x00,0x00,0x00,0x00,0x00,0x00,0x00,
	0x00,0x00,0x00,0x00,0x00,0x00,0x00,0x00,0x00,0x00,0x00,0x00,
	0x00,0x00,0x00,0x00,0x00,0x00,0x00,0x00,0x00,0x00,0x00,0x00,
	0x00,0x00,0x00,0x00,0x00,0x00,0x00,0x00,0x00,0x00,0x00,0x00,
	0x00,0x00,0x00,0x00,0x00,0x00,0x00,0x00,0x00,0x00,0x00,0x00,
	0x00,0x00,0x00,0x00,0x00,0x00,0x00,0x00,0x00,0x00,0x00,0x00,
	0x00,0x00,0x00,0x00,0x00,0x00,0x00,0x00,0x00,0x00,0x00,0x00,
	0x00,0x00,0x00,0x00,0x00,0x00,0x00,0x00,0x00,0x00,0x00,0x00,
	0x00,0x00,0x00,0x00,0x00,0x00,0x00,0x00,0x00,0x00,0x00,0x00,
	0x00,0x00,0x00,0x00,0x00,0x00,0x00,0x00,0x00,0x00,0x00,0x00,
	0x00,0x00,0x00,0x00,0x00,0x00,0x00,0x00,0x00,0x00,0x00,0x00,
	0x00,0x00,0x00,0x00,0x00,0x00,0x00,0x00,0x00,0x00,0x00,0x00,
	0x00,0x00,0x00,0x00,0x00,0x00,0x00,0x00,0x00,0x00,0x00,0x00,
	0x00,0x00,0x00,0x00,0x00,0x00,0x00,0x00,0x00,0x00,0x00,0x00,
	0x00,0x00,0x00,0x00,0x00,0x00,0x00,0x00,0x00,0x00,0x00,0x00,
	0x00,0x00,0x00,0x00,0x00,0x00,0x00,0x00,0x00,0x00,0x00,0x00,
	0x00,0x00,0x00,0x00,0x00,0x00,0x00,0x00,0x00,0x00,0x00,0x00,
	0x00,0x00,0x00,0x00,0x00,0x00,0x00,0x00,0x00,0x00,0x00,0x00,
	0x00,0x00,0x00,0x00,0x00,0x00,0x00,0x00,0x00,0x00,0x00,0x00,
	0x00,0x00,0x00,0x00,0x00,0x00,0x00,0x00,0x00,0x00,0x00,0x00,
	0x00,0x00,0x00,0x00,0x00,0x00,0x00,0x00,0x00,0x00,0x00,0x00,
	0x00,0x00,0x00,0x00,0x00,0x00,0x00,0x00,0x00,0x00,0x00,0x00,
	0x00,0x00,0x00,0x00,0x00,0x00,0x00,0x00,0x00,0x00,0x00,0x00,
	0x00,0x00,0x00,0x00,0x00,0x00,0x00,0x00,0x00,0x00,0x00,0x00,
	0x00,0x00,0x00,0x00,0x00,0x00,0x00,0x00,0x00,0x00,0x00,0x00,
	0x00,0x00,0x00,0x00,0x00,0x00,0x00,0x00,0x00,0x00,0x00,0x00,
	0x00,0x00,0x00,0x00,0x00,0x00,0x00,0x00,0x00,0x00,0x00,0x00,
	0x00,0x00,0x00,0x00,0x00,0x00,0x00,0x00,0x00,0x00,0x00,0x00,
	0x00,0x00,0x00,0x00,0x00,0x00,0x00,0x00,0x00,0x00,0x00,0x00,
	0x00,0x00,0x00,0x00,0x00,0x00,0x00,0x00,0x00,0x00,0x00,0x00,
	0x00,0x00,0x00,0x00,0x00,0x00,0x00,0x00,0x00,0x00,0x00,0x00,
	0x00,0x00,0x00,0x00,0x00,0x00,0x00,0x00,0x00,0x00,0x00,0x00,
	0x00,0x00,0x00,0x00,0x00,0x00,0x00,0x00,0x00,0x00,0x00,0x00,
	0x00,0x00,0x00,0x00,0x00,0x00,0x00,0x00,0x00,0x00,0x00,0x00,
	0x00,0x00,0x00,0x00,0x00,0x00,0x00,0x00,0x00,0x00,0x00,0x00,
	0x00,0x00,0x00,0x00,0x00,0x00,0x00,0x00,0x00,0x00,0x00,0x00,
	0x00,0x00,0x00,0x00,0x00,0x00,0x00,0x00,0x00,0x00,0x00,0x00,
	0x00,0x00,0x00,0x00,0x00,0x00,0x00,0x00,0x00,0x00,0x00,0x00,
	0x00,0x00,0x00,0x00,0x00,0x00,0x00,0x00,0x00,0x00,0x00,0x00,
	0x00,0x00,0x00,0x00,0x00,0x00,0x00,0x00,0x00,0x00,0x00,0x00,
	0x00,0x00,0x00,0x00,0x00,0x00,0x00,0x00,0x00,0x00,0x00,0x00,
	0x00,0x00,0x00,0x00,0x00,0x00,0x00,0x00,0x00,0x00,0x00,0x00,
	0x00,0x00,0x00,0x00,0x00,0x00,0x00,0x00,0x00,0x00,0x00,0x00,
	0x00,0x00,0x00,0x00,0x00,0x00,0x00,0x00,0x00,0x00,0x00,0x00,
	0x00,0x00,0x00,0x00,0x00,0x00,0x00,0x00,0x00,0x00,0x00,0x00,
	0x00,0x00,0x00,0x00,0x00,0x00,0x00,0x00,0x00,0x00,0x00,0x00,
	0x00,0x00,0x00,0x00,0x00,0x00,0x00,0x00,0x00,0x00,0x00,0x00,
	0x00,0x00,0x00,0x00,0x00,0x00,0x00,0x00,0x00,0x00,0x00,0x00,
	0x00,0x00,0x00,0x00,0x00,0x00,0x00,0x00,0x00,0x00,0x00,0x00,
	0x00,0x00,0x00,0x00,0x00,0x00,0x00,0x00,0x00,0x00,0x00,0x00,
	0x00,0x00,0x00,0x00,0x00,0x00,0x00,0x00,0x00,0x00,0x00,0x00,
	0x00,0x00,0x00,0x00,0x00,0x00,0x00,0x00,0x00,0x00,0x00,0x00,
	0x00,0x00,0x00,0x00,0x00,0x00,0x00,0x00,0x00,0x00,0x00,0x00,
	0x00,0x00,0x00,0x00,0x00,0x00,0x00,0x00,0x00,0x00,0x00,0x00,
	0x00,0x00,0x00,0x00,0x00,0x00,0x00,0x00,0x00,0x00,0x00,0x50,
	0xb8,0x40,0x00,0x1e,0x8e,0xd8,0xb0,0x20,0xe6,0x20,0x80,0x0e,
	0x3e,0x00,0x80,0x1f,0x58,0xcf,0x00,0x00,0x00,0x00,0x00,0x00,
	0x00,0x00,0x00,0x00,0x00,0x00,0x00,0x00,0x00,0x00,0x00,0x00,
	0x00,0x00,0x00,0x00,0x00,0x00,0x00,0x00,0x00,0x00,0x00,0x00,
	0x00,0x00,0x00,0x00,0x00,0x00,0x00,0x00,0x00,0x00,0x00,0x00,
	0x00,0x00,0x00,0x00,0x00,0x00,0x00,0x00,0x00,0x00,0x00,0x00,
	0x00,0x00,0x00,0x00,0x00,0x00,0x00,0x00,0x00,0x00,0x00,0x00,
	0x00,0x00,0x00,0x00,0x00,0x00,0x00,0x00,0x00,0x00,0x00,0x00,
	0x00,0x00,0x00,0x00,0x00,0x00,0x00,0x00,0x00,0x00,0x00,0x00,
	0x00,0x00,0x00,0xdf,0x02,0x25,0x02,0x08,0x2a,0xff,0x50,0xf6,
	0x0f,0x04,0xfb,0x1e,0x57,0x52,0x53,0x50,0xbb,0x40,0x00,0x8e,
	0xdb,0x8b,0xda,0xd1,0xe3,0x8b,0x97,0x08,0x00,0x23,0xd2,0x74,
	0x14,0x22,0xe4,0x74,0x2b,0xfe,0xcc,0x74,0x14,0xfe,0xcc,0x75,
	0x08,0x42,0xec,0x24,0xf8,0x34,0x48,0x8a,0xe0,0x5b,0x8a,0xc3,
	0x5b,0x5a,0x5f,0x1f,0xcf,0x83,0xc2,0x02,0xbb,0x29,0x02,0xb0,
	0x08,0xee,0x4b,0x75,0xfa,0xb0,0x0c,0xee,0x4a,0xfb,0xeb,0xde,
	0x42,0xd1,0xeb,0xbf,0x02,0x00,0x8a,0xa7,0x78,0x00,0x33,0xdb,
	0xec,0x3c,0x80,0x73,0x10,0x4b,0x75,0xf8,0xfe,0xcc,0x75,0xf2,
	0x4f,0x75,0xeb,0x24,0xf8,0xfe,0xc0,0xeb,0xc0,0x4a,0x58,0x50,
	0xee,0xb0,0x0d,0x42,0xfa,0x42,0xee,0xeb,0xcc,0x64,0xd0,0x18,
	0xd1,0x2f,0xd1,0x60,0xd1,0x74,0xd1,0xf0,0xd1,0x11,0xd2,0x10,
	0xd2,0xa3,0xd2,0xa3,0xd2,0xa3,0xd2,0xf9,0xd2,0x1e,0xd3,0x1e,
	0xd3,0xf2,0xd5,0x6e,0xd6,0xe9,0x98,0xdf,0x00,0x00,0x00,0x00,
	0x00,0x00,0x00,0x00,0x00,0x00,0x00,0x00,0x00,0x00,0x00,0x00,
	0x00,0x00,0x00,0x00,0x00,0x00,0x00,0x00,0x00,0x00,0x00,0x00,
	0x00,0x00,0x00,0x00,0x00,0x00,0x00,0x00,0x00,0x00,0x00,0x00,
	0x00,0x00,0x00,0x00,0x00,0x00,0x00,0x00,0x00,0x00,0x00,0x00,
	0x00,0x00,0x00,0x00,0x00,0x00,0x00,0x00,0x38,0x28,0x2d,0x0a,
	0x1f,0x06,0x19,0x1c,0x02,0x07,0x06,0x07,0x00,0x00,0x00,0x00,
	0x71,0x50,0x5a,0x0a,0x1f,0x06,0x19,0x1c,0x02,0x07,0x06,0x07,
	0x00,0x00,0x00,0x00,0x38,0x28,0x2d,0x0a,0x7f,0x06,0x64,0x70,
	0x02,0x01,0x06,0x07,0x00,0x00,0x00,0x00,0x61,0x50,0x52,0x0f,
	0x19,0x06,0x19,0x19,0x02,0x0d,0x0b,0x0c,0x00,0x00,0x00,0x00,
	0x2c,0x28,0x2d,0x29,0x2a,0x2e,0x1e,0x29,0x1e,0x06,0x06,0x0a,
	0x0a,0x06,0x06,0x06,0x08,0x00,0x00,0x01,0x01,0x03,0x03,0x03,
	0x01,0x04,0x00,0x00,0x00,0x00,0x00,0x00,0x00,0x00,0x00,0x00,
	0x00,0x00,0x00,0x00,0x00,0x00,0x00,0x00,0x00,0x00,0x00,0x00,
	0x00,0x00,0x00,0x00,0x00,0x00,0x00,0x00,0x00,0x00,0x00,0x00,
	0x00,0x00,0x00,0x00,0x00,0x00,0x00,0x00,0x00,0x00,0x00,0x00,
	0x00,0x00,0x00,0x00,0x00,0x00,0x00,0x00,0x00,0x00,0x00,0x00,
	0x00,0x00,0x00,0x00,0x00,0x00,0x00,0x00,0x00,0x00,0x00,0x00,
	0x00,0x00,0x00,0x00,0x00,0x00,0x00,0x00,0x00,0x00,0x00,0x00,
	0x00,0x00,0x00,0x00,0x00,0x00,0x00,0x00,0x00,0x00,0x00,0x00,
	0x00,0x00,0x00,0x00,0x00,0x00,0x00,0x00,0x00,0x00,0x00,0x00,
	0x00,0x00,0x00,0x00,0x00,0x00,0x00,0x00,0x00,0x00,0x00,0x00,
	0x00,0x00,0x00,0x00,0x00,0x00,0x00,0x00,0x00,0x00,0x00,0x00,
	0x00,0x00,0x00,0x00,0x00,0x00,0x00,0x00,0x00,0x00,0x00,0x00,
	0x00,0x00,0x00,0x00,0x00,0x00,0x00,0x00,0x00,0x00,0x00,0x00,
	0x00,0x00,0x00,0x00,0x00,0x00,0x00,0x00,0x00,0x00,0x00,0x00,
	0x00,0x00,0x00,0x00,0x00,0x00,0x00,0x00,0x00,0x00,0x00,0x00,
	0x00,0x00,0x00,0x00,0x00,0x00,0x00,0x00,0x00,0x00,0x00,0x00,
	0x00,0x00,0x00,0x00,0x00,0x00,0x00,0x00,0x00,0x00,0x00,0x00,
	0x00,0x00,0x00,0x00,0x00,0x00,0x00,0x00,0x00,0x00,0x00,0x00,
	0x00,0x00,0x00,0x00,0x00,0x00,0x00,0x00,0x00,0x00,0x00,0x00,
	0x00,0x00,0x00,0x00,0x00,0x00,0x00,0x00,0x00,0x00,0x00,0x00,
	0x00,0x00,0x00,0x00,0x00,0x00,0x00,0x00,0x00,0x00,0x00,0x00,
	0x00,0x00,0x00,0x00,0x00,0x00,0x00,0x00,0x00,0x00,0x00,0x00,
	0x00,0x00,0x00,0x00,0x00,0x00,0x00,0x00,0x00,0x00,0x00,0x00,
	0x00,0x00,0x00,0x00,0x00,0x00,0x00,0x00,0x00,0x00,0x00,0x00,
	0x00,0x00,0x00,0x00,0x00,0x00,0x00,0x00,0x00,0x00,0x00,0x00,
	0x00,0x00,0x00,0x00,0x00,0x00,0x00,0x00,0x00,0x00,0x00,0x00,
	0x00,0x00,0x00,0x00,0x00,0x00,0x00,0x00,0x00,0x00,0x00,0x00,
	0x00,0x00,0x00,0x00,0x00,0x00,0x00,0x00,0x00,0x00,0x00,0x00,
	0x00,0x00,0x00,0x00,0x00,0x00,0x00,0x00,0x00,0x00,0x00,0x00,
	0x00,0x00,0x00,0x00,0x00,0x00,0x00,0x00,0x00,0x00,0x00,0x00,
	0x00,0x00,0x00,0x00,0x00,0x00,0x00,0x00,0x00,0x00,0x00,0x00,
	0x00,0x00,0x00,0x00,0x00,0x00,0x00,0x00,0x00,0x00,0x00,0x00,
	0x00,0x00,0x00,0x00,0x00,0x00,0x00,0x00,0x00,0x00,0x00,0x00,
	0x00,0x00,0x00,0x00,0x00,0x00,0x00,0x00,0x00,0x00,0x00,0x00,
	0x00,0x00,0x00,0x00,0x00,0x00,0x00,0x00,0x00,0x00,0x00,0x00,
	0x00,0x00,0x00,0x00,0x00,0x00,0x00,0x00,0x00,0x00,0x00,0x00,
	0x00,0x00,0x00,0x00,0x00,0x00,0x00,0x00,0x00,0x00,0x00,0x00,
	0x00,0x00,0x00,0x00,0x00,0x00,0x00,0x00,0x00,0x00,0x00,0x00,
	0x00,0x00,0x00,0x00,0x00,0x00,0x00,0x00,0x00,0x00,0x00,0x00,
	0x00,0x00,0x00,0x00,0x00,0x00,0x00,0x00,0x00,0x00,0x00,0x00,
	0x00,0x00,0x00,0x00,0x00,0x00,0x00,0x00,0x00,0x00,0x00,0x00,
	0x00,0x00,0x00,0x00,0x00,0x00,0x00,0x00,0x00,0x00,0x00,0x00,
	0x00,0x00,0x00,0x00,0x00,0x00,0x00,0x00,0x00,0x00,0x00,0x00,
	0x00,0x00,0x00,0x00,0x00,0x00,0x00,0x00,0x00,0x00,0x00,0x00,
	0x00,0x00,0x00,0x00,0x00,0x00,0x00,0x00,0x00,0x00,0x00,0x00,
	0x00,0x00,0x00,0x00,0x00,0x00,0x00,0x00,0x00,0x00,0x00,0x00,
	0x00,0x00,0x00,0x00,0x00,0x00,0x00,0x00,0x00,0x00,0x00,0x00,
	0x00,0x00,0x00,0x00,0x00,0x00,0x00,0x00,0x00,0x00,0x00,0x00,
	0x00,0x00,0x00,0x00,0x00,0x00,0x00,0x00,0x00,0x00,0x00,0x00,
	0x00,0x00,0x00,0x00,0x00,0x00,0x00,0x00,0x00,0x00,0x00,0x00,
	0x00,0x00,0x00,0x00,0x00,0x00,0x00,0x00,0x00,0x00,0x00,0x00,
	0x00,0x00,0x00,0x00,0x00,0x00,0x00,0x00,0x00,0x00,0x00,0x00,
	0x00,0x00,0x00,0x00,0x00,0x00,0x00,0x00,0x00,0x00,0x00,0x00,
	0x00,0x00,0x00,0x00,0x00,0x00,0x00,0x00,0x00,0x00,0x00,0x00,
	0x00,0x00,0x00,0x00,0x00,0x00,0x00,0x00,0x00,0x00,0x00,0x00,
	0x00,0x00,0x00,0x00,0x00,0x00,0x00,0x00,0x00,0x00,0x00,0x00,
	0x00,0x00,0x00,0x00,0x00,0x00,0x00,0x00,0x00,0x00,0x00,0x00,
	0x00,0x00,0x00,0x00,0x00,0x00,0x00,0x00,0x00,0x00,0x00,0x00,
	0x00,0x00,0x00,0x00,0x00,0x00,0x00,0x00,0x00,0x00,0x00,0x00,
	0x00,0x00,0x00,0x00,0x00,0x00,0x00,0x00,0x00,0x00,0x00,0x00,
	0x00,0x00,0x00,0x00,0x00,0x00,0x00,0x00,0x00,0x00,0x00,0x00,
	0x00,0x00,0x00,0x00,0x00,0x00,0x00,0x00,0x00,0x00,0x00,0x00,
	0x00,0x00,0x00,0x00,0x00,0x00,0x00,0x00,0x00,0x00,0x00,0x00,
	0x00,0x00,0x00,0x00,0x00,0x00,0x00,0x00,0x00,0x00,0x00,0x00,
	0x00,0x00,0x00,0x00,0x00,0x00,0x00,0x00,0x00,0x00,0x00,0x00,
	0x00,0x00,0x00,0x00,0x00,0x00,0x00,0x00,0x00,0x00,0x00,0x00,
	0x00,0x00,0x00,0x00,0x00,0x00,0x00,0x00,0x00,0x00,0x00,0x00,
	0x00,0x00,0x00,0x00,0x00,0x00,0x00,0x00,0x00,0x00,0x00,0x00,
	0x00,0x00,0x00,0x00,0x00,0x00,0x00,0x00,0x00,0x00,0x00,0x00,
	0x00,0x00,0x00,0x00,0x00,0x00,0x00,0x00,0x00,0x00,0x00,0x00,
	0x00,0x00,0x00,0x00,0x00,0x00,0x00,0x00,0x00,0x00,0x00,0x00,
	0x00,0x00,0x00,0x00,0x00,0x00,0x00,0x00,0x00,0x00,0x00,0x00,
	0x00,0x00,0x00,0x00,0x00,0x00,0x00,0x00,0x00,0x00,0x00,0x00,
	0x00,0x00,0x00,0x00,0x00,0x00,0x00,0x00,0x00,0x00,0x00,0x00,
	0x00,0x00,0x00,0x00,0x00,0x00,0x00,0x00,0x00,0x00,0x00,0x00,
	0x00,0x00,0x00,0x00,0x00,0x00,0x00,0x00,0x00,0x00,0x00,0x00,
	0x00,0x00,0x00,0x00,0x00,0x00,0x00,0x00,0x00,0x00,0x00,0x00,
	0x00,0x00,0x00,0x00,0x00,0x00,0x00,0x00,0x00,0x00,0x00,0x00,
	0x00,0x00,0x00,0x00,0x00,0x00,0x00,0x00,0x00,0x00,0x00,0x00,
	0x00,0x00,0x00,0x00,0x00,0x00,0x00,0x00,0x00,0x00,0x00,0x00,
	0x00,0x00,0x00,0x00,0x00,0x00,0x00,0x00,0x00,0x00,0x00,0x00,
	0x00,0x00,0x00,0x00,0x00,0x00,0x00,0x00,0x00,0x00,0x00,0x00,
	0x00,0x00,0x00,0x00,0x00,0x00,0x00,0x00,0x00,0x00,0x00,0x00,
	0x00,0x00,0x00,0x00,0x00,0x00,0x00,0x00,0x00,0x00,0x00,0x00,
	0x00,0x00,0x00,0x00,0x00,0x00,0x00,0x00,0x00,0x00,0x00,0x00,
	0x00,0x00,0x00,0x00,0x00,0x00,0x00,0x00,0x00,0x00,0x00,0x00,
	0x00,0x00,0x00,0x00,0x00,0x00,0x00,0x00,0x00,0x00,0x00,0x00,
	0x00,0x00,0x00,0x00,0x00,0x00,0x00,0x00,0x00,0x00,0x00,0x00,
	0x00,0x00,0x00,0x00,0x00,0x00,0x00,0x00,0x00,0x00,0x00,0x00,
	0x00,0x00,0x00,0x00,0x00,0x00,0x00,0x00,0x00,0x00,0x00,0x00,
	0x00,0x00,0x00,0x00,0x00,0x00,0x00,0x00,0x00,0x00,0x00,0x00,
	0x00,0x00,0x00,0x00,0x00,0x00,0x00,0x00,0x00,0x00,0x00,0x00,
	0x00,0x00,0x00,0x00,0x00,0x00,0x00,0x00,0x00,0x00,0x00,0x00,
	0x00,0x00,0x00,0x00,0x00,0x00,0x00,0x00,0x00,0x00,0x00,0x00,
	0x00,0x00,0x00,0x00,0x00,0x00,0x00,0x00,0x00,0x00,0x00,0x00,
	0x00,0x00,0x00,0x00,0x00,0x00,0x00,0x00,0x00,0x00,0x00,0x00,
	0x00,0x00,0x00,0x00,0x00,0x00,0x00,0x00,0x00,0x00,0x00,0x00,
	0x00,0x00,0x00,0x00,0x00,0x00,0x00,0x00,0x00,0x00,0x00,0x00,
	0x00,0x00,0x00,0x00,0x00,0x00,0x00,0x00,0x00,0x00,0x00,0x00,
	0x00,0x00,0x00,0x00,0x00,0x00,0x00,0x00,0x00,0x00,0x00,0x00,
	0x00,0x00,0x00,0x00,0x00,0x00,0x00,0x00,0x00,0x00,0x00,0x00,
	0x00,0x00,0x00,0x00,0x00,0x00,0x00,0x00,0x00,0x00,0x00,0x00,
	0x00,0x00,0x00,0x00,0x00,0x00,0x00,0x00,0x00,0x00,0x00,0x00,
	0x00,0x00,0x00,0x00,0x00,0x00,0x00,0x00,0x00,0x00,0x00,0x00,
	0x00,0x00,0x00,0x00,0x00,0x00,0x00,0x00,0x00,0x00,0x00,0x00,
	0x00,0x00,0x00,0x00,0x00,0x00,0x00,0x00,0x00,0x00,0x00,0x00,
	0x00,0x00,0x00,0x00,0x00,0x00,0x00,0x00,0x00,0x00,0x00,0x00,
	0x00,0x00,0x00,0x00,0x00,0x00,0x00,0x00,0x00,0x00,0x00,0x00,
	0x00,0x00,0x00,0x00,0x00,0x00,0x00,0x00,0x00,0x00,0x00,0x00,
	0x00,0x00,0x00,0x00,0x00,0x00,0x00,0x00,0x00,0x00,0x00,0x00,
	0x00,0x00,0x00,0x00,0x00,0x00,0x00,0x00,0x00,0x00,0x00,0x00,
	0x00,0x00,0x00,0x00,0x00,0x00,0x00,0x00,0x00,0x00,0x00,0x00,
	0x00,0x00,0x00,0x00,0x00,0x00,0x00,0x00,0x00,0x00,0x00,0x00,
	0x00,0x00,0x00,0x00,0x00,0x00,0x00,0x00,0x00,0x00,0x00,0x00,
	0x00,0x00,0x00,0x00,0x00,0x00,0x00,0x00,0x00,0x00,0x00,0x00,
	0x00,0x00,0x00,0x00,0x00,0x00,0x00,0x00,0x00,0x00,0x00,0x00,
	0x00,0x00,0x00,0x00,0x00,0x00,0x00,0x00,0x00,0x00,0x00,0x00,
	0x00,0x00,0x00,0x00,0x00,0x00,0x00,0x00,0x00,0x00,0x00,0x00,
	0x00,0x00,0x00,0x00,0x00,0x00,0x00,0x00,0x00,0x00,0x00,0x00,
	0x00,0x00,0x00,0x00,0x00,0x00,0x00,0x00,0x00,0x00,0x00,0x00,
	0x00,0x00,0x00,0x00,0x00,0x00,0x00,0x00,0x00,0x00,0x00,0x00,
	0x00,0x00,0x00,0x00,0x00,0x00,0x00,0x00,0x00,0x00,0x00,0x00,
	0x00,0x00,0x00,0x00,0x00,0x00,0x00,0x00,0x00,0x00,0x00,0x00,
	0x00,0x00,0x00,0x00,0x00,0x00,0x00,0x00,0x00,0x00,0x00,0x00,
	0x00,0x00,0x00,0x00,0x00,0x00,0x00,0x00,0x00,0x00,0x00,0x00,
	0x00,0x00,0x00,0x00,0x00,0x00,0x00,0x00,0x00,0x00,0x00,0x00,
	0x00,0x00,0x00,0x00,0x00,0x00,0x00,0x00,0x00,0x00,0x00,0x00,
	0x00,0x00,0x00,0x00,0x00,0x00,0x00,0x00,0x00,0x00,0x00,0x00,
	0x00,0x00,0x00,0x00,0x00,0x00,0x00,0x00,0x00,0x00,0x00,0x00,
	0x00,0x00,0x00,0x00,0x00,0x00,0x00,0x00,0x00,0x00,0x00,0x00,
	0x00,0x00,0x00,0x00,0x00,0x00,0x00,0x00,0x00,0x00,0x00,0x00,
	0x00,0x00,0x00,0x00,0x00,0x00,0x00,0x00,0x00,0x00,0x00,0x00,
	0x00,0x00,0x00,0x00,0x00,0x00,0x00,0x00,0x00,0x00,0x00,0x00,
	0x00,0x00,0x00,0x00,0x00,0x00,0x00,0x00,0x00,0x00,0x00,0x00,
	0x00,0x00,0x00,0x00,0x00,0x00,0x00,0x00,0x00,0x00,0x00,0x00,
	0x00,0x00,0x00,0x00,0x00,0x00,0x00,0x00,0x00,0x00,0x00,0x00,
	0x00,0x00,0x00,0x00,0x00,0x00,0x00,0x00,0x00,0x00,0x00,0x00,
	0x00,0x00,0x00,0x00,0x00,0x00,0x00,0x00,0x00,0x00,0x00,0x00,
	0x00,0x00,0x00,0x00,0x00,0x00,0x00,0x00,0x00,0x00,0x00,0x00,
	0x00,0x00,0x00,0x00,0x00,0x00,0x00,0x00,0x00,0x00,0x00,0x00,
	0x00,0x00,0x00,0x00,0x00,0x00,0x00,0x00,0x00,0x00,0x00,0x00,
	0x00,0x00,0x00,0x00,0x00,0x00,0x00,0x00,0x00,0x00,0x00,0x00,
	0x00,0x00,0x00,0x00,0x00,0x00,0x00,0x00,0x00,0x00,0x00,0x00,
	0x00,0x00,0x00,0x00,0x00,0x00,0x00,0x00,0x00,0x00,0x00,0x00,
	0x00,0x00,0x00,0x00,0x00,0x00,0x00,0x00,0x00,0x00,0x00,0x00,
	0x00,0x00,0x00,0x00,0x00,0x00,0x00,0x00,0x00,0x00,0x00,0x00,
	0x00,0x00,0x00,0x00,0x00,0x00,0x00,0x00,0x00,0x00,0x00,0x00,
	0x00,0x00,0x00,0x00,0x00,0x00,0x00,0x00,0x00,0x00,0x00,0x00,
	0x00,0x00,0x00,0x00,0x00,0x00,0x00,0x00,0x00,0x00,0x00,0x00,
	0x00,0x00,0x00,0x00,0x00,0x00,0x00,0x00,0x00,0x00,0x00,0x00,
	0x00,0x00,0x00,0x00,0x00,0x00,0x00,0x00,0x00,0x00,0x00,0x00,
	0x00,0x00,0x00,0x00,0x00,0x00,0x00,0x00,0x00,0x00,0x00,0x00,
	0x00,0x00,0x00,0x00,0x00,0x00,0x00,0x00,0x00,0x00,0x00,0x00,
	0x00,0x00,0x00,0x00,0x00,0x00,0x00,0x00,0x00,0x00,0x00,0x00,
	0x00,0x00,0x00,0x00,0x00,0x00,0x00,0x00,0x00,0x00,0x00,0x00,
	0x00,0xfb,0xb8,0x40,0x00,0x1e,0x8e,0xd8,0xa1,0x13,0x00,0x1f,
	0xcf,0xfb,0xb8,0x40,0x00,0x1e,0x8e,0xd8,0xa1,0x10,0x00,0x1f,
	0xcf,0xb4,0x86,0xf9,0xca,0x02,0x00,0x83,0xc4,0x0c,0xbe,0x6e,
	0xf8,0xe8,0xc9,0xe4,0xb4,0x00,0xcd,0x16,0xcd,0x19,0x0d,0x0a,
	0x4e,0x6f,0x6e,0x2d,0x53,0x79,0x73,0x74,0x65,0x6d,0x20,0x64,
	0x69,0x73,0x6b,0x20,0x6f,0x72,0x20,0x64,0x69,0x73,0x6b,0x20,
	0x65,0x72,0x72,0x6f,0x72,0x2e,0x0d,0x0a,0x50,0x6c,0x61,0x63,
	0x65,0x20,0x73,0x79,0x73,0x74,0x65,0x6d,0x20,0x64,0x69,0x73,
	0x6b,0x20,0x69,0x6e,0x20,0x64,0x72,0x69,0x76,0x65,0x2e,0x0d,
	0x0a,0x50,0x72,0x65,0x73,0x73,0x20,0x61,0x6e,0x79,0x20,0x6b,
	0x65,0x79,0x20,0x77,0x68,0x65,0x6e,0x20,0x72,0x65,0x61,0x64,
	0x79,0x2e,0x0d,0x0a,0x00,0x00,0x00,0x00,0x00,0x00,0x00,0x00,
	0x00,0x00,0x00,0x00,0x00,0x00,0x00,0x00,0x00,0x00,0x00,0x00,
	0x00,0x00,0x00,0x00,0x00,0x00,0x00,0x00,0x00,0x00,0x00,0x00,
	0x00,0x00,0x00,0x00,0x00,0x00,0x00,0x00,0x00,0x00,0x00,0x00,
	0x00,0x00,0x00,0x00,0x00,0x00,0x00,0x00,0x00,0x00,0x00,0x00,
	0x00,0x00,0x00,0x00,0x00,0x00,0x00,0x00,0x00,0x00,0x00,0x00,
	0x00,0x00,0x00,0x00,0x00,0x00,0x00,0x00,0x00,0x00,0x00,0x00,
	0x00,0x00,0x00,0x00,0x00,0x00,0x00,0x00,0x00,0x00,0x00,0x00,
	0x00,0x00,0x00,0x00,0x00,0x00,0x00,0x00,0x00,0x00,0x00,0x00,
	0x00,0x00,0x00,0x00,0x00,0x00,0x00,0x00,0x00,0x00,0x00,0x00,
	0x00,0x00,0x00,0x00,0x00,0x00,0x00,0x00,0x00,0x00,0x00,0x00,
	0x00,0x00,0x00,0x00,0x00,0x00,0x00,0x00,0x00,0x00,0x00,0x00,
	0x00,0x00,0x00,0x00,0x00,0x00,0x00,0x00,0x00,0x00,0x00,0x00,
	0x00,0x00,0x00,0x00,0x00,0x00,0x00,0x00,0x00,0x00,0x00,0x00,
	0x00,0x00,0x00,0x00,0x00,0x00,0x00,0x00,0x00,0x00,0x00,0x00,
	0x00,0x00,0x00,0x00,0x00,0x00,0x00,0x00,0x00,0x00,0x00,0x00,
	0x00,0x00,0x00,0x00,0x00,0x00,0x00,0x00,0x00,0x00,0x00,0x00,
	0x00,0x00,0x00,0x00,0x00,0x00,0x00,0x00,0x00,0x00,0x00,0x00,
	0x00,0x00,0x00,0x00,0x00,0x00,0x00,0x00,0x00,0x00,0x00,0x00,
	0x00,0x00,0x00,0x00,0x00,0x00,0x00,0x00,0x00,0x00,0x00,0x00,
	0x00,0x00,0x00,0x00,0x00,0x00,0x00,0x00,0x00,0x00,0x00,0x00,
	0x00,0x00,0x00,0x00,0x00,0x00,0x00,0x00,0x00,0x00,0x00,0x00,
	0x00,0x00,0x00,0x00,0x00,0x00,0x00,0x00,0x00,0x00,0x00,0x00,
	0x00,0x00,0x00,0x00,0x00,0x00,0x00,0x00,0x00,0x00,0x00,0x00,
	0x00,0x00,0x00,0x00,0x00,0x00,0x00,0x00,0x00,0x00,0x00,0x00,
	0x00,0x00,0x00,0x00,0x00,0x00,0x00,0x00,0x00,0x00,0x00,0x00,
	0x00,0x00,0x00,0x00,0x00,0x00,0x00,0x00,0x00,0x00,0x00,0x00,
	0x00,0x00,0x00,0x00,0x00,0x00,0x00,0x00,0x00,0x00,0x00,0x00,
	0x00,0x00,0x00,0x00,0x00,0x00,0x00,0x00,0x00,0x00,0x00,0x00,
	0x00,0x00,0x00,0x00,0x00,0x00,0x00,0x00,0x00,0x00,0x00,0x00,
	0x00,0x00,0x00,0x00,0x00,0x00,0x00,0x00,0x00,0x00,0x00,0x00,
	0x00,0x00,0x00,0x00,0x00,0x00,0x00,0x00,0x00,0x00,0x00,0x00,
	0x00,0x00,0x00,0x00,0x00,0x00,0x00,0x00,0x00,0x00,0x00,0x00,
	0x00,0x00,0x00,0x00,0x00,0x00,0x00,0x00,0x00,0x00,0x00,0x00,
	0x00,0x00,0x00,0x00,0x00,0x00,0x00,0x00,0x00,0x00,0x00,0x00,
	0x00,0x00,0x00,0x00,0x00,0x00,0x00,0x00,0x00,0x00,0x00,0x00,
	0x00,0x00,0x7e,0x81,0xa5,0x81,0xbd,0x99,0x81,0x7e,0x7e,0xff,
	0xdb,0xff,0xc3,0xe7,0xff,0x7e,0x6c,0xfe,0xfe,0xfe,0x7c,0x38,
	0x10,0x00,0x10,0x38,0x7c,0xfe,0x7c,0x38,0x10,0x00,0x38,0x7c,
	0x38,0xfe,0xfe,0xd6,0x10,0x38,0x10,0x38,0x7c,0xfe,0xfe,0x7c,
	0x10,0x38,0x00,0x00,0x18,0x3c,0x3c,0x18,0x00,0x00,0xff,0xff,
	0xe7,0xc3,0xc3,0xe7,0xff,0xff,0x00,0x3c,0x66,0x42,0x42,0x66,
	0x3c,0x00,0xff,0xc3,0x99,0xbd,0xbd,0x99,0xc3,0xff,0x3f,0x0f,
	0x1b,0x78,0xcc,0xcc,0xcc,0x78,0x3c,0x66,0x66,0x66,0x3c,0x18,
	0x7e,0x18,0x1f,0x19,0x18,0x18,0x18,0xf0,0xe0,0x00,0x7f,0x63,
	0x7f,0x63,0x63,0x67,0xe6,0xc0,0x18,0xdb,0x3c,0xe7,0xe7,0x3c,
	0xdb,0x18,0x80,0xe0,0xf8,0xfe,0xf8,0xe0,0x80,0x00,0x02,0x0e,
	0x3e,0xfe,0x3e,0x0e,0x02,0x00,0x18,0x3c,0x7e,0x18,0x18,0x7e,
	0x3c,0x18,0x66,0x66,0x66,0x66,0x66,0x00,0x66,0x00,0x7f,0xdb,
	0xdb,0x7b,0x1b,0x1b,0x1b,0x00,0x3e,0x61,0x3c,0x66,0x66,0x3c,
	0x86,0x7c,0x00,0x00,0x00,0x00,0x7e,0x7e,0x7e,0x00,0x18,0x3c,
	0x7e,0x18,0x7e,0x3c,0x18,0xff,0x18,0x3c,0x7e,0x18,0x18,0x18,
	0x18,0x00,0x18,0x18,0x18,0x18,0x7e,0x3c,0x18,0x00,0x00,0x18,
	0x0c,0xfe,0x0c,0x18,0x00,0x00,0x00,0x30,0x60,0xfe,0x60,0x30,
	0x00,0x00,0x00,0x00,0xc0,0xc0,0xc0,0xfe,0x00,0x00,0x00,0x24,
	0x66,0xff,0x66,0x24,0x00,0x00,0x00,0x18,0x3c,0x7e,0xff,0xff,
	0x00,0x00,0x00,0xff,0xff,0x7e,0x3c,0x18,0x00,0x00,0x00,0x00,
	0x00,0x00,0x00,0x00,0x00,0x00,0x30,0x78,0x78,0x30,0x30,0x00,
	0x30,0x00,0x6c,0x6c,0x6c,0x00,0x00,0x00,0x00,0x00,0x6c,0x6c,
	0xfe,0x6c,0xfe,0x6c,0x6c,0x00,0x30,0x7c,0xc0,0x78,0x0c,0xf8,
	0x30,0x00,0x00,0xc6,0xcc,0x18,0x30,0x66,0xc6,0x00,0x38,0x6c,
	0x38,0x76,0xdc,0xcc,0x76,0x00,0x60,0x60,0xc0,0x00,0x00,0x00,
	0x00,0x00,0x18,0x30,0x60,0x60,0x60,0x30,0x18,0x00,0x60,0x30,
	0x18,0x18,0x18,0x30,0x60,0x00,0x00,0x66,0x3c,0xff,0x3c,0x66,
	0x00,0x00,0x00,0x30,0x30,0xfc,0x30,0x30,0x00,0x00,0x00,0x00,
	0x00,0x00,0x00,0x30,0x30,0x60,0x00,0x00,0x00,0xfc,0x00,0x00,
	0x00,0x00,0x00,0x00,0x00,0x00,0x00,0x30,0x30,0x00,0x06,0x0c,
	0x18,0x30,0x60,0xc0,0x80,0x00,0x7c,0xc6,0xce,0xde,0xf6,0xe6,
	0x7c,0x00,0x30,0x70,0x30,0x30,0x30,0x30,0xfc,0x00,0x78,0xcc,
	0x0c,0x38,0x60,0xcc,0xfc,0x00,0x78,0xcc,0x0c,0x38,0x0c,0xcc,
	0x78,0x00,0x1c,0x3c,0x6c,0xcc,0xfe,0x0c,0x1e,0x00,0xfc,0xc0,
	0xf8,0x0c,0x0c,0xcc,0x78,0x00,0x38,0x60,0xc0,0xf8,0xcc,0xcc,
	0x78,0x00,0xfc,0xcc,0x0c,0x18,0x30,0x30,0x30,0x00,0x78,0xcc,
	0xcc,0x78,0xcc,0xcc,0x78,0x00,0x78,0xcc,0xcc,0x7c,0x0c,0x18,
	0x70,0x00,0x00,0x30,0x30,0x00,0x00,0x30,0x30,0x00,0x00,0x30,
	0x30,0x00,0x00,0x30,0x30,0x60,0x1c,0x30,0x60,0xc0,0x60,0x30,
	0x1c,0x00,0x00,0x00,0xfc,0x00,0x00,0xfc,0x00,0x00,0xe0,0x30,
	0x18,0x0c,0x18,0x30,0xe0,0x00,0x78,0xcc,0x8c,0x18,0x30,0x00,
	0x30,0x00,0x7c,0xc6,0xde,0xd6,0xde,0xc0,0x78,0x00,0x38,0x7c,
	0xc6,0xc6,0xfe,0xc6,0xc6,0x00,0xfc,0x66,0x66,0x7c,0x66,0x66,
	0xfc,0x00,0x3c,0x66,0xc0,0xc0,0xc0,0x66,0x3c,0x00,0xf8,0x6c,
	0x66,0x66,0x66,0x6c,0xf8,0x00,0xfe,0x62,0x68,0x78,0x68,0x62,
	0xfe,0x00,0xfe,0x62,0x68,0x78,0x68,0x60,0xf0,0x00,0x3c,0x66,
	0xc0,0xc0,0xce,0x66,0x3e,0x00,0xcc,0xcc,0xcc,0xfc,0xcc,0xcc,
	0xcc,0x00,0x78,0x30,0x30,0x30,0x30,0x30,0x78,0x00,0x1e,0x0c,
	0x0c,0x0c,0x8c,0xcc,0x78,0x00,0xe6,0x66,0x6c,0x78,0x6c,0x66,
	0xe6,0x00,0xf0,0x60,0x60,0x60,0x62,0x66,0xfe,0x00,0xc6,0xee,
	0xfe,0xfe,0xd6,0xc6,0xc6,0x00,0xc6,0xe6,0xf6,0xde,0xce,0xc6,
	0xc6,0x00,0x38,0x6c,0xc6,0xc6,0xc6,0x6c,0x38,0x00,0xfc,0x66,
	0x66,0x7c,0x60,0x60,0xf0,0x00,0x78,0xcc,0xcc,0xcc,0xdc,0x78,
	0x1c,0x00,0xfc,0x66,0x66,0x7c,0x6c,0x66,0xe6,0x00,0x78,0xcc,
	0x60,0x30,0x18,0xcc,0x78,0x00,0xfc,0xb4,0x30,0x30,0x30,0x30,
	0x78,0x00,0xcc,0xcc,0xcc,0xcc,0xcc,0xcc,0xfc,0x00,0xc6,0xc6,
	0xc6,0xc6,0xc6,0x6c,0x38,0x00,0xc6,0xc6,0xc6,0xd6,0xfe,0xee,
	0xc6,0x00,0xc6,0xc6,0x6c,0x38,0x38,0x6c,0xc6,0x00,0xcc,0xcc,
	0xcc,0x78,0x30,0x30,0x78,0x00,0xfe,0xc6,0x8c,0x18,0x32,0x66,
	0xfe,0x00,0x78,0x60,0x60,0x60,0x60,0x60,0x78,0x00,0xc0,0x60,
	0x30,0x18,0x0c,0x06,0x02,0x00,0x78,0x18,0x18,0x18,0x18,0x18,
	0x78,0x00,0x10,0x38,0x6c,0xc6,0x00,0x00,0x00,0x00,0x00,0x00,
	0x00,0x00,0x00,0x00,0x00,0xff,0x30,0x30,0x18,0x00,0x00,0x00,
	0x00,0x00,0x00,0x00,0x78,0x0c,0x7c,0xcc,0x76,0x00,0xe0,0x60,
	0x60,0x7c,0x66,0x66,0xdc,0x00,0x00,0x00,0x78,0xcc,0xc0,0xcc,
	0x78,0x00,0x1c,0x0c,0x0c,0x7c,0xcc,0xcc,0x76,0x00,0x00,0x00,
	0x78,0xcc,0xfc,0xc0,0x78,0x00,0x1c,0x36,0x30,0x78,0x30,0x30,
	0x78,0x00,0x00,0x00,0x76,0xcc,0xcc,0x7c,0x0c,0xf8,0xe0,0x60,
	0x6c,0x76,0x66,0x66,0xe6,0x00,0x30,0x00,0x70,0x30,0x30,0x30,
	0x78,0x00,0x0c,0x00,0x0c,0x0c,0x0c,0x8c,0xcc,0x78,0xe0,0x60,
	0x66,0x6c,0x78,0x6c,0xe6,0x00,0x70,0x30,0x30,0x30,0x30,0x30,
	0x78,0x00,0x00,0x00,0xcc,0xfe,0xfe,0xd6,0xc6,0x00,0x00,0x00,
	0xf8,0xcc,0xcc,0xcc,0xcc,0x00,0x00,0x00,0x78,0xcc,0xcc,0xcc,
	0x78,0x00,0x00,0x00,0xdc,0x66,0x66,0x7c,0x60,0xf0,0x00,0x00,
	0x76,0xcc,0xcc,0x7c,0x0c,0x1e,0x00,0x00,0xdc,0x76,0x66,0x60,
	0xf0,0x00,0x00,0x00,0x7c,0xc0,0x78,0x0c,0xf8,0x00,0x10,0x30,
	0x7c,0x30,0x30,0x34,0x18,0x00,0x00,0x00,0xcc,0xcc,0xcc,0xcc,
	0x76,0x00,0x00,0x00,0xcc,0xcc,0xcc,0x78,0x30,0x00,0x00,0x00,
	0xc6,0xd6,0xfe,0xfe,0x6c,0x00,0x00,0x00,0xc6,0x6c,0x38,0x6c,
	0xc6,0x00,0x00,0x00,0xcc,0xcc,0xcc,0x7c,0x0c,0xf8,0x00,0x00,
	0xfc,0x98,0x30,0x64,0xfc,0x00,0x1c,0x30,0x30,0xe0,0x30,0x30,
	0x1c,0x00,0x18,0x18,0x18,0x00,0x18,0x18,0x18,0x00,0xe0,0x30,
	0x30,0x1c,0x30,0x30,0xe0,0x00,0x76,0xdc,0x00,0x00,0x00,0x00,
	0x00,0x00,0x00,0x10,0x38,0x6c,0xc6,0xc6,0xfe,0x00,0xe9,0x46,
	0x9d,0x00,0x00,0x00,0x00,0x00,0x00,0x00,0x00,0x00,0x00,0x00,
	0x00,0x00,0x00,0x00,0x00,0x00,0x00,0x00,0x00,0x00,0x00,0x00,
	0x00,0x00,0x00,0x00,0x00,0x00,0x00,0x00,0x00,0x00,0x00,0x00,
	0x00,0x00,0x00,0x00,0x00,0x00,0x00,0x00,0x00,0x00,0x00,0x00,
	0x00,0x00,0x00,0x00,0x00,0xe9,0x67,0x9e,0x00,0x00,0x00,0x00,
	0x00,0x00,0x00,0x00,0x00,0x00,0x00,0x00,0x00,0x00,0x00,0x00,
	0x00,0x00,0x00,0x00,0x00,0x00,0x00,0x00,0x00,0x00,0x00,0x00,
	0x00,0x00,0x00,0x00,0x00,0x00,0x00,0x00,0x00,0x00,0x00,0x00,
	0x00,0x00,0x00,0x00,0x00,0x00,0x00,0x00,0x00,0x00,0x00,0x00,
	0x00,0x00,0x00,0x00,0x00,0x00,0x00,0x00,0x00,0x00,0x00,0x00,
	0x00,0x00,0x00,0x00,0x00,0x00,0x00,0x00,0x45,0xff,0x45,0xff,
	0x00,0xea,0x45,0xff,0x45,0xff,0x54,0xff,0x45,0xff,0x45,0xff,
	0xa5,0xfe,0x87,0xe9,0x30,0xff,0x30,0xff,0x30,0xff,0x30,0xff,
	0x57,0xef,0x30,0xff,0x65,0xf0,0x4d,0xf8,0x41,0xf8,0x59,0xec,
	0x39,0xe7,0x59,0xf8,0x2e,0xe8,0xd2,0xef,0x5f,0xf8,0xf2,0xe6,
	0x6e,0xfe,0x45,0xff,0x45,0xff,0xa4,0xf0,0xc7,0xef,0x00,0x00,
	0x50,0xb0,0x0b,0xe6,0x20,0x90,0xe4,0x20,0x86,0xe0,0xe4,0x21,
	0x0a,0xc4,0xe6,0x21,0xb0,0x20,0xe6,0x20,0x58,0xcf,0x00,0x00,
	0x00,0x00,0x00,0x00,0x00,0x00,0x00,0x00,0x00,0x00,0x00,0x00,
	0xfb,0x1e,0x50,0xb8,0x50,0x00,0x8e,0xd8,0x53,0x52,0x80,0x3e,
	0x00,0x00,0x01,0x74,0x47,0x51,0xc6,0x06,0x00,0x00,0x01,0xb4,
	0x0f,0xcd,0x10,0x8a,0xdc,0xb4,0x03,0xcd,0x10,0x52,0x33,0xd2,
	0xb0,0x0a,0xe8,0x3b,0x00,0x75,0x32,0xb0,0x0d,0xe8,0x34,0x00,
	0x80,0xfe,0x19,0x73,0x19,0xb4,0x02,0xcd,0x10,0xb4,0x08,0xcd,
	0x10,0xe8,0x24,0x00,0x75,0x1b,0xfe,0xc2,0x3a,0xd3,0x72,0xed,
	0x2a,0xd3,0xfe,0xc6,0xeb,0xd6,0x20,0x16,0x00,0x00,0x5a,0xb4,
	0x02,0xcd,0x10,0x59,0x5a,0x5b,0x58,0x1f,0xcf,0x80,0x0e,0x00,
	0x00,0xff,0xeb,0xee,0x52,0x22,0xc0,0x75,0x02,0xb0,0x20,0x33,
	0xd2,0x8a,0xe6,0xcd,0x17,0xf6,0xc4,0x29,0x5a,0xc3,0x00,0x00,
	0x00,0x00,0x00,0x00,0x00,0x00,0x00,0x00,0x00,0x00,0x00,0x00,
	0x00,0x00,0x00,0x00,0x00,0x00,0x00,0x00,0x00,0x00,0x00,0x00,
	0x00,0x00,0x00,0x00,0x00,0x00,0x00,0x00,0x00,0x00,0x00,0x00,
	0xea,0x5b,0xe0,0x00,0xf0,0x32,0x38,0x2f,0x30,0x36,0x2e,0x39,
	0x30,0xff,0xfe,0x00,
};
const unsigned int ms1504_bios_pk300_len = 65536;
const unsigned char ms1504_hdd_bios[32768] = {
	0x80,0xfe,0x12,0x77,0x5f,0xf8,0xc3,0xf6,0xc6,0x01,0x75,0x44,
	0x80,0xfe,0x02,0x74,0x15,0x80,0xfe,0x08,0x72,0x08,0x80,0xfa,
	0x31,0x77,0x49,0xeb,0x45,0x90,0x80,0xfa,0x30,0x77,0x41,0xeb,
	0x3d,0x90,0x50,0x51,0x33,0xc0,0x8a,0xc1,0xb1,0x04,0xf6,0xf1,
	0x80,0xfc,0x00,0x75,0x0a,0x59,0x58,0x80,0xfa,0x29,0x77,0x28,
	0xeb,0x24,0x90,0x80,0xfc,0x02,0x75,0x02,0xeb,0xef,0x59,0x58,
	0x80,0xfa,0x28,0x77,0x17,0xeb,0x13,0x90,0x80,0xfe,0x08,0x72,
	0x08,0x80,0xfa,0x30,0x77,0x0a,0xeb,0x06,0x90,0x80,0xfa,0x31,
	0x77,0x02,0xf8,0xc3,0xb9,0x00,0x00,0xba,0x00,0x00,0xb4,0x03,
	0xcd,0x1a,0xb9,0x80,0x19,0xba,0x01,0x01,0xb4,0x05,0xcd,0x1a,
	0xf9,0xeb,0xe8,0x81,0xf9,0x00,0x20,0x74,0x0a,0x80,0xfd,0x00,
	0x74,0xde,0x80,0xf9,0x00,0x74,0xd9,0x51,0x8b,0xc8,0x80,0xe5,
	0xf0,0x80,0xe1,0xf0,0x3a,0xe9,0x77,0x0f,0x8b,0xc8,0x80,0xe5,
	0x0f,0x80,0xe1,0x0f,0x3a,0xe9,0x77,0x03,0xf8,0x59,0xc3,0xb9,
	0x00,0x00,0xba,0x00,0x00,0xb4,0x03,0xcd,0x1a,0xb9,0x80,0x19,
	0xba,0x01,0x01,0xb4,0x05,0xcd,0x1a,0xf9,0x59,0xeb,0xa4,0x51,
	0x80,0xfd,0x23,0x77,0xe2,0x80,0xf9,0x59,0x77,0xdd,0x80,0xfe,
	0x59,0x77,0xd8,0x59,0xf8,0xc3,0x00,0x00,0x00,0x00,0x00,0x00,
	0x00,0x00,0x00,0x00,0x00,0x00,0x00,0x00,0x00,0x00,0x00,0x00,
	0x00,0x00,0x00,0x00,0x00,0x00,0x00,0x00,0x00,0x00,0x00,0x00,
	0x00,0x00,0x00,0x00,0x00,0x00,0x00,0x00,0x00,0x00,0x00,0x00,
	0x00,0x00,0x00,0x00,0x00,0x00,0x00,0x00,0x00,0x00,0x00,0x00,
	0x00,0x00,0x00,0x00,0x00,0x00,0x00,0x00,0x00,0x00,0x00,0x00,
	0x00,0x00,0x00,0x00,0x00,0x00,0x00,0x00,0x00,0x00,0x00,0x00,
	0x00,0x00,0x00,0x00,0x00,0x00,0x00,0x00,0x00,0x00,0x00,0x00,
	0x00,0x00,0x00,0x00,0x00,0x00,0x00,0x00,0x00,0x00,0x00,0x00,
	0x00,0x00,0x00,0x00,0x00,0x00,0x00,0x00,0x00,0x00,0x00,0x00,
	0x00,0x00,0x00,0x00,0x00,0x00,0x00,0x00,0x00,0x00,0x00,0x00,
	0x00,0x00,0x00,0x00,0x00,0x00,0x00,0x00,0x00,0x00,0x00,0x00,
	0x00,0x00,0x00,0x00,0x00,0x00,0x00,0x00,0x00,0x00,0x00,0x00,
	0x00,0x00,0x00,0x00,0x00,0x00,0x00,0x00,0x00,0x00,0x00,0x00,
	0x00,0x00,0x00,0x00,0x00,0x00,0x00,0x00,0x00,0x00,0x00,0x00,
	0x00,0x00,0x00,0x00,0x00,0x00,0x00,0x00,0x00,0x00,0x00,0x00,
	0x00,0x00,0x00,0x00,0x00,0x00,0x00,0x00,0x00,0x00,0x00,0x00,
	0x00,0x00,0x00,0x00,0x00,0x00,0x00,0x00,0x00,0x00,0x00,0x00,
	0x00,0x00,0x00,0x00,0x00,0x00,0x00,0x00,0x00,0x00,0x00,0x00,
	0x00,0x00,0x00,0x00,0x00,0x00,0x00,0x00,0x00,0x00,0x00,0x00,
	0x00,0x00,0x00,0x00,0x00,0x00,0x00,0x00,0x00,0x00,0x00,0x00,
	0x00,0x00,0x00,0x00,0x00,0x00,0x00,0x00,0x00,0x00,0x00,0x00,
	0x00,0x00,0x00,0x00,0x00,0x00,0x00,0x00,0x00,0x00,0x00,0x00,
	0x00,0x00,0x00,0x00,0x00,0x00,0x00,0x00,0x00,0x00,0x00,0x00,
	0x00,0x00,0x00,0x00,0x00,0x00,0x00,0x00,0x00,0x00,0x00,0x00,
	0x00,0x00,0x00,0x00,0x00,0x00,0x00,0x00,0x00,0x00,0x00,0x00,
	0x00,0x00,0x00,0x00,0x00,0x00,0x00,0x00,0x00,0x00,0x00,0x00,
	0x00,0x00,0x00,0x00,0x00,0x00,0x00,0x00,0x00,0x00,0x00,0x00,
	0x00,0x00,0x00,0x00,0x00,0x00,0x00,0x00,0x00,0x00,0x00,0x00,
	0x00,0x00,0x00,0x00,0x00,0x00,0x00,0x00,0x00,0x00,0x00,0x00,
	0x00,0x00,0x00,0x00,0x00,0x00,0x00,0x00,0x00,0x00,0x00,0x00,
	0x00,0x00,0x00,0x00,0x00,0x00,0x00,0x00,0x00,0x00,0x00,0x00,
	0x00,0x00,0x00,0x00,0x00,0x00,0x00,0x00,0x00,0x00,0x00,0x00,
	0x00,0x00,0x00,0x00,0x00,0x00,0x00,0x00,0x00,0x00,0x00,0x00,
	0x00,0x00,0x00,0x00,0x00,0x00,0x00,0x00,0x00,0x00,0x00,0x00,
	0x00,0x00,0x00,0x00,0x00,0x00,0x00,0x00,0x00,0x00,0x00,0x00,
	0x00,0x00,0x00,0x00,0x00,0x00,0x00,0x00,0x00,0x00,0x00,0x00,
	0x00,0x00,0x00,0x00,0x00,0x00,0x00,0x00,0x00,0x00,0x00,0x00,
	0x00,0x00,0x00,0x00,0x00,0x00,0x00,0x00,0x00,0x00,0x00,0x00,
	0x00,0x00,0x00,0x00,0x00,0x00,0x00,0x00,0x00,0x00,0x00,0x00,
	0x00,0x00,0x00,0x00,0x00,0x00,0x00,0x00,0x00,0x00,0x00,0x00,
	0x00,0x00,0x00,0x00,0x00,0x00,0x00,0x00,0x00,0x00,0x00,0x00,
	0x00,0x00,0x00,0x00,0x00,0x00,0x00,0x00,0x00,0x00,0x00,0x00,
	0x00,0x00,0x00,0x00,0x00,0x00,0x00,0x00,0x00,0x00,0x00,0x00,
	0x00,0x00,0x00,0x00,0x00,0x00,0x00,0x00,0x00,0x00,0x00,0x00,
	0x00,0x00,0x00,0x00,0x00,0x00,0x00,0x00,0x00,0x00,0x00,0x00,
	0x00,0x00,0x00,0x00,0x00,0x00,0x00,0x00,0x00,0x00,0x00,0x00,
	0x00,0x00,0x00,0x00,0x00,0x00,0x00,0x00,0x00,0x00,0x00,0x00,
	0x00,0x00,0x00,0x00,0x00,0x00,0x00,0x00,0x00,0x00,0x00,0x00,
	0x00,0x00,0x00,0x00,0x00,0x00,0x00,0x00,0x00,0x00,0x00,0x00,
	0x00,0x00,0x00,0x00,0x00,0x00,0x00,0x00,0x00,0x00,0x00,0x00,
	0x00,0x00,0x00,0x00,0x00,0x00,0x00,0x00,0x00,0x00,0x00,0x00,
	0x00,0x00,0x00,0x00,0x00,0x00,0x00,0x00,0x00,0x00,0x00,0x00,
	0x00,0x00,0x00,0x00,0x00,0x00,0x00,0x00,0x00,0x00,0x00,0x00,
	0x00,0x00,0x00,0x00,0x00,0x00,0x00,0x00,0x00,0x00,0x00,0x00,
	0x00,0x00,0x00,0x00,0x00,0x00,0x00,0x00,0x00,0x00,0x00,0x00,
	0x00,0x00,0x00,0x00,0x00,0x00,0x00,0x00,0x00,0x00,0x00,0x00,
	0x00,0x00,0x00,0x00,0x00,0x00,0x00,0x00,0x00,0x00,0x00,0x00,
	0x00,0x00,0x00,0x00,0x00,0x00,0x00,0x00,0x00,0x00,0x00,0x00,
	0x00,0x00,0x00,0x00,0x00,0x00,0x00,0x00,0x00,0x00,0x00,0x00,
	0x00,0x00,0x00,0x00,0x00,0x00,0x00,0x00,0x00,0x00,0x00,0x00,
	0x00,0x00,0x00,0x00,0x00,0x00,0x00,0x00,0x00,0x00,0x00,0x00,
	0x00,0x00,0x00,0x00,0x00,0x00,0x00,0x00,0x00,0x00,0x00,0x00,
	0x00,0x00,0x00,0x00,0x00,0x00,0x00,0x00,0x00,0x00,0x00,0x00,
	0x00,0x00,0x00,0x00,0x00,0x00,0x00,0x00,0x00,0x00,0x00,0x00,
	0x00,0x00,0x00,0x00,0x00,0x00,0x00,0x00,0x00,0x00,0x00,0x00,
	0x00,0x00,0x00,0x00,0x00,0x00,0x00,0x00,0x00,0x00,0x00,0x00,
	0x00,0x00,0x00,0x00,0x00,0x00,0x00,0x00,0x00,0x00,0x00,0x00,
	0x00,0x00,0x00,0x00,0x00,0x00,0x00,0x00,0x00,0x00,0x00,0x00,
	0x00,0x00,0x00,0x00,0x00,0x00,0x00,0x00,0x00,0x00,0x00,0x00,
	0x00,0x00,0x00,0x00,0x00,0x00,0x00,0x00,0x00,0x00,0x00,0x00,
	0x00,0x00,0x00,0x00,0x00,0x00,0x00,0x00,0x00,0x00,0x00,0x00,
	0x00,0x00,0x00,0x00,0x00,0x00,0x00,0x00,0x00,0x00,0x00,0x00,
	0x00,0x00,0x00,0x00,0x00,0x00,0x00,0x00,0x00,0x00,0x00,0x00,
	0x00,0x00,0x00,0x00,0x00,0x00,0x00,0x00,0x00,0x00,0x00,0x00,
	0x00,0x00,0x00,0x00,0x00,0x00,0x00,0x00,0x00,0x00,0x00,0x00,
	0x00,0x00,0x00,0x00,0x00,0x00,0x00,0x00,0x00,0x00,0x00,0x00,
	0x00,0x00,0x00,0x00,0x00,0x00,0x00,0x00,0x00,0x00,0x00,0x00,
	0x00,0x00,0x00,0x00,0x00,0x00,0x00,0x00,0x00,0x00,0x00,0x00,
	0x00,0x00,0x00,0x00,0x00,0x00,0x00,0x00,0x00,0x00,0x00,0x00,
	0x00,0x00,0x00,0x00,0x00,0x00,0x00,0x00,0x00,0x00,0x00,0x00,
	0x00,0x00,0x00,0x00,0x00,0x00,0x00,0x00,0x00,0x00,0x00,0x00,
	0x00,0x00,0x00,0x00,0x00,0x00,0x00,0x00,0x00,0x00,0x00,0x00,
	0x00,0x00,0x00,0x00,0x00,0x00,0x00,0x00,0x00,0x00,0x00,0x00,
	0x00,0x00,0x00,0x00,0x00,0x00,0x00,0x00,0x00,0x00,0x00,0x00,
	0x00,0x00,0x00,0x00,0x00,0x00,0x00,0x00,0x00,0x00,0x00,0x00,
	0x00,0x00,0x00,0x00,0x00,0x00,0x00,0x00,0x00,0x00,0x00,0x00,
	0x00,0x00,0x00,0x00,0x00,0x00,0x00,0x00,0x00,0x00,0x00,0x00,
	0x00,0x00,0x00,0x00,0x00,0x00,0x00,0x00,0x00,0x00,0x00,0x00,
	0x00,0x00,0x00,0x00,0x00,0x00,0x00,0x00,0x00,0x00,0x00,0x00,
	0x00,0x00,0x00,0x00,0x00,0x00,0x00,0x00,0x00,0x00,0x00,0x00,
	0x00,0x00,0x00,0x00,0x00,0x00,0x00,0x00,0x00,0x00,0x00,0x00,
	0x00,0x00,0x00,0x00,0x00,0x00,0x00,0x00,0x00,0x00,0x00,0x00,
	0x00,0x00,0x00,0x00,0x00,0x00,0x00,0x00,0x00,0x00,0x00,0x00,
	0x00,0x00,0x00,0x00,0x00,0x00,0x00,0x00,0x00,0x00,0x00,0x00,
	0x00,0x00,0x00,0x00,0x00,0x00,0x00,0x00,0x00,0x00,0x00,0x00,
	0x00,0x00,0x00,0x00,0x00,0x00,0x00,0x00,0x00,0x00,0x00,0x00,
	0x00,0x00,0x00,0x00,0x00,0x00,0x00,0x00,0x00,0x00,0x00,0x00,
	0x00,0x00,0x00,0x00,0x00,0x00,0x00,0x00,0x00,0x00,0x00,0x00,
	0x00,0x00,0x00,0x00,0x00,0x00,0x00,0x00,0x00,0x00,0x00,0x00,
	0x00,0x00,0x00,0x00,0x00,0x00,0x00,0x00,0x00,0x00,0x00,0x00,
	0x00,0x00,0x00,0x00,0x00,0x00,0x00,0x00,0x00,0x00,0x00,0x00,
	0x00,0x00,0x00,0x00,0x00,0x00,0x00,0x00,0x00,0x00,0x00,0x00,
	0x00,0x00,0x00,0x00,0x00,0x00,0x00,0x00,0x00,0x00,0x00,0x00,
	0x00,0x00,0x00,0x00,0x00,0x00,0x00,0x00,0x00,0x00,0x00,0x00,
	0x00,0x00,0x00,0x00,0x00,0x00,0x00,0x00,0x00,0x00,0x00,0x00,
	0x00,0x00,0x00,0x00,0x00,0x00,0x00,0x00,0x00,0x00,0x00,0x00,
	0x00,0x00,0x00,0x00,0x00,0x00,0x00,0x00,0x00,0x00,0x00,0x00,
	0x00,0x00,0x00,0x00,0x00,0x00,0x00,0x00,0x00,0x00,0x00,0x00,
	0x00,0x00,0x00,0x00,0x00,0x00,0x00,0x00,0x00,0x00,0x00,0x00,
	0x00,0x00,0x00,0x00,0x00,0x00,0x00,0x00,0x00,0x00,0x00,0x00,
	0x00,0x00,0x00,0x00,0x00,0x00,0x00,0x00,0x00,0x00,0x00,0x00,
	0x00,0x00,0x00,0x00,0x00,0x00,0x00,0x00,0x00,0x00,0x00,0x00,
	0x00,0x00,0x00,0x00,0x00,0x00,0x00,0x00,0x00,0x00,0x00,0x00,
	0x00,0x00,0x00,0x00,0x00,0x00,0x00,0x00,0x00,0x00,0x00,0x00,
	0x00,0x00,0x00,0x00,0x00,0x00,0x00,0x00,0x00,0x00,0x00,0x00,
	0x00,0x00,0x00,0x00,0x00,0x00,0x00,0x00,0x00,0x00,0x00,0x00,
	0x00,0x00,0x00,0x00,0x00,0x00,0x00,0x00,0x00,0x00,0x00,0x00,
	0x00,0x00,0x00,0x00,0x00,0x00,0x00,0x00,0x00,0x00,0x00,0x00,
	0x00,0x00,0x00,0x00,0x00,0x00,0x00,0x00,0x00,0x00,0x00,0x00,
	0x00,0x00,0x00,0x00,0x00,0x00,0x00,0x00,0x00,0x00,0x00,0x00,
	0x00,0x00,0x00,0x00,0x00,0x00,0x00,0x00,0x00,0x00,0x00,0x00,
	0x00,0x00,0x00,0x00,0x00,0x00,0x00,0x00,0x00,0x00,0x00,0x00,
	0x00,0x00,0x00,0x00,0x00,0x00,0x00,0x00,0x00,0x00,0x00,0x00,
	0x00,0x00,0x00,0x00,0x00,0x00,0x00,0x00,0x00,0x00,0x00,0x00,
	0x00,0x00,0x00,0x00,0x00,0x00,0x00,0x00,0x00,0x00,0x00,0x00,
	0x00,0x00,0x00,0x00,0x00,0x00,0x00,0x00,0x00,0x00,0x00,0x00,
	0x00,0x00,0x00,0x00,0x00,0x00,0x00,0x00,0x00,0x00,0x00,0x00,
	0x00,0x00,0x00,0x00,0x00,0x00,0x00,0x00,0x00,0x00,0x00,0x00,
	0x00,0x00,0x00,0x00,0x00,0x00,0x00,0x00,0x00,0x00,0x00,0x00,
	0x00,0x00,0x00,0x00,0x00,0x00,0x00,0x00,0x00,0x00,0x00,0x00,
	0x00,0x00,0x00,0x00,0x00,0x00,0x00,0x00,0x00,0x00,0x00,0x00,
	0x00,0x00,0x00,0x00,0x00,0x00,0x00,0x00,0x00,0x00,0x00,0x00,
	0x00,0x00,0x00,0x00,0x00,0x00,0x00,0x00,0x00,0x00,0x00,0x00,
	0x00,0x00,0x00,0x00,0x00,0x00,0x00,0x00,0x00,0x00,0x00,0x00,
	0x00,0x00,0x00,0x00,0x00,0x00,0x00,0x00,0x00,0x00,0x00,0x00,
	0x00,0x00,0x00,0x00,0x00,0x00,0x00,0x00,0x00,0x00,0x00,0x00,
	0x00,0x00,0x00,0x00,0x00,0x00,0x00,0x00,0x00,0x00,0x00,0x00,
	0x00,0x00,0x00,0x00,0x00,0x00,0x00,0x00,0x00,0x00,0x00,0x00,
	0x00,0x00,0x00,0x00,0x00,0x00,0x00,0x00,0x00,0x00,0x00,0x00,
	0x00,0x00,0x00,0x00,0x00,0x00,0x00,0x00,0x00,0x00,0x00,0x00,
	0x00,0x00,0x00,0x00,0x00,0x00,0x00,0x00,0x00,0x00,0x00,0x00,
	0x00,0x00,0x00,0x00,0x00,0x00,0x00,0x00,0x00,0x00,0x00,0x00,
	0x00,0x00,0x00,0x00,0x00,0x00,0x00,0x00,0x00,0x00,0x00,0x00,
	0x00,0x00,0x00,0x00,0x00,0x00,0x00,0x00,0x00,0x00,0x00,0x00,
	0x00,0x00,0x00,0x00,0x00,0x00,0x00,0x00,0x00,0x00,0x00,0x00,
	0x00,0x00,0x00,0x00,0x00,0x00,0x00,0x00,0x00,0x00,0x00,0x00,
	0x00,0x00,0x00,0x00,0x00,0x00,0x00,0x00,0x00,0x00,0x00,0x00,
	0x00,0x00,0x00,0x00,0x00,0x00,0x00,0x00,0x00,0x00,0x00,0x00,
	0x00,0x00,0x00,0x00,0x00,0x00,0x00,0x00,0x00,0x00,0x00,0x00,
	0x00,0x00,0x00,0x00,0x00,0x00,0x00,0x00,0x00,0x00,0x00,0x00,
	0x00,0x00,0x00,0x00,0x00,0x00,0x00,0x00,0x00,0x00,0x00,0x00,
	0x00,0x00,0x00,0x00,0x00,0x00,0x00,0x00,0x00,0x00,0x00,0x00,
	0x00,0x00,0x00,0x00,0x00,0x00,0x00,0x00,0x00,0x00,0x00,0x00,
	0x00,0x00,0x00,0x00,0x00,0x00,0x00,0x00,0x00,0x00,0x00,0x00,
	0x00,0x00,0x00,0x00,0x00,0x00,0x00,0x00,0x00,0x00,0x00,0x00,
	0x00,0x00,0x00,0x00,0x00,0x00,0x00,0x00,0x00,0x00,0x00,0x00,
	0x00,0x00,0x00,0x00,0x00,0x00,0x00,0x00,0x00,0x00,0x00,0x00,
	0x00,0x00,0x00,0x00,0x00,0x00,0x00,0x00,0x00,0x00,0x00,0x00,
	0x00,0x00,0x00,0x00,0x00,0x00,0x00,0x00,0x00,0x00,0x00,0x00,
	0x00,0x00,0x00,0x00,0x00,0x00,0x00,0x00,0x00,0x00,0x00,0x00,
	0x00,0x00,0x00,0x00,0x00,0x00,0x00,0x00,0x00,0x00,0x00,0x00,
	0x00,0x00,0x00,0x00,0x00,0x00,0x00,0x00,0x00,0x00,0x00,0x00,
	0x00,0x00,0x00,0x00,0x00,0x00,0x00,0x00,0x00,0x00,0x00,0x00,
	0x00,0x00,0x00,0x00,0x00,0x00,0x00,0x00,0x00,0x00,0x00,0x00,
	0x00,0x00,0x00,0x00,0x00,0x00,0x00,0x00,0x00,0x00,0x00,0x00,
	0x00,0x00,0x00,0x00,0x00,0x00,0x00,0x00,0x00,0x00,0x00,0x00,
	0x00,0x00,0x00,0x00,0x00,0x00,0x00,0x00,0x00,0x00,0x00,0x00,
	0x00,0x00,0x00,0x00,0x00,0x00,0x00,0x00,0x00,0x00,0x00,0x00,
	0x00,0x00,0x00,0x00,0x00,0x00,0x00,0x00,0x00,0x00,0x00,0x00,
	0x00,0x00,0x00,0x00,0x00,0x00,0x00,0x00,0x00,0x00,0x00,0x00,
	0x00,0x00,0x00,0x00,0x00,0x00,0x00,0x00,0x00,0x00,0x00,0x00,
	0x00,0x00,0x00,0x00,0x00,0x00,0x00,0x00,0x00,0x00,0x00,0x00,
	0x00,0x00,0x00,0x00,0x00,0x00,0x00,0x00,0x00,0x00,0x00,0x00,
	0x00,0x00,0x00,0x00,0x00,0x00,0x00,0x00,0x00,0x00,0x00,0x00,
	0x00,0x00,0x00,0x00,0x00,0x00,0x00,0x00,0x00,0x00,0x00,0x00,
	0x00,0x00,0x00,0x00,0x00,0x00,0x00,0x00,0x00,0x00,0x00,0x00,
	0x00,0x00,0x00,0x00,0x00,0x00,0x00,0x00,0x00,0x00,0x00,0x00,
	0x00,0x00,0x00,0x00,0x00,0x00,0x00,0x00,0x00,0x00,0x00,0x00,
	0x00,0x00,0x00,0x00,0x00,0x00,0x00,0x00,0x00,0x00,0x00,0x00,
	0x00,0x00,0x00,0x00,0x00,0x00,0x00,0x00,0x00,0x00,0x00,0x00,
	0x00,0x00,0x00,0x00,0x00,0x00,0x00,0x00,0x00,0x00,0x00,0x00,
	0x00,0x00,0x00,0x00,0x00,0x00,0x00,0x00,0x00,0x00,0x00,0x00,
	0x00,0x00,0x00,0x00,0x00,0x00,0x00,0x00,0x00,0x00,0x00,0x00,
	0x00,0x00,0x00,0x00,0x00,0x00,0x00,0x00,0x00,0x00,0x00,0x00,
	0x00,0x00,0x00,0x00,0x00,0x00,0x00,0x00,0x00,0x00,0x00,0x00,
	0x00,0x00,0x00,0x00,0x00,0x00,0x00,0x00,0x00,0x00,0x00,0x00,
	0x00,0x00,0x00,0x00,0x00,0x00,0x00,0x00,0x00,0x00,0x00,0x00,
	0x00,0x00,0x00,0x00,0x00,0x00,0x00,0x00,0x00,0x00,0x00,0x00,
	0x00,0x00,0x00,0x00,0x00,0x00,0x00,0x00,0x00,0x00,0x00,0x00,
	0x00,0x00,0x00,0x00,0x00,0x00,0x00,0x00,0x00,0x00,0x00,0x00,
	0x00,0x00,0x00,0x00,0x00,0x00,0x00,0x00,0x00,0x00,0x00,0x00,
	0x00,0x00,0x00,0x00,0x00,0x00,0x00,0x00,0x00,0x00,0x00,0x00,
	0x00,0x00,0x00,0x00,0x00,0x00,0x00,0x00,0x00,0x00,0x00,0x00,
	0x00,0x00,0x00,0x00,0x00,0x00,0x00,0x00,0x00,0x00,0x00,0x00,
	0x00,0x00,0x00,0x00,0x00,0x00,0x00,0x00,0x00,0x00,0x00,0x00,
	0x00,0x00,0x00,0x00,0x00,0x00,0x00,0x00,0x00,0x00,0x00,0x00,
	0x00,0x00,0x00,0x00,0x00,0x00,0x00,0x00,0x00,0x00,0x00,0x00,
	0x00,0x00,0x00,0x00,0x00,0x00,0x00,0x00,0x00,0x00,0x00,0x00,
	0x00,0x00,0x00,0x00,0x00,0x00,0x00,0x00,0x00,0x00,0x00,0x00,
	0x00,0x00,0x00,0x00,0x00,0x00,0x00,0x00,0x00,0x00,0x00,0x00,
	0x00,0x00,0x00,0x00,0x00,0x00,0x00,0x00,0x00,0x00,0x00,0x00,
	0x00,0x00,0x00,0x00,0x00,0x00,0x00,0x00,0x00,0x00,0x00,0x00,
	0x00,0x00,0x00,0x00,0x00,0x00,0x00,0x00,0x00,0x00,0x00,0x00,
	0x00,0x00,0x00,0x00,0x00,0x00,0x00,0x00,0x00,0x00,0x00,0x00,
	0x00,0x00,0x00,0x00,0x00,0x00,0x00,0x00,0x00,0x00,0x00,0x00,
	0x00,0x00,0x00,0x00,0x00,0x00,0x00,0x00,0x00,0x00,0x00,0x00,
	0x00,0x00,0x00,0x00,0x00,0x00,0x00,0x00,0x00,0x00,0x00,0x00,
	0x00,0x00,0x00,0x00,0x00,0x00,0x00,0x00,0x00,0x00,0x00,0x00,
	0x00,0x00,0x00,0x00,0x00,0x00,0x00,0x00,0x00,0x00,0x00,0x00,
	0x00,0x00,0x00,0x00,0x00,0x00,0x00,0x00,0x00,0x00,0x00,0x00,
	0x00,0x00,0x00,0x00,0x00,0x00,0x00,0x00,0x00,0x00,0x00,0x00,
	0x00,0x00,0x00,0x00,0x00,0x00,0x00,0x00,0x00,0x00,0x00,0x00,
	0x00,0x00,0x00,0x00,0x00,0x00,0x00,0x00,0x00,0x00,0x00,0x00,
	0x00,0x00,0x00,0x00,0x00,0x00,0x00,0x00,0x00,0x00,0x00,0x00,
	0x00,0x00,0x00,0x00,0x00,0x00,0x00,0x00,0x00,0x00,0x00,0x00,
	0x00,0x00,0x00,0x00,0x00,0x00,0x00,0x00,0x00,0x00,0x00,0x00,
	0x00,0x00,0x00,0x00,0x00,0x00,0x00,0x00,0x00,0x00,0x00,0x00,
	0x00,0x00,0x00,0x00,0x00,0x00,0x00,0x00,0x00,0x00,0x00,0x00,
	0x00,0x00,0x00,0x00,0x00,0x00,0x00,0x00,0x00,0x00,0x00,0x00,
	0x00,0x00,0x00,0x00,0x00,0x00,0x00,0x00,0x00,0x00,0x00,0x00,
	0x00,0x00,0x00,0x00,0x00,0x00,0x00,0x00,0x00,0x00,0x00,0x00,
	0x00,0x00,0x00,0x00,0x00,0x00,0x00,0x00,0x00,0x00,0x00,0x00,
	0x00,0x00,0x00,0x00,0x00,0x00,0x00,0x00,0x00,0x00,0x00,0x00,
	0x00,0x00,0x00,0x00,0x00,0x00,0x00,0x00,0x00,0x00,0x00,0x00,
	0x00,0x00,0x00,0x00,0x00,0x00,0x00,0x00,0x00,0x00,0x00,0x00,
	0x00,0x00,0x00,0x00,0x00,0x00,0x00,0x00,0x00,0x00,0x00,0x00,
	0x00,0x00,0x00,0x00,0x00,0x00,0x00,0x00,0x00,0x00,0x00,0x00,
	0x00,0x00,0x00,0x00,0x00,0x00,0x00,0x00,0x00,0x00,0x00,0x00,
	0x00,0x00,0x00,0x00,0x00,0x00,0x00,0x00,0x00,0x00,0x00,0x00,
	0x00,0x00,0x00,0x00,0x00,0x00,0x00,0x00,0x00,0x00,0x00,0x00,
	0x00,0x00,0x00,0x00,0x00,0x00,0x00,0x00,0x00,0x00,0x00,0x00,
	0x00,0x00,0x00,0x00,0x00,0x00,0x00,0x00,0x00,0x00,0x00,0x00,
	0x00,0x00,0x00,0x00,0x00,0x00,0x00,0x00,0x00,0x00,0x00,0x00,
	0x00,0x00,0x00,0x00,0x00,0x00,0x00,0x00,0x00,0x00,0x00,0x00,
	0x00,0x00,0x00,0x00,0x00,0xfb,0x80,0xfc,0x06,0x73,0x30,0x80,
	0xfc,0x01,0x77,0x30,0x1e,0x53,0xbb,0x40,0x00,0x8e,0xdb,0xb0,
	0x00,0xfa,0x74,0x0f,0x86,0x06,0x70,0x00,0x8b,0x16,0x6c,0x00,
	0x8b,0x0e,0x6e,0x00,0xeb,0x0c,0x90,0xa2,0x70,0x00,0x89,0x16,
	0x6c,0x00,0x89,0x0e,0x6e,0x00,0x5b,0x1f,0xf9,0xb4,0x00,0xfb,
	0xf5,0xca,0x02,0x00,0x8a,0xc4,0x98,0x48,0x48,0x74,0x42,0x48,
	0x74,0x24,0x48,0x74,0x50,0xe8,0x77,0x00,0x52,0xb8,0x09,0x32,
	0xb2,0x08,0xe8,0xae,0x00,0x5a,0x8a,0xe2,0xb0,0x07,0xe8,0xdb,
	0x00,0xb8,0x06,0x00,0xe8,0xd5,0x00,0xe8,0xad,0x00,0x24,0x7f,
	0xeb,0x43,0xe8,0x56,0x00,0x52,0xb8,0x02,0x04,0xb2,0x00,0xe8,
	0x8d,0x00,0x5a,0xe8,0x99,0x00,0x24,0x7f,0x0c,0x0a,0x80,0xe2,
	0x01,0x0a,0xc2,0xeb,0x28,0xe8,0x2f,0x00,0xb0,0x02,0xb9,0x04,
	0x00,0xe8,0x62,0x00,0xe8,0x80,0x00,0x24,0x01,0x8a,0xd0,0xeb,
	0x9b,0xe8,0x1b,0x00,0xb0,0x09,0xb9,0x32,0x08,0xe8,0x4e,0x00,
	0xb0,0x07,0xe8,0x70,0x00,0x8a,0xd0,0xeb,0x87,0xb4,0x0b,0x86,
	0xc4,0xe8,0x84,0x00,0xe9,0x7d,0xff,0xe8,0x29,0x00,0x75,0x01,
	0xc3,0x58,0x33,0xc0,0xe9,0x72,0xff,0x51,0xe8,0x1c,0x00,0x59,
	0x74,0x18,0xb8,0x0a,0x25,0x90,0xe8,0x67,0x00,0xb8,0x0b,0x8a,
	0xe8,0x61,0x00,0xb0,0x0c,0xe8,0x3d,0x00,0xb0,0x0d,0xe8,0x38,
	0x00,0x90,0xc3,0xb9,0x00,0x10,0xfb,0xb0,0x0a,0xfa,0xe8,0x2c,
	0x00,0xa8,0x80,0xe0,0xf5,0xc3,0xfa,0xe8,0x23,0x00,0x86,0xc1,
	0xe8,0x1e,0x00,0x86,0xc5,0xe8,0x19,0x00,0x86,0xc6,0xc3,0x86,
	0xe1,0xfa,0xe8,0x2f,0x00,0x91,0xe8,0x2b,0x00,0x92,0xe8,0x27,
	0x00,0x90,0xc3,0xb0,0x0b,0xe8,0x01,0x00,0xc3,0x9c,0xfa,0xd0,
	0xc0,0xf9,0xd0,0xd8,0xe6,0x70,0xeb,0x00,0xeb,0x00,0xe4,0x71,
	0x50,0xb0,0x1a,0xd0,0xd8,0xe6,0x70,0xeb,0x00,0xeb,0x00,0xe4,
	0x71,0x58,0x9d,0xc3,0x9c,0x50,0xfa,0xd0,0xc0,0xf9,0xd0,0xd8,
	0xe6,0x70,0xeb,0x00,0xeb,0x00,0x86,0xc4,0xe6,0x71,0xb0,0x1a,
	0xd0,0xd8,0xe6,0x70,0xeb,0x00,0xeb,0x00,0xe4,0x71,0x58,0x9d,
	0xc3,0xfb,0x1e,0x50,0xb8,0x00,0x00,0x8e,0xd8,0x50,0xa1,0x00,
	0x00,0xa1,0x02,0x00,0x58,0x05,0x00,0x10,0x3d,0x00,0xa0,0x75,
	0xee,0xb8,0x40,0x00,0x8e,0xd8,0x33,0xc0,0xf9,0x11,0x06,0x6c,
	0x00,0x11,0x06,0x6e,0x00,0x83,0x3e,0x6e,0x00,0x18,0x75,0x13,
	0x81,0x3e,0x6c,0x00,0xb0,0x00,0x75,0x0b,0xa3,0x6c,0x00,0xa3,
	0x6e,0x00,0xfe,0xc0,0xa2,0x70,0x00,0x52,0xfe,0x0e,0x40,0x00,
	0x75,0x0b,0xba,0xf2,0x03,0xb0,0x0c,0xee,0x80,0x26,0x3f,0x00,
	0xf0,0xcd,0x1c,0x5a,0xb0,0x20,0xe6,0x20,0x58,0x1f,0xcf,0x46,
	0xff,0x44,0x55,0x4c,0x54,0xff,0x50,0x42,0x51,0x52,0x4b,0x56,
	0x59,0x4a,0x47,0x48,0x43,0x4e,0x45,0x41,0xff,0x57,0x58,0x49,
	0x4f,0xff,0x53,0x4d,0xff,0xff,0x5a,0x66,0xff,0x64,0x75,0x6c,
	0x74,0xff,0x70,0x62,0x71,0x72,0x6b,0x76,0x79,0x6a,0x67,0x68,
	0x63,0x6e,0x65,0x61,0xff,0x77,0x78,0x69,0x6f,0xff,0x73,0x6d,
	0xff,0xff,0x7a,0xff,0xff,0xfb,0xfc,0x1e,0x50,0x51,0x52,0x53,
	0x55,0x56,0xbb,0x40,0x00,0x8e,0xdb,0x8b,0xec,0x83,0xec,0x02,
	0xfa,0xe4,0x60,0x50,0xe4,0x61,0x0c,0x80,0xe6,0x61,0x24,0x7f,
	0xe6,0x61,0x58,0xfb,0xf9,0xb4,0x4f,0xcd,0x15,0x73,0x0a,0x8a,
	0xe8,0xfb,0x3c,0xff,0x75,0x06,0xe9,0x2c,0x04,0xe9,0x2f,0x04,
	0xb1,0x00,0x8d,0x36,0x7c,0x92,0x8a,0xd0,0x25,0x7f,0x00,0xd1,
	0xe0,0xd1,0xe0,0x03,0xf0,0x33,0xc0,0x2e,0x8a,0x04,0x3c,0x00,
	0x74,0x5a,0xf6,0xc2,0x80,0x74,0x26,0x80,0xe2,0x7f,0x3c,0x05,
	0x74,0x05,0x80,0xfa,0x52,0x75,0x46,0x2e,0x8a,0x44,0x01,0xf6,
	0xd0,0x20,0x06,0x18,0x00,0x80,0xfa,0x54,0x75,0x37,0xb0,0x20,
	0xe6,0x20,0xb8,0x01,0x85,0xcd,0x15,0xeb,0x2c,0xf6,0x06,0x18,
	0x00,0x08,0x74,0x28,0x80,0xfa,0x45,0x74,0x23,0x80,0xfa,0x54,
	0x74,0x1e,0xf6,0x06,0x17,0x00,0x04,0x75,0x0f,0x80,0xfa,0x3a,
	0x74,0x12,0x80,0xfa,0x46,0x74,0x0d,0x80,0xfa,0x5b,0x74,0x08,
	0x80,0x26,0x18,0x00,0xf7,0xb8,0x08,0x00,0x8b,0xd8,0x83,0xfb,
	0x08,0x72,0x03,0xbb,0x08,0x00,0xd1,0xe3,0x2e,0xff,0xa7,0x89,
	0x8e,0x9b,0x8e,0xe2,0x8e,0x87,0x8f,0xd5,0x91,0x2f,0x91,0x10,
	0x90,0xaa,0x8f,0xb2,0x91,0x33,0x92,0x80,0xe2,0x7f,0x2e,0x8a,
	0x44,0x01,0xf6,0xc5,0x80,0x74,0x13,0xf6,0xd0,0x80,0xfa,0x5a,
	0x75,0x06,0x20,0x06,0x18,0x00,0xeb,0x15,0x20,0x06,0x17,0x00,
	0xeb,0x0f,0x80,0xfa,0x5a,0x75,0x06,0x08,0x06,0x18,0x00,0xeb,
	0x04,0x08,0x06,0x17,0x00,0x80,0xfd,0xb8,0x74,0x03,0xe9,0x62,
	0x03,0xa0,0x19,0x00,0x0a,0xc8,0x74,0xf6,0x33,0xc0,0x8a,0xe8,
	0xa2,0x19,0x00,0xe9,0x38,0x03,0x80,0xfd,0x39,0x75,0x05,0xb1,
	0x20,0xe9,0x95,0x00,0xf6,0x06,0x17,0x00,0x08,0x75,0xf6,0xf6,
	0x06,0x17,0x00,0x04,0x74,0x06,0x2e,0x8a,0x4c,0x03,0xeb,0xe9,
	0xa0,0x18,0x00,0x24,0x03,0x74,0x0a,0x3c,0x03,0x74,0x06,0x2e,
	0x8a,0x4c,0x02,0xeb,0x04,0x2e,0x8a,0x4c,0x01,0x80,0xf9,0xff,
	0x74,0x67,0xf6,0x06,0x17,0x00,0x40,0x74,0x0c,0x80,0xfa,0x35,
	0x75,0x04,0xfe,0xc9,0xeb,0x03,0x80,0xe9,0x20,0xf6,0x06,0x17,
	0x00,0x03,0x74,0x19,0x80,0xfa,0x35,0x75,0x05,0x80,0xf1,0x01,
	0xeb,0x0f,0xf6,0x06,0x17,0x00,0x40,0x74,0x05,0x80,0xc1,0x20,
	0xeb,0x03,0x80,0xe9,0x20,0x83,0x3e,0x98,0x00,0x00,0x74,0x2d,
	0x83,0x3e,0x98,0x00,0x01,0x75,0x0f,0x80,0xf9,0xe0,0x73,0x21,
	0x80,0xf9,0xb0,0x72,0x1c,0x80,0xe9,0x30,0xeb,0x17,0x83,0x3e,
	0x98,0x00,0x02,0x75,0x10,0x8a,0xc1,0x3c,0xb0,0x72,0x0a,0x2c,
	0xb0,0x8d,0x1e,0x8b,0x8d,0x2e,0xd7,0x8a,0xc8,0xe9,0x8c,0x02,
	0xe9,0xac,0x02,0xf6,0x06,0x17,0x00,0x08,0x75,0xf6,0x2e,0x8a,
	0x4c,0x03,0xf6,0x06,0x17,0x00,0x04,0x75,0x0f,0x2e,0x8a,0x4c,
	0x02,0xf6,0x06,0x17,0x00,0x03,0x75,0x04,0x2e,0x8a,0x4c,0x01,
	0xeb,0xa3,0xf6,0x06,0x17,0x00,0x08,0x75,0x54,0xf6,0x06,0x17,
	0x00,0x04,0x75,0x1e,0xf6,0x06,0x18,0x00,0x01,0x74,0x06,0x2e,
	0x8a,0x4c,0x03,0xeb,0x48,0x2e,0x8a,0x4c,0x01,0xf6,0x06,0x17,
	0x00,0x03,0x74,0x3d,0x2e,0x8a,0x4c,0x02,0xeb,0x37,0x2e,0x8a,
	0x4c,0x01,0x80,0xfd,0x03,0x74,0x1c,0x80,0xfd,0x04,0x74,0x17,
	0x80,0xfd,0x07,0x74,0x12,0x80,0xfd,0x0b,0x74,0x0d,0x80,0xfd,
	0x0c,0x74,0x08,0x80,0xfd,0x09,0x74,0x07,0xe9,0x38,0x02,0x2e,
	0x8a,0x4c,0x03,0x80,0xe9,0x40,0xeb,0x09,0x90,0x80,0xfd,0x0d,
	0x7f,0xee,0x80,0xc5,0x76,0xe9,0x00,0x02,0x2e,0x8a,0x44,0x01,
	0x84,0x06,0x18,0x00,0x74,0x0c,0x80,0xfd,0x46,0x75,0x2d,0xf6,
	0x06,0x17,0x00,0x04,0x74,0x26,0x08,0x06,0x18,0x00,0x80,0xfd,
	0x54,0x75,0x0c,0xb0,0x20,0xe6,0x20,0xb8,0x00,0x85,0xcd,0x15,
	0xe9,0xfd,0x01,0x80,0xfd,0x3a,0x75,0x0f,0xf6,0x06,0x17,0x00,
	0x04,0x75,0x05,0x80,0x36,0x17,0x00,0x40,0xe9,0xe4,0x01,0x80,
	0xfd,0x5b,0x75,0x07,0x80,0x36,0x18,0x00,0x02,0xeb,0xf1,0x80,
	0xfd,0x45,0x75,0x36,0xf6,0x06,0x17,0x00,0x04,0x74,0x28,0xf6,
	0x06,0x18,0x00,0x08,0x75,0x51,0x80,0x0e,0x18,0x00,0x08,0xb0,
	0x20,0xe6,0x20,0x80,0x3e,0x49,0x00,0x07,0x7d,0x07,0xa0,0x65,
	0x00,0xba,0xd8,0x03,0xee,0xf6,0x06,0x18,0x00,0x08,0x75,0xf9,
	0xe9,0xa9,0x01,0x80,0x36,0x17,0x00,0x20,0xeb,0x29,0x80,0xfd,
	0x46,0x75,0x27,0xf6,0x06,0x17,0x00,0x04,0x74,0x18,0x8b,0x1e,
	0x80,0x00,0x89,0x1e,0x1a,0x00,0x89,0x1e,0x1c,0x00,0xc6,0x06,
	0x71,0x00,0x80,0xcd,0x1b,0xb5,0x00,0xe9,0x56,0x01,0x80,0x36,
	0x17,0x00,0x10,0xe9,0x71,0x01,0x80,0xfd,0x53,0x75,0x3b,0xf6,
	0x06,0x17,0x00,0x08,0x74,0x10,0xf6,0x06,0x17,0x00,0x04,0x74,
	0xea,0xc7,0x06,0x72,0x00,0x34,0x12,0xe9,0x7d,0x4f,0xf6,0x06,
	0x17,0x00,0x04,0x75,0xda,0xf6,0x06,0x17,0x00,0x20,0x74,0x0c,
	0xf6,0x06,0x17,0x00,0x03,0x75,0x0c,0xb1,0x2e,0xe9,0x18,0x01,
	0xf6,0x06,0x17,0x00,0x03,0x75,0xf4,0xe9,0x0e,0x01,0x80,0xfd,
	0x37,0x75,0xf8,0xf6,0x06,0x17,0x00,0x08,0x75,0xb1,0xf6,0x06,
	0x17,0x00,0x04,0x75,0x10,0xf6,0x06,0x17,0x00,0x03,0x74,0x0e,
	0xb0,0x20,0xe6,0x20,0xcd,0x05,0xe9,0x13,0x01,0xb5,0x72,0xe9,
	0xe6,0x00,0xb1,0x2a,0xe9,0xe1,0x00,0xf6,0x06,0x17,0x00,0x08,
	0x74,0x32,0xf6,0x06,0x17,0x00,0x04,0x74,0x15,0x80,0xfd,0x49,
	0x75,0x04,0xb0,0x00,0xeb,0x07,0x80,0xfd,0x51,0x75,0x07,0xb0,
	0x80,0xe6,0xe0,0xe9,0xe1,0x00,0xa0,0x19,0x00,0xb3,0x0a,0xf6,
	0xe3,0x2e,0x8a,0x5c,0x02,0x80,0xeb,0x30,0x02,0xc3,0xa2,0x19,
	0x00,0xe9,0xcb,0x00,0xf6,0x06,0x17,0x00,0x04,0x74,0x07,0x2e,
	0x8a,0x6c,0x03,0xe9,0x9a,0x00,0xf6,0x06,0x17,0x00,0x20,0x74,
	0x0f,0xf6,0x06,0x17,0x00,0x03,0x75,0x0f,0x2e,0x8a,0x4c,0x02,
	0xe9,0x85,0x00,0x90,0xf6,0x06,0x17,0x00,0x03,0x75,0xf1,0x80,
	0xfd,0x4c,0x74,0xcd,0x80,0xfd,0x52,0x75,0x73,0x2e,0x8a,0x44,
	0x01,0x84,0x06,0x18,0x00,0x75,0xbe,0x08,0x06,0x18,0x00,0x80,
	0x36,0x17,0x00,0x80,0xeb,0x5e,0x80,0xc5,0x34,0xf6,0x06,0x17,
	0x00,0x08,0x75,0x54,0x80,0xed,0x02,0xf6,0x06,0x17,0x00,0x04,
	0x75,0x4a,0x80,0xed,0x02,0xf6,0x06,0x17,0x00,0x03,0x75,0x40,
	0x80,0xed,0x02,0xeb,0x3b,0xf6,0x06,0x18,0x00,0x01,0x74,0x12,
	0x80,0xfd,0x3e,0x73,0x0d,0x80,0xed,0x3b,0xb8,0x02,0x11,0x8a,
	0xdd,0xcd,0x10,0xeb,0x46,0x90,0xf6,0x06,0x17,0x00,0x08,0x74,
	0x05,0x80,0xc5,0x2d,0xeb,0x16,0xf6,0x06,0x17,0x00,0x04,0x74,
	0x05,0x80,0xc5,0x23,0xeb,0x0a,0xf6,0x06,0x17,0x00,0x03,0x74,
	0x03,0x80,0xc5,0x19,0x80,0xfd,0xff,0x74,0x1e,0x80,0xf9,0xff,
	0x74,0x19,0xe8,0x26,0x00,0x74,0x0e,0xfa,0xb0,0x20,0xe6,0x20,
	0xb8,0x02,0x91,0x8b,0xe5,0xcd,0x15,0xeb,0x0c,0xb9,0x00,0x50,
	0xe8,0x2f,0x00,0xfa,0xb0,0x20,0xe6,0x20,0xfa,0x8b,0xe5,0x5e,
	0x5d,0x5b,0x5a,0x59,0x58,0x1f,0xcf,0xa1,0x1c,0x00,0x05,0x02,
	0x00,0x3b,0x06,0x82,0x00,0x75,0x03,0xa1,0x80,0x00,0x3b,0x06,
	0x1a,0x00,0x74,0x09,0x8b,0x36,0x1c,0x00,0x89,0x0c,0xa3,0x1c,
	0x00,0xc3,0xba,0x61,0x00,0xec,0xeb,0x00,0xeb,0x00,0x8a,0xe0,
	0x0c,0x03,0xee,0xe2,0xfe,0x24,0xfd,0xee,0xeb,0x00,0xeb,0x00,
	0x8a,0xc4,0xee,0xc3,0x00,0x00,0x00,0x00,0x02,0x1b,0x1b,0x1b,
	0x06,0x29,0x31,0x26,0x06,0x2d,0x32,0x40,0x06,0x2f,0x33,0x5e,
	0x06,0x22,0x34,0x7b,0x06,0x3a,0x35,0x7d,0x06,0x2c,0x36,0x5c,
	0x06,0x2e,0x37,0x3c,0x06,0x5f,0x38,0x3e,0x06,0x3f,0x39,0x7c,
	0x06,0x25,0x30,0x5b,0x06,0x21,0x3d,0x5d,0x06,0x3b,0x24,0x60,
	0x02,0x08,0x08,0x7f,0x02,0x09,0x00,0xff,0x01,0x71,0xd9,0x11,
	0x01,0x77,0xe6,0x17,0x01,0x65,0xe3,0x05,0x01,0x72,0xda,0x12,
	0x01,0x74,0xd5,0x14,0x01,0x79,0xdd,0x19,0x01,0x75,0xd3,0x15,
	0x01,0x69,0xe8,0x09,0x01,0x6f,0xe9,0x0f,0x01,0x70,0xd7,0x10,
	0x01,0xff,0xe5,0x1b,0x01,0xff,0xea,0x1d,0x02,0x0d,0x0d,0x0a,
	0x00,0x04,0xff,0xff,0x01,0x61,0xe4,0x01,0x01,0x73,0xeb,0x13,
	0x01,0x64,0xd2,0x04,0x01,0x66,0xd0,0x06,0x01,0x67,0xdf,0x07,
	0x01,0x68,0xe0,0x08,0x01,0x6a,0xde,0x0a,0x01,0x6b,0xdb,0x0b,
	0x01,0x6c,0xd4,0x0c,0x01,0xff,0xd6,0xff,0x01,0xff,0xed,0xff,
	0x06,0x2a,0x23,0x7e,0x00,0x02,0xff,0xff,0x06,0x28,0x2b,0x27,
	0x01,0x7a,0xef,0x1a,0x01,0x78,0xe7,0x18,0x01,0x63,0xe1,0x03,
	0x01,0x76,0xdc,0x16,0x01,0x62,0xd8,0x02,0x01,0x6e,0xe2,0x0e,
	0x01,0x6d,0xec,0x0d,0x01,0xff,0xd1,0xff,0x01,0xff,0xee,0xff,
	0x01,0xff,0xf1,0xff,0x00,0x01,0xff,0xff,0x05,0x00,0xff,0xff,
	0x00,0x08,0xff,0xff,0x01,0x20,0x20,0x20,0x05,0x40,0xff,0xff,
	0x03,0xff,0xff,0xff,0x03,0xff,0xff,0xff,0x03,0xff,0xff,0xff,
	0x03,0xff,0xff,0xff,0x03,0xff,0xff,0xff,0x03,0xff,0xff,0xff,
	0x03,0xff,0xff,0xff,0x03,0xff,0xff,0xff,0x03,0xff,0xff,0xff,
	0x03,0xff,0xff,0xff,0x05,0x20,0xff,0xff,0x05,0x10,0xff,0xff,
	0x04,0x01,0x37,0x77,0x04,0x01,0x38,0x8d,0x04,0x01,0x39,0x84,
	0x02,0x2d,0x2d,0xff,0x04,0x01,0x34,0x73,0x04,0x01,0x35,0x8f,
	0x04,0x01,0x36,0x74,0x02,0x2b,0x2b,0xff,0x04,0x01,0x31,0x75,
	0x04,0x01,0x32,0x91,0x04,0x01,0x33,0x76,0x04,0x80,0x30,0x92,
	0x05,0x00,0xff,0x93,0x05,0x04,0xff,0xff,0x09,0xff,0xff,0xff,
	0x09,0xff,0xff,0xff,0x07,0xff,0xff,0xff,0x07,0xff,0xff,0xff,
	0x09,0xff,0xff,0xff,0x00,0x01,0xff,0xff,0x05,0x04,0xff,0xff,
	0x00,0x00,0x00,0x00,0x00,0x00,0x00,0x00,0x00,0x00,0x00,0x00,
	0x00,0x00,0x00,0x00,0x00,0x00,0x00,0x00,0x00,0x00,0x00,0x00,
	0x00,0x00,0x00,0x00,0x7e,0x81,0xa5,0x81,0xbd,0x99,0x81,0x7e,
	0x7e,0xff,0xdb,0xff,0xc3,0xe7,0xff,0x7e,0x6c,0xfe,0xfe,0xfe,
	0x7c,0x38,0x10,0x00,0x10,0x38,0x7c,0xfe,0x7c,0x38,0x10,0x00,
	0x38,0x7c,0x38,0xfe,0xfe,0xd6,0x10,0x38,0x10,0x38,0x7c,0xfe,
	0xfe,0x7c,0x10,0x38,0x00,0x00,0x18,0x3c,0x3c,0x18,0x00,0x00,
	0xff,0xff,0xe7,0xc3,0xc3,0xe7,0xff,0xff,0x00,0x3c,0x66,0x42,
	0x42,0x66,0x3c,0x00,0xff,0xc3,0x99,0xbd,0xbd,0x99,0xc3,0xff,
	0x0f,0x03,0x05,0x7d,0x84,0x84,0x84,0x78,0x3c,0x42,0x42,0x42,
	0x3c,0x18,0x7e,0x18,0x1f,0x11,0x10,0x10,0x10,0xf0,0xe0,0xc0,
	0x3f,0x21,0x3f,0x21,0x23,0x67,0xe6,0xc0,0x18,0xdb,0x3c,0xe7,
	0xe7,0x3c,0xdb,0x18,0x80,0xe0,0xf8,0xfe,0xf8,0xe0,0x80,0x00,
	0x02,0x0e,0x3e,0xfe,0x3e,0x0e,0x02,0x00,0x18,0x3c,0x7e,0x18,
	0x18,0x7e,0x3c,0x18,0x24,0x24,0x24,0x24,0x24,0x00,0x24,0x00,
	0x7f,0x92,0x92,0x72,0x12,0x12,0x12,0x00,0x3e,0xc1,0x3c,0x42,
	0x42,0x3c,0x86,0x7c,0x00,0x00,0x00,0x00,0x7e,0x7e,0x7e,0x00,
	0x18,0x3c,0x7e,0x18,0x7e,0x3c,0x18,0xff,0x10,0x38,0x7c,0x54,
	0x10,0x10,0x10,0x00,0x10,0x10,0x10,0x54,0x7c,0x38,0x10,0x00,
	0x00,0x18,0x0c,0xfe,0x0c,0x18,0x00,0x00,0x00,0x30,0x60,0xfe,
	0x60,0x30,0x00,0x00,0x00,0x00,0x40,0x40,0x40,0x7e,0x00,0x00,
	0x00,0x24,0x66,0xff,0x66,0x24,0x00,0x00,0x00,0x10,0x10,0x38,
	0x7c,0xfe,0x00,0x00,0x00,0xfe,0x7c,0x38,0x10,0x10,0x00,0x00,
	0x00,0x00,0x00,0x00,0x00,0x00,0x00,0x00,0x10,0x38,0x38,0x10,
	0x10,0x00,0x10,0x00,0x24,0x24,0x24,0x00,0x00,0x00,0x00,0x00,
	0x24,0x24,0x7e,0x24,0x7e,0x24,0x24,0x00,0x18,0x3e,0x40,0x3c,
	0x02,0x7c,0x18,0x00,0x00,0x62,0x64,0x08,0x10,0x26,0x46,0x00,
	0x30,0x48,0x30,0x56,0x88,0x88,0x76,0x00,0x10,0x10,0x20,0x00,
	0x00,0x00,0x00,0x00,0x10,0x20,0x40,0x40,0x40,0x20,0x10,0x00,
	0x20,0x10,0x08,0x08,0x08,0x10,0x20,0x00,0x00,0x44,0x38,0xfe,
	0x38,0x44,0x00,0x00,0x00,0x10,0x10,0x7c,0x10,0x10,0x00,0x00,
	0x00,0x00,0x00,0x00,0x00,0x10,0x10,0x20,0x00,0x00,0x00,0x7e,
	0x00,0x00,0x00,0x00,0x00,0x00,0x00,0x00,0x00,0x10,0x10,0x00,
	0x00,0x02,0x04,0x08,0x10,0x20,0x40,0x00,0x3c,0x42,0x46,0x4a,
	0x52,0x62,0x3c,0x00,0x10,0x30,0x50,0x10,0x10,0x10,0x7c,0x00,
	0x3c,0x42,0x02,0x0c,0x30,0x42,0x7e,0x00,0x3c,0x42,0x02,0x1c,
	0x02,0x42,0x3c,0x00,0x08,0x18,0x28,0x48,0xfe,0x08,0x1c,0x00,
	0x7e,0x40,0x7c,0x02,0x02,0x42,0x3c,0x00,0x1c,0x20,0x40,0x7c,
	0x42,0x42,0x3c,0x00,0x7e,0x42,0x04,0x08,0x10,0x10,0x10,0x00,
	0x3c,0x42,0x42,0x3c,0x42,0x42,0x3c,0x00,0x3c,0x42,0x42,0x3e,
	0x02,0x04,0x38,0x00,0x00,0x10,0x10,0x00,0x00,0x10,0x10,0x00,
	0x00,0x10,0x10,0x00,0x00,0x10,0x10,0x20,0x08,0x10,0x20,0x40,
	0x20,0x10,0x08,0x00,0x00,0x00,0x7e,0x00,0x00,0x7e,0x00,0x00,
	0x10,0x08,0x04,0x02,0x04,0x08,0x10,0x00,0x3c,0x42,0x02,0x04,
	0x08,0x00,0x08,0x00,0x3c,0x42,0x5e,0x52,0x5e,0x40,0x3c,0x00,
	0x18,0x24,0x42,0x42,0x7e,0x42,0x42,0x00,0x7c,0x22,0x22,0x3c,
	0x22,0x22,0x7c,0x00,0x1c,0x22,0x40,0x40,0x40,0x22,0x1c,0x00,
	0x78,0x24,0x22,0x22,0x22,0x24,0x78,0x00,0x7e,0x22,0x28,0x38,
	0x28,0x22,0x7e,0x00,0x7e,0x22,0x28,0x38,0x28,0x20,0x70,0x00,
	0x1c,0x22,0x40,0x40,0x4e,0x22,0x1e,0x00,0x42,0x42,0x42,0x7e,
	0x42,0x42,0x42,0x00,0x38,0x10,0x10,0x10,0x10,0x10,0x38,0x00,
	0x0e,0x04,0x04,0x04,0x44,0x44,0x38,0x00,0x62,0x24,0x28,0x30,
	0x28,0x24,0x63,0x00,0x70,0x20,0x20,0x20,0x20,0x22,0x7e,0x00,
	0x41,0x63,0x55,0x49,0x41,0x41,0x41,0x00,0x42,0x62,0x52,0x4a,
	0x46,0x42,0x42,0x00,0x18,0x24,0x42,0x42,0x42,0x24,0x18,0x00,
	0x7c,0x22,0x22,0x3c,0x20,0x20,0x70,0x00,0x3c,0x42,0x42,0x42,
	0x4a,0x3c,0x03,0x00,0x7c,0x22,0x22,0x3c,0x28,0x24,0x72,0x00,
	0x3c,0x42,0x40,0x3c,0x02,0x42,0x3c,0x00,0x7f,0x49,0x08,0x08,
	0x08,0x08,0x1c,0x00,0x42,0x42,0x42,0x42,0x42,0x42,0x3c,0x00,
	0x41,0x41,0x41,0x41,0x22,0x14,0x08,0x00,0x41,0x41,0x41,0x49,
	0x49,0x49,0x36,0x00,0x41,0x22,0x14,0x08,0x14,0x22,0x41,0x00,
	0x41,0x22,0x14,0x08,0x08,0x08,0x1c,0x00,0x7f,0x42,0x04,0x08,
	0x10,0x21,0x7f,0x00,0x78,0x40,0x40,0x40,0x40,0x40,0x78,0x00,
	0x80,0x40,0x20,0x10,0x08,0x04,0x02,0x00,0x78,0x08,0x08,0x08,
	0x08,0x08,0x78,0x00,0x10,0x28,0x44,0x82,0x00,0x00,0x00,0x00,
	0x00,0x00,0x00,0x00,0x00,0x00,0x00,0xff,0x10,0x10,0x08,0x00,
	0x00,0x00,0x00,0x00,0x00,0x00,0x3c,0x02,0x3e,0x42,0x3d,0x00,
	0x60,0x20,0x20,0x2e,0x31,0x31,0x2e,0x00,0x00,0x00,0x3c,0x42,
	0x40,0x42,0x3c,0x00,0x06,0x02,0x02,0x3a,0x46,0x46,0x3b,0x00,
	0x00,0x00,0x3c,0x42,0x7e,0x40,0x3c,0x00,0x0c,0x12,0x10,0x38,
	0x10,0x10,0x38,0x00,0x00,0x00,0x3d,0x42,0x42,0x3e,0x02,0x7c,
	0x60,0x20,0x2c,0x32,0x22,0x22,0x62,0x00,0x10,0x00,0x30,0x10,
	0x10,0x10,0x38,0x00,0x02,0x00,0x06,0x02,0x02,0x42,0x42,0x3c,
	0x60,0x20,0x24,0x28,0x30,0x28,0x26,0x00,0x30,0x10,0x10,0x10,
	0x10,0x10,0x38,0x00,0x00,0x00,0x76,0x49,0x49,0x49,0x49,0x00,
	0x00,0x00,0x5c,0x62,0x42,0x42,0x42,0x00,0x00,0x00,0x3c,0x42,
	0x42,0x42,0x3c,0x00,0x00,0x00,0x6c,0x32,0x32,0x2c,0x20,0x70,
	0x00,0x00,0x36,0x4c,0x4c,0x34,0x04,0x0e,0x00,0x00,0x6c,0x32,
	0x22,0x20,0x70,0x00,0x00,0x00,0x3e,0x40,0x3c,0x02,0x7c,0x00,
	0x10,0x10,0x7c,0x10,0x10,0x12,0x0c,0x00,0x00,0x00,0x42,0x42,
	0x42,0x46,0x3a,0x00,0x00,0x00,0x41,0x41,0x22,0x14,0x08,0x00,
	0x00,0x00,0x41,0x49,0x49,0x49,0x36,0x00,0x00,0x00,0x44,0x28,
	0x10,0x28,0x44,0x00,0x00,0x00,0x42,0x42,0x42,0x3e,0x02,0x7c,
	0x00,0x00,0x7c,0x08,0x10,0x20,0x7c,0x00,0x0c,0x10,0x10,0x60,
	0x10,0x10,0x0c,0x00,0x10,0x10,0x10,0x00,0x10,0x10,0x10,0x00,
	0x30,0x08,0x08,0x06,0x08,0x08,0x30,0x00,0x32,0x4c,0x00,0x00,
	0x00,0x00,0x00,0x00,0x00,0x08,0x08,0x14,0x22,0x41,0x7f,0x00,
	0x08,0x08,0xff,0x00,0xff,0x00,0x00,0x00,0x24,0x24,0x24,0xff,
	0x00,0x00,0x00,0x00,0x00,0x00,0xff,0x00,0xff,0x08,0x08,0x08,
	0x08,0x08,0xf8,0x08,0xf8,0x08,0x08,0x08,0x24,0x24,0x24,0xe4,
	0x24,0x24,0x24,0x24,0x00,0x00,0x00,0xfc,0x24,0x24,0x24,0x24,
	0x00,0x00,0xf8,0x08,0xf8,0x08,0x08,0x08,0x00,0x00,0x00,0xff,
	0x24,0x24,0x24,0x24,0x24,0x24,0x24,0xff,0x00,0x00,0x00,0x00,
	0x08,0x08,0x0f,0x08,0x0f,0x00,0x00,0x00,0x00,0x00,0x0f,0x08,
	0x0f,0x08,0x08,0x08,0x24,0x24,0x24,0xfc,0x00,0x00,0x00,0x00,
	0x08,0x08,0xf8,0x08,0xf8,0x00,0x00,0x00,0x08,0x08,0x0f,0x08,
	0x0f,0x08,0x08,0x08,0x24,0x24,0x24,0x27,0x24,0x24,0x24,0x24,
	0x00,0x00,0x00,0x3f,0x24,0x24,0x24,0x24,0x00,0x00,0x3f,0x20,
	0x27,0x24,0x24,0x24,0x00,0x00,0xfc,0x04,0xe4,0x24,0x24,0x24,
	0x24,0x24,0xe4,0x04,0xfc,0x00,0x00,0x00,0x24,0x24,0x27,0x20,
	0x3f,0x00,0x00,0x00,0x00,0x00,0xff,0x00,0xff,0x00,0x00,0x00,
	0x24,0x24,0x24,0x24,0x24,0x24,0x24,0x24,0x00,0x00,0xff,0x00,
	0xe7,0x24,0x24,0x24,0x24,0x24,0xe4,0x04,0xe4,0x24,0x24,0x24,
	0x24,0x24,0xe7,0x00,0xff,0x00,0x00,0x00,0x24,0x24,0x27,0x20,
	0x27,0x24,0x24,0x24,0x24,0x24,0xe7,0x00,0xe7,0x24,0x24,0x24,
	0x22,0x88,0x22,0x88,0x22,0x88,0x22,0x88,0x55,0xaa,0x55,0xaa,
	0x55,0xaa,0x55,0xaa,0xdb,0x77,0xdb,0xee,0xdb,0x77,0xdb,0xee,
	0x24,0x24,0x24,0xe7,0x24,0x24,0x24,0x24,0x08,0x08,0xff,0x00,
	0xff,0x08,0x08,0x08,0x00,0x00,0x00,0x0f,0x08,0x08,0x08,0x08,
	0x00,0x00,0x00,0xf8,0x08,0x08,0x08,0x08,0x08,0x08,0x08,0xf8,
	0x00,0x00,0x00,0x00,0x08,0x08,0x08,0x0f,0x00,0x00,0x00,0x00,
	0x00,0x00,0x00,0xff,0x00,0x00,0x00,0x00,0x08,0x08,0x08,0x08,
	0x08,0x08,0x08,0x08,0x00,0x00,0x00,0xff,0x08,0x08,0x08,0x08,
	0x08,0x08,0x08,0xf8,0x08,0x08,0x08,0x08,0x08,0x08,0x08,0xff,
	0x00,0x00,0x00,0x00,0x08,0x08,0x08,0x0f,0x08,0x08,0x08,0x08,
	0x08,0x08,0x08,0xff,0x08,0x08,0x08,0x08,0xff,0xff,0xff,0xff,
	0xff,0xff,0xff,0xff,0x00,0x00,0x00,0x00,0xff,0xff,0xff,0xff,
	0xf0,0xf0,0xf0,0xf0,0xf0,0xf0,0xf0,0xf0,0x0f,0x0f,0x0f,0x0f,
	0x0f,0x0f,0x0f,0x0f,0xff,0xff,0xff,0xff,0x00,0x00,0x00,0x00,
	0x0e,0x12,0x22,0x42,0x7e,0x42,0x42,0x00,0x7c,0x40,0x40,0x7c,
	0x42,0x42,0x7c,0x00,0x7c,0x42,0x42,0x7c,0x42,0x42,0x7c,0x00,
	0x7e,0x40,0x40,0x40,0x40,0x40,0x40,0x00,0x18,0x24,0x24,0x24,
	0x24,0x24,0x7e,0x42,0x7e,0x40,0x40,0x7c,0x40,0x40,0x7e,0x00,
	0x49,0x49,0x2a,0x08,0x2a,0x49,0x49,0x00,0x3c,0x42,0x02,0x1c,
	0x02,0x42,0x3c,0x00,0x42,0x42,0x46,0x4a,0x52,0x62,0x42,0x00,
	0x18,0x42,0x46,0x4a,0x52,0x62,0x42,0x00,0x42,0x44,0x48,0x70,
	0x48,0x44,0x42,0x00,0x1e,0x22,0x42,0x42,0x42,0x42,0x42,0x00,
	0x41,0x63,0x55,0x49,0x41,0x41,0x41,0x00,0x42,0x42,0x42,0x7e,
	0x42,0x42,0x42,0x00,0x3c,0x42,0x42,0x42,0x42,0x42,0x3c,0x00,
	0x7e,0x42,0x42,0x42,0x42,0x42,0x42,0x00,0x7c,0x42,0x42,0x42,
	0x7c,0x40,0x40,0x00,0x3c,0x42,0x40,0x40,0x40,0x42,0x3c,0x00,
	0x7f,0x08,0x08,0x08,0x08,0x08,0x08,0x00,0x42,0x42,0x42,0x3e,
	0x02,0x42,0x3c,0x00,0x3e,0x49,0x49,0x49,0x3e,0x08,0x08,0x00,
	0x42,0x42,0x24,0x18,0x24,0x42,0x42,0x00,0x42,0x42,0x42,0x42,
	0x42,0x42,0x7f,0x01,0x42,0x42,0x42,0x3e,0x02,0x02,0x02,0x00,
	0x49,0x49,0x49,0x49,0x49,0x49,0x7f,0x00,0x92,0x92,0x92,0x92,
	0x92,0x92,0xff,0x01,0x60,0x20,0x20,0x3e,0x21,0x21,0x3e,0x00,
	0x41,0x41,0x41,0x79,0x45,0x45,0x79,0x00,0x40,0x40,0x40,0x7c,
	0x42,0x42,0x7c,0x00,0x78,0x04,0x02,0x3e,0x02,0x04,0x78,0x00,
	0x8e,0x91,0x91,0xf1,0x91,0x91,0x8e,0x00,0x3e,0x42,0x42,0x42,
	0x3e,0x22,0x42,0x00,0x00,0x00,0x3c,0x02,0x3e,0x42,0x3d,0x00,
	0x00,0x3c,0x40,0x3c,0x42,0x42,0x3c,0x00,0x00,0x3c,0x42,0x7c,
	0x42,0x42,0x7c,0x00,0x00,0x00,0x7e,0x40,0x40,0x40,0x40,0x00,
	0x00,0x00,0x1e,0x22,0x22,0x22,0x7f,0x41,0x00,0x00,0x3c,0x42,
	0x7e,0x40,0x3c,0x00,0x00,0x00,0x49,0x2a,0x08,0x2a,0x49,0x00,
	0x00,0x00,0x3c,0x42,0x04,0x42,0x3c,0x00,0x00,0x00,0x42,0x46,
	0x4a,0x52,0x62,0x00,0x00,0x18,0x42,0x46,0x4a,0x52,0x62,0x00,
	0x00,0x00,0x42,0x44,0x78,0x44,0x42,0x00,0x00,0x00,0x1e,0x22,
	0x42,0x42,0x42,0x00,0x00,0x00,0x41,0x63,0x55,0x49,0x41,0x00,
	0x00,0x00,0x42,0x42,0x7e,0x42,0x42,0x00,0x00,0x00,0x3c,0x42,
	0x42,0x42,0x3c,0x00,0x00,0x00,0x7e,0x42,0x42,0x42,0x42,0x00,
	0x00,0x00,0x7c,0x42,0x42,0x7c,0x40,0x00,0x00,0x00,0x3c,0x42,
	0x40,0x42,0x3c,0x00,0x00,0x00,0x7f,0x08,0x08,0x08,0x08,0x00,
	0x00,0x00,0x42,0x42,0x3e,0x02,0x3c,0x00,0x00,0x00,0x3e,0x49,
	0x49,0x3e,0x08,0x00,0x00,0x00,0x42,0x24,0x18,0x24,0x42,0x00,
	0x00,0x00,0x42,0x42,0x42,0x42,0x7f,0x01,0x00,0x00,0x42,0x42,
	0x3e,0x02,0x02,0x00,0x00,0x00,0x49,0x49,0x49,0x49,0x7f,0x00,
	0x00,0x00,0x49,0x49,0x49,0x49,0x7f,0x01,0x00,0x00,0x60,0x20,
	0x3c,0x22,0x3c,0x00,0x00,0x00,0x42,0x42,0x72,0x4a,0x72,0x00,
	0x00,0x00,0x20,0x20,0x3c,0x22,0x3c,0x00,0x00,0x00,0x7c,0x02,
	0x3e,0x02,0x7c,0x00,0x00,0x00,0x4e,0x51,0x71,0x51,0x4e,0x00,
	0x00,0x00,0x3e,0x42,0x3e,0x22,0x42,0x00,0x24,0x7e,0x40,0x7c,
	0x40,0x40,0x7e,0x00,0x00,0x42,0x3c,0x42,0x7e,0x40,0x3c,0x00,
	0x00,0x00,0x00,0x00,0x01,0x02,0x04,0x08,0x00,0x00,0x00,0x00,
	0x80,0x40,0x20,0x10,0x10,0x20,0x40,0x80,0x00,0x00,0x00,0x00,
	0x08,0x04,0x02,0x01,0x00,0x00,0x00,0x00,0x00,0x08,0x04,0x7e,
	0x04,0x08,0x00,0x00,0x00,0x10,0x20,0x7e,0x20,0x10,0x00,0x00,
	0x08,0x1c,0x2a,0x08,0x08,0x08,0x08,0x00,0x08,0x08,0x08,0x08,
	0x2a,0x1c,0x08,0x00,0x18,0x18,0x00,0x7e,0x00,0x18,0x18,0x00,
	0x10,0x10,0x7c,0x10,0x10,0x00,0x7c,0x00,0x8f,0x88,0xcb,0xa8,
	0x98,0x88,0x88,0x00,0x00,0x42,0x3c,0x42,0x42,0x3c,0x42,0x00,
	0x00,0x00,0x3c,0x3c,0x3c,0x3c,0x00,0x00,0x00,0x00,0x00,0x00,
	0x00,0x00,0x00,0x00,0x18,0x18,0xff,0x00,0xff,0x00,0x00,0x00,
	0x6c,0x6c,0x6c,0xff,0x00,0x00,0x00,0x00,0x00,0x00,0xff,0x00,
	0xff,0x18,0x18,0x18,0x18,0x18,0xf8,0x18,0xf8,0x18,0x18,0x18,
	0x6c,0x6c,0x6c,0xec,0x6c,0x6c,0x6c,0x6c,0x00,0x00,0x00,0xfc,
	0x6c,0x6c,0x6c,0x6c,0x00,0x00,0xf8,0x18,0xf8,0x18,0x18,0x18,
	0x00,0x00,0x00,0xff,0x6c,0x6c,0x6c,0x6c,0x6c,0x6c,0x6c,0x7f,
	0x00,0x00,0x00,0x00,0x18,0x18,0x1f,0x18,0x1f,0x00,0x00,0x00,
	0x00,0x00,0x1f,0x18,0x1f,0x18,0x18,0x18,0x6c,0x6c,0x6c,0xfc,
	0x00,0x00,0x00,0x00,0x18,0x18,0xf8,0x18,0xf8,0x00,0x00,0x00,
	0x18,0x18,0x1f,0x18,0x1f,0x18,0x18,0x18,0x6c,0x6c,0x6c,0x6f,
	0x6c,0x6c,0x6c,0x6c,0x00,0x00,0x00,0x7f,0x6c,0x6c,0x6c,0x6c,
	0x00,0x00,0x7f,0x60,0x6f,0x6c,0x6c,0x6c,0x00,0x00,0xfc,0x0c,
	0xec,0x6c,0x6c,0x6c,0x6c,0x6c,0xec,0x0c,0xfc,0x00,0x00,0x00,
	0x6c,0x6c,0x6f,0x60,0x7f,0x00,0x00,0x00,0x00,0x00,0xff,0x00,
	0xff,0x00,0x00,0x00,0x6c,0x6c,0x6c,0x6c,0x6c,0x6c,0x6c,0x6c,
	0x00,0x00,0xff,0x00,0xef,0x6c,0x6c,0x6c,0x6c,0x6c,0xec,0x0c,
	0xec,0x6c,0x6c,0x6c,0x6c,0x6c,0xef,0x00,0xff,0x00,0x00,0x00,
	0x6c,0x6c,0x6f,0x60,0x6f,0x6c,0x6c,0x6c,0x6c,0x6c,0xef,0x00,
	0xef,0x6c,0x6c,0x6c,0x22,0x88,0x22,0x88,0x22,0x88,0x22,0x88,
	0x92,0x49,0x92,0x49,0x92,0x49,0x92,0x00,0xaa,0x55,0xaa,0x55,
	0xaa,0x55,0xaa,0x00,0x6c,0x6c,0x6c,0xef,0x6c,0x6c,0x6c,0x6c,
	0x18,0x18,0xff,0x00,0xff,0x18,0x18,0x18,0x00,0x00,0x00,0x1f,
	0x18,0x18,0x18,0x18,0x00,0x00,0x00,0xf8,0x18,0x18,0x18,0x18,
	0x18,0x18,0x18,0xf8,0x00,0x00,0x00,0x00,0x18,0x18,0x18,0x1f,
	0x00,0x00,0x00,0x00,0x00,0x00,0x00,0xff,0x00,0x00,0x00,0x00,
	0x18,0x18,0x18,0x18,0x18,0x18,0x18,0x18,0x00,0x00,0x00,0xff,
	0x18,0x18,0x18,0x18,0x18,0x18,0x18,0xf8,0x18,0x18,0x18,0x18,
	0x18,0x18,0x18,0xff,0x00,0x00,0x00,0x00,0x18,0x18,0x18,0x1f,
	0x18,0x18,0x18,0x18,0x18,0x18,0x18,0xff,0x18,0x18,0x18,0x18,
	0xff,0xff,0xff,0xff,0xff,0xff,0xff,0xff,0x00,0x00,0x00,0x00,
	0xff,0xff,0xff,0xff,0xf0,0xf0,0xf0,0xf0,0xf0,0xf0,0xf0,0xf0,
	0x0f,0x0f,0x0f,0x0f,0x0f,0x0f,0x0f,0x0f,0xff,0xff,0xff,0xff,
	0x00,0x00,0x00,0x00,0x1e,0x36,0x66,0x66,0x7e,0x66,0x66,0x00,
	0x7c,0x60,0x60,0x7c,0x66,0x66,0x7c,0x00,0x7c,0x66,0x66,0x7c,
	0x66,0x66,0x7c,0x00,0x7e,0x60,0x60,0x60,0x60,0x60,0x60,0x00,
	0x38,0x6c,0x6c,0x6c,0x6c,0x6c,0xfe,0xc6,0x7e,0x60,0x60,0x7c,
	0x60,0x60,0x7e,0x00,0xdb,0xdb,0x7e,0x3c,0x7e,0xdb,0xdb,0x00,
	0x3c,0x66,0x06,0x1c,0x06,0x66,0x3c,0x00,0x66,0x66,0x6e,0x7e,
	0x76,0x66,0x66,0x00,0x3c,0x66,0x6e,0x7e,0x76,0x66,0x66,0x00,
	0x66,0x6c,0x78,0x70,0x78,0x6c,0x66,0x00,0x1e,0x36,0x66,0x66,
	0x66,0x66,0x66,0x00,0xc6,0xee,0xfe,0xfe,0xd6,0xc6,0xc6,0x00,
	0x66,0x66,0x66,0x7e,0x66,0x66,0x66,0x00,0x3c,0x66,0x66,0x66,
	0x66,0x66,0x3c,0x00,0x7e,0x66,0x66,0x66,0x66,0x66,0x66,0x00,
	0x7c,0x66,0x66,0x66,0x7c,0x60,0x60,0x00,0x3c,0x66,0x60,0x60,
	0x60,0x66,0x3c,0x00,0x7e,0x18,0x18,0x18,0x18,0x18,0x18,0x00,
	0x66,0x66,0x66,0x3e,0x06,0x66,0x3c,0x00,0x7e,0xdb,0xdb,0xdb,
	0x7e,0x18,0x18,0x00,0x66,0x66,0x3c,0x18,0x3c,0x66,0x66,0x00,
	0x66,0x66,0x66,0x66,0x66,0x66,0x7f,0x03,0x66,0x66,0x66,0x3e,
	0x06,0x06,0x06,0x00,0xdb,0xdb,0xdb,0xdb,0xdb,0xdb,0xff,0x00,
	0xdb,0xdb,0xdb,0xdb,0xdb,0xdb,0xff,0x03,0xe0,0x60,0x60,0x7c,
	0x66,0x66,0x7c,0x00,0xc6,0xc6,0xc6,0xf6,0xde,0xde,0xf6,0x00,
	0x60,0x60,0x60,0x7c,0x66,0x66,0x7c,0x00,0x78,0x0c,0x06,0x3e,
	0x06,0x0c,0x78,0x00,0xce,0xdb,0xdb,0xfb,0xdb,0xdb,0xce,0x00,
	0x3e,0x66,0x66,0x66,0x3e,0x36,0x66,0x00,0x00,0x00,0x78,0x0c,
	0x7c,0xcc,0x76,0x00,0x00,0x3c,0x60,0x3c,0x66,0x66,0x3c,0x00,
	0x00,0x3c,0x66,0x7c,0x66,0x66,0x7c,0x00,0x00,0x00,0x7e,0x60,
	0x60,0x60,0x60,0x00,0x00,0x00,0x3c,0x6c,0x6c,0x6c,0xfe,0xc6,
	0x00,0x00,0x3c,0x66,0x7e,0x60,0x3c,0x00,0x00,0x00,0xdb,0x7e,
	0x3c,0x7e,0xdb,0x00,0x00,0x00,0x3c,0x66,0x0c,0x66,0x3c,0x00,
	0x00,0x00,0x66,0x6e,0x7e,0x76,0x66,0x00,0x00,0x18,0x66,0x6e,
	0x7e,0x76,0x66,0x00,0x00,0x00,0x66,0x6c,0x78,0x6c,0x66,0x00,
	0x00,0x00,0x1e,0x36,0x66,0x66,0x66,0x00,0x00,0x00,0xc6,0xfe,
	0xfe,0xd6,0xc6,0x00,0x00,0x00,0x66,0x66,0x7e,0x66,0x66,0x00,
	0x00,0x00,0x3c,0x66,0x66,0x66,0x3c,0x00,0x00,0x00,0x7e,0x66,
	0x66,0x66,0x66,0x00,0x00,0x00,0x7c,0x66,0x66,0x7c,0x60,0x00,
	0x00,0x00,0x3c,0x66,0x60,0x66,0x3c,0x00,0x00,0x00,0x7e,0x18,
	0x18,0x18,0x18,0x00,0x00,0x00,0x66,0x66,0x3e,0x06,0x3c,0x00,
	0x00,0x00,0x7e,0xdb,0xdb,0x7e,0x18,0x00,0x00,0x00,0x66,0x3c,
	0x18,0x3c,0x66,0x00,0x00,0x00,0x66,0x66,0x66,0x66,0x7f,0x03,
	0x00,0x00,0x66,0x66,0x3e,0x06,0x06,0x00,0x00,0x00,0xdb,0xdb,
	0xdb,0xdb,0xff,0x00,0x00,0x00,0xdb,0xdb,0xdb,0xdb,0xff,0x03,
	0x00,0x00,0xe0,0x60,0x7c,0x66,0x7c,0x00,0x00,0x00,0xc6,0xc6,
	0xf6,0xde,0xf6,0x00,0x00,0x00,0x60,0x60,0x7c,0x66,0x7c,0x00,
	0x00,0x00,0x7c,0x06,0x3e,0x06,0x7c,0x00,0x00,0x00,0xce,0xdb,
	0xfb,0xdb,0xce,0x00,0x00,0x00,0x3e,0x66,0x3e,0x36,0x66,0x00,
	0x66,0x7e,0x60,0x7c,0x60,0x60,0x7e,0x00,0x00,0x66,0x3c,0x66,
	0x7e,0x60,0x3c,0x00,0x00,0x00,0x00,0x00,0x03,0x06,0x0c,0x18,
	0x00,0x00,0x00,0x00,0xc0,0x60,0x30,0x18,0x18,0x30,0x60,0xc0,
	0x00,0x00,0x00,0x00,0x18,0x0c,0x06,0x03,0x00,0x00,0x00,0x00,
	0x00,0x00,0x18,0x0c,0x7e,0x0c,0x18,0x00,0x00,0x00,0x18,0x30,
	0x7e,0x30,0x18,0x00,0x18,0x3c,0x7e,0x18,0x18,0x18,0x18,0x00,
	0x18,0x18,0x18,0x18,0x7e,0x3c,0x18,0x00,0x18,0x18,0x00,0x7e,
	0x00,0x18,0x18,0x00,0x18,0x18,0x7e,0x18,0x18,0x00,0x7c,0x00,
	0xcf,0xcc,0xef,0xfc,0xdc,0xcc,0xcc,0x00,0x00,0x66,0x3c,0x66,
	0x66,0x3c,0x66,0x00,0x00,0x00,0x00,0x1c,0x1c,0x00,0x00,0x00,
	0x00,0x00,0x00,0x00,0x00,0x00,0x00,0x00,0x0e,0x12,0x22,0x42,
	0x7e,0x42,0x42,0x00,0x7c,0x40,0x40,0x7c,0x42,0x42,0x7c,0x00,
	0x7c,0x42,0x42,0x7c,0x42,0x42,0x7c,0x00,0x7e,0x40,0x40,0x40,
	0x40,0x40,0x40,0x00,0x18,0x24,0x24,0x24,0x24,0x24,0x7e,0x42,
	0x7e,0x40,0x40,0x7c,0x40,0x40,0x7e,0x00,0x49,0x49,0x2a,0x08,
	0x2a,0x49,0x49,0x00,0x3c,0x42,0x02,0x1c,0x02,0x42,0x3c,0x00,
	0x42,0x42,0x46,0x4a,0x52,0x62,0x42,0x00,0x18,0x42,0x46,0x4a,
	0x52,0x62,0x42,0x00,0x42,0x44,0x48,0x70,0x48,0x44,0x42,0x00,
	0x1e,0x22,0x42,0x42,0x42,0x42,0x42,0x00,0x41,0x63,0x55,0x49,
	0x41,0x41,0x41,0x00,0x42,0x42,0x42,0x7e,0x42,0x42,0x42,0x00,
	0x3c,0x42,0x42,0x42,0x42,0x42,0x3c,0x00,0x7e,0x42,0x42,0x42,
	0x42,0x42,0x42,0x00,0x7c,0x42,0x42,0x42,0x7c,0x40,0x40,0x00,
	0x3c,0x42,0x40,0x40,0x40,0x42,0x3c,0x00,0x7f,0x08,0x08,0x08,
	0x08,0x08,0x08,0x00,0x42,0x42,0x42,0x3e,0x02,0x42,0x3c,0x00,
	0x3e,0x49,0x49,0x49,0x3e,0x08,0x08,0x00,0x42,0x42,0x24,0x18,
	0x24,0x42,0x42,0x00,0x42,0x42,0x42,0x42,0x42,0x42,0x7f,0x01,
	0x42,0x42,0x42,0x3e,0x02,0x02,0x02,0x00,0x49,0x49,0x49,0x49,
	0x49,0x49,0x7f,0x00,0x92,0x92,0x92,0x92,0x92,0x92,0xff,0x01,
	0x60,0x20,0x20,0x3e,0x21,0x21,0x3e,0x00,0x41,0x41,0x41,0x79,
	0x45,0x45,0x79,0x00,0x40,0x40,0x40,0x7c,0x42,0x42,0x7c,0x00,
	0x78,0x04,0x02,0x3e,0x02,0x04,0x78,0x00,0x8e,0x91,0x91,0xf1,
	0x91,0x91,0x8e,0x00,0x3e,0x42,0x42,0x42,0x3e,0x22,0x42,0x00,
	0x00,0x00,0x3c,0x02,0x3e,0x42,0x3d,0x00,0x00,0x3c,0x40,0x3c,
	0x42,0x42,0x3c,0x00,0x00,0x3c,0x42,0x7c,0x42,0x42,0x7c,0x00,
	0x00,0x00,0x7e,0x40,0x40,0x40,0x40,0x00,0x00,0x00,0x1e,0x22,
	0x22,0x22,0x7f,0x41,0x00,0x00,0x3c,0x42,0x7e,0x40,0x3c,0x00,
	0x00,0x00,0x49,0x2a,0x08,0x2a,0x49,0x00,0x00,0x00,0x3c,0x42,
	0x04,0x42,0x3c,0x00,0x00,0x00,0x42,0x46,0x4a,0x52,0x62,0x00,
	0x00,0x18,0x42,0x46,0x4a,0x52,0x62,0x00,0x00,0x00,0x42,0x44,
	0x78,0x44,0x42,0x00,0x00,0x00,0x1e,0x22,0x42,0x42,0x42,0x00,
	0x00,0x00,0x41,0x63,0x55,0x49,0x41,0x00,0x00,0x00,0x42,0x42,
	0x7e,0x42,0x42,0x00,0x00,0x00,0x3c,0x42,0x42,0x42,0x3c,0x00,
	0x00,0x00,0x7e,0x42,0x42,0x42,0x42,0x00,0x22,0x88,0x22,0x88,
	0x22,0x88,0x22,0x88,0x55,0xaa,0x55,0xaa,0x55,0xaa,0x55,0xaa,
	0xdb,0x77,0xdb,0xee,0xdb,0x77,0xdb,0xee,0x10,0x10,0x10,0x10,
	0x10,0x10,0x10,0x10,0x10,0x10,0x10,0x10,0xf0,0x10,0x10,0x10,
	0x10,0x10,0xf0,0x10,0xf0,0x10,0x10,0x10,0x14,0x14,0x14,0x14,
	0xf4,0x14,0x14,0x14,0x00,0x00,0x00,0x00,0xfc,0x14,0x14,0x14,
	0x00,0x00,0xf0,0x10,0xf0,0x10,0x10,0x10,0x14,0x14,0xf4,0x04,
	0xf4,0x14,0x14,0x14,0x14,0x14,0x14,0x14,0x14,0x14,0x14,0x14,
	0x00,0x00,0xfc,0x04,0xf4,0x14,0x14,0x14,0x14,0x14,0xf4,0x04,
	0xfc,0x00,0x00,0x00,0x14,0x14,0x14,0x14,0xfc,0x00,0x00,0x00,
	0x10,0x10,0xf0,0x10,0xf0,0x00,0x00,0x00,0x00,0x00,0x00,0x00,
	0xf0,0x10,0x10,0x10,0x10,0x10,0x10,0x10,0x1f,0x00,0x00,0x00,
	0x10,0x10,0x10,0x10,0xff,0x00,0x00,0x00,0x00,0x00,0x00,0x00,
	0xff,0x10,0x10,0x10,0x10,0x10,0x10,0x10,0x1f,0x10,0x10,0x10,
	0x00,0x00,0x00,0x00,0xff,0x00,0x00,0x00,0x10,0x10,0x10,0x10,
	0xff,0x10,0x10,0x10,0x10,0x10,0x1f,0x10,0x1f,0x10,0x10,0x10,
	0x14,0x14,0x14,0x14,0x17,0x14,0x14,0x14,0x14,0x14,0x17,0x10,
	0x1f,0x00,0x00,0x00,0x00,0x00,0x1f,0x10,0x17,0x14,0x14,0x14,
	0x14,0x14,0xf7,0x00,0xff,0x00,0x00,0x00,0x00,0x00,0xff,0x00,
	0xf7,0x14,0x14,0x14,0x14,0x14,0x17,0x10,0x17,0x14,0x14,0x14,
	0x00,0x00,0xff,0x00,0xff,0x00,0x00,0x00,0x14,0x14,0xf7,0x00,
	0xf7,0x14,0x14,0x14,0x10,0x10,0xff,0x00,0xff,0x00,0x00,0x00,
	0x14,0x14,0x14,0x14,0xff,0x00,0x00,0x00,0x00,0x00,0xff,0x00,
	0xff,0x10,0x10,0x10,0x00,0x00,0x00,0x00,0xff,0x14,0x14,0x14,
	0x14,0x14,0x14,0x14,0x1f,0x00,0x00,0x00,0x10,0x10,0x1f,0x10,
	0x1f,0x00,0x00,0x00,0x00,0x00,0x1f,0x10,0x1f,0x10,0x10,0x10,
	0x00,0x00,0x00,0x00,0x1f,0x14,0x14,0x14,0x14,0x14,0x14,0x14,
	0xff,0x14,0x14,0x14,0x10,0x10,0xff,0x10,0xff,0x10,0x10,0x10,
	0x10,0x10,0x10,0x10,0xf0,0x00,0x00,0x00,0x00,0x00,0x00,0x00,
	0x1f,0x10,0x10,0x10,0xff,0xff,0xff,0xff,0xff,0xff,0xff,0xff,
	0x00,0x00,0x00,0x00,0xff,0xff,0xff,0xff,0xf0,0xf0,0xf0,0xf0,
	0xf0,0xf0,0xf0,0xf0,0x0f,0x0f,0x0f,0x0f,0x0f,0x0f,0x0f,0x0f,
	0xff,0xff,0xff,0xff,0x00,0x00,0x00,0x00,0x00,0x00,0x7c,0x42,
	0x42,0x7c,0x40,0x00,0x00,0x00,0x3c,0x42,0x40,0x42,0x3c,0x00,
	0x00,0x00,0x7f,0x08,0x08,0x08,0x08,0x00,0x00,0x00,0x42,0x42,
	0x3e,0x02,0x3c,0x00,0x00,0x00,0x3e,0x49,0x49,0x3e,0x08,0x00,
	0x00,0x00,0x42,0x24,0x18,0x24,0x42,0x00,0x00,0x00,0x42,0x42,
	0x42,0x42,0x7f,0x01,0x00,0x00,0x42,0x42,0x3e,0x02,0x02,0x00,
	0x00,0x00,0x49,0x49,0x49,0x49,0x7f,0x00,0x00,0x00,0x49,0x49,
	0x49,0x49,0x7f,0x01,0x00,0x00,0x60,0x20,0x3c,0x22,0x3c,0x00,
	0x00,0x00,0x42,0x42,0x72,0x4a,0x72,0x00,0x00,0x00,0x20,0x20,
	0x3c,0x22,0x3c,0x00,0x00,0x00,0x7c,0x02,0x3e,0x02,0x7c,0x00,
	0x00,0x00,0x4e,0x51,0x71,0x51,0x4e,0x00,0x00,0x00,0x3e,0x42,
	0x3e,0x22,0x42,0x00,0x24,0x7e,0x40,0x7c,0x40,0x40,0x7e,0x00,
	0x00,0x42,0x3c,0x42,0x7e,0x40,0x3c,0x00,0x00,0x00,0x00,0x00,
	0x01,0x02,0x04,0x08,0x00,0x00,0x00,0x00,0x80,0x40,0x20,0x10,
	0x10,0x20,0x40,0x80,0x00,0x00,0x00,0x00,0x08,0x04,0x02,0x01,
	0x00,0x00,0x00,0x00,0x00,0x08,0x04,0x7e,0x04,0x08,0x00,0x00,
	0x00,0x10,0x20,0x7e,0x20,0x10,0x00,0x00,0x08,0x1c,0x2a,0x08,
	0x08,0x08,0x08,0x00,0x08,0x08,0x08,0x08,0x2a,0x1c,0x08,0x00,
	0x18,0x18,0x00,0x7e,0x00,0x18,0x18,0x00,0x10,0x10,0x7c,0x10,
	0x10,0x00,0x7c,0x00,0x8f,0x88,0xcb,0xa8,0x98,0x88,0x88,0x00,
	0x00,0x42,0x3c,0x42,0x42,0x3c,0x42,0x00,0x00,0x00,0x3c,0x3c,
	0x3c,0x3c,0x00,0x00,0x00,0x00,0x00,0x00,0x00,0x00,0x00,0x00,
	0x1e,0x36,0x66,0x66,0x7e,0x66,0x66,0x00,0x7c,0x60,0x60,0x7c,
	0x66,0x66,0x7c,0x00,0x7c,0x66,0x66,0x7c,0x66,0x66,0x7c,0x00,
	0x7e,0x60,0x60,0x60,0x60,0x60,0x60,0x00,0x38,0x6c,0x6c,0x6c,
	0x6c,0x6c,0xfe,0xc6,0x7e,0x60,0x60,0x7c,0x60,0x60,0x7e,0x00,
	0xdb,0xdb,0x7e,0x3c,0x7e,0xdb,0xdb,0x00,0x3c,0x66,0x06,0x1c,
	0x06,0x66,0x3c,0x00,0x66,0x66,0x6e,0x7e,0x76,0x66,0x66,0x00,
	0x3c,0x66,0x6e,0x7e,0x76,0x66,0x66,0x00,0x66,0x6c,0x78,0x70,
	0x78,0x6c,0x66,0x00,0x1e,0x36,0x66,0x66,0x66,0x66,0x66,0x00,
	0xc6,0xee,0xfe,0xfe,0xd6,0xc6,0xc6,0x00,0x66,0x66,0x66,0x7e,
	0x66,0x66,0x66,0x00,0x3c,0x66,0x66,0x66,0x66,0x66,0x3c,0x00,
	0x7e,0x66,0x66,0x66,0x66,0x66,0x66,0x00,0x7c,0x66,0x66,0x66,
	0x7c,0x60,0x60,0x00,0x3c,0x66,0x60,0x60,0x60,0x66,0x3c,0x00,
	0x7e,0x18,0x18,0x18,0x18,0x18,0x18,0x00,0x66,0x66,0x66,0x3e,
	0x06,0x66,0x3c,0x00,0x7e,0xdb,0xdb,0xdb,0x7e,0x18,0x18,0x00,
	0x66,0x66,0x3c,0x18,0x3c,0x66,0x66,0x00,0x66,0x66,0x66,0x66,
	0x66,0x66,0x7f,0x03,0x66,0x66,0x66,0x3e,0x06,0x06,0x06,0x00,
	0xdb,0xdb,0xdb,0xdb,0xdb,0xdb,0xff,0x00,0xdb,0xdb,0xdb,0xdb,
	0xdb,0xdb,0xff,0x03,0xe0,0x60,0x60,0x7c,0x66,0x66,0x7c,0x00,
	0xc6,0xc6,0xc6,0xf6,0xde,0xde,0xf6,0x00,0x60,0x60,0x60,0x7c,
	0x66,0x66,0x7c,0x00,0x78,0x0c,0x06,0x3e,0x06,0x0c,0x78,0x00,
	0xce,0xdb,0xdb,0xfb,0xdb,0xdb,0xce,0x00,0x3e,0x66,0x66,0x66,
	0x3e,0x36,0x66,0x00,0x00,0x00,0x78,0x0c,0x7c,0xcc,0x76,0x00,
	0x00,0x3c,0x60,0x3c,0x66,0x66,0x3c,0x00,0x00,0x3c,0x66,0x7c,
	0x66,0x66,0x7c,0x00,0x00,0x00,0x7e,0x60,0x60,0x60,0x60,0x00,
	0x00,0x00,0x3c,0x6c,0x6c,0x6c,0xfe,0xc6,0x00,0x00,0x3c,0x66,
	0x7e,0x60,0x3c,0x00,0x00,0x00,0xdb,0x7e,0x3c,0x7e,0xdb,0x00,
	0x00,0x00,0x3c,0x66,0x0c,0x66,0x3c,0x00,0x00,0x00,0x66,0x6e,
	0x7e,0x76,0x66,0x00,0x00,0x18,0x66,0x6e,0x7e,0x76,0x66,0x00,
	0x00,0x00,0x66,0x6c,0x78,0x6c,0x66,0x00,0x00,0x00,0x1e,0x36,
	0x66,0x66,0x66,0x00,0x00,0x00,0xc6,0xfe,0xfe,0xd6,0xc6,0x00,
	0x00,0x00,0x66,0x66,0x7e,0x66,0x66,0x00,0x00,0x00,0x3c,0x66,
	0x66,0x66,0x3c,0x00,0x00,0x00,0x7e,0x66,0x66,0x66,0x66,0x00,
	0x22,0x88,0x22,0x88,0x22,0x88,0x22,0x88,0x55,0xaa,0x55,0xaa,
	0x55,0xaa,0x55,0xaa,0xdb,0x77,0xdb,0xee,0xdb,0x77,0xdb,0xee,
	0x18,0x18,0x18,0x18,0x18,0x18,0x18,0x18,0x18,0x18,0x18,0x18,
	0xf8,0x18,0x18,0x18,0x18,0x18,0xf8,0x18,0xf8,0x18,0x18,0x18,
	0x36,0x36,0x36,0x36,0xf6,0x36,0x36,0x36,0x00,0x00,0x00,0x00,
	0xfe,0x36,0x36,0x36,0x00,0x00,0xf8,0x18,0xf8,0x18,0x18,0x18,
	0x36,0x36,0xf6,0x06,0xf6,0x36,0x36,0x36,0x36,0x36,0x36,0x36,
	0x36,0x36,0x36,0x36,0x00,0x00,0xfe,0x06,0xf6,0x36,0x36,0x36,
	0x36,0x36,0xf6,0x06,0xfe,0x00,0x00,0x00,0x36,0x36,0x36,0x36,
	0xfe,0x00,0x00,0x00,0x18,0x18,0xf8,0x18,0xf8,0x00,0x00,0x00,
	0x00,0x00,0x00,0x00,0xf8,0x18,0x18,0x18,0x18,0x18,0x18,0x18,
	0x1f,0x00,0x00,0x00,0x18,0x18,0x18,0x18,0xff,0x00,0x00,0x00,
	0x00,0x00,0x00,0x00,0xff,0x18,0x18,0x18,0x18,0x18,0x18,0x18,
	0x1f,0x18,0x18,0x18,0x00,0x00,0x00,0x00,0xff,0x00,0x00,0x00,
	0x18,0x18,0x18,0x18,0xff,0x18,0x18,0x18,0x18,0x18,0x1f,0x18,
	0x1f,0x18,0x18,0x18,0x36,0x36,0x36,0x36,0x37,0x36,0x36,0x36,
	0x36,0x36,0x37,0x30,0x3f,0x00,0x00,0x00,0x00,0x00,0x3f,0x30,
	0x37,0x36,0x36,0x36,0x36,0x36,0xf7,0x00,0xff,0x00,0x00,0x00,
	0x00,0x00,0xff,0x00,0xf7,0x36,0x36,0x36,0x36,0x36,0x37,0x30,
	0x37,0x36,0x36,0x36,0x00,0x00,0xff,0x00,0xff,0x00,0x00,0x00,
	0x36,0x36,0xf7,0x00,0xf7,0x36,0x36,0x36,0x18,0x18,0xff,0x00,
	0xff,0x00,0x00,0x00,0x36,0x36,0x36,0x36,0xff,0x00,0x00,0x00,
	0x00,0x00,0xff,0x00,0xff,0x18,0x18,0x18,0x00,0x00,0x00,0x00,
	0xff,0x36,0x36,0x36,0x36,0x36,0x36,0x36,0x3f,0x00,0x00,0x00,
	0x18,0x18,0x1f,0x18,0x1f,0x00,0x00,0x00,0x00,0x00,0x1f,0x18,
	0x1f,0x18,0x18,0x18,0x00,0x00,0x00,0x00,0x3f,0x36,0x36,0x36,
	0x36,0x36,0x36,0x36,0xff,0x36,0x36,0x36,0x18,0x18,0xff,0x18,
	0xff,0x18,0x18,0x18,0x18,0x18,0x18,0x18,0xf8,0x00,0x00,0x00,
	0x00,0x00,0x00,0x00,0x1f,0x18,0x18,0x18,0xff,0xff,0xff,0xff,
	0xff,0xff,0xff,0xff,0x00,0x00,0x00,0x00,0xff,0xff,0xff,0xff,
	0xf0,0xf0,0xf0,0xf0,0xf0,0xf0,0xf0,0xf0,0x0f,0x0f,0x0f,0x0f,
	0x0f,0x0f,0x0f,0x0f,0xff,0xff,0xff,0xff,0x00,0x00,0x00,0x00,
	0x00,0x00,0x7c,0x66,0x66,0x7c,0x60,0x00,0x00,0x00,0x3c,0x66,
	0x60,0x66,0x3c,0x00,0x00,0x00,0x7e,0x18,0x18,0x18,0x18,0x00,
	0x00,0x00,0x66,0x66,0x3e,0x06,0x3c,0x00,0x00,0x00,0x7e,0xdb,
	0xdb,0x7e,0x18,0x00,0x00,0x00,0x66,0x3c,0x18,0x3c,0x66,0x00,
	0x00,0x00,0x66,0x66,0x66,0x66,0x7f,0x03,0x00,0x00,0x66,0x66,
	0x3e,0x06,0x06,0x00,0x00,0x00,0xdb,0xdb,0xdb,0xdb,0xff,0x00,
	0x00,0x00,0xdb,0xdb,0xdb,0xdb,0xff,0x03,0x00,0x00,0xe0,0x60,
	0x7c,0x66,0x7c,0x00,0x00,0x00,0xc6,0xc6,0xf6,0xde,0xf6,0x00,
	0x00,0x00,0x60,0x60,0x7c,0x66,0x7c,0x00,0x00,0x00,0x7c,0x06,
	0x3e,0x06,0x7c,0x00,0x00,0x00,0xce,0xdb,0xfb,0xdb,0xce,0x00,
	0x00,0x00,0x3e,0x66,0x3e,0x36,0x66,0x00,0x66,0x7e,0x60,0x7c,
	0x60,0x60,0x7e,0x00,0x00,0x66,0x3c,0x66,0x7e,0x60,0x3c,0x00,
	0x00,0x00,0x00,0x00,0x03,0x06,0x0c,0x18,0x00,0x00,0x00,0x00,
	0xc0,0x60,0x30,0x18,0x18,0x30,0x60,0xc0,0x00,0x00,0x00,0x00,
	0x18,0x0c,0x06,0x03,0x00,0x00,0x00,0x00,0x00,0x00,0x18,0x0c,
	0x7e,0x0c,0x18,0x00,0x00,0x00,0x18,0x30,0x7e,0x30,0x18,0x00,
	0x18,0x3c,0x7e,0x18,0x18,0x18,0x18,0x00,0x18,0x18,0x18,0x18,
	0x7e,0x3c,0x18,0x00,0x18,0x18,0x00,0x7e,0x00,0x18,0x18,0x00,
	0x18,0x18,0x7e,0x18,0x18,0x00,0x7c,0x00,0xcf,0xcc,0xef,0xfc,
	0xdc,0xcc,0xcc,0x00,0x00,0x66,0x3c,0x66,0x66,0x3c,0x66,0x00,
	0x00,0x00,0x00,0x1c,0x1c,0x00,0x00,0x00,0x00,0x00,0x00,0x00,
	0x00,0x00,0x00,0x00,0x38,0x44,0x40,0x44,0x38,0x10,0x48,0x30,
	0x00,0x44,0x00,0x44,0x44,0x44,0x3e,0x00,0x0c,0x00,0x3c,0x42,
	0x7e,0x40,0x3c,0x00,0x18,0x24,0x5a,0x04,0x3c,0x44,0x3a,0x00,
	0x42,0x00,0x38,0x04,0x3c,0x44,0x3a,0x00,0x70,0x00,0x38,0x04,
	0x3c,0x44,0x3a,0x00,0x10,0x00,0x38,0x04,0x3c,0x44,0x3a,0x00,
	0x00,0x00,0x3c,0x40,0x44,0x38,0x0e,0x38,0x3c,0x42,0x3c,0x42,
	0x7e,0x40,0x3c,0x00,0x42,0x00,0x3c,0x42,0x7e,0x40,0x3c,0x00,
	0x30,0x00,0x3c,0x42,0x7e,0x40,0x3c,0x00,0x24,0x00,0x18,0x08,
	0x08,0x08,0x1c,0x00,0x7c,0x82,0x30,0x10,0x10,0x10,0x38,0x00,
	0x30,0x00,0x18,0x08,0x08,0x08,0x1c,0x00,0x42,0x18,0x24,0x42,
	0x7e,0x42,0x42,0x00,0x18,0x18,0x00,0x3c,0x42,0x7e,0x42,0x00,
	0x0c,0x00,0x7c,0x20,0x38,0x20,0x7c,0x00,0x00,0x00,0x33,0x0c,
	0x3f,0x44,0x3b,0x00,0x1f,0x24,0x44,0x7f,0x44,0x44,0x47,0x00,
	0x18,0x24,0x00,0x3c,0x42,0x42,0x3c,0x00,0x00,0x42,0x00,0x3c,
	0x42,0x42,0x3c,0x00,0x20,0x10,0x00,0x3c,0x42,0x42,0x3c,0x00,
	0x18,0x24,0x00,0x42,0x42,0x42,0x3c,0x00,0x20,0x10,0x00,0x42,
	0x42,0x42,0x3c,0x00,0x00,0x42,0x00,0x42,0x42,0x3e,0x02,0x3c,
	0x42,0x18,0x24,0x42,0x42,0x24,0x18,0x00,0x42,0x00,0x42,0x42,
	0x42,0x42,0x3c,0x00,0x08,0x08,0x3e,0x40,0x40,0x3e,0x08,0x08,
	0x18,0x24,0x20,0x70,0x20,0x42,0x7c,0x00,0x44,0x28,0x7c,0x10,
	0x7c,0x10,0x10,0x00,0xf8,0x4c,0x78,0x44,0x4f,0x44,0x45,0xe6,
	0x0c,0x12,0x10,0x7c,0x10,0x10,0x90,0x60,0x0e,0x00,0x38,0x04,
	0x3c,0x44,0x3a,0x00,0x0c,0x00,0x18,0x08,0x08,0x08,0x1c,0x00,
	0x04,0x08,0x00,0x3c,0x42,0x42,0x3c,0x00,0x00,0x04,0x08,0x42,
	0x42,0x42,0x3c,0x00,0x32,0x4c,0x00,0x7c,0x42,0x42,0x42,0x00,
	0x32,0x4c,0x00,0x62,0x52,0x4a,0x46,0x00,0x38,0x04,0x3c,0x44,
	0x3a,0x00,0x7e,0x00,0x00,0x38,0x44,0x44,0x38,0x00,0x7c,0x00,
	0x10,0x00,0x10,0x20,0x40,0x42,0x3c,0x00,0x00,0x00,0x00,0x7e,
	0x40,0x40,0x00,0x00,0x00,0x00,0x00,0x7e,0x02,0x02,0x00,0x00,
	0x42,0xc4,0x48,0xf6,0x29,0x43,0x8c,0x1f,0x42,0xc4,0x4a,0xf6,
	0x2a,0x5f,0x82,0x02,0x10,0x00,0x10,0x10,0x38,0x38,0x10,0x00,
	0x00,0x12,0x24,0x48,0x24,0x12,0x00,0x00,0x00,0x48,0x24,0x12,
	0x24,0x48,0x00,0x00,0x22,0x88,0x22,0x88,0x22,0x88,0x22,0x88,
	0x55,0xaa,0x55,0xaa,0x55,0xaa,0x55,0xaa,0xdb,0x77,0xdb,0xee,
	0xdb,0x77,0xdb,0xee,0x10,0x10,0x10,0x10,0x10,0x10,0x10,0x10,
	0x10,0x10,0x10,0x10,0xf0,0x10,0x10,0x10,0x10,0x10,0xf0,0x10,
	0xf0,0x10,0x10,0x10,0x14,0x14,0x14,0x14,0xf4,0x14,0x14,0x14,
	0x00,0x00,0x00,0x00,0xfc,0x14,0x14,0x14,0x00,0x00,0xf0,0x10,
	0xf0,0x10,0x10,0x10,0x14,0x14,0xf4,0x04,0xf4,0x14,0x14,0x14,
	0x14,0x14,0x14,0x14,0x14,0x14,0x14,0x14,0x00,0x00,0xfc,0x04,
	0xf4,0x14,0x14,0x14,0x14,0x14,0xf4,0x04,0xfc,0x00,0x00,0x00,
	0x14,0x14,0x14,0x14,0xfc,0x00,0x00,0x00,0x10,0x10,0xf0,0x10,
	0xf0,0x00,0x00,0x00,0x00,0x00,0x00,0x00,0xf0,0x10,0x10,0x10,
	0x10,0x10,0x10,0x10,0x1f,0x00,0x00,0x00,0x10,0x10,0x10,0x10,
	0xff,0x00,0x00,0x00,0x00,0x00,0x00,0x00,0xff,0x10,0x10,0x10,
	0x10,0x10,0x10,0x10,0x1f,0x10,0x10,0x10,0x00,0x00,0x00,0x00,
	0xff,0x00,0x00,0x00,0x10,0x10,0x10,0x10,0xff,0x10,0x10,0x10,
	0x10,0x10,0x1f,0x10,0x1f,0x10,0x10,0x10,0x14,0x14,0x14,0x14,
	0x17,0x14,0x14,0x14,0x14,0x14,0x17,0x10,0x1f,0x00,0x00,0x00,
	0x00,0x00,0x1f,0x10,0x17,0x14,0x14,0x14,0x14,0x14,0xf7,0x00,
	0xff,0x00,0x00,0x00,0x00,0x00,0xff,0x00,0xf7,0x14,0x14,0x14,
	0x14,0x14,0x17,0x10,0x17,0x14,0x14,0x14,0x00,0x00,0xff,0x00,
	0xff,0x00,0x00,0x00,0x14,0x14,0xf7,0x00,0xf7,0x14,0x14,0x14,
	0x10,0x10,0xff,0x00,0xff,0x00,0x00,0x00,0x14,0x14,0x14,0x14,
	0xff,0x00,0x00,0x00,0x00,0x00,0xff,0x00,0xff,0x10,0x10,0x10,
	0x00,0x00,0x00,0x00,0xff,0x14,0x14,0x14,0x14,0x14,0x14,0x14,
	0x1f,0x00,0x00,0x00,0x10,0x10,0x1f,0x10,0x1f,0x00,0x00,0x00,
	0x00,0x00,0x1f,0x10,0x1f,0x10,0x10,0x10,0x00,0x00,0x00,0x00,
	0x1f,0x14,0x14,0x14,0x14,0x14,0x14,0x14,0xff,0x14,0x14,0x14,
	0x10,0x10,0xff,0x10,0xff,0x10,0x10,0x10,0x10,0x10,0x10,0x10,
	0xf0,0x00,0x00,0x00,0x00,0x00,0x00,0x00,0x1f,0x10,0x10,0x10,
	0xff,0xff,0xff,0xff,0xff,0xff,0xff,0xff,0x00,0x00,0x00,0x00,
	0xff,0xff,0xff,0xff,0xf0,0xf0,0xf0,0xf0,0xf0,0xf0,0xf0,0xf0,
	0x0f,0x0f,0x0f,0x0f,0x0f,0x0f,0x0f,0x0f,0xff,0xff,0xff,0xff,
	0x00,0x00,0x00,0x00,0x00,0x00,0x31,0x4a,0x44,0x4a,0x31,0x00,
	0x00,0x3c,0x42,0x7c,0x42,0x7c,0x40,0x40,0x00,0x7e,0x42,0x40,
	0x40,0x40,0x40,0x00,0x00,0x3f,0x54,0x14,0x14,0x14,0x14,0x00,
	0x7e,0x42,0x20,0x18,0x20,0x42,0x7e,0x00,0x00,0x00,0x3e,0x48,
	0x48,0x48,0x30,0x00,0x00,0x44,0x44,0x44,0x7a,0x40,0x40,0x80,
	0x00,0x33,0x4c,0x08,0x08,0x08,0x08,0x00,0x7c,0x10,0x38,0x44,
	0x44,0x38,0x10,0x7c,0x18,0x24,0x42,0x7e,0x42,0x24,0x18,0x00,
	0x18,0x24,0x42,0x42,0x24,0x24,0x66,0x00,0x1c,0x20,0x18,0x3c,
	0x42,0x42,0x3c,0x00,0x00,0x62,0x95,0x89,0x95,0x62,0x00,0x00,
	0x02,0x04,0x3c,0x4a,0x52,0x3c,0x40,0x80,0x1c,0x20,0x40,0x7c,
	0x40,0x20,0x1c,0x00,0x3c,0x42,0x42,0x42,0x42,0x42,0x42,0x00,
	0x00,0x7e,0x00,0x7e,0x00,0x7e,0x00,0x00,0x10,0x10,0x7c,0x10,
	0x10,0x00,0x7c,0x00,0x10,0x08,0x04,0x08,0x10,0x00,0x7e,0x00,
	0x08,0x10,0x20,0x10,0x08,0x00,0x7e,0x00,0x0c,0x12,0x12,0x10,
	0x10,0x10,0x10,0x10,0x10,0x10,0x10,0x10,0x10,0x90,0x90,0x60,
	0x18,0x18,0x00,0x7e,0x00,0x18,0x18,0x00,0x00,0x32,0x4c,0x00,
	0x32,0x4c,0x00,0x00,0x30,0x48,0x48,0x30,0x00,0x00,0x00,0x00,
	0x00,0x00,0x00,0x18,0x18,0x00,0x00,0x00,0x00,0x00,0x00,0x00,
	0x18,0x00,0x00,0x00,0x0f,0x08,0x08,0x08,0x08,0xc8,0x28,0x18,
	0x78,0x44,0x44,0x44,0x44,0x00,0x00,0x00,0x30,0x48,0x10,0x20,
	0x78,0x00,0x00,0x00,0x00,0x00,0x3c,0x3c,0x3c,0x3c,0x00,0x00,
	0x00,0x00,0x00,0x00,0x00,0x00,0x00,0x00,0x78,0xcc,0xc0,0xcc,
	0x78,0x30,0x98,0x70,0x00,0xcc,0x00,0xcc,0xcc,0xcc,0x7e,0x00,
	0x1c,0x00,0x78,0xcc,0xfc,0xc0,0x78,0x00,0x3c,0xe7,0x18,0x0c,
	0x3e,0x66,0x3b,0x00,0xcc,0x00,0x78,0x0c,0x7c,0xcc,0x76,0x00,
	0xe0,0x20,0x78,0x0c,0x7c,0xcc,0x76,0x00,0x30,0x30,0x78,0x0c,
	0x7c,0xcc,0x76,0x00,0x00,0x00,0x70,0xc0,0xc8,0x70,0x18,0x70,
	0x7e,0xc3,0x3c,0x66,0x7e,0x60,0x3c,0x00,0xcc,0x00,0x78,0xcc,
	0xfc,0xc0,0x78,0x00,0xe0,0x20,0x78,0xcc,0xfc,0xc0,0x78,0x00,
	0xcc,0x00,0x70,0x30,0x30,0x30,0x78,0x00,0x7c,0xc6,0x38,0x18,
	0x18,0x18,0x3c,0x00,0xe0,0x20,0x70,0x30,0x30,0x30,0x78,0x00,
	0xc6,0x38,0x6c,0xc6,0xfe,0xc6,0xc6,0x00,0x30,0x30,0x00,0x78,
	0xcc,0xfc,0xcc,0x00,0x1c,0x10,0xfc,0x60,0x78,0x60,0xfc,0x00,
	0x00,0x00,0x7f,0x0c,0x7f,0xcc,0x7f,0x00,0x3f,0x6c,0xcc,0xfe,
	0xcc,0xcc,0xcf,0x00,0x78,0xcc,0x00,0x78,0xcc,0xcc,0x78,0x00,
	0x00,0xcc,0x00,0x78,0xcc,0xcc,0x78,0x00,0x00,0xe0,0x20,0x78,
	0xcc,0xcc,0x78,0x00,0x78,0xcc,0x00,0xcc,0xcc,0xcc,0x7e,0x00,
	0x00,0xe0,0x20,0xcc,0xcc,0xcc,0x7e,0x00,0x00,0xcc,0x00,0xcc,
	0xcc,0x7c,0x0c,0xf8,0xc3,0x18,0x3c,0x66,0x66,0x3c,0x18,0x00,
	0xcc,0x00,0xcc,0xcc,0xcc,0xcc,0x78,0x00,0x18,0x18,0x7e,0xc0,
	0xc0,0x7e,0x18,0x18,0x38,0x6c,0x64,0xf0,0x60,0xe6,0xfc,0x00,
	0xcc,0xcc,0x78,0xfc,0x30,0xfc,0x30,0x30,0xf8,0xcc,0xcc,0xfa,
	0xc6,0xcf,0xc6,0xc7,0x0e,0x1b,0x19,0x18,0x3c,0x18,0xd8,0x70,
	0x1c,0x10,0x78,0x0c,0x7c,0xcc,0x76,0x00,0x38,0x20,0x70,0x30,
	0x30,0x30,0x78,0x00,0x00,0x1c,0x10,0x78,0xcc,0xcc,0x78,0x00,
	0x00,0x1c,0x10,0xcc,0xcc,0xcc,0x7e,0x00,0x64,0x98,0x00,0xf8,
	0xcc,0xcc,0xcc,0x00,0xfc,0x00,0xcc,0xec,0xfc,0xdc,0xcc,0x00,
	0x78,0x0c,0x7c,0xcc,0x76,0x00,0x7c,0x00,0x00,0x38,0x6c,0x6c,
	0x38,0x00,0x7c,0x00,0x30,0x00,0x30,0x60,0xc4,0xcc,0x78,0x00,
	0x00,0x00,0x00,0xfc,0xc0,0xc0,0x00,0x00,0x00,0x00,0x00,0xfc,
	0x0c,0x0c,0x00,0x00,0xc3,0xc6,0xcc,0xde,0x33,0x66,0xcc,0x0f,
	0xc3,0xc6,0xcc,0xdb,0x37,0x6f,0xcf,0x03,0x18,0x00,0x18,0x18,
	0x3c,0x3c,0x18,0x00,0x00,0x33,0x66,0xcc,0x66,0x33,0x00,0x00,
	0x00,0xcc,0x66,0x33,0x66,0xcc,0x00,0x00,0x22,0x88,0x22,0x88,
	0x22,0x88,0x22,0x88,0x55,0xaa,0x55,0xaa,0x55,0xaa,0x55,0xaa,
	0xdb,0x77,0xdb,0xee,0xdb,0x77,0xdb,0xee,0x18,0x18,0x18,0x18,
	0x18,0x18,0x18,0x18,0x18,0x18,0x18,0x18,0xf8,0x18,0x18,0x18,
	0x18,0x18,0xf8,0x18,0xf8,0x18,0x18,0x18,0x36,0x36,0x36,0x36,
	0xf6,0x36,0x36,0x36,0x00,0x00,0x00,0x00,0xfe,0x36,0x36,0x36,
	0x00,0x00,0xf8,0x18,0xf8,0x18,0x18,0x18,0x36,0x36,0xf6,0x06,
	0xf6,0x36,0x36,0x36,0x36,0x36,0x36,0x36,0x36,0x36,0x36,0x36,
	0x00,0x00,0xfe,0x06,0xf6,0x36,0x36,0x36,0x36,0x36,0xf6,0x06,
	0xfe,0x00,0x00,0x00,0x36,0x36,0x36,0x36,0xfe,0x00,0x00,0x00,
	0x18,0x18,0xf8,0x18,0xf8,0x00,0x00,0x00,0x00,0x00,0x00,0x00,
	0xf8,0x18,0x18,0x18,0x18,0x18,0x18,0x18,0x1f,0x00,0x00,0x00,
	0x18,0x18,0x18,0x18,0xff,0x00,0x00,0x00,0x00,0x00,0x00,0x00,
	0xff,0x18,0x18,0x18,0x18,0x18,0x18,0x18,0x1f,0x18,0x18,0x18,
	0x00,0x00,0x00,0x00,0xff,0x00,0x00,0x00,0x18,0x18,0x18,0x18,
	0xff,0x18,0x18,0x18,0x18,0x18,0x1f,0x18,0x1f,0x18,0x18,0x18,
	0x36,0x36,0x36,0x36,0x37,0x36,0x36,0x36,0x36,0x36,0x37,0x30,
	0x3f,0x00,0x00,0x00,0x00,0x00,0x3f,0x30,0x37,0x36,0x36,0x36,
	0x36,0x36,0xf7,0x00,0xff,0x00,0x00,0x00,0x00,0x00,0xff,0x00,
	0xf7,0x36,0x36,0x36,0x36,0x36,0x37,0x30,0x37,0x36,0x36,0x36,
	0x00,0x00,0xff,0x00,0xff,0x00,0x00,0x00,0x36,0x36,0xf7,0x00,
	0xf7,0x36,0x36,0x36,0x18,0x18,0xff,0x00,0xff,0x00,0x00,0x00,
	0x36,0x36,0x36,0x36,0xff,0x00,0x00,0x00,0x00,0x00,0xff,0x00,
	0xff,0x18,0x18,0x18,0x00,0x00,0x00,0x00,0xff,0x36,0x36,0x36,
	0x36,0x36,0x36,0x36,0x3f,0x00,0x00,0x00,0x18,0x18,0x1f,0x18,
	0x1f,0x00,0x00,0x00,0x00,0x00,0x1f,0x18,0x1f,0x18,0x18,0x18,
	0x00,0x00,0x00,0x00,0x3f,0x36,0x36,0x36,0x36,0x36,0x36,0x36,
	0xff,0x36,0x36,0x36,0x18,0x18,0xff,0x18,0xff,0x18,0x18,0x18,
	0x18,0x18,0x18,0x18,0xf8,0x00,0x00,0x00,0x00,0x00,0x00,0x00,
	0x1f,0x18,0x18,0x18,0xff,0xff,0xff,0xff,0xff,0xff,0xff,0xff,
	0x00,0x00,0x00,0x00,0xff,0xff,0xff,0xff,0xf0,0xf0,0xf0,0xf0,
	0xf0,0xf0,0xf0,0xf0,0x0f,0x0f,0x0f,0x0f,0x0f,0x0f,0x0f,0x0f,
	0xff,0xff,0xff,0xff,0x00,0x00,0x00,0x00,0x00,0x00,0x76,0xdc,
	0xc8,0xdc,0x76,0x00,0x00,0x78,0xcc,0xf8,0xcc,0xf8,0xc0,0xc0,
	0x00,0xfc,0xc4,0xc0,0xc0,0xc0,0xc0,0x00,0x00,0xfe,0x6c,0x6c,
	0x6c,0x6c,0x6c,0x00,0xfc,0xc4,0x60,0x30,0x60,0xc4,0xfc,0x00,
	0x00,0x00,0x7e,0xd8,0xd8,0xd8,0x70,0x00,0x00,0x66,0x66,0x66,
	0x66,0x7c,0x60,0xc0,0x00,0x76,0xdc,0x18,0x18,0x18,0x18,0x00,
	0xfc,0x30,0x78,0xcc,0xcc,0x78,0x30,0xfc,0x38,0x6c,0xc6,0xfe,
	0xc6,0x6c,0x38,0x00,0x38,0x6c,0xc6,0xc6,0x6c,0x6c,0xee,0x00,
	0x1c,0x30,0x18,0x7c,0xcc,0xcc,0x78,0x00,0x00,0x00,0x7e,0xdb,
	0xdb,0x7e,0x00,0x00,0x06,0x0c,0x7e,0xcb,0xd3,0x7e,0x30,0x60,
	0x3c,0x60,0xc0,0xfc,0xc0,0x60,0x3c,0x00,0x78,0xcc,0xcc,0xcc,
	0xcc,0xcc,0xcc,0x00,0x00,0xfc,0x00,0xfc,0x00,0xfc,0x00,0x00,
	0x30,0x30,0xfc,0x30,0x30,0x00,0xfc,0x00,0x60,0x30,0x18,0x30,
	0x60,0x00,0xfc,0x00,0x18,0x30,0x60,0x30,0x18,0x00,0xfc,0x00,
	0x0e,0x1b,0x19,0x18,0x18,0x18,0x18,0x18,0x18,0x18,0x18,0x18,
	0x18,0x98,0xd8,0x70,0x30,0x30,0x00,0xfc,0x00,0x30,0x30,0x00,
	0x00,0x76,0xdc,0x00,0x76,0xdc,0x00,0x00,0x38,0x6c,0x6c,0x38,
	0x00,0x00,0x00,0x00,0x00,0x00,0x00,0x18,0x18,0x00,0x00,0x00,
	0x00,0x00,0x00,0x00,0x18,0x00,0x00,0x00,0x0f,0x0c,0x0c,0x0c,
	0xcc,0x6c,0x3c,0x1c,0x78,0x6c,0x6c,0x6c,0x6c,0x00,0x00,0x00,
	0x70,0x18,0x30,0x60,0x78,0x00,0x00,0x00,0x00,0x00,0x3c,0x3c,
	0x3c,0x3c,0x00,0x00,0x00,0x00,0x00,0x00,0x00,0x00,0x00,0x00,
	0xfb,0x56,0x1e,0x06,0x57,0xfc,0x52,0x51,0x53,0x50,0x55,0x8b,
	0xec,0x81,0x4e,0x16,0x00,0x02,0x8c,0xc8,0x8e,0xd8,0x33,0xc0,
	0x8e,0xc0,0x80,0x7e,0x03,0x01,0x77,0x16,0x74,0x0c,0x26,0xc6,
	0x06,0x41,0x04,0x00,0xe8,0x89,0x06,0xeb,0x69,0x90,0x26,0x8a,
	0x26,0x41,0x04,0xeb,0x61,0x90,0x26,0xc6,0x06,0x41,0x04,0x00,
	0x80,0x7e,0x03,0x05,0x77,0x0a,0xbb,0xc3,0xb0,0x72,0x31,0xbb,
	0x2a,0xb2,0xeb,0x2c,0x80,0x7e,0x03,0x08,0x75,0x11,0x8a,0x46,
	0x08,0x50,0xe8,0x97,0x02,0x5b,0x50,0x8a,0xc3,0xe8,0xfc,0x04,
	0x58,0xeb,0x38,0x8a,0x5e,0x03,0x32,0xff,0x80,0xfb,0x18,0x77,
	0x52,0x83,0xeb,0x15,0x72,0x4d,0xd1,0xe3,0x8b,0x9f,0x80,0xb0,
	0x80,0x7e,0x08,0x01,0x77,0x41,0xff,0xe3,0xa3,0xb3,0xb5,0xb3,
	0xdb,0xb3,0x38,0xb4,0x50,0x8a,0x46,0x08,0xe8,0xcd,0x04,0x58,
	0x80,0x7e,0x03,0x15,0x74,0x0d,0x26,0x88,0x26,0x41,0x04,0x83,
	0x4e,0x16,0x01,0x0a,0xe4,0x75,0x04,0x83,0x66,0x16,0xfe,0x88,
	0x66,0x03,0xb0,0x02,0xe8,0x3a,0x0a,0x26,0xa2,0x40,0x04,0x8b,
	0xe5,0x5d,0x58,0x5b,0x59,0x5a,0x5f,0x07,0x1f,0x5e,0xcf,0xb4,
	0x01,0xeb,0xd3,0x8a,0x46,0x08,0xe8,0xc0,0x09,0x0a,0xe4,0x75,
	0x05,0xb4,0x80,0xe9,0x38,0x01,0x26,0x80,0x26,0x3f,0x04,0x7f,
	0x80,0x7e,0x03,0x03,0x75,0x06,0x26,0x80,0x0e,0x3f,0x04,0x80,
	0x50,0xe8,0x7f,0x06,0x58,0xe8,0x5d,0x09,0xf6,0xc4,0x10,0x75,
	0x03,0xe8,0x99,0x08,0x26,0xc6,0x06,0x40,0x04,0xff,0xe8,0x8c,
	0x09,0xf6,0xc4,0x01,0x74,0x0a,0xe8,0xa4,0x04,0x0a,0xe4,0x74,
	0x03,0xe9,0xfe,0x00,0xbb,0xdf,0x02,0x8a,0x46,0x08,0xe8,0x34,
	0x09,0x80,0xe4,0xc0,0x75,0x0a,0xe8,0xa6,0x09,0x80,0xfc,0x04,
	0x75,0x02,0xb3,0xaf,0x53,0x8b,0xf4,0xb4,0x03,0xb3,0x03,0xe8,
	0x3e,0x07,0x5b,0x0a,0xe4,0x74,0x03,0xe9,0xad,0x00,0x8a,0x46,
	0x08,0xe8,0x7e,0x08,0xe8,0x58,0x07,0x0a,0xe4,0x74,0x03,0xe9,
	0x9d,0x00,0x8a,0x46,0x08,0x8a,0x66,0x07,0xe8,0x79,0x04,0x0a,
	0xe4,0x74,0x03,0xe9,0x8d,0x00,0xb0,0x03,0xe8,0x8e,0x09,0x8a,
	0xc8,0x80,0xc1,0x07,0x8a,0x46,0x02,0x32,0xe4,0xd3,0xe0,0x48,
	0x50,0xff,0x76,0x0c,0xff,0x76,0x04,0x8a,0x5e,0x03,0x32,0xff,
	0x83,0xeb,0x02,0x8a,0x87,0x27,0xb2,0x8b,0xf4,0xe8,0x94,0x06,
	0x83,0xc4,0x06,0x0a,0xe4,0x74,0x03,0xeb,0x5a,0x90,0xb0,0x06,
	0xe8,0x5a,0x09,0x8a,0xf8,0xb3,0x1b,0x8a,0x46,0x08,0xe8,0xb0,
	0x08,0x80,0xe4,0xc0,0x74,0x02,0xb3,0x2a,0x53,0xb0,0x04,0xe8,
	0x43,0x09,0x8a,0xf8,0xb0,0x03,0xe8,0x3c,0x09,0x8a,0xd8,0x53,
	0x8a,0x7e,0x06,0x8a,0x5e,0x09,0x53,0x8a,0x7e,0x07,0x8a,0x5e,
	0x09,0x80,0xe3,0x01,0xd0,0xe3,0xd0,0xe3,0x0a,0x5e,0x08,0x53,
	0xb4,0xe6,0x80,0x7e,0x03,0x03,0x75,0x02,0xb4,0xc5,0xb3,0x09,
	0x8b,0xf4,0xe8,0x93,0x06,0x83,0xc4,0x08,0x0a,0xe4,0x75,0x03,
	0xe8,0x3a,0x07,0x0a,0xe4,0x74,0x29,0x80,0xfc,0x80,0x74,0x1e,
	0x80,0xfc,0x09,0x74,0x19,0x8a,0xfc,0x8a,0x46,0x08,0xe8,0x50,
	0x08,0xf6,0xc4,0x10,0x8a,0xe7,0x75,0x0a,0xe8,0xe9,0x07,0x0a,
	0xe4,0x75,0x03,0xe9,0xea,0xfe,0xc6,0x46,0x02,0x00,0xeb,0x14,
	0x8a,0x46,0x08,0xe8,0xfc,0x07,0x8b,0x4e,0x06,0x8a,0x76,0x09,
	0xe8,0xd1,0x05,0x88,0x46,0x02,0x32,0xe4,0xe9,0x61,0xfe,0x46,
	0x4a,0x42,0x8a,0x46,0x08,0xe8,0x59,0x08,0x0a,0xe4,0x75,0x05,
	0xb4,0x80,0xe9,0xb4,0x00,0xe8,0x0d,0x08,0xf6,0xc4,0x10,0x75,
	0x05,0x50,0xe8,0xf0,0x06,0x58,0x26,0x80,0x0e,0x3f,0x04,0x80,
	0x50,0xe8,0x17,0x05,0x58,0xe8,0x35,0x08,0xf6,0xc4,0x01,0x74,
	0x0a,0xe8,0x4d,0x03,0x0a,0xe4,0x74,0x03,0xe9,0x8a,0x00,0x8c,
	0xdb,0x26,0xc5,0x36,0x78,0x00,0xff,0x34,0x8e,0xdb,0x8b,0xf4,
	0xb4,0x03,0xb3,0x03,0xe8,0xf5,0x05,0x5b,0x0a,0xe4,0x74,0x03,
	0xeb,0x6f,0x90,0x8a,0x46,0x08,0xe8,0x35,0x07,0xb0,0x04,0xe8,
	0x5f,0x08,0xd1,0xe0,0xd1,0xe0,0x48,0x50,0xff,0x76,0x0c,0xff,
	0x76,0x04,0x8b,0xf4,0xb0,0x4a,0xe8,0x77,0x05,0x83,0xc4,0x06,
	0x0a,0xe4,0x74,0x03,0xe9,0x7d,0xff,0x8a,0x46,0x08,0x8a,0x66,
	0x07,0xe8,0x18,0x03,0x0a,0xe4,0x74,0x03,0xeb,0x37,0x90,0x8c,
	0xdb,0x26,0xc5,0x36,0x78,0x00,0xff,0x74,0x08,0x8a,0x64,0x07,
	0x8a,0x44,0x04,0x50,0x8a,0x64,0x03,0x8e,0xdb,0x8a,0x46,0x09,
	0x24,0x01,0xd0,0xe0,0xd0,0xe0,0x0a,0x46,0x08,0x50,0x8b,0xf4,
	0xb4,0x4d,0xb3,0x06,0xe8,0x89,0x05,0x83,0xc4,0x06,0x0a,0xe4,
	0x75,0x03,0xe8,0x30,0x06,0xe9,0x98,0xfd,0x26,0xa0,0x10,0x04,
	0xa8,0x01,0x75,0x04,0x32,0xc0,0xeb,0x08,0xb1,0x02,0xd2,0xc0,
	0x24,0x01,0xfe,0xc0,0x86,0x46,0x08,0x3c,0x80,0x72,0x0a,0xb4,
	0x01,0xc7,0x46,0x04,0x00,0x00,0xe9,0x85,0x00,0x80,0x7e,0x08,
	0x00,0x74,0x3d,0x3c,0x01,0x77,0x39,0xe8,0xa1,0x07,0x0a,0xe4,
	0x74,0x0e,0x80,0xfc,0x04,0x77,0x09,0x8a,0xdc,0x32,0xff,0x89,
	0x5e,0x04,0xeb,0x42,0xe8,0x12,0x07,0xf6,0xc4,0x10,0x74,0x1c,
	0x33,0xdb,0x89,0x5e,0x04,0x8a,0xdc,0xb1,0x03,0xd2,0xc3,0x80,
	0xe3,0x06,0xe8,0x3c,0x07,0x80,0xe4,0x01,0x0a,0xdc,0x8a,0xa7,
	0x9b,0xb3,0xeb,0x1e,0xc6,0x46,0x02,0x00,0xc7,0x46,0x06,0x00,
	0x00,0xc6,0x46,0x09,0x00,0xc7,0x46,0x0a,0x00,0x00,0xc7,0x46,
	0x0c,0x00,0x00,0xc7,0x46,0x04,0x00,0x00,0xeb,0x22,0xe8,0xf1,
	0x05,0xf6,0xc4,0x01,0x75,0x03,0x83,0xc6,0x0d,0xc6,0x46,0x02,
	0x00,0x8a,0x44,0x04,0x8a,0x64,0x0b,0x89,0x46,0x06,0xc6,0x46,
	0x09,0x01,0x89,0x76,0x0a,0x8c,0x4e,0x0c,0x32,0xe4,0xc3,0x04,
	0x04,0x02,0x02,0x01,0x04,0x04,0x04,0x8a,0x46,0x08,0xe8,0xe0,
	0x06,0x0a,0xe4,0x74,0x05,0x80,0xe4,0x01,0xfe,0xc4,0xe9,0xd3,
	0xfc,0xb7,0x80,0x8a,0x46,0x08,0xe8,0xcc,0x06,0x0a,0xe4,0x74,
	0x15,0xb7,0x06,0xf6,0xc4,0x01,0x74,0x0e,0x53,0x50,0xe8,0x9a,
	0x03,0x58,0xe8,0xae,0x05,0x5b,0x75,0x02,0x32,0xff,0x8a,0xe7,
	0xe9,0xad,0xfc,0x8a,0x46,0x08,0x80,0x7e,0x02,0x01,0x75,0x05,
	0xb9,0x90,0x00,0xeb,0x39,0x50,0xe8,0x7a,0x03,0x58,0x50,0xe8,
	0xb7,0x01,0x8a,0xec,0x58,0x80,0xfd,0x80,0x75,0x04,0x32,0xc9,
	0xeb,0x24,0x33,0xdb,0x0a,0x5e,0x02,0x74,0x05,0x80,0xfb,0x04,
	0x76,0x05,0xb9,0x00,0x01,0xeb,0x13,0x75,0x0d,0xe8,0x75,0x06,
	0x80,0xe4,0x06,0x80,0xfc,0x06,0x75,0x02,0xfe,0xc3,0x8a,0x8f,
	0x32,0xb4,0xe8,0x24,0x06,0x80,0xe4,0x0f,0x0a,0xe1,0xe8,0x2b,
	0x06,0x8a,0xe5,0xe9,0x56,0xfc,0x00,0x00,0x70,0x10,0x90,0x50,
	0x8a,0x46,0x08,0xe8,0x4b,0x06,0x0a,0xe4,0x74,0x5c,0xf6,0xc4,
	0x01,0x74,0x15,0x50,0xe8,0x1c,0x03,0x58,0x50,0xe8,0x59,0x01,
	0x8a,0xec,0x58,0x80,0xfd,0x80,0x75,0x04,0xb4,0x80,0xeb,0x44,
	0x8a,0x46,0x08,0xe8,0x61,0x06,0x0a,0xe4,0x74,0x38,0x80,0xfc,
	0x04,0x76,0x02,0xb4,0x01,0xe8,0xfa,0x04,0x8a,0x4c,0x04,0x8a,
	0x6c,0x0b,0x3b,0x4e,0x06,0x74,0x0c,0xf6,0xc4,0x01,0x75,0x23,
	0xfe,0xcc,0x83,0xc6,0x0d,0xeb,0xe9,0x8a,0x64,0x0c,0x80,0xfc,
	0x40,0x75,0x03,0x80,0xcc,0x20,0x80,0xcc,0x10,0xe8,0xc0,0x05,
	0x89,0x76,0x0a,0x8c,0x4e,0x0c,0x33,0xc0,0xe9,0xe5,0xfb,0xb4,
	0x0c,0xeb,0xf9,0x50,0xe8,0xbc,0x02,0x58,0xe8,0x9a,0x05,0x80,
	0xe4,0xdf,0xe8,0xa3,0x05,0x8a,0xc8,0xb3,0xfe,0xd2,0xc3,0x26,
	0x20,0x1e,0x3e,0x04,0xb4,0x32,0x50,0xe8,0x02,0x01,0x0a,0xe4,
	0x5a,0x75,0x62,0xb6,0x0a,0x8b,0xc2,0x52,0xe8,0xf5,0x00,0x5a,
	0x0a,0xe4,0x75,0x55,0x52,0x8b,0xf4,0xb4,0x04,0xb3,0x02,0xe8,
	0x8a,0x03,0x5a,0x0a,0xe4,0x75,0x46,0x52,0xe8,0x4f,0x02,0x5a,
	0x0a,0xe4,0x75,0x3d,0x26,0xf6,0x06,0x42,0x04,0x10,0x75,0x0a,
	0xfe,0xce,0x80,0xfe,0xff,0x75,0xce,0xeb,0x2c,0x90,0xb3,0x01,
	0xb7,0x02,0x80,0xfe,0x00,0x74,0x0f,0xb3,0x04,0xb7,0x93,0xb6,
	0xfe,0x8a,0xca,0xd2,0xc6,0x26,0x20,0x1e,0x3e,0x04,0x8a,0xc2,
	0xe8,0x2a,0x05,0x8a,0xe7,0xe8,0x34,0x05,0xe8,0x62,0x05,0x8a,
	0xe3,0xe8,0x72,0x05,0xc3,0x33,0xdb,0x8a,0xc2,0xeb,0xe7,0xe8,
	0x8d,0x05,0x0a,0xe4,0x74,0xe0,0x80,0xfc,0x04,0x77,0xdb,0xbb,
	0x04,0x93,0x80,0xfc,0x01,0x74,0xd3,0xbb,0x01,0x02,0xeb,0xce,
	0x00,0x07,0x03,0x07,0x00,0x07,0x03,0x07,0x07,0x07,0x07,0x07,
	0x01,0x01,0x04,0x04,0xb2,0x07,0xe8,0x28,0x05,0x33,0xdb,0x43,
	0x22,0xdc,0xe8,0xe0,0x04,0x8a,0xf4,0x8a,0xec,0x80,0xe4,0xc0,
	0x74,0x1b,0x80,0xfc,0x80,0x77,0x27,0x74,0x03,0x80,0xcb,0x08,
	0xb1,0x03,0xd2,0xed,0xb1,0x06,0x22,0xe9,0x0a,0xdd,0x8a,0x97,
	0x4c,0xb5,0xeb,0x12,0x90,0xe8,0x33,0x05,0x80,0xfc,0x02,0x75,
	0x09,0xb2,0x02,0xf6,0xc6,0x10,0x74,0x02,0xb2,0x05,0x8a,0xe6,
	0x80,0xe4,0xf8,0x0a,0xe2,0xe8,0xb0,0x04,0xc3,0xe8,0xd3,0x03,
	0xb4,0x00,0x74,0x17,0xe8,0x96,0x04,0x80,0xe4,0xef,0xe8,0x9f,
	0x04,0x50,0xe8,0x9d,0x02,0x58,0xe8,0xbe,0x03,0xb4,0x06,0x74,
	0x02,0xb4,0x80,0xc3,0xb3,0x01,0x8a,0xc8,0xd2,0xe3,0x26,0x84,
	0x1e,0x3e,0x04,0x75,0x38,0x26,0x08,0x1e,0x3e,0x04,0x8b,0xd0,
	0x32,0xe4,0xe8,0x97,0x04,0xb9,0x02,0x00,0x51,0x52,0x8b,0xf4,
	0xb4,0x07,0xb3,0x02,0xe8,0x7d,0x02,0x5a,0x59,0x0a,0xe4,0x75,
	0x4f,0x51,0x52,0xe8,0x05,0x01,0x5a,0x59,0x0a,0xe4,0xe0,0xe4,
	0x75,0x42,0x8b,0xc2,0x0a,0xe4,0x75,0x05,0xe8,0x3a,0x00,0xeb,
	0x35,0x8b,0xd8,0xe8,0x37,0x04,0xf6,0xc4,0x20,0x74,0x02,0xd0,
	0xe7,0xe8,0x4d,0x04,0x3a,0xe7,0x74,0x22,0x8a,0xe7,0xe8,0x53,
	0x04,0x53,0x8b,0xf4,0xb4,0x0f,0xb3,0x03,0xe8,0x3d,0x02,0x5b,
	0x0a,0xe4,0x75,0x10,0x53,0xe8,0xc7,0x00,0x5b,0x0a,0xe4,0x75,
	0x07,0x8b,0xc3,0xe8,0x03,0x00,0x32,0xe4,0xc3,0x8b,0xd8,0xb0,
	0x09,0xe8,0x9d,0x04,0x0a,0xc0,0x75,0x15,0x26,0xf6,0x06,0x3f,
	0x04,0x80,0x74,0x1d,0x8a,0xc3,0xe8,0xec,0x03,0xb0,0x14,0x0a,
	0xe4,0x78,0x02,0xb0,0x0f,0x50,0x58,0x0a,0xc0,0x74,0x0a,0xb9,
	0xb8,0x01,0x90,0x90,0xe2,0xfe,0x48,0x75,0xf6,0xc3,0x26,0x8a,
	0x1e,0x42,0x04,0x80,0xe3,0xc0,0xb4,0x00,0x74,0x31,0x80,0xfb,
	0x40,0xb4,0x20,0x75,0x2a,0x26,0x8a,0x1e,0x43,0x04,0xf6,0xc3,
	0x84,0xb4,0x04,0x75,0x1e,0xf6,0xc3,0x20,0xb4,0x10,0x75,0x17,
	0xf6,0xc3,0x10,0xb4,0x08,0x75,0x10,0xf6,0xc3,0x02,0xb4,0x03,
	0x75,0x09,0xf6,0xc3,0x01,0xb4,0x02,0x75,0x02,0xb4,0x20,0xc3,
	0xfa,0x26,0xa0,0x3f,0x04,0xb1,0x04,0xd2,0xc0,0x24,0xfb,0x0c,
	0x08,0xba,0xf2,0x03,0xee,0x26,0xc6,0x06,0x3e,0x04,0x00,0xb9,
	0x07,0x00,0xe2,0xfe,0x0c,0x04,0xee,0xeb,0x00,0xfb,0xe8,0x26,
	0x00,0xb4,0x20,0x26,0x80,0x3e,0x42,0x04,0xc0,0x75,0x19,0xb0,
	0x00,0xe8,0x01,0x04,0x8a,0xd8,0xb0,0x01,0xe8,0xfa,0x03,0x8a,
	0xf8,0x53,0x8b,0xf4,0xb4,0x03,0xb3,0x03,0xe8,0x71,0x01,0x5b,
	0x32,0xc0,0xc3,0xe8,0x25,0x00,0x0a,0xe4,0x75,0x20,0xb4,0x08,
	0xb3,0x01,0xe8,0x5f,0x01,0x0a,0xe4,0x75,0x15,0xe8,0x26,0x00,
	0x0a,0xe4,0x75,0x0e,0x26,0xa0,0x42,0x04,0x24,0x60,0x3c,0x60,
	0xb4,0x40,0x74,0x02,0x32,0xe4,0xc3,0x8d,0x3e,0x3e,0x04,0xb4,
	0x80,0xb7,0xfd,0xb9,0x00,0x00,0xe8,0xe5,0x03,0x26,0x80,0x25,
	0x7f,0xc3,0xbf,0x42,0x04,0xb8,0xc0,0xc0,0xba,0xf4,0x03,0xe8,
	0xb2,0x03,0x0a,0xe4,0x75,0x1c,0x42,0xec,0xaa,0x33,0xdb,0xb9,
	0x0a,0x00,0xe2,0xfe,0xba,0xf4,0x03,0xec,0xa8,0x10,0xb4,0x00,
	0x74,0x08,0xb4,0x20,0x81,0xff,0x48,0x04,0x76,0xd7,0xc3,0xb5,
	0x00,0xb7,0x01,0x8a,0xc8,0xd2,0xe7,0xfa,0x26,0x8a,0x1e,0x3f,
	0x04,0x84,0xdf,0x75,0x02,0xfe,0xc5,0x26,0xc6,0x06,0x40,0x04,
	0xff,0x8a,0xe3,0x80,0xe4,0x03,0xb1,0x04,0xd2,0xe4,0x8a,0xd4,
	0x80,0xe3,0xcf,0x8a,0xe0,0xd2,0xe4,0x0a,0xdf,0x0a,0xdc,0x26,
	0x88,0x1e,0x3f,0x04,0x8a,0xe2,0xb2,0x10,0x8a,0xc8,0x0a,0xe0,
	0xd2,0xe2,0x0a,0xe2,0x80,0xcc,0x0c,0x86,0xe0,0xba,0xf2,0x03,
	0xee,0xfb,0x0a,0xed,0x74,0x03,0xeb,0x02,0x90,0xc3,0xb8,0x0a,
	0x00,0xe8,0x29,0x03,0x26,0xf6,0x06,0x3f,0x04,0x80,0x74,0x09,
	0x3c,0x07,0x77,0x10,0xb8,0x08,0x00,0xeb,0x0b,0x0a,0xc0,0x74,
	0x1a,0x3c,0x04,0x77,0x03,0xb8,0x05,0x00,0x8a,0xd0,0xb0,0x19,
	0xf6,0xe2,0x0b,0xc0,0x74,0x09,0xb9,0xfc,0x08,0x90,0xe2,0xfe,
	0x48,0x75,0xf7,0xc3,0xb0,0x04,0xe8,0xf4,0x02,0x8a,0xe0,0x26,
	0xa0,0x47,0x04,0x2a,0xc1,0x26,0x3a,0x36,0x46,0x04,0x74,0x04,
	0x02,0xc4,0xeb,0x0b,0x26,0x3a,0x2e,0x45,0x04,0x74,0x04,0xd0,
	0xe4,0x02,0xc4,0xc3,0xfa,0xe6,0x0c,0xeb,0x00,0xe6,0x0b,0x36,
	0x8b,0x44,0x02,0x8a,0xdc,0xb1,0x04,0xd3,0xe0,0xd2,0xeb,0x36,
	0x03,0x04,0x80,0xd3,0x00,0xe6,0x04,0x86,0xc4,0xeb,0x00,0xe6,
	0x04,0xeb,0x00,0x86,0xc4,0x93,0xe6,0x81,0xeb,0x00,0x36,0x8b,
	0x44,0x04,0xe6,0x05,0x8a,0xc4,0xeb,0x00,0xe6,0x05,0xfb,0xb0,
	0x02,0xe6,0x0a,0xb4,0x09,0x36,0x03,0x5c,0x04,0x72,0x02,0x33,
	0xc0,0xc3,0x50,0xe8,0x56,0xfe,0x58,0xb4,0x01,0x50,0xe8,0x63,
	0xfd,0x58,0xb4,0x00,0xe8,0x5d,0xfd,0xc3,0x50,0xba,0xf4,0x03,
	0xb8,0x80,0xc0,0xe8,0x82,0x02,0x59,0x0a,0xe4,0x75,0x1b,0x8a,
	0xc5,0xb9,0x0a,0x00,0x42,0xee,0xeb,0x00,0x4a,0xec,0xa8,0x80,
	0xe0,0xfb,0xfe,0xcb,0x74,0x06,0x36,0x8a,0x24,0x46,0xeb,0xd8,
	0x33,0xc0,0xc3,0xe8,0xaf,0x01,0xf6,0xc4,0x10,0x75,0x7b,0x80,
	0xe4,0xdf,0xe8,0xb3,0x01,0xe8,0xe1,0x01,0xf6,0xc4,0x01,0x74,
	0x6d,0xb3,0xfe,0x8a,0xc8,0xd2,0xc3,0x26,0x20,0x1e,0x3e,0x04,
	0x32,0xe4,0x8b,0xd0,0x52,0x8b,0xc2,0x24,0x01,0xe8,0x04,0xfd,
	0x5a,0x0a,0xe4,0x75,0x53,0x52,0x8b,0xf4,0xb4,0x4a,0xb3,0x02,
	0xe8,0x99,0xff,0x5a,0x0a,0xe4,0x75,0x44,0x52,0xe8,0x41,0x00,
	0x26,0xc6,0x06,0x40,0x04,0xff,0x5a,0x0a,0xf6,0x74,0x17,0x0a,
	0xe4,0x74,0x1b,0xfe,0xc6,0x80,0xfe,0x50,0x72,0xca,0xf6,0xc2,
	0x04,0x75,0x25,0xb6,0x04,0x80,0xca,0x04,0xeb,0xbe,0x0a,0xe4,
	0x75,0x1a,0xb6,0x04,0xeb,0xb6,0x26,0x38,0x36,0x45,0x04,0x74,
	0x0d,0x8a,0xc2,0x24,0x01,0xe8,0x35,0x01,0x80,0xcc,0x20,0xe8,
	0x3e,0x01,0x32,0xe4,0xc3,0xe8,0x07,0xfe,0x50,0xe8,0x16,0xfe,
	0x8a,0xfc,0x58,0x0a,0xe4,0x75,0x09,0x8a,0xe7,0x0a,0xe4,0x75,
	0x03,0xe8,0x42,0xfd,0xc3,0xe8,0x8b,0x01,0x80,0xfc,0x04,0x76,
	0x05,0x32,0xdb,0xeb,0x1b,0x90,0x8a,0xdc,0x32,0xff,0x8a,0x9f,
	0x65,0xb9,0x80,0xfc,0x03,0x75,0x0d,0xe8,0x37,0x01,0x80,0xe4,
	0x06,0x80,0xfc,0x06,0x75,0x02,0xb3,0x50,0xe8,0xea,0x00,0x8a,
	0xe3,0xe8,0xf4,0x00,0xc3,0x00,0x93,0x15,0x97,0x17,0x50,0xb0,
	0x0d,0xf6,0xe4,0x8b,0xf0,0x58,0x80,0xfc,0x02,0x77,0x03,0x83,
	0xee,0x0d,0x81,0xc6,0xbc,0xbb,0xc3,0x52,0x86,0xe0,0xba,0xf7,
	0x03,0xec,0x86,0xe0,0x80,0xe4,0x80,0x5a,0xc3,0x53,0x26,0x80,
	0x26,0x8b,0x04,0xf3,0x26,0x80,0x0e,0x8b,0x04,0x08,0x8a,0xfc,
	0x80,0xe7,0x3f,0x80,0xcf,0x00,0xe8,0xe4,0x00,0x80,0xe4,0x06,
	0x80,0xfc,0x04,0x75,0x06,0x80,0xe7,0x3f,0x80,0xcf,0x80,0x8a,
	0xe7,0xe8,0xa0,0x00,0x5b,0xc3,0x50,0x53,0xe8,0x8a,0x00,0x80,
	0xe4,0xc0,0x26,0x8a,0x3e,0x8b,0x04,0x80,0xe7,0xc0,0x3a,0xe7,
	0x74,0x1b,0xfa,0x26,0x80,0x26,0x8b,0x04,0x3f,0x26,0x08,0x26,
	0x8b,0x04,0xd1,0xc0,0xd1,0xc0,0x24,0x03,0x8b,0xda,0xba,0xf7,
	0x03,0xee,0x8b,0xd3,0xfb,0x5b,0x58,0xc3,0x53,0x8a,0xfc,0xe8,
	0x57,0x00,0x8a,0xdc,0x80,0xe3,0xc0,0x80,0xfb,0x80,0x75,0x04,
	0x8a,0xe7,0xeb,0x10,0x80,0xe4,0x3f,0x80,0xfb,0x40,0x74,0x03,
	0x80,0xcc,0x80,0xe8,0x4a,0x00,0x32,0xe4,0x5b,0xc3,0x50,0x53,
	0xe8,0x32,0x00,0x80,0xcc,0x10,0xe8,0x3b,0x00,0x8a,0xfc,0xe8,
	0x67,0x00,0xf6,0xc4,0x04,0x75,0x1f,0x80,0xcc,0x06,0x80,0xe7,
	0xc0,0x80,0xff,0x80,0x75,0x11,0x8a,0xdc,0xe8,0x8c,0x00,0x86,
	0xdc,0x75,0x08,0x80,0xfb,0x04,0x74,0x03,0x80,0xe4,0xfd,0xe8,
	0x58,0x00,0x5b,0x58,0xc3,0x26,0x8a,0x26,0x90,0x04,0x0a,0xc0,
	0x74,0x05,0x26,0x8a,0x26,0x91,0x04,0xc3,0x0a,0xc0,0x75,0x07,
	0x26,0x88,0x26,0x90,0x04,0xeb,0x05,0x26,0x88,0x26,0x91,0x04,
	0xc3,0x26,0x8a,0x26,0x94,0x04,0x0a,0xc0,0x74,0x05,0x26,0x8a,
	0x26,0x95,0x04,0xc3,0x0a,0xc0,0x75,0x07,0x26,0x88,0x26,0x94,
	0x04,0xeb,0x05,0x26,0x88,0x26,0x95,0x04,0xc3,0x26,0x8a,0x26,
	0x8f,0x04,0x0a,0xc0,0x74,0x08,0xd0,0xec,0xd0,0xec,0xd0,0xec,
	0xd0,0xec,0x80,0xe4,0x07,0xc3,0x50,0x80,0xe4,0x07,0x0a,0xc0,
	0x74,0x10,0xd0,0xe4,0xd0,0xe4,0xd0,0xe4,0xd0,0xe4,0x26,0x80,
	0x26,0x8f,0x04,0x8f,0xeb,0x06,0x26,0x80,0x26,0x8f,0x04,0xf8,
	0x26,0x08,0x26,0x8f,0x04,0x58,0xc3,0xfa,0xb4,0x00,0x50,0x52,
	0xba,0xf7,0x03,0xec,0x24,0x20,0x5a,0x58,0x75,0x09,0x3c,0x00,
	0x75,0x0f,0xb4,0x04,0xeb,0x0b,0x90,0x3c,0x01,0x77,0x06,0xb4,
	0x04,0x74,0x02,0xb4,0x01,0x3a,0xe4,0xfb,0xc3,0x1e,0x56,0x26,
	0xc5,0x36,0x78,0x00,0x32,0xe4,0x03,0xf0,0xac,0x5e,0x1f,0xc3,
	0x53,0x8a,0xf8,0x33,0xc9,0xec,0x8a,0xd8,0x22,0xc4,0x3a,0xc7,
	0x74,0x06,0xe2,0xf5,0xb4,0x80,0xeb,0x02,0xb4,0x00,0x8a,0xc3,
	0x5b,0xc3,0xe8,0x0d,0xdf,0xcb,0xe8,0x13,0xea,0xcb,0x33,0xc9,
	0x90,0x90,0x0a,0xff,0x74,0x0c,0xfe,0xc7,0x90,0x26,0x84,0x25,
	0x75,0x08,0xe2,0xf9,0xeb,0xec,0xb4,0x80,0xeb,0x02,0xb4,0x00,
	0xc3,0x50,0x1e,0xb8,0x00,0x00,0x8e,0xd8,0x26,0x80,0x0e,0x3e,
	0x04,0x80,0xb0,0x20,0xe6,0x20,0x1f,0x58,0xcf,0xfb,0xb3,0xfd,
	0x2b,0xc9,0x26,0xf6,0x06,0x3e,0x04,0x80,0x74,0x07,0x26,0x80,
	0x36,0x3e,0x04,0x80,0xc3,0xe2,0xef,0xfe,0xc3,0x75,0xeb,0x26,
	0x80,0x0e,0x41,0x04,0x80,0xf9,0xc3,0x50,0x51,0x52,0x53,0x54,
	0x55,0x56,0x57,0x06,0x1e,0xfc,0x8c,0xc8,0x8e,0xd8,0xb8,0x00,
	0x00,0x8e,0xc0,0x8d,0x3e,0x3e,0x04,0xb9,0x0b,0x00,0x33,0xc0,
	0xf3,0xaa,0x8d,0x3e,0x8f,0x04,0xb9,0x07,0x00,0xf3,0xaa,0x26,
	0x80,0x26,0x8b,0x04,0xcc,0x26,0x80,0x0e,0x8b,0x04,0x00,0xb0,
	0x00,0xba,0xf7,0x03,0xee,0xe8,0x0c,0xfb,0xb0,0x02,0xe8,0x3c,
	0xff,0x26,0xa2,0x40,0x04,0x1f,0x07,0x5f,0x5e,0x5d,0x5c,0x5b,
	0x5a,0x59,0x58,0xc3,0xdf,0x02,0x25,0x02,0x09,0x2a,0xff,0x50,
	0xf6,0x0f,0x04,0x27,0x80,0xdf,0x02,0x25,0x02,0x09,0x2a,0xff,
	0x50,0xf6,0x0f,0x04,0x27,0x40,0xdf,0x02,0x25,0x02,0x0f,0x1b,
	0xff,0x54,0xf6,0x0f,0x04,0x4f,0x00,0xdf,0x02,0x25,0x02,0x09,
	0x2a,0xff,0x50,0xf6,0x0f,0x04,0x4f,0x80,0xdf,0x02,0x25,0x02,
	0x09,0x2a,0xff,0x50,0xf6,0x0f,0x04,0x4f,0x80,0xaf,0x02,0x25,
	0x02,0x12,0x1b,0xff,0x6c,0xf6,0x0f,0x04,0x4f,0x00,0x00,0x00,
	0x00,0x00,0x00,0x00,0x00,0x00,0x00,0x00,0x00,0x00,0x00,0x00,
	0x00,0x00,0x00,0x00,0x00,0x00,0x00,0x00,0x00,0x00,0x00,0x00,
	0x00,0x00,0x00,0x00,0x00,0x00,0x00,0x00,0x00,0x00,0x00,0x00,
	0x00,0x00,0x00,0x00,0x00,0x00,0x00,0x00,0x00,0x00,0x00,0x00,
	0x00,0x00,0x00,0x00,0x00,0x00,0x00,0x00,0x00,0x00,0x00,0x00,
	0x00,0x00,0x00,0x00,0x00,0x00,0x00,0x00,0x00,0x00,0x00,0x00,
	0x00,0x00,0x00,0x00,0x00,0x00,0x00,0x00,0x00,0x00,0x00,0x00,
	0x00,0x00,0x00,0x00,0x00,0x00,0x00,0x00,0x00,0x00,0x00,0x00,
	0x00,0x00,0x00,0x00,0x00,0x00,0x00,0x00,0x00,0x00,0x00,0x00,
	0x00,0x00,0x00,0x00,0x00,0x00,0x00,0x00,0x00,0x00,0x00,0x00,
	0x00,0x00,0x00,0x00,0x00,0x00,0x00,0x00,0x00,0x00,0x00,0x00,
	0x00,0x00,0x00,0x00,0x00,0x00,0x00,0x00,0x00,0x00,0x00,0x00,
	0x00,0x00,0x00,0x00,0x00,0x00,0x00,0x00,0x00,0x00,0x00,0x00,
	0x00,0x00,0x00,0x00,0x00,0x00,0x00,0x00,0x00,0x00,0x00,0x00,
	0x00,0x00,0x00,0x00,0x00,0x00,0x00,0x00,0x00,0x00,0x00,0x00,
	0x00,0x00,0x00,0x00,0x00,0x00,0x00,0x00,0x00,0x00,0x00,0x00,
	0x00,0x00,0x00,0x00,0x00,0x00,0x00,0x00,0x00,0x00,0x00,0x00,
	0x00,0x00,0x00,0x00,0x00,0x00,0x00,0x00,0x00,0x00,0x00,0x00,
	0x00,0x00,0x00,0x00,0x00,0x00,0x00,0x00,0x00,0x00,0x00,0x00,
	0x00,0x00,0x00,0x00,0x00,0x00,0x00,0x00,0x00,0x00,0x00,0x00,
	0x00,0x00,0x00,0x00,0x00,0x00,0x00,0x00,0x00,0x00,0x00,0x00,
	0x00,0x00,0x00,0x00,0x00,0x00,0x00,0x00,0x00,0x00,0x00,0x00,
	0x00,0x00,0x00,0x00,0x00,0x00,0x00,0x00,0x00,0x00,0x00,0x00,
	0x00,0x00,0x00,0x00,0x00,0x00,0x00,0x00,0x00,0x00,0x00,0x00,
	0x00,0x00,0x00,0x00,0x00,0x00,0x00,0x00,0x00,0x00,0x00,0x00,
	0x00,0x00,0x00,0x00,0x00,0x00,0x00,0x00,0x00,0x00,0x00,0x00,
	0x00,0x00,0x00,0x00,0x00,0x00,0x00,0x00,0x00,0x00,0x00,0x00,
	0x00,0x00,0x00,0x00,0x00,0x00,0x00,0x00,0x00,0x00,0x00,0x00,
	0x00,0x00,0x00,0x00,0x00,0x00,0x00,0x00,0x00,0x00,0x00,0x00,
	0x00,0x00,0x00,0x00,0x00,0x00,0x00,0x00,0x00,0x00,0x00,0x00,
	0x00,0x00,0x00,0x00,0x00,0x00,0x00,0x00,0x00,0x00,0x00,0x00,
	0x00,0x00,0x00,0x00,0x00,0x00,0x00,0x00,0x00,0x00,0x00,0x00,
	0x00,0x00,0x00,0x00,0x00,0x00,0x00,0x00,0x00,0x00,0x00,0x00,
	0x00,0x00,0x00,0x00,0x00,0x00,0x00,0x00,0x00,0x00,0x00,0x00,
	0x00,0x00,0x00,0x00,0x00,0x00,0x00,0x00,0x00,0x00,0x00,0x00,
	0x00,0x00,0x00,0x00,0x00,0x00,0x00,0x00,0x00,0x00,0x00,0x00,
	0x00,0x00,0x00,0x00,0x00,0x00,0x00,0x00,0x00,0x00,0x00,0x00,
	0x00,0x00,0x00,0x00,0x00,0x00,0x00,0x00,0x00,0x00,0x00,0x00,
	0x00,0x00,0x00,0x00,0x00,0x00,0x00,0x00,0x00,0x00,0x00,0x00,
	0x00,0x00,0x00,0x00,0x00,0x00,0x00,0x00,0x00,0x00,0x00,0x00,
	0x00,0x00,0x00,0x00,0x00,0x00,0x00,0x00,0x00,0x00,0x00,0x00,
	0x00,0x00,0x00,0x00,0x00,0x00,0x00,0x00,0x00,0x00,0x00,0x00,
	0x00,0x00,0x00,0x00,0x00,0x00,0x00,0x00,0x00,0x00,0x00,0x00,
	0x00,0x00,0x00,0x00,0x00,0x00,0x00,0x00,0x00,0x00,0x00,0x00,
	0x00,0x00,0x00,0x00,0x00,0x00,0x00,0x00,0x00,0x00,0x00,0x00,
	0x00,0x00,0x00,0x00,0x00,0x00,0x00,0x00,0x00,0x00,0x00,0x00,
	0x00,0x00,0x00,0x00,0x00,0x00,0x00,0x00,0x00,0x00,0x00,0x00,
	0x00,0x00,0x00,0x00,0x00,0x00,0x00,0x00,0x00,0x00,0x00,0x00,
	0x00,0x00,0x00,0x00,0x00,0x00,0x00,0x00,0x00,0x00,0x00,0x00,
	0x00,0x00,0x00,0x00,0x00,0x00,0x00,0x00,0x00,0x00,0x00,0x00,
	0x00,0x00,0x00,0x00,0x00,0x00,0x00,0x00,0x00,0x00,0x00,0x00,
	0x00,0x00,0x00,0x00,0x00,0x00,0x00,0x00,0x00,0x00,0x00,0x00,
	0x00,0x00,0x00,0x00,0x00,0x00,0x00,0x00,0x00,0x00,0x00,0x00,
	0x00,0x00,0x00,0x00,0x00,0x00,0x00,0x00,0x00,0x00,0x00,0x00,
	0x00,0x00,0x00,0x00,0x00,0x00,0x00,0x00,0x00,0x00,0x00,0x00,
	0x00,0x00,0x00,0x00,0x00,0x00,0x00,0x00,0x00,0x00,0x00,0x00,
	0x00,0x00,0x00,0x00,0x00,0x00,0x00,0x00,0x00,0x00,0x00,0x00,
	0x00,0x00,0x00,0x00,0x00,0x00,0x00,0x00,0x00,0x00,0x00,0x00,
	0x00,0x00,0x00,0x00,0x00,0x00,0x00,0x00,0x00,0x00,0x00,0x00,
	0x00,0x00,0x00,0x00,0x00,0x00,0x00,0x00,0x00,0x00,0x00,0x00,
	0x00,0x00,0x00,0x00,0x00,0x00,0x00,0x00,0x00,0x00,0x00,0x00,
	0x00,0x00,0x00,0x00,0x00,0x00,0x00,0x00,0x00,0x00,0x00,0x00,
	0x00,0x00,0x00,0x00,0x00,0x00,0x00,0x00,0x00,0x00,0x00,0x00,
	0x00,0x00,0x00,0x00,0x00,0x00,0x00,0x00,0x00,0x00,0x00,0x00,
	0x00,0x00,0x00,0x00,0x00,0x00,0x00,0x00,0x00,0x00,0x00,0x00,
	0x00,0x00,0x00,0x00,0x00,0x00,0x00,0x00,0x00,0x00,0x00,0x00,
	0x00,0x00,0x00,0x00,0x00,0x00,0x00,0x00,0x00,0x00,0x00,0x00,
	0x00,0x00,0x00,0x00,0x00,0x00,0x00,0x00,0x00,0x00,0x00,0x00,
	0x00,0x00,0x00,0x00,0x00,0x00,0x00,0x00,0x00,0x00,0x00,0x00,
	0x00,0x00,0x00,0x00,0x00,0x00,0x00,0x00,0x00,0x00,0x00,0x00,
	0x00,0x00,0x00,0x00,0x00,0x00,0x00,0x00,0x00,0x00,0x00,0x00,
	0x00,0x00,0x00,0x00,0x00,0x00,0x00,0x00,0x00,0x00,0x00,0x00,
	0x00,0x00,0x00,0x00,0x00,0x00,0x00,0x00,0x00,0x00,0x00,0x00,
	0x00,0x00,0x00,0x00,0x00,0x00,0x00,0x00,0x00,0x00,0x00,0x00,
	0x00,0x00,0x00,0x00,0x00,0x00,0x00,0x00,0x00,0x00,0x00,0x00,
	0x00,0x00,0x00,0x00,0x00,0x00,0x00,0x00,0x00,0x00,0x00,0x00,
	0x00,0x00,0x00,0x00,0x00,0x00,0x00,0x00,0x00,0x00,0x00,0x00,
	0x00,0x00,0x00,0x00,0x00,0x00,0x00,0x00,0x00,0x00,0x00,0x00,
	0x00,0x00,0x00,0x00,0x00,0x00,0x00,0x00,0x00,0x00,0x00,0x00,
	0x00,0x00,0x00,0x00,0x00,0x00,0x00,0x00,0x00,0x00,0x00,0x00,
	0x00,0x00,0x00,0x00,0x00,0x00,0x00,0x00,0x00,0x00,0x00,0x00,
	0x00,0x00,0x00,0x00,0x00,0x00,0x00,0x00,0x00,0x00,0x00,0x00,
	0x00,0x00,0x00,0x00,0x00,0x00,0x00,0x00,0x00,0x00,0x00,0x00,
	0x00,0x00,0x00,0x00,0x00,0x00,0x00,0x00,0x00,0x00,0x00,0x00,
	0x00,0x00,0x00,0x00,0x00,0x00,0x00,0x00,0x00,0x00,0x00,0x00,
	0x00,0x00,0x00,0x00,0x00,0x00,0x00,0x00,0x00,0x00,0x00,0x00,
	0x00,0x00,0x00,0x00,0x00,0x00,0x00,0x00,0x00,0x00,0x00,0x00,
	0x00,0x00,0x00,0x00,0x00,0x00,0x00,0x00,0x00,0x00,0x00,0x00,
	0x00,0x00,0x00,0x00,0x00,0x00,0x00,0x00,0x00,0x00,0x00,0x00,
	0x00,0x00,0x00,0x00,0x00,0x00,0x00,0x00,0x00,0x00,0x00,0x00,
	0x00,0x00,0x00,0x00,0x00,0x00,0x00,0x00,0x00,0x00,0x00,0x00,
	0x00,0x00,0x00,0x00,0x00,0x00,0x00,0x00,0x00,0x00,0x00,0x00,
	0x00,0x00,0x00,0x00,0x00,0x00,0x00,0x00,0x00,0x00,0x00,0x00,
	0x00,0x00,0x00,0x00,0x00,0x00,0x00,0x00,0x00,0x00,0x00,0x00,
	0x00,0x00,0x00,0x00,0x00,0x00,0x00,0x00,0x00,0x00,0x00,0x00,
	0x00,0x00,0x00,0x00,0x00,0x00,0x00,0x00,0x00,0x00,0x00,0x00,
	0x00,0x00,0x00,0x00,0x00,0x00,0x00,0x00,0x00,0x00,0x00,0x00,
	0x00,0x00,0x00,0x00,0x00,0x00,0x00,0x00,0x00,0x00,0x00,0x00,
	0x00,0x00,0x00,0x00,0x00,0x00,0x00,0x00,0x00,0x00,0x00,0x00,
	0x00,0x00,0x00,0x00,0x00,0x00,0x00,0x00,0x00,0x00,0x00,0x00,
	0x00,0x00,0x00,0x00,0x00,0x00,0x00,0x00,0x00,0x00,0x00,0x00,
	0x00,0x00,0x00,0x00,0x00,0x00,0x00,0x00,0x00,0x00,0x00,0x00,
	0x00,0x00,0x00,0x00,0x00,0x00,0x00,0x00,0x00,0x00,0x00,0x00,
	0x00,0x00,0x00,0x00,0x00,0x00,0x00,0x00,0x00,0x00,0x00,0x00,
	0x00,0x00,0x00,0x00,0x00,0x00,0x00,0x00,0x00,0x00,0x00,0x00,
	0x00,0x00,0x00,0x00,0x00,0x00,0x00,0x00,0x00,0x00,0x00,0x00,
	0x00,0x00,0x00,0x00,0x00,0x00,0x00,0x00,0x00,0x00,0x00,0x00,
	0x00,0x00,0x00,0x00,0x00,0x00,0x00,0x00,0x00,0x00,0x00,0x00,
	0x00,0x00,0x00,0x00,0x00,0x00,0x00,0x00,0x00,0x00,0x00,0x00,
	0x00,0x00,0x00,0x00,0x00,0x00,0x00,0x00,0x00,0x00,0x00,0x00,
	0x00,0x00,0x00,0x00,0x00,0x00,0x00,0x00,0x00,0x00,0x00,0x00,
	0x00,0x00,0x00,0x00,0x00,0x00,0x00,0x00,0x00,0x00,0x00,0x00,
	0x00,0x00,0x00,0x00,0x00,0x00,0x00,0x00,0x00,0x00,0x00,0x00,
	0x00,0x00,0x00,0x00,0x00,0x00,0x00,0x00,0x00,0x00,0x00,0x00,
	0x00,0x00,0x00,0x00,0x00,0x00,0x00,0x00,0x00,0x00,0x00,0x00,
	0x00,0x00,0x00,0x00,0x00,0x00,0x00,0x00,0x00,0x00,0x00,0x00,
	0x00,0x00,0x00,0x00,0x00,0x00,0x00,0x00,0x00,0x00,0x00,0x00,
	0x00,0x00,0x00,0x00,0x00,0x00,0x00,0x00,0x00,0x00,0x00,0x00,
	0x00,0x00,0x00,0x00,0x00,0x00,0x00,0x00,0x00,0x00,0x00,0x00,
	0x00,0x00,0x00,0x00,0x00,0x00,0x00,0x00,0x00,0x00,0x00,0x00,
	0x00,0x00,0x00,0x00,0x00,0x00,0x00,0x00,0x00,0x00,0x00,0x00,
	0x00,0x00,0x00,0x00,0x00,0x00,0x00,0x00,0x00,0x00,0x00,0x00,
	0x00,0x00,0x00,0x00,0x00,0x00,0x00,0x00,0x00,0x00,0x00,0x00,
	0x00,0x00,0x00,0x00,0x00,0x00,0x00,0x00,0x00,0x00,0x00,0x00,
	0x00,0x00,0x00,0x00,0x00,0x00,0x00,0x00,0x00,0x00,0x00,0x00,
	0x00,0x00,0x00,0x00,0x00,0x00,0x00,0x00,0x00,0x00,0x00,0x00,
	0x00,0x00,0x00,0x00,0x00,0x00,0x00,0x00,0x00,0x00,0x00,0x00,
	0x00,0x00,0x00,0x00,0x00,0x00,0x00,0x00,0x00,0x00,0x00,0x00,
	0x00,0x00,0x00,0x00,0x00,0x00,0x00,0x00,0x00,0x00,0x00,0x00,
	0x00,0x00,0x00,0x00,0x00,0x00,0x00,0x00,0x00,0x00,0x00,0x00,
	0x00,0x00,0x00,0x00,0x00,0x00,0x00,0x00,0x00,0x00,0x00,0x00,
	0x00,0x00,0x00,0x00,0x00,0x00,0x00,0x00,0x00,0x00,0x00,0x00,
	0x00,0x00,0x00,0x00,0x00,0x00,0x00,0x00,0x00,0x00,0x00,0x00,
	0x00,0x00,0x00,0x00,0x00,0x00,0x00,0x00,0x00,0x00,0x00,0x00,
	0x00,0x00,0x00,0x00,0x00,0x00,0x00,0x00,0x00,0x00,0x00,0x00,
	0x00,0x00,0x00,0x00,0x00,0x00,0x00,0x00,0x00,0x00,0x00,0x00,
	0x00,0x00,0x00,0x00,0x00,0x00,0x00,0x00,0x00,0x00,0x00,0x00,
	0x00,0x00,0x00,0x00,0x00,0x00,0x00,0x00,0x00,0x00,0x00,0x00,
	0x00,0x00,0x00,0x00,0x00,0x00,0x00,0x00,0x00,0x00,0x00,0x00,
	0x00,0x00,0x00,0x00,0x00,0x00,0x00,0x00,0x00,0x00,0x00,0x00,
	0x00,0x00,0x00,0x00,0x00,0x00,0x00,0x00,0x00,0x00,0x00,0x00,
	0x00,0x00,0x00,0x00,0x00,0x00,0x00,0x00,0x00,0x00,0x00,0x00,
	0x00,0x00,0x00,0x00,0x00,0x00,0x00,0x00,0x00,0x00,0x00,0x00,
	0x00,0x00,0x00,0x00,0x00,0x00,0x00,0x00,0x00,0x00,0x00,0x00,
	0x00,0x00,0x00,0x00,0x00,0x00,0x00,0x00,0x00,0x00,0x00,0x00,
	0x00,0x00,0x00,0x00,0x00,0x00,0x00,0x00,0x00,0x00,0x00,0x00,
	0x00,0x00,0x00,0x00,0x00,0x00,0x00,0x00,0x00,0x00,0x00,0x00,
	0x00,0x00,0x00,0x00,0x00,0x00,0x00,0x00,0x00,0x00,0x00,0x00,
	0x00,0x00,0x00,0x00,0x00,0x00,0x00,0x00,0x00,0x00,0x00,0x00,
	0x00,0x00,0x00,0x00,0x00,0x00,0x00,0x00,0x00,0x00,0x00,0x00,
	0x00,0x00,0x00,0x00,0x00,0x00,0x00,0x00,0x00,0x00,0x00,0x00,
	0x00,0x00,0x00,0x00,0x00,0x00,0x00,0x00,0x00,0x00,0x00,0x00,
	0x00,0x00,0x00,0x00,0x00,0x00,0x00,0x00,0x00,0x00,0x00,0x00,
	0x00,0x00,0x00,0x00,0x00,0x00,0x00,0x00,0x00,0x00,0x00,0x00,
	0x00,0x00,0x00,0x00,0x00,0x00,0x00,0x00,0x00,0x00,0x00,0x00,
	0x00,0x00,0x00,0x00,0x00,0x00,0x00,0x00,0x00,0x00,0x00,0x00,
	0x00,0x00,0x00,0x00,0x00,0x00,0x00,0x00,0x00,0x00,0x00,0x00,
	0x00,0x00,0x00,0x00,0x00,0x00,0x00,0x00,0x00,0x00,0x00,0x00,
	0x00,0x00,0x00,0x00,0x00,0x00,0x00,0x00,0x00,0x00,0x00,0x00,
	0x00,0x00,0x00,0x00,0x00,0x00,0x00,0x00,0x00,0x00,0x00,0x00,
	0x00,0x00,0x00,0x00,0x00,0x00,0x00,0x00,0x00,0x00,0x00,0x00,
	0x00,0x00,0x00,0x00,0x00,0x00,0x00,0x00,0x00,0x00,0x00,0x00,
	0x00,0x00,0x00,0x00,0x00,0x00,0x00,0x00,0x00,0x00,0x00,0x00,
	0x00,0x00,0x00,0x00,0x00,0x00,0x00,0x00,0x00,0x00,0x00,0x00,
	0x00,0x00,0x00,0x00,0x00,0x00,0x00,0x00,0x00,0x00,0x00,0x00,
	0x00,0x00,0x00,0x00,0x00,0x00,0x00,0x00,0x00,0x00,0x00,0x00,
	0x00,0x00,0x00,0x00,0x00,0x00,0x00,0x00,0x00,0x00,0x00,0x00,
	0x00,0x00,0x00,0x00,0x00,0x00,0x00,0x00,0x00,0x00,0x00,0x00,
	0x00,0x00,0x00,0x00,0x00,0x00,0x00,0x00,0x00,0x00,0x00,0x00,
	0x00,0x00,0x00,0x00,0x00,0x00,0x00,0x00,0x00,0x00,0x00,0x00,
	0x00,0x00,0x00,0x00,0x00,0x00,0x00,0x00,0x00,0x00,0x00,0x00,
	0x00,0x00,0x00,0x00,0x00,0x00,0x00,0x00,0x00,0x00,0x00,0x00,
	0x00,0x00,0x00,0x00,0x00,0x00,0x00,0x00,0x00,0x00,0x00,0x00,
	0x00,0x00,0x00,0x00,0x00,0x00,0x00,0x00,0x00,0x00,0x00,0x00,
	0x00,0x00,0x00,0x00,0x00,0x00,0x00,0x00,0x00,0x00,0x00,0x00,
	0x00,0x00,0x00,0x00,0x00,0x00,0x00,0x00,0x00,0x00,0x00,0x00,
	0x00,0x00,0x00,0x00,0x00,0x00,0x00,0x00,0x00,0x00,0x00,0x00,
	0x00,0x00,0x00,0x00,0x00,0x00,0x00,0x00,0x00,0x00,0x00,0x00,
	0x00,0x00,0x00,0x00,0x00,0x00,0x00,0x00,0x00,0x00,0x00,0x00,
	0x00,0x00,0x00,0x00,0x00,0x00,0x00,0x00,0x00,0x00,0x00,0x00,
	0x00,0x00,0x00,0x00,0x00,0x00,0x00,0x00,0x00,0x00,0x00,0x00,
	0x00,0x00,0x00,0x00,0x00,0x00,0x00,0x00,0x00,0x00,0x00,0x00,
	0x00,0x00,0x00,0x00,0x00,0x00,0x00,0x00,0x00,0x00,0x00,0x00,
	0x00,0x00,0x00,0x00,0x00,0x00,0x00,0x00,0x00,0x00,0x00,0x00,
	0x00,0x00,0x00,0x00,0x00,0x00,0x00,0x00,0x00,0x00,0x00,0x00,
	0x00,0x00,0x00,0x00,0x00,0x00,0x00,0x00,0x00,0x00,0x00,0x00,
	0x00,0x00,0x00,0x00,0x00,0x00,0x00,0x00,0x00,0x00,0x00,0x00,
	0x00,0x00,0x00,0x00,0x00,0x00,0x00,0x00,0x00,0x00,0x00,0x00,
	0x00,0x00,0x00,0x00,0x00,0x00,0x00,0x00,0x00,0x00,0x00,0x00,
	0x00,0x00,0x00,0x00,0x00,0x00,0x00,0x00,0x00,0x00,0x00,0x00,
	0x00,0x00,0x00,0x00,0x00,0x00,0x00,0x00,0x00,0x00,0x00,0x00,
	0x00,0x00,0x00,0x00,0x00,0x00,0x00,0x00,0x00,0x00,0x00,0x00,
	0x00,0x00,0x00,0x00,0x00,0x00,0x00,0x00,0x00,0x00,0x00,0x00,
	0x00,0x00,0x00,0x00,0x00,0x00,0x00,0x00,0x00,0x00,0x00,0x00,
	0x00,0x00,0x00,0x00,0x00,0x00,0x00,0x00,0x00,0x00,0x00,0x00,
	0x00,0x00,0x00,0x00,0x00,0x00,0x00,0x00,0x00,0x00,0x00,0x00,
	0x00,0x00,0x00,0x00,0x00,0x00,0x00,0x00,0x00,0x00,0x00,0x00,
	0x00,0x00,0x00,0x00,0x00,0x00,0x00,0x00,0x00,0x00,0x00,0x00,
	0x00,0x00,0x00,0x00,0x00,0x00,0x00,0x00,0x00,0x00,0x00,0x00,
	0x00,0x00,0x00,0x00,0x00,0x00,0x00,0x00,0x00,0x00,0x00,0x00,
	0x00,0x00,0x00,0x00,0x00,0x00,0x00,0x00,0x00,0x00,0x00,0x00,
	0x00,0x00,0x00,0x00,0x00,0x00,0x00,0x00,0x00,0x00,0x00,0x00,
	0x00,0x00,0x00,0x00,0x00,0x00,0x00,0x00,0x00,0x00,0x00,0x00,
	0x00,0x00,0x00,0x00,0x00,0x00,0x00,0x00,0x00,0x00,0x00,0x00,
	0x00,0x00,0x00,0x00,0x00,0x00,0x00,0x00,0x00,0x00,0x00,0x00,
	0x00,0x00,0x00,0x00,0x00,0x00,0x00,0x00,0x00,0x00,0x00,0x00,
	0x00,0x00,0x00,0x00,0x00,0x00,0x00,0x00,0x00,0x00,0x00,0x00,
	0x00,0x00,0x00,0x00,0x00,0x00,0x00,0x00,0x00,0x00,0x00,0x00,
	0x00,0x00,0x00,0x00,0x00,0x00,0x00,0x00,0x00,0x00,0x00,0x00,
	0x00,0x00,0x00,0x00,0x00,0x00,0x00,0x00,0x00,0x00,0x00,0x00,
	0x00,0x00,0x00,0x00,0x00,0x00,0x00,0x00,0x00,0x00,0x00,0x00,
	0x00,0x00,0x00,0x00,0x00,0x00,0x00,0x00,0x00,0x00,0x00,0x00,
	0x00,0x00,0x00,0x00,0x00,0x00,0x00,0x00,0x00,0x00,0x00,0x00,
	0x00,0x00,0x00,0x00,0x00,0x00,0x00,0x00,0x00,0x00,0x00,0x00,
	0x00,0x00,0x00,0x00,0x00,0x00,0x00,0x00,0x00,0x00,0x00,0x00,
	0x00,0x00,0x00,0x00,0x00,0x00,0x00,0x00,0x00,0x00,0x00,0x00,
	0x00,0x00,0x00,0x00,0x00,0x00,0x00,0x00,0x00,0x00,0x00,0x00,
	0x00,0x00,0x00,0x00,0x00,0x00,0x00,0x00,0x00,0x00,0x00,0x00,
	0x00,0x00,0x00,0x00,0x00,0x00,0x00,0x00,0x00,0x00,0x00,0x00,
	0x00,0x00,0x00,0x00,0x00,0x00,0x00,0x00,0x00,0x00,0x00,0x00,
	0x00,0x00,0x00,0x00,0x00,0x00,0x00,0x00,0x00,0x00,0x00,0x00,
	0x00,0x00,0x00,0x00,0x00,0x00,0x00,0x00,0x00,0x00,0x00,0x00,
	0x00,0x00,0x00,0x00,0x00,0x00,0x00,0x00,0x00,0x00,0x00,0x00,
	0x00,0x00,0x00,0x00,0x00,0x00,0x00,0x00,0x00,0x00,0x00,0x00,
	0x00,0x00,0x00,0x00,0x00,0x00,0x00,0x00,0x00,0x00,0x00,0x00,
	0x00,0x00,0x00,0x00,0x00,0x00,0x00,0x00,0x00,0x00,0x00,0x00,
	0x00,0x00,0x00,0x00,0x00,0x00,0x00,0x00,0x00,0x00,0x00,0x00,
	0x00,0x00,0x00,0x00,0x00,0x00,0x00,0x00,0x00,0x00,0x00,0x00,
	0x00,0x00,0x00,0x00,0x00,0x00,0x00,0x00,0x00,0x00,0x00,0x00,
	0x00,0x00,0x00,0x00,0x00,0x00,0x00,0x00,0x00,0x00,0x00,0x00,
	0x00,0x00,0x00,0x00,0x00,0x00,0x00,0x00,0x00,0x00,0x00,0x00,
	0x00,0x00,0x00,0x00,0x00,0x00,0x00,0x00,0x00,0x00,0x00,0x00,
	0x00,0x00,0x00,0x00,0x00,0x00,0x00,0x00,0x00,0x00,0x00,0x00,
	0x00,0x00,0x00,0x00,0x00,0x00,0x00,0x00,0x00,0x00,0x00,0x00,
	0x00,0x00,0x00,0x00,0x00,0x00,0x00,0x00,0x00,0x00,0x00,0x00,
	0x00,0x00,0x00,0x00,0x00,0x00,0x00,0x00,0x00,0x00,0x00,0x00,
	0x00,0x00,0x00,0x00,0x00,0x00,0x00,0x00,0x00,0x00,0x00,0x00,
	0x00,0x00,0x00,0x00,0x00,0x00,0x00,0x00,0x00,0x00,0x00,0x00,
	0x00,0x00,0x00,0x00,0x00,0x00,0x00,0x00,0x00,0x00,0x00,0x00,
	0x00,0x00,0x00,0x00,0x00,0x00,0x00,0x00,0x00,0x00,0x00,0x00,
	0x00,0x00,0x00,0x00,0x00,0x00,0x00,0x00,0x00,0x00,0x00,0x00,
	0x00,0x00,0x00,0x00,0x00,0x00,0x00,0x00,0x00,0x00,0x00,0x00,
	0x00,0x00,0x00,0x00,0x00,0x00,0x00,0x00,0x00,0x00,0x00,0x00,
	0x00,0x00,0x00,0x00,0x00,0x00,0x00,0x00,0x00,0x00,0x00,0x00,
	0x00,0x00,0x00,0x00,0x00,0x00,0x00,0x00,0x00,0x00,0x00,0x00,
	0x00,0x00,0x00,0x00,0x00,0x00,0x00,0x00,0x00,0x00,0x00,0x00,
	0x00,0x00,0x00,0x00,0x00,0x00,0x00,0x00,0x00,0x00,0x00,0x00,
	0x00,0x00,0x00,0x00,0x00,0x00,0x00,0x00,0x00,0x00,0x00,0x00,
	0x00,0x00,0x00,0x00,0x00,0x00,0x00,0x00,0x00,0x00,0x00,0x00,
	0x00,0x00,0x00,0x00,0x00,0x00,0x00,0x00,0x00,0x00,0x00,0x00,
	0x00,0x00,0x00,0x00,0x00,0x00,0x00,0x00,0x00,0x00,0x00,0x00,
	0x00,0x00,0x00,0x00,0x00,0x00,0x00,0x00,0x00,0x00,0x00,0x00,
	0x00,0x00,0x00,0x00,0x00,0x00,0x00,0x00,0x00,0x00,0x00,0x00,
	0x00,0x00,0x00,0x00,0x00,0x00,0x00,0x00,0x00,0x00,0x00,0x00,
	0x00,0x00,0x00,0x00,0x00,0x00,0x00,0x00,0x00,0x00,0x00,0x00,
	0x00,0x00,0x00,0x00,0x00,0x00,0x00,0x00,0x00,0x00,0x00,0x00,
	0x00,0x00,0x00,0x00,0x00,0x00,0x00,0x00,0x00,0x00,0x00,0x00,
	0x00,0x00,0x00,0x00,0x00,0x00,0x00,0x00,0x00,0x00,0x00,0x00,
	0x00,0x00,0x00,0x00,0x00,0x00,0x00,0x00,0x00,0x00,0x00,0x00,
	0x00,0x00,0x00,0x00,0x00,0x00,0x00,0x00,0x00,0x00,0x00,0x00,
	0x00,0x00,0x00,0x00,0x00,0x00,0x00,0x00,0x00,0x00,0x00,0x00,
	0x00,0x00,0x00,0x00,0x00,0x00,0x00,0x00,0x00,0x00,0x00,0x00,
	0x00,0x00,0x00,0x00,0x00,0x00,0x00,0x00,0x00,0x00,0x00,0x00,
	0x00,0x00,0x00,0x00,0x00,0x00,0x00,0x00,0x00,0x00,0x00,0x00,
	0x00,0x00,0x00,0x00,0x00,0x00,0x00,0x00,0x00,0x00,0x00,0x00,
	0x00,0x00,0x00,0x00,0x00,0x00,0x00,0x00,0x00,0x00,0x00,0x00,
	0x00,0x00,0x00,0x00,0x00,0x00,0x00,0x00,0x00,0x00,0x00,0x00,
	0x00,0x00,0x00,0x00,0x00,0x00,0x00,0x00,0x00,0x00,0x00,0x00,
	0x00,0x00,0x00,0x00,0x00,0x00,0x00,0x00,0x00,0x00,0x00,0x00,
	0x00,0x00,0x00,0x00,0x00,0x00,0x00,0x00,0x00,0x00,0x00,0x00,
	0x00,0x00,0x00,0x00,0x00,0x00,0x00,0x00,0x00,0x00,0x00,0x00,
	0x00,0x00,0x00,0x00,0x00,0x00,0x00,0x00,0x00,0x00,0x00,0x00,
	0x00,0x00,0x00,0x00,0x00,0x00,0x00,0x00,0x00,0x00,0x00,0x00,
	0x00,0x00,0x00,0x00,0x00,0x00,0x00,0x00,0x00,0x00,0x00,0x00,
	0x00,0x00,0x00,0x00,0x00,0x00,0x00,0x00,0x00,0x00,0x00,0x00,
	0x00,0x00,0x00,0x00,0x00,0x00,0x00,0x00,0x00,0x00,0x00,0x00,
	0x00,0x00,0x00,0x00,0x0a,0xd2,0x78,0x22,0xe9,0xf9,0xe6,0xba,
	0xf3,0x01,0x32,0xc0,0xee,0xb0,0x07,0xe6,0x0a,0xfa,0xe4,0x21,
	0x0c,0x20,0xe6,0x21,0xfb,0xc3,0x06,0x53,0xe8,0x1c,0x05,0x26,
	0x8a,0x47,0x08,0x5b,0x07,0xc3,0xfb,0x55,0x50,0x1e,0x57,0x56,
	0x06,0x52,0x51,0x53,0x50,0x8b,0xec,0xe8,0xdf,0x04,0x80,0xfa,
	0x80,0x73,0x06,0x50,0xb0,0x00,0xeb,0x2e,0x90,0x80,0xe2,0x7f,
	0x22,0xe4,0x75,0x0a,0x50,0xcd,0x40,0x58,0x3a,0x16,0x75,0x00,
	0x73,0x38,0x3a,0x16,0x75,0x00,0x72,0x06,0xc6,0x46,0x01,0x01,
	0xeb,0x2c,0x50,0xb0,0x00,0x3a,0xc2,0x74,0x1e,0x80,0xfc,0x08,
	0x75,0x04,0x3c,0x00,0x74,0x15,0x3c,0x00,0x58,0x58,0x5b,0x59,
	0x5a,0x07,0x5e,0x5f,0x1f,0x58,0x5d,0x74,0x03,0xca,0x02,0x00,
	0xca,0x02,0x00,0x58,0xe8,0x59,0x00,0xe8,0x7d,0xff,0x58,0x88,
	0x26,0x74,0x00,0x0a,0xe4,0xf8,0x74,0x01,0xf5,0x5b,0x59,0x5a,
	0x07,0x5e,0x5f,0x1f,0x5d,0x5d,0xca,0x02,0x00,0x69,0xca,0x0c,
	0x23,0xca,0x00,0x36,0xcb,0x08,0x86,0xcb,0x0a,0x9c,0xcb,0x05,
	0x97,0xcb,0x06,0x97,0xcb,0x07,0x8f,0xcb,0x04,0x2e,0xca,0x00,
	0x9f,0xca,0x0c,0x36,0xcb,0xe5,0x86,0xcb,0xe6,0x9c,0xcb,0x0b,
	0x69,0xca,0x0c,0x2c,0xcb,0x0e,0x81,0xcb,0x0f,0xa3,0xcb,0x00,
	0x9c,0xcb,0x01,0xa8,0xcb,0xe0,0xa3,0xcb,0xe3,0xa8,0xcb,0xe4,
	0x53,0xbb,0x42,0x00,0xc6,0x07,0x00,0x88,0x77,0x01,0xfe,0xc9,
	0x88,0x4f,0x02,0x88,0x6f,0x03,0x8a,0x46,0x00,0x88,0x47,0x04,
	0xe8,0x1f,0xff,0x88,0x47,0x05,0x5b,0x8a,0x46,0x01,0xc6,0x46,
	0x01,0x00,0x3c,0x15,0x72,0x05,0xc6,0x46,0x01,0x01,0xc3,0x98,
	0x8b,0xf0,0x03,0xf0,0x03,0xf0,0x2e,0x8a,0x84,0xa3,0xc9,0xa2,
	0x42,0x00,0x2e,0xff,0xa4,0xa1,0xc9,0xa0,0x74,0x00,0x88,0x46,
	0x00,0x32,0xc0,0xe9,0xfa,0x00,0xe8,0x0a,0x04,0x26,0x8b,0x07,
	0x90,0x90,0x48,0x48,0x8a,0xe8,0x80,0xe4,0x03,0xd0,0xdc,0xd0,
	0xdc,0xd0,0xdc,0x8a,0xcc,0x26,0x8a,0x47,0x0e,0x24,0x3f,0x0a,
	0xc8,0x26,0x8a,0x77,0x02,0xfe,0xce,0x8a,0x16,0x75,0x00,0x33,
	0xc0,0x8b,0x5e,0x02,0x89,0x46,0x00,0x89,0x5e,0x02,0x89,0x4e,
	0x04,0x89,0x56,0x06,0xc3,0xb8,0x01,0x04,0xb9,0x01,0x00,0x8a,
	0x56,0x06,0x32,0xf6,0x9c,0x0e,0xe8,0xad,0xfe,0xe8,0x19,0x00,
	0xb8,0x01,0x04,0xb9,0x01,0x00,0x8a,0x56,0x06,0x32,0xf6,0x9c,
	0x0e,0xe8,0x9a,0xfe,0xc6,0x06,0x42,0x00,0x0c,0xe8,0x0b,0x00,
	0xc3,0xba,0xf1,0x01,0xee,0xb9,0x00,0x20,0xe2,0xfe,0xc3,0xe8,
	0x7b,0x03,0x72,0x65,0xe8,0x4e,0x01,0x72,0x60,0xe8,0xcb,0x02,
	0x72,0x5b,0x06,0x53,0xe8,0x88,0x03,0x55,0x8b,0xec,0x4d,0x26,
	0x8b,0x07,0x50,0x26,0x8a,0x47,0x02,0x8a,0xc8,0x26,0x8b,0x47,
	0x03,0x86,0xe1,0x86,0xc1,0x50,0x26,0x8b,0x47,0x05,0x86,0xe1,
	0x86,0xc1,0x50,0x8a,0xe1,0x26,0x8a,0x47,0x07,0x50,0xb9,0x08,
	0x00,0xba,0xf0,0x01,0xe8,0x94,0x02,0x73,0x09,0x83,0xc4,0x08,
	0x5d,0x5b,0x07,0xeb,0x1c,0x90,0x8a,0x46,0x00,0xee,0x4d,0xe2,
	0xeb,0x83,0xc4,0x08,0x5d,0x5b,0x07,0xba,0xf1,0x01,0x33,0xc9,
	0xec,0x24,0x07,0x3c,0x07,0x74,0x0a,0xe2,0xf7,0xe8,0x89,0xff,
	0xc6,0x46,0x01,0x07,0xc3,0xba,0xf1,0x01,0xec,0xe8,0x5f,0x02,
	0x72,0xef,0xba,0xf0,0x01,0xec,0x24,0x02,0x75,0xe7,0x32,0xc0,
	0xeb,0x02,0xb0,0x05,0x88,0x46,0x01,0xc3,0xc6,0x06,0x46,0x00,
	0x01,0x80,0x0e,0x47,0x00,0x40,0xb0,0x47,0xc6,0x06,0x47,0x00,
	0x40,0x8e,0x46,0x08,0x8b,0x5e,0x02,0xe8,0xce,0x00,0x72,0x35,
	0xba,0xf3,0x01,0xb0,0x03,0xee,0xe8,0xcc,0x02,0x72,0x1d,0xe8,
	0x9f,0x00,0x72,0x18,0x80,0x26,0x47,0x00,0xbf,0xb0,0x03,0xe6,
	0x0a,0xe4,0x21,0x24,0xdf,0xe6,0x21,0xe8,0x2f,0x02,0x72,0x04,
	0xe8,0x0d,0x01,0xc3,0x8a,0x66,0x01,0x50,0xe8,0x28,0xff,0x58,
	0x88,0x66,0x01,0xf9,0xc3,0xb0,0x09,0xeb,0xa7,0xc6,0x06,0x46,
	0x00,0x01,0xc6,0x06,0x47,0x00,0x40,0xb0,0x4b,0xeb,0xae,0x80,
	0x26,0x44,0x00,0xc0,0xe8,0xfe,0xfe,0xc6,0x06,0x47,0x00,0xc2,
	0xc6,0x06,0x47,0x00,0xc2,0xeb,0x05,0xc6,0x06,0x47,0x00,0xc0,
	0xe8,0x72,0x02,0x72,0x21,0xb0,0x02,0xba,0xf3,0x01,0xee,0xe8,
	0x3f,0x00,0x72,0x16,0x80,0x26,0x47,0x00,0xbf,0xe4,0x21,0x24,
	0xdf,0xe6,0x21,0xe8,0xd3,0x01,0x72,0x04,0xe8,0xb1,0x00,0xc3,
	0xeb,0xa2,0x80,0x3e,0x42,0x00,0xe0,0xb0,0x0a,0x74,0x1b,0x80,
	0x3e,0x42,0x00,0xe4,0xb0,0x20,0x74,0x12,0x80,0x3e,0x42,0x00,
	0x00,0xb0,0x0f,0x74,0x09,0x80,0x3e,0x42,0x00,0x01,0xb0,0x0d,
	0x75,0xda,0xe9,0x33,0xff,0xe8,0x7f,0x01,0x72,0x15,0xba,0xf0,
	0x01,0xb9,0x06,0x00,0xbe,0x42,0x00,0xe8,0x71,0x01,0x72,0x07,
	0x8a,0x04,0xee,0x46,0xe2,0xf5,0xc3,0xc6,0x46,0x01,0x80,0xc3,
	0x51,0xfa,0xe6,0x0c,0xeb,0x00,0xeb,0x00,0xe6,0x0b,0xb1,0x04,
	0x8c,0xc0,0xd3,0xc0,0x8a,0xe8,0x24,0xf0,0x03,0xc3,0x73,0x02,
	0xfe,0xc5,0x50,0xe6,0x06,0xeb,0x00,0x8a,0xc4,0xe6,0x06,0x8a,
	0xc5,0xeb,0x00,0x24,0x0f,0xe6,0x82,0x51,0x52,0xb9,0x04,0x02,
	0xba,0xf2,0x01,0xec,0x24,0x0f,0x3c,0x0f,0x74,0x03,0xb9,0x07,
	0x02,0x80,0x3e,0x42,0x00,0xe5,0x74,0x0a,0x80,0x3e,0x42,0x00,
	0xe6,0x74,0x03,0xb9,0x00,0x02,0x32,0xe4,0x8a,0x46,0x00,0xf7,
	0xe1,0x5a,0x59,0x48,0x50,0xe6,0x07,0x8a,0xc4,0xeb,0x00,0xe6,
	0x07,0xfb,0x59,0x58,0x03,0xc1,0x59,0xc3,0x8a,0x46,0x01,0x0a,
	0xc0,0x75,0x01,0xc3,0xba,0xf1,0x01,0xec,0x24,0x3f,0x3c,0x00,
	0x75,0xf9,0xe8,0x8c,0x01,0x72,0x2b,0xc6,0x06,0x42,0x00,0x03,
	0xe8,0x5a,0xff,0x72,0x21,0xe8,0xd7,0x00,0x72,0x1c,0xba,0xf0,
	0x01,0xb9,0x04,0x00,0x33,0xf6,0xec,0x88,0x44,0x42,0x46,0xe2,
	0xf9,0xe8,0xc3,0x00,0x72,0x08,0xba,0xf0,0x01,0xec,0x24,0x02,
	0x74,0x0c,0xe8,0xd4,0xfd,0xe8,0xdb,0xfd,0xc6,0x46,0x01,0xff,
	0xf9,0xc3,0xa0,0x42,0x00,0x8a,0xd8,0x24,0x0f,0x80,0xe3,0x30,
	0x32,0xff,0xb1,0x03,0xd3,0xeb,0x2e,0xff,0xa7,0x55,0xcd,0x3c,
	0x0a,0x90,0x90,0x73,0x50,0xbb,0x5d,0xcd,0x2e,0xd7,0x88,0x46,
	0x01,0xc3,0x3c,0x0c,0x90,0x90,0x73,0x41,0xbb,0x67,0xcd,0x8a,
	0xe0,0x2e,0xd7,0x88,0x46,0x01,0xf6,0xc4,0x08,0x74,0x29,0xe8,
	0x17,0x01,0x72,0x25,0xc6,0x06,0x42,0x00,0x0d,0xe8,0xe5,0xfe,
	0x72,0x1b,0xe8,0x62,0x00,0x72,0x16,0xba,0xf0,0x01,0xec,0xe8,
	0x59,0x00,0x72,0x0d,0xba,0xf0,0x01,0xec,0x24,0x02,0x74,0x04,
	0xc6,0x46,0x01,0x20,0xc3,0xe8,0x65,0xfd,0xe8,0x6c,0xfd,0xf9,
	0xc3,0xc6,0x46,0x01,0xbb,0xf9,0xc3,0x3c,0x02,0x90,0x90,0x73,
	0xf4,0xbb,0x73,0xcd,0x2e,0xd7,0xeb,0xa2,0x3c,0x03,0x90,0x90,
	0x73,0xe7,0xbb,0x75,0xcd,0x2e,0xd7,0xeb,0x95,0xdf,0xcc,0xee,
	0xcc,0x3b,0xcd,0x48,0xcd,0x00,0x20,0x20,0xcc,0x0f,0x01,0x0b,
	0x20,0x20,0x20,0x10,0x10,0x02,0x02,0x04,0x40,0x02,0x20,0x11,
	0x0b,0x21,0x20,0x01,0x02,0x20,0x10,0x52,0x51,0xb9,0x28,0x00,
	0x51,0x33,0xc9,0xba,0xf1,0x01,0xec,0xa8,0x01,0x75,0x0d,0xe2,
	0xf9,0x59,0xe2,0xf0,0xc6,0x46,0x01,0x80,0x59,0x5a,0xf9,0xc3,
	0x59,0x59,0x5a,0xf8,0xc3,0xfb,0x06,0x53,0xe8,0x9c,0x00,0x26,
	0x8a,0x4f,0x0b,0xb5,0xff,0x80,0x3e,0x42,0x00,0xe3,0x74,0x11,
	0x26,0x8a,0x4f,0x0a,0x80,0x3e,0x42,0x00,0x04,0x74,0x06,0x26,
	0x8a,0x4f,0x09,0x32,0xed,0x8b,0xd9,0x07,0x07,0x33,0xc9,0xba,
	0xf1,0x01,0xec,0xa8,0x20,0x75,0x20,0xe2,0xf6,0x4b,0x75,0xf1,
	0xfa,0xb0,0x20,0xe6,0x20,0xeb,0x00,0xb0,0x07,0xe6,0x0a,0xe4,
	0x21,0x0c,0x20,0xe6,0x21,0xfb,0xe8,0xb0,0xfc,0xc6,0x46,0x01,
	0x80,0xf9,0xc3,0xba,0xf3,0x01,0x32,0xc0,0xee,0xe8,0x83,0xff,
	0x72,0xda,0xba,0xf0,0x01,0xec,0x24,0x02,0x88,0x46,0x01,0xc3,
	0x1e,0x50,0xb0,0x20,0xe6,0x20,0xeb,0x00,0xb0,0x07,0xe6,0x0a,
	0xe4,0x21,0x0c,0x20,0xe6,0x21,0x58,0x1f,0xcf,0x50,0xb8,0x40,
	0x00,0x8e,0xd8,0x58,0xc3,0x51,0xb9,0xd0,0x07,0xba,0xf2,0x01,
	0xb0,0x01,0xee,0x4a,0xec,0x24,0x3f,0x3c,0x0d,0x74,0x09,0xe2,
	0xf0,0x59,0xc6,0x46,0x01,0x80,0xf9,0xc3,0x59,0xf8,0xc3,0x52,
	0x50,0xba,0xf2,0x01,0xec,0x24,0x0f,0xbb,0x80,0xce,0x3c,0x0c,
	0x74,0x11,0xbb,0x90,0xce,0x3c,0x06,0x74,0x0a,0xbb,0x60,0xce,
	0x3c,0x0e,0x75,0x03,0xbb,0x70,0xce,0x0e,0x07,0x58,0x5a,0xc3,
	0xd1,0x03,0x05,0x2c,0x01,0xd1,0x03,0x0b,0x05,0x30,0xff,0xff,
	0xff,0xff,0x11,0xff,0x64,0x02,0x04,0x64,0x02,0x64,0x01,0x0b,
	0x05,0x30,0xff,0xff,0xff,0xff,0x11,0xff,0x64,0x02,0x04,0x10,
	0x00,0x64,0x01,0x0b,0x05,0x30,0xff,0xff,0xff,0xff,0x10,0xff,
	0x64,0x02,0x02,0x64,0x02,0x64,0x01,0x0b,0x05,0x30,0xff,0xff,
	0xff,0xff,0x22,0xff,0x51,0xb9,0x0b,0x00,0xeb,0x04,0x51,0xb9,
	0x09,0x00,0x1e,0x53,0x52,0xba,0x62,0x04,0xec,0x24,0x0f,0x3c,
	0x0c,0x75,0x71,0x5a,0x80,0xfe,0xff,0x75,0x10,0x5b,0x1f,0x59,
	0xba,0x01,0x00,0xb9,0xfe,0x00,0xbb,0xe8,0x03,0xb8,0x00,0x00,
	0xc3,0xb8,0x40,0x00,0x8e,0xd8,0xbb,0x42,0x00,0xc6,0x07,0x1a,
	0x80,0xf9,0x09,0x74,0x03,0xc6,0x07,0x1f,0xc6,0x47,0x01,0x00,
	0x83,0xc3,0x03,0xc6,0x07,0x00,0x80,0xfa,0x00,0x74,0x13,0x80,
	0xfa,0xff,0x74,0x14,0x80,0xe6,0x01,0x88,0x17,0xc6,0x47,0x01,
	0x02,0x08,0x77,0x01,0xeb,0x0a,0xc6,0x47,0x01,0x00,0xeb,0x04,
	0xc6,0x47,0x01,0x01,0xfb,0x55,0x50,0x1e,0x57,0x56,0x06,0x52,
	0x51,0x53,0x50,0x8b,0xec,0xe8,0x80,0xfc,0x58,0x5b,0x59,0x5a,
	0x07,0x5e,0x5f,0x1f,0x5d,0x5d,0xeb,0x03,0x5a,0xb4,0x86,0x5b,
	0x1f,0x59,0xc3,0x33,0xd2,0xfa,0xe8,0x06,0xff,0x8b,0xf3,0xbb,
	0x04,0x01,0x33,0xc0,0x8e,0xc0,0x8e,0xd8,0x8e,0xc0,0x26,0x89,
	0x37,0x8c,0xc8,0x26,0x89,0x47,0x02,0xba,0xf7,0x03,0xec,0x24,
	0x20,0x32,0xe4,0x8b,0xf0,0xfb,0xbb,0x00,0x7c,0xbf,0x01,0x00,
	0x33,0xd2,0xb9,0x03,0x00,0x33,0xc0,0xcd,0x13,0x72,0x1c,0xb8,
	0x01,0x02,0x87,0xcf,0xcd,0x13,0x87,0xcf,0x72,0x11,0x0a,0xd2,
	0x79,0x08,0x81,0x3e,0xfe,0x7d,0x55,0xaa,0x75,0x18,0xea,0x00,
	0x7c,0x00,0x00,0xe2,0xdc,0x0a,0xd2,0x78,0x0d,0x0b,0xf6,0x74,
	0x05,0x80,0xf2,0x01,0x75,0xcc,0xb2,0x80,0xeb,0xc8,0xcd,0x18,
	0x00,0x00,0x00,0x00,0x00,0x00,0x00,0x00,0x00,0x00,0x00,0x00,
	0x00,0x00,0x00,0x00,0x00,0x00,0x00,0x00,0x00,0x00,0x00,0x00,
	0x00,0x00,0x00,0x00,0x00,0x00,0x00,0x00,0x00,0x00,0x00,0x00,
	0x00,0x00,0x00,0x00,0x00,0x00,0x00,0x00,0x00,0x00,0x00,0x00,
	0x00,0x00,0x00,0x00,0x00,0x00,0x00,0x00,0x00,0x00,0x00,0x00,
	0x00,0x00,0x00,0x00,0x00,0x00,0x00,0x00,0x00,0x00,0x00,0x00,
	0x00,0x00,0x00,0x00,0x00,0x00,0x00,0x00,0x00,0x00,0x00,0x00,
	0x00,0x00,0x00,0x00,0x00,0x00,0x00,0x00,0x00,0x00,0x00,0x00,
	0x00,0x00,0x00,0x00,0x00,0x00,0x00,0x00,0xfb,0x80,0xfc,0x14,
	0x90,0x73,0x33,0xfc,0x06,0x1e,0x55,0x57,0x56,0x52,0x51,0x53,
	0x8b,0xec,0xbb,0x40,0x00,0x8e,0xdb,0x8b,0x16,0x63,0x00,0xbb,
	0x00,0xb8,0xf6,0xc2,0x20,0x74,0x02,0xb7,0xb0,0x8e,0xc3,0x33,
	0xdb,0x8a,0xdc,0xd1,0xe3,0x2e,0xff,0x97,0x3b,0xd0,0x5b,0x59,
	0x5a,0x5e,0x5f,0x5d,0x1f,0x07,0xcf,0x64,0xd0,0x18,0xd1,0x2f,
	0xd1,0x60,0xd1,0x74,0xd1,0xf0,0xd1,0x11,0xd2,0x10,0xd2,0xa3,
	0xd2,0xa3,0xd2,0xa3,0xd2,0xf9,0xd2,0x1e,0xd3,0x1e,0xd3,0xf2,
	0xd5,0x6e,0xd6,0x63,0xd0,0x79,0xd6,0x63,0xd0,0x03,0xd7,0xc3,
	0x3c,0x08,0x72,0x01,0xc3,0x86,0xe0,0xb7,0xb8,0xba,0xd8,0x03,
	0x32,0xc0,0x8a,0x1e,0x10,0x00,0x80,0xe3,0x30,0x80,0xfb,0x30,
	0x75,0x08,0xb7,0xb0,0xb2,0xb8,0xb4,0x07,0xfe,0xc0,0x32,0xdb,
	0x8e,0xc3,0x86,0xdc,0xec,0x24,0xf7,0xee,0x33,0xff,0xb9,0x00,
	0x08,0xb8,0x20,0x07,0x80,0xfb,0x07,0x74,0x09,0xb5,0x20,0x80,
	0xfb,0x04,0x72,0x02,0x33,0xc0,0xf3,0xab,0x8a,0xc3,0x80,0xea,
	0x04,0x1e,0x33,0xc9,0x8e,0xd9,0xc5,0x36,0x74,0x00,0xb1,0x10,
	0x3c,0x06,0x75,0x02,0xfe,0xc8,0xd0,0xe8,0xf6,0xe1,0x03,0xf0,
	0x32,0xff,0x8a,0xc7,0xee,0xfe,0xc7,0x42,0xac,0xee,0x4a,0xe2,
	0xf5,0x07,0xbf,0x49,0x00,0x8a,0xc3,0xaa,0xb8,0x28,0x00,0xf6,
	0xc3,0x02,0x74,0x02,0x03,0xc0,0xab,0xb8,0x00,0x08,0x32,0xff,
	0x2e,0x8a,0x8f,0xf5,0xf0,0xd3,0xe0,0xab,0xb9,0x09,0x00,0x33,
	0xc0,0xf3,0xab,0xb8,0x07,0x06,0xab,0x33,0xc0,0xaa,0x8b,0xc2,
	0xab,0x2e,0x8a,0x87,0xe4,0xf0,0xaa,0x83,0xc2,0x04,0xee,0x42,
	0xb0,0x30,0x80,0xfb,0x06,0x75,0x02,0x04,0x0f,0xaa,0xee,0xc3,
	0x89,0x0e,0x60,0x00,0xb0,0x0a,0xee,0x42,0x86,0xc5,0xee,0x4a,
	0xfe,0xc5,0x86,0xc5,0xee,0x42,0x86,0xc1,0xee,0x4a,0xc3,0x8a,
	0x5e,0x01,0xd1,0xe3,0x8b,0x4e,0x04,0x89,0x8f,0x50,0x00,0xd1,
	0xeb,0x38,0x1e,0x62,0x00,0x75,0x09,0xe8,0x07,0x00,0xd1,0xe9,
	0xb0,0x0e,0xeb,0xd2,0xc3,0x8a,0xc5,0xf6,0x26,0x4a,0x00,0x32,
	0xed,0x03,0xc8,0xd1,0xe1,0x8b,0xc1,0x03,0x0e,0x4e,0x00,0xc3,
	0x8a,0x5e,0x01,0xd1,0xe3,0x8b,0x0e,0x60,0x00,0x89,0x4e,0x02,
	0x8b,0x97,0x50,0x00,0x89,0x56,0x04,0xc3,0x32,0xe4,0x83,0xc2,
	0x06,0xec,0x83,0xea,0x06,0xa8,0x04,0x75,0x59,0xa8,0x02,0x74,
	0x59,0x8a,0x1e,0x49,0x00,0x8a,0xcb,0x2e,0x8a,0x9f,0xed,0xf0,
	0x03,0x1e,0x4e,0x00,0xd1,0xeb,0xb0,0x10,0xee,0x86,0xe0,0x42,
	0xec,0x86,0xe0,0xfe,0xc0,0x4a,0xee,0x42,0xec,0x4a,0x2b,0xc3,
	0x79,0x02,0x33,0xc0,0xbb,0x03,0x28,0x86,0xd9,0x3a,0xd9,0x76,
	0x2a,0x80,0xfb,0x07,0x74,0x25,0xf6,0xf7,0xd0,0xe0,0x88,0x46,
	0x03,0xd2,0xe8,0x80,0xfb,0x06,0x72,0x02,0xd0,0xe4,0x86,0xc4,
	0x89,0x46,0x04,0x33,0xdb,0x8a,0xd8,0xd3,0xe3,0x89,0x5e,0x00,
	0xb4,0x01,0x83,0xc2,0x07,0xee,0xc3,0x8a,0x2e,0x4a,0x00,0xf6,
	0xf5,0x8a,0xe8,0xd2,0xe0,0x88,0x46,0x03,0x8a,0xc5,0xeb,0xda,
	0xa2,0x62,0x00,0x8a,0xd8,0xf6,0x26,0x4d,0x00,0x86,0xe0,0xa3,
	0x4e,0x00,0xd1,0xe8,0x8b,0xc8,0xb0,0x0c,0xe8,0x17,0xff,0xd1,
	0xe3,0x8b,0x8f,0x50,0x00,0xe9,0x33,0xff,0xfd,0x8a,0xf8,0x8a,
	0x1e,0x49,0x00,0x80,0xfb,0x07,0x74,0x08,0x80,0xfb,0x03,0x76,
	0x03,0xe9,0x5f,0x01,0x1e,0x52,0x50,0xe8,0x46,0x00,0x8b,0xcf,
	0xe8,0x1e,0xff,0x8b,0xf9,0x8b,0x1e,0x4a,0x00,0x2a,0xda,0xd1,
	0xe3,0x8b,0xce,0xe8,0x0f,0xff,0x8b,0xf1,0x06,0x1f,0x58,0xf6,
	0xc4,0x01,0x74,0x02,0xf7,0xdb,0x32,0xed,0x3c,0x00,0x74,0x0e,
	0x8a,0xca,0xf3,0xa5,0x03,0xfb,0x03,0xf3,0xfe,0xce,0x75,0xf4,
	0x8a,0xf0,0x8a,0x66,0x01,0xb0,0x20,0x8a,0xca,0xf3,0xab,0x03,
	0xfb,0xfe,0xce,0x75,0xf6,0x5a,0x1f,0xc3,0x8b,0x56,0x04,0x3a,
	0x16,0x4a,0x00,0x72,0x06,0x8a,0x16,0x4a,0x00,0xfe,0xca,0x3a,
	0xca,0x76,0x02,0x8a,0xca,0x32,0xdb,0xf6,0xc4,0x01,0x74,0x08,
	0x8b,0xf2,0x2b,0xf3,0x8b,0xfa,0xeb,0x06,0x8b,0xf1,0x03,0xf3,
	0x8b,0xf9,0x2b,0xd1,0x2b,0xd3,0xfe,0xc6,0xfe,0xc2,0xc3,0x8a,
	0x3e,0x49,0x00,0x80,0xff,0x07,0x74,0x08,0x80,0xff,0x03,0x76,
	0x03,0xe9,0x68,0x02,0x50,0xa1,0x4c,0x00,0x86,0xc4,0x8a,0x5e,
	0x01,0xf6,0xe3,0x86,0xc4,0x8b,0xf0,0x32,0xff,0xd1,0xe3,0x8b,
	0x8f,0x50,0x00,0xe8,0x7f,0xfe,0x03,0xf0,0x83,0xc2,0x06,0x58,
	0x80,0xfc,0x08,0x75,0x05,0x26,0x8b,0x04,0xfb,0xc3,0x80,0xec,
	0x09,0x87,0xfe,0x8a,0x7e,0x00,0x8a,0xd8,0x8b,0x4e,0x02,0x8b,
	0xc3,0x75,0x05,0xab,0xfb,0xe2,0xfc,0xc3,0xaa,0x47,0xe2,0xfc,
	0xc3,0xa0,0x66,0x00,0x8a,0x5e,0x00,0x80,0x7e,0x01,0x00,0x74,
	0x10,0x0c,0x20,0xd0,0xcb,0x72,0x02,0x24,0xdf,0x83,0xc2,0x05,
	0xa2,0x66,0x00,0xee,0xc3,0x80,0xe3,0x1f,0x24,0xe0,0x02,0xc3,
	0xeb,0xef,0x8b,0xd8,0x8a,0x46,0x04,0xd0,0xe8,0xb2,0x50,0xf6,
	0xe2,0xf6,0x46,0x04,0x01,0x74,0x03,0x05,0x00,0x20,0x8b,0xf0,
	0x8b,0xc3,0xb7,0x80,0xd0,0xcb,0x8b,0xd1,0x8a,0xe8,0x8a,0xc1,
	0x24,0x07,0x80,0x3e,0x49,0x00,0x06,0x74,0x0a,0xd0,0xff,0xd0,
	0xe0,0x24,0x06,0xd1,0xe2,0xd0,0xcb,0xb1,0x03,0xd3,0xea,0x8a,
	0xc8,0x22,0xdf,0xd3,0xeb,0x03,0xf2,0x26,0x22,0x3c,0x80,0xfc,
	0x0d,0x74,0x0c,0xf6,0xc5,0x80,0x75,0x03,0x26,0x30,0x3c,0x26,
	0x30,0x1c,0xc3,0xf6,0xd9,0x80,0x3e,0x49,0x00,0x06,0xf5,0x80,
	0xd1,0x06,0x8a,0xc7,0xd2,0xe8,0xc3,0x50,0xe8,0xe9,0xfe,0xd0,
	0xe6,0xd0,0xe6,0x8b,0xcf,0xe8,0xaa,0x00,0x8b,0xf9,0x8b,0x1e,
	0x4a,0x00,0x2a,0xda,0x8b,0xce,0xe8,0x9d,0x00,0x8b,0xf1,0x58,
	0x80,0x3e,0x49,0x00,0x06,0x74,0x08,0xd1,0xe7,0xd1,0xe6,0xd0,
	0xe2,0xd0,0xe3,0xf6,0xc4,0x01,0x74,0x11,0xf7,0xdb,0x80,0x3e,
	0x49,0x00,0x06,0x9c,0x81,0xd6,0xf0,0x00,0x9d,0x81,0xd7,0xf0,
	0x00,0x50,0xb4,0x01,0x06,0x1f,0x3c,0x00,0x74,0x3f,0x50,0x57,
	0x56,0x32,0xed,0x8a,0xca,0xf3,0xa4,0x5e,0x5f,0x06,0x56,0x57,
	0x8c,0xc1,0x80,0xc5,0x02,0x8e,0xc1,0x8e,0xd9,0x32,0xed,0x8a,
	0xca,0xf3,0xa4,0xfe,0xcc,0x74,0x04,0x5f,0x5e,0xeb,0xe7,0x58,
	0x58,0x59,0x58,0x8e,0xc1,0x8e,0xd9,0x03,0xfb,0x03,0xf3,0xfe,
	0xce,0x75,0xcb,0x91,0x58,0x8a,0xf0,0xd0,0xe6,0xd0,0xe6,0x50,
	0x91,0x8a,0x46,0x01,0x50,0x57,0x32,0xed,0x8a,0xca,0xf3,0xaa,
	0x5f,0x06,0x57,0x8c,0xc1,0x80,0xc5,0x02,0x8e,0xc1,0x32,0xed,
	0x8a,0xca,0xf3,0xaa,0xfe,0xcc,0x74,0x03,0x5f,0xeb,0xeb,0x58,
	0x07,0x58,0x03,0xfb,0xfe,0xce,0x75,0xd8,0x58,0xc3,0x50,0x8a,
	0xc5,0xf6,0x26,0x4a,0x00,0x03,0xc0,0x03,0xc0,0x32,0xed,0x03,
	0xc8,0x58,0xc3,0x8b,0xf9,0xbe,0x6e,0xfa,0x0e,0x1f,0xa8,0x80,
	0x74,0x3a,0x24,0x7f,0x33,0xc9,0x8e,0xd9,0xc5,0x36,0x7c,0x00,
	0x50,0x8c,0xd8,0x3d,0x00,0x00,0x75,0x27,0x83,0xfe,0x00,0x75,
	0x22,0xbe,0x40,0x00,0x8e,0xde,0x8b,0x36,0x98,0x00,0x0e,0x1f,
	0x83,0xfe,0x02,0x75,0x05,0xbe,0x00,0xac,0xeb,0x0d,0x83,0xfe,
	0x01,0x75,0x05,0xbe,0x00,0xa4,0xeb,0x03,0xbe,0x00,0x9c,0x58,
	0x32,0xe4,0xb1,0x03,0xd3,0xe0,0x80,0xe4,0x07,0x03,0xf0,0x8a,
	0x5e,0x00,0x8b,0x4e,0x02,0xbd,0xff,0x1f,0x80,0xff,0x06,0x72,
	0x29,0xba,0xb1,0x1f,0x57,0x56,0xb7,0x04,0xac,0xf6,0xc3,0x80,
	0x74,0x03,0x26,0x32,0x05,0xaa,0xac,0x03,0xfd,0xf6,0xc3,0x80,
	0x74,0x03,0x26,0x32,0x05,0xaa,0x2b,0xfa,0xfe,0xcf,0x75,0xe4,
	0x5e,0x5f,0x47,0xe2,0xdb,0xc3,0x4d,0x57,0x56,0xb7,0x04,0xe8,
	0x26,0x00,0xf6,0xc3,0x80,0x74,0x03,0x26,0x33,0x05,0xab,0xe8,
	0x1a,0x00,0x03,0xfd,0xf6,0xc3,0x80,0x74,0x03,0x26,0x33,0x05,
	0xab,0x81,0xef,0xb2,0x1f,0xfe,0xcf,0x75,0xde,0x5e,0x5f,0x47,
	0x47,0xe2,0xd4,0xc3,0xac,0x53,0x33,0xd2,0x81,0xe3,0x03,0x00,
	0xd0,0xe8,0x73,0x02,0x03,0xd3,0xd1,0xe3,0xd1,0xe3,0x0a,0xc0,
	0x75,0xf2,0x86,0xf2,0x8b,0xc2,0x5b,0xc3,0x8b,0x0e,0x50,0x00,
	0x80,0xff,0x06,0x73,0x02,0xd1,0xe1,0xe8,0x10,0xff,0x80,0xfc,
	0x08,0x74,0x03,0xe9,0x19,0xff,0x8b,0xf1,0x06,0x0e,0x07,0x1f,
	0xbf,0x6e,0xfa,0x83,0xec,0x08,0x8b,0xec,0xb9,0x04,0x00,0x80,
	0xff,0x06,0x73,0x03,0xeb,0x78,0x90,0xbb,0xff,0x1f,0xba,0xb1,
	0x1f,0xac,0x88,0x46,0x00,0x03,0xf3,0xac,0x45,0x88,0x46,0x00,
	0x45,0x2b,0xf2,0xe2,0xf0,0xb9,0x08,0x00,0x2b,0xe9,0x32,0xe4,
	0x16,0x1f,0x32,0xc0,0x8b,0xf5,0x51,0x57,0xf3,0xa6,0x5f,0x59,
	0x74,0x47,0x03,0xf9,0xfe,0xc0,0x71,0xf0,0x3a,0xc4,0x74,0x3d,
	0x8a,0xe0,0x33,0xdb,0x8e,0xdb,0xc4,0x3e,0x7c,0x00,0x8c,0xc3,
	0x0b,0xdf,0x75,0x26,0xbb,0x40,0x00,0x8e,0xdb,0x8c,0xcb,0x8e,
	0xc3,0x8b,0x3e,0x98,0x00,0x83,0xff,0x02,0x75,0x05,0xbf,0x00,
	0xac,0xeb,0xc1,0x83,0xff,0x01,0x75,0x05,0xbf,0x00,0xa4,0xeb,
	0xb7,0xbf,0x00,0x9c,0xeb,0xb2,0xbb,0x40,0x00,0x8e,0xdb,0xeb,
	0xf7,0x03,0xe1,0x32,0xc4,0xc3,0xba,0xb2,0x1f,0xe8,0x06,0x00,
	0x2b,0xf2,0xe2,0xf9,0xeb,0x93,0xe8,0x04,0x00,0x81,0xc6,0xfe,
	0x1f,0xad,0x86,0xc4,0x8b,0xd8,0xd1,0xe0,0x0b,0xd8,0xb8,0x00,
	0x01,0xd1,0xeb,0xd1,0xeb,0x73,0x02,0x0a,0xc4,0xd0,0xe4,0x75,
	0xf4,0x88,0x46,0x00,0x45,0xc3,0x50,0x8a,0x26,0x49,0x00,0x3c,
	0x07,0x75,0x07,0xb3,0x02,0xe8,0x9e,0x01,0x58,0xc3,0x8a,0x1e,
	0x62,0x00,0xd1,0xe3,0x8b,0x97,0x50,0x00,0x8a,0xfb,0xd0,0xef,
	0x8a,0x5e,0x00,0x3c,0x0d,0x75,0x0e,0x32,0xd2,0x0a,0xd2,0x74,
	0x02,0xfe,0xca,0xb4,0x02,0xcd,0x10,0x58,0xc3,0x3c,0x08,0x74,
	0xf0,0x3c,0x0a,0x74,0x11,0xb4,0x0a,0xb9,0x01,0x00,0xcd,0x10,
	0xfe,0xc2,0x3a,0x16,0x4a,0x00,0x75,0xe3,0xb2,0x00,0xfe,0xc6,
	0x80,0xfe,0x19,0x72,0xda,0xfe,0xce,0xb4,0x02,0xcd,0x10,0x80,
	0x3e,0x49,0x00,0x04,0x72,0x09,0x32,0xff,0x80,0x3e,0x49,0x00,
	0x07,0x75,0x06,0xb4,0x08,0xcd,0x10,0x86,0xfc,0x33,0xc9,0xb8,
	0x01,0x06,0x8a,0x16,0x4a,0x00,0xfe,0xca,0xeb,0xb3,0x8a,0x3e,
	0x62,0x00,0x88,0x7e,0x01,0xa1,0x49,0x00,0xc3,0x50,0x3c,0x00,
	0x75,0x0c,0x8b,0x56,0x04,0x8e,0x46,0x0e,0x8b,0x6e,0x0a,0xeb,
	0x27,0x90,0x3c,0x02,0x75,0x08,0x8a,0x5e,0x00,0x80,0xfb,0x02,
	0x76,0x02,0x58,0xc3,0x0e,0x07,0xbd,0x00,0x98,0xb8,0x00,0x08,
	0xb7,0x00,0x89,0x1e,0x98,0x00,0xf7,0xe3,0x03,0xe8,0xb9,0x80,
	0x00,0xba,0x80,0x00,0x52,0xba,0xd8,0x03,0xb0,0x00,0xee,0xba,
	0xdf,0x03,0xb0,0x01,0xee,0x5a,0xbb,0x00,0xb8,0x8e,0xdb,0x8b,
	0xd9,0xb1,0x03,0xd3,0xe2,0x8b,0xf2,0xd3,0xe3,0x8b,0xcb,0xe8,
	0x26,0x00,0x8b,0xf2,0x81,0xc6,0x00,0x08,0x8b,0xcb,0x58,0x3c,
	0x02,0x74,0x03,0x8b,0x6e,0x0a,0xe8,0x13,0x00,0xb8,0x40,0x00,
	0x8e,0xd8,0xba,0xdf,0x03,0xb0,0x00,0xee,0xba,0xd8,0x03,0xa0,
	0x65,0x00,0xee,0xc3,0x26,0x8a,0x46,0x00,0x88,0x04,0x45,0x46,
	0xe2,0xf6,0xc3,0x3c,0x04,0x72,0x03,0xe9,0x80,0x00,0x0b,0xc9,
	0x74,0x7c,0x8b,0x5e,0x00,0xd0,0xe7,0x32,0xdb,0x86,0xdf,0xff,
	0xb7,0x50,0x00,0x50,0x8b,0x46,0x0e,0x8e,0xc0,0x8b,0x56,0x04,
	0xb8,0x00,0x02,0x8b,0x5e,0x00,0xcd,0x10,0x8b,0x76,0x0a,0x8b,
	0x56,0x04,0x58,0x51,0x50,0x26,0x8a,0x24,0x80,0xfc,0x0d,0x74,
	0x4e,0x80,0xfc,0x0a,0x74,0x49,0x80,0xfc,0x08,0x74,0x44,0x80,
	0xfc,0x07,0x74,0x3f,0x3c,0x02,0x73,0x43,0xb9,0x01,0x00,0x86,
	0xc4,0x8b,0x5e,0x00,0xb4,0x09,0xcd,0x10,0xfe,0xc2,0x3a,0x16,
	0x4a,0x00,0x72,0x10,0x32,0xd2,0xfe,0xc6,0x80,0xfe,0x19,0x72,
	0x07,0xb8,0x0a,0x0e,0xfe,0xce,0xcd,0x10,0xb4,0x02,0xcd,0x10,
	0xb4,0x03,0xcd,0x10,0x58,0x59,0x46,0xe2,0xb2,0x5a,0xa8,0x01,
	0x75,0x04,0xb4,0x02,0xcd,0x10,0xc3,0x86,0xc4,0xb4,0x0e,0xcd,
	0x10,0xeb,0xe1,0xb9,0x01,0x00,0x86,0xc4,0x46,0x26,0x8a,0x1c,
	0xeb,0xba,0x51,0xb0,0xb6,0xe6,0x43,0xb0,0x2e,0xe6,0x42,0xb0,
	0x05,0xe6,0x42,0x33,0xc9,0xe4,0x61,0x8a,0xe0,0x0c,0x03,0xe6,
	0x61,0xe2,0xfe,0xe2,0xfe,0x86,0xc4,0xe6,0x61,0x59,0xc3,0x00,
	0x00,0x00,0x00,0x00,0x00,0x00,0x00,0x00,0x00,0x00,0x00,0x00,
	0x00,0x00,0x00,0x00,0x00,0x00,0x00,0x00,0x00,0x00,0x00,0x00,
	0x00,0x00,0x00,0x00,0x00,0x00,0x00,0x00,0x00,0x00,0x00,0x00,
	0x00,0x00,0x00,0x00,0x00,0x00,0x00,0x00,0x00,0x00,0x00,0x00,
	0x00,0x00,0x00,0x00,0x00,0x00,0x00,0x00,0x00,0x00,0x00,0x00,
	0x00,0x00,0x00,0x00,0x00,0x00,0x00,0x00,0x00,0x00,0x00,0x00,
	0x00,0x00,0x00,0x00,0x00,0x00,0x00,0x00,0x00,0x00,0x00,0x00,
	0x00,0x00,0x00,0x00,0x00,0x00,0x00,0x00,0x00,0x00,0x00,0x00,
	0x00,0x00,0x00,0x00,0x00,0x00,0x00,0x00,0x00,0x00,0x00,0x00,
	0x00,0x00,0x00,0x00,0x00,0x00,0x00,0x00,0x00,0x00,0x00,0x00,
	0x00,0x00,0x00,0x00,0x00,0x00,0x00,0x00,0x00,0x00,0x00,0x00,
	0x00,0x00,0x00,0x00,0x00,0x00,0x00,0x00,0x00,0x00,0x00,0x00,
	0x00,0x00,0x00,0x00,0x00,0x00,0x00,0x00,0x00,0x00,0x00,0x00,
	0x00,0x00,0x00,0x00,0x00,0x00,0x00,0x00,0x00,0x00,0x00,0x00,
	0x00,0x00,0x00,0x00,0x00,0x00,0x00,0x00,0x00,0x00,0x00,0x00,
	0x00,0x00,0x00,0x00,0x00,0x00,0x00,0x00,0x00,0x00,0x00,0x00,
	0x00,0x00,0x00,0x00,0x00,0x00,0x00,0x00,0x00,0x00,0x00,0x00,
	0x00,0x00,0x00,0x00,0x00,0x00,0x00,0x00,0x00,0x00,0x00,0x00,
	0x00,0x00,0x00,0x00,0x00,0x00,0x00,0x00,0x00,0x00,0x00,0x00,
	0x00,0x00,0x00,0x00,0x00,0x00,0x00,0x00,0x00,0x00,0x00,0x00,
	0x00,0x00,0x00,0x00,0x00,0x00,0x00,0x00,0x00,0x00,0x00,0x00,
	0x00,0x00,0x00,0x00,0x00,0x00,0x00,0x00,0x00,0x00,0x00,0x00,
	0x00,0x00,0x00,0x00,0x00,0x00,0x00,0x00,0x00,0x00,0x00,0x00,
	0x00,0x00,0x00,0x00,0x00,0x00,0x00,0x00,0x00,0x00,0x00,0x00,
	0x00,0x00,0x00,0x00,0x00,0x00,0x00,0x00,0x00,0x00,0x00,0x00,
	0x00,0x00,0x00,0x00,0x00,0x00,0x00,0x00,0x00,0x00,0x00,0x00,
	0x00,0x00,0x00,0x00,0x00,0x00,0x00,0x00,0x00,0x00,0x00,0x00,
	0x00,0x00,0x00,0x00,0x00,0x00,0x00,0x00,0x00,0x00,0x00,0x00,
	0x00,0x00,0x00,0x00,0x00,0x00,0x00,0x00,0x00,0x00,0x00,0x00,
	0x00,0x00,0x00,0x00,0x00,0x00,0x00,0x00,0x00,0x00,0x00,0x00,
	0x00,0x00,0x00,0x00,0x00,0x00,0x00,0x00,0x00,0x00,0x00,0x00,
	0x00,0x00,0x00,0x00,0x00,0x00,0x00,0x00,0x00,0x00,0x00,0x00,
	0x00,0x00,0x00,0x00,0x00,0x00,0x00,0x00,0x00,0x00,0x00,0x00,
	0x00,0x00,0x00,0x00,0x00,0x00,0x00,0x00,0x00,0x00,0x00,0x00,
	0x00,0x00,0x00,0x00,0x00,0x00,0x00,0x00,0x00,0x00,0x00,0x00,
	0x00,0x00,0x00,0x00,0x00,0x00,0x00,0x00,0x00,0x00,0x00,0x00,
	0x00,0x00,0x00,0x00,0x00,0x00,0x00,0x00,0x00,0x00,0x00,0x00,
	0x00,0x00,0x00,0x00,0x00,0x00,0x00,0x00,0x00,0x00,0x00,0x00,
	0x00,0x00,0x00,0x00,0x00,0x00,0x00,0x00,0x00,0x00,0x00,0x00,
	0x00,0x00,0x00,0x00,0x00,0x00,0x00,0x00,0x00,0x00,0x00,0x00,
	0x00,0x00,0x00,0x00,0x00,0x00,0x00,0x00,0x00,0x00,0x00,0x00,
	0x00,0x00,0x00,0x00,0x00,0x00,0x00,0x00,0x00,0x00,0x00,0x00,
	0x00,0x00,0x00,0x00,0x00,0x00,0x00,0x00,0x00,0x00,0x00,0x00,
	0x00,0x00,0x00,0x00,0x00,0x00,0x00,0x00,0x00,0x00,0x00,0x00,
	0x00,0x00,0x00,0x00,0x00,0x00,0x00,0x00,0x00,0x00,0x00,0x00,
	0x00,0x00,0x00,0x00,0x00,0x00,0x00,0x00,0x00,0x00,0x00,0x00,
	0x00,0x00,0x00,0x00,0x00,0x00,0x00,0x00,0x00,0x00,0x00,0x00,
	0x00,0x00,0x00,0x00,0x00,0x00,0x00,0x00,0x00,0x00,0x00,0x00,
	0x50,0x52,0x51,0x06,0x57,0x1e,0x56,0xb0,0x01,0xba,0xdf,0x03,
	0xee,0xba,0xd8,0x03,0xb0,0x00,0xee,0xb8,0x00,0xb8,0x8e,0xc0,
	0x33,0xff,0xb9,0x00,0x08,0x33,0xc0,0xfc,0xf3,0xab,0x33,0xff,
	0x0e,0x1f,0xbe,0x00,0x00,0x8d,0x36,0x00,0x94,0xe8,0x23,0x00,
	0x8d,0x36,0x00,0xa0,0xe8,0x1c,0x00,0x8d,0x36,0x6e,0xfa,0xe8,
	0x15,0x00,0x8d,0x36,0x00,0xa4,0xe8,0x0e,0x00,0xb0,0x00,0xba,
	0xdf,0x03,0xee,0x5e,0x1f,0x5f,0x07,0x59,0x5a,0x58,0xc3,0xb9,
	0x00,0x04,0x2e,0x8a,0x04,0x26,0x88,0x05,0x46,0x47,0xe2,0xf6,
	0xc3,0xb4,0x00,0x3c,0x10,0x72,0x07,0x2c,0x10,0x80,0xc4,0x0a,
	0xeb,0xf5,0x02,0xc4,0xc3,0x50,0x53,0x51,0xb0,0x0d,0xe8,0x74,
	0xb2,0xa8,0x80,0x75,0x14,0xb0,0x0e,0xe8,0x6b,0xb2,0x0c,0x80,
	0xb4,0x0e,0x86,0xc4,0xe8,0x81,0xb2,0xbe,0x6c,0xde,0xe9,0xb1,
	0x00,0xb0,0x0e,0xe8,0x57,0xb2,0xa8,0x80,0x74,0x09,0x24,0x7f,
	0xb4,0x0e,0x86,0xc4,0xe8,0x69,0xb2,0xb0,0x0a,0xe8,0x45,0xb2,
	0x24,0x7f,0x3c,0x25,0x74,0x06,0xb8,0x0a,0x25,0xe8,0x58,0xb2,
	0xb0,0x0b,0xe8,0x34,0xb2,0x24,0x7f,0x3c,0x0a,0x74,0x06,0xb8,
	0x0b,0x0a,0xe8,0x47,0xb2,0xb4,0x02,0xcd,0x1a,0x51,0x52,0xb9,
	0x59,0x23,0xba,0x00,0x00,0xb4,0x03,0xcd,0x1a,0xb9,0x00,0x00,
	0xb4,0x02,0xcd,0x1a,0x81,0xf9,0x59,0x23,0x5a,0x59,0x75,0x5b,
	0xb4,0x03,0xcd,0x1a,0xbe,0xf7,0xda,0xb4,0x02,0xcd,0x1a,0xe8,
	0xcd,0xa5,0x72,0x4e,0xeb,0x14,0x90,0x52,0x54,0x43,0x20,0x44,
	0x41,0x54,0x41,0x20,0x45,0x52,0x52,0x4f,0x52,0x0a,0x0d,0x00,
	0x00,0x00,0xb4,0x04,0xcd,0x1a,0x8a,0xe5,0xb0,0x29,0xe8,0x66,
	0xa5,0x72,0x2b,0x8a,0xe1,0xb0,0x99,0xe8,0x5d,0xa5,0x72,0x22,
	0x8a,0xe6,0xb0,0x12,0xe8,0xd9,0xa4,0x72,0x19,0x80,0xfc,0x00,
	0x74,0x48,0x8a,0xe2,0xb0,0x31,0xe8,0xd2,0xa4,0x72,0x0b,0x80,
	0xfc,0x00,0x74,0x3a,0xf8,0xeb,0x17,0xbe,0x60,0xde,0xe8,0x74,
	0x02,0xe8,0xd4,0x04,0xa1,0x80,0x00,0xa3,0x1a,0x00,0xa3,0x1c,
	0x00,0xb4,0x00,0xcd,0x16,0xf9,0x59,0x5b,0x58,0xc3,0x51,0x8b,
	0xc8,0x80,0xe5,0xf0,0x80,0xe1,0xf0,0x3a,0xe9,0x77,0x0f,0x8b,
	0xc8,0x80,0xe5,0x0f,0x80,0xe1,0x0f,0x3a,0xe9,0x77,0x03,0xf8,
	0x59,0xc3,0xb9,0x00,0x00,0xba,0x00,0x00,0xb4,0x03,0xcd,0x1a,
	0xb9,0x80,0x19,0xba,0x01,0x01,0xb4,0x05,0xcd,0x1a,0xf9,0xeb,
	0xe7,0xb4,0x02,0xcd,0x1a,0x8a,0xc6,0xe8,0xcb,0xfe,0x8a,0xf8,
	0x8a,0xc5,0xe8,0xc4,0xfe,0x8a,0xe8,0x8a,0xc1,0xe8,0xbd,0xfe,
	0x8a,0xd8,0xba,0x00,0x00,0xb0,0x12,0xf6,0xe7,0x8b,0xf0,0xb8,
	0x44,0x04,0xb7,0x00,0xf7,0xe3,0x03,0xf0,0xb0,0x07,0xf6,0xe5,
	0x03,0xc6,0x73,0x02,0xfe,0xc2,0x02,0xd5,0xa3,0x6c,0x00,0x89,
	0x16,0x6e,0x00,0xc3,0x55,0x06,0xb1,0x04,0x58,0xd3,0xc0,0x50,
	0x25,0xf0,0xff,0x5b,0x5a,0x03,0xc2,0x50,0x80,0xe3,0x0f,0x80,
	0xfb,0x0a,0x73,0x05,0x80,0xc3,0x30,0xeb,0x03,0x80,0xc3,0x37,
	0x8a,0xc3,0xb4,0x0e,0xcd,0x10,0xb5,0x04,0x58,0xd3,0xc0,0x50,
	0x24,0x0f,0x3c,0x0a,0x73,0x04,0x04,0x30,0xeb,0x02,0x04,0x37,
	0xb4,0x0e,0xcd,0x10,0x58,0xfe,0xcd,0x75,0xe8,0xc3,0x55,0x06,
	0x1e,0x56,0x57,0x52,0x51,0x53,0x50,0x8b,0xec,0xb8,0x40,0x00,
	0x8e,0xd8,0x8e,0xc0,0x32,0xc0,0x8d,0x3e,0x3e,0x00,0xb9,0x04,
	0x00,0xaa,0x8d,0x3e,0x92,0x00,0xb9,0x04,0x00,0xaa,0xc6,0x06,
	0x8b,0x00,0x00,0xba,0xf7,0x03,0xee,0xec,0x88,0x46,0x00,0xa8,
	0x20,0x75,0x28,0xb4,0x07,0x88,0x26,0x90,0x00,0xc6,0x06,0x91,
	0x00,0x00,0xc6,0x06,0x8f,0x00,0x03,0x80,0x26,0x10,0x00,0x3f,
	0xa0,0x10,0x00,0xa8,0x40,0x74,0x09,0x88,0x26,0x91,0x00,0xc6,
	0x06,0x8f,0x00,0x33,0xeb,0x28,0x90,0xbb,0x00,0x00,0xc6,0x06,
	0x8f,0x00,0x43,0x8a,0x46,0x00,0xa8,0x20,0x74,0x08,0xbb,0x01,
	0x00,0xc6,0x06,0x8f,0x00,0x34,0xb4,0x07,0x88,0xa7,0x90,0x00,
	0x4b,0x81,0xe3,0x01,0x00,0xc6,0x87,0x90,0x00,0x93,0xe8,0x12,
	0x00,0x26,0x8a,0x64,0x02,0x88,0x26,0x40,0x00,0x58,0x5b,0x59,
	0x5a,0x5f,0x5e,0x1f,0x07,0x5d,0xc3,0x53,0x1e,0x33,0xdb,0x8e,
	0xdb,0x8d,0x1e,0x78,0x00,0xc4,0x37,0x1f,0x5b,0xc3,0x33,0xc0,
	0x8e,0xd8,0xfa,0xc7,0x06,0x34,0x00,0x00,0xce,0xa1,0x4c,0x00,
	0xa3,0x00,0x01,0xc7,0x06,0x4c,0x00,0x00,0xc9,0xc7,0x06,0x64,
	0x00,0x2f,0xcf,0x8c,0x0e,0x36,0x00,0x8c,0x0e,0x02,0x01,0x8c,
	0x0e,0x4e,0x00,0x8c,0x0e,0x66,0x00,0xfa,0xe8,0x54,0xf1,0x8b,
	0xf3,0xbb,0x04,0x01,0x33,0xc0,0x8e,0xc0,0x26,0x89,0x37,0x8c,
	0xc8,0x26,0x89,0x47,0x02,0xfb,0xe8,0x18,0xf1,0xc6,0x06,0x75,
	0x00,0x01,0x32,0xc0,0xa2,0x74,0x00,0xa2,0x43,0x00,0xb0,0x80,
	0x32,0xf6,0x8a,0xd0,0xb4,0x04,0xb0,0x01,0xb9,0x01,0x00,0xcd,
	0x13,0x52,0xe8,0x78,0xed,0x5a,0xb4,0x10,0xcd,0x13,0xb4,0x12,
	0xcd,0x13,0x72,0x34,0xb4,0x14,0xcd,0x13,0x72,0x2e,0xfa,0xe4,
	0x21,0x24,0xfe,0xe6,0x21,0x33,0xc0,0xa3,0x6c,0x00,0xfb,0xa1,
	0x6c,0x00,0x3d,0x84,0x03,0x73,0x19,0xb4,0x10,0xcd,0x13,0x72,
	0xf2,0xb4,0x09,0xcd,0x13,0xb4,0x11,0xcd,0x13,0x72,0x09,0xbe,
	0xa1,0xdd,0xe8,0x60,0x00,0xeb,0x0d,0x90,0xbe,0x80,0xdd,0xc6,
	0x06,0x75,0x00,0x00,0xe8,0x52,0x00,0xf9,0xfa,0x33,0xc0,0xa3,
	0x6c,0x00,0xfb,0xa1,0x6c,0x00,0x3d,0x1e,0x00,0x72,0xf8,0xc6,
	0x06,0x74,0x00,0x00,0xe8,0x88,0xeb,0xc3,0x0d,0x0a,0x48,0x41,
	0x52,0x44,0x20,0x44,0x49,0x53,0x4b,0x20,0x44,0x49,0x41,0x47,
	0x4e,0x4f,0x53,0x54,0x49,0x43,0x20,0x46,0x41,0x49,0x4c,0x55,
	0x52,0x45,0x0d,0x0a,0x00,0x0d,0x0a,0x48,0x41,0x52,0x44,0x20,
	0x44,0x49,0x53,0x4b,0x20,0x49,0x4e,0x53,0x54,0x41,0x4c,0x4c,
	0x45,0x44,0x0d,0x0a,0x00,0x2e,0x8a,0x04,0x0a,0xc0,0x74,0x0b,
	0x53,0xb4,0x0e,0xb3,0x07,0xcd,0x10,0x5b,0x46,0xeb,0xee,0xc3,
	0x0a,0x0a,0x45,0x52,0x52,0x4f,0x52,0x20,0x00,0x0d,0x0a,0x4b,
	0x45,0x59,0x42,0x4f,0x41,0x52,0x44,0x20,0x45,0x52,0x52,0x4f,
	0x52,0x20,0x20,0x00,0x0d,0x0a,0x46,0x44,0x44,0x20,0x45,0x52,
	0x52,0x4f,0x52,0x20,0x00,0x3a,0x00,0x50,0x41,0x52,0x49,0x54,
	0x59,0x20,0x45,0x52,0x52,0x4f,0x52,0x20,0x31,0x0d,0x0a,0x00,
	0x50,0x41,0x52,0x49,0x54,0x59,0x20,0x45,0x52,0x52,0x4f,0x52,
	0x20,0x32,0x0d,0x0a,0x00,0x3f,0x3f,0x3f,0x3f,0x3f,0x00,0x20,
	0x28,0x53,0x29,0x00,0x20,0x28,0x45,0x29,0x00,0x0d,0x4d,0x45,
	0x4d,0x4f,0x52,0x59,0x20,0x54,0x45,0x53,0x54,0x20,0x00,0x20,
	0x4b,0x42,0x00,0x4f,0x50,0x54,0x49,0x4f,0x4e,0x20,0x52,0x4f,
	0x4d,0x20,0x45,0x52,0x52,0x4f,0x52,0x0d,0x0a,0x00,0x45,0x58,
	0x50,0x41,0x4e,0x53,0x49,0x4f,0x4e,0x20,0x45,0x52,0x52,0x4f,
	0x52,0x0d,0x0a,0x00,0x52,0x54,0x43,0x20,0x45,0x52,0x52,0x4f,
	0x52,0x0d,0x0a,0x00,0x52,0x54,0x43,0x20,0x42,0x41,0x54,0x54,
	0x45,0x52,0x59,0x20,0x45,0x52,0x52,0x4f,0x52,0x0d,0x0a,0x00,
	0xbc,0x03,0x78,0x03,0x78,0x02,0x00,0x00,0x00,0x00,0x00,0x00,
	0x00,0x00,0x00,0x00,0x00,0x00,0x00,0x00,0x00,0x00,0x00,0x00,
	0x00,0x00,0x00,0x00,0x00,0x00,0x00,0x00,0x00,0x00,0x00,0x00,
	0x00,0x00,0x00,0x00,0x00,0x00,0x00,0x00,0x00,0x00,0x00,0x00,
	0x00,0x00,0x00,0x00,0x00,0x00,0x00,0x00,0x00,0x00,0x00,0x00,
	0x00,0x00,0x00,0x00,0x00,0x00,0x00,0x00,0x00,0x00,0x00,0x00,
	0x00,0x00,0x00,0x00,0x00,0x00,0x00,0x00,0x00,0x00,0x00,0x00,
	0x00,0x00,0x00,0x00,0x00,0x00,0x00,0x00,0x00,0x00,0x00,0x00,
	0x00,0x00,0x00,0x00,0x00,0x00,0x00,0x00,0x00,0x00,0x00,0x00,
	0x00,0x00,0x00,0x00,0x00,0x00,0x00,0x00,0x00,0x00,0x00,0x00,
	0x00,0x00,0x00,0x00,0x00,0x00,0x00,0x00,0x00,0x00,0x00,0x00,
	0x00,0x00,0x00,0x00,0x00,0x00,0x00,0x00,0x00,0x00,0x00,0x00,
	0x00,0x00,0x00,0x00,0x00,0x00,0x00,0x00,0x00,0x00,0x00,0x00,
	0x00,0x00,0x00,0x00,0x00,0x00,0x00,0x00,0x00,0x00,0x00,0x00,
	0x00,0x00,0x00,0x00,0x00,0x00,0x00,0x00,0x00,0x00,0x00,0x00,
	0x00,0x00,0x00,0x00,0x00,0x00,0x00,0x00,0x00,0x00,0x00,0x00,
	0x00,0x00,0x00,0x00,0x00,0x00,0x00,0x00,0x00,0x00,0x00,0x00,
	0x00,0x00,0x00,0x00,0x00,0x00,0x00,0x00,0x00,0x00,0x00,0x00,
	0x00,0x00,0x00,0x00,0x00,0x00,0x00,0x00,0x00,0x00,0x00,0x00,
	0x00,0x00,0x00,0x00,0x00,0x00,0x00,0x00,0x00,0x00,0x00,0x00,
	0x00,0x00,0x00,0x00,0x00,0x00,0x00,0x00,0x00,0x00,0x00,0x00,
	0x00,0x00,0x00,0x00,0x00,0x00,0x00,0x00,0x00,0x00,0x00,0x00,
	0x00,0x00,0x00,0x00,0x00,0x00,0x00,0x00,0x00,0x00,0x00,0x00,
	0x00,0x00,0x00,0x00,0x00,0x00,0x00,0x00,0x00,0x00,0x00,0x00,
	0x00,0x00,0x00,0x00,0x00,0x00,0x00,0x00,0x00,0x00,0x00,0x00,
	0x00,0x00,0x00,0x00,0x00,0x00,0x00,0x00,0x00,0x00,0x00,0x00,
	0x00,0x00,0x00,0x00,0x00,0x00,0x00,0x00,0x00,0x00,0x00,0x00,
	0x00,0x00,0x00,0x00,0x00,0x00,0x00,0x00,0x00,0x00,0x00,0x00,
	0x00,0x00,0x00,0x00,0x00,0x00,0x00,0x00,0x00,0x00,0x00,0x00,
	0x00,0x00,0x00,0x00,0x00,0x00,0x00,0x00,0x00,0x00,0x00,0x00,
	0x00,0x00,0x00,0x00,0x00,0x00,0x00,0x00,0x00,0x00,0x00,0x00,
	0x00,0x00,0x00,0x00,0x00,0x00,0x00,0x00,0x00,0x00,0x00,0x00,
	0x4d,0x49,0x4e,0x53,0x4b,0x20,0x20,0x20,0x20,0x20,0x31,0x38,
	0x2f,0x30,0x32,0x2f,0x39,0x33,0x20,0x58,0x54,0x33,0x31,0x30,
	0x31,0x34,0x34,0x50,0xba,0xe8,0x03,0xe4,0x61,0xb9,0xc8,0x00,
	0x0c,0x02,0xe6,0x61,0xe2,0xfe,0xb1,0xc8,0x24,0xfd,0xe6,0x61,
	0xe2,0xfe,0x4a,0x75,0xea,0xc3,0xb4,0x55,0x50,0xb0,0xff,0xe6,
	0x21,0xb0,0x20,0xe6,0x20,0x58,0xcf,0xb0,0x08,0xe6,0x61,0xb9,
	0x10,0x27,0xe2,0xfe,0xb0,0xc8,0xe6,0x61,0xb0,0x48,0xe6,0x61,
	0xc3,0xac,0xe1,0xf9,0xe0,0xe8,0xe0,0xfa,0xf8,0x72,0x23,0xb8,
	0x00,0x00,0x8e,0xd8,0x8c,0xdd,0x8e,0xd5,0x8c,0xd4,0x8e,0xc4,
	0x8c,0xc6,0x8b,0xfe,0x8b,0xdf,0x8b,0xcb,0x8b,0xd1,0x8c,0xc8,
	0x8e,0xd0,0xba,0x78,0x03,0xb0,0xaa,0xee,0xeb,0x01,0xf4,0x32,
	0xc0,0xe6,0xa0,0xe6,0x83,0xb0,0x99,0xe6,0x63,0xb0,0xf8,0xe6,
	0x61,0xb0,0x04,0xe6,0x08,0x8c,0xc8,0x8e,0xd8,0xba,0xd8,0x03,
	0xbb,0xa4,0xf0,0xb0,0x00,0xb9,0x10,0x00,0xee,0x83,0xea,0x04,
	0x33,0xc0,0x8a,0xc4,0xee,0x42,0xd7,0xee,0x4a,0xfe,0xc4,0xe2,
	0xf5,0x81,0xfb,0xd4,0xf0,0x74,0x0b,0xbb,0xd4,0xf0,0xba,0xb8,
	0x03,0xb8,0x01,0x00,0xeb,0xdb,0xb0,0xa8,0xe6,0x43,0xb9,0x00,
	0x80,0xbf,0x00,0x80,0xbc,0x57,0xe0,0x32,0xc0,0x02,0x05,0x47,
	0xe2,0xfb,0x0a,0xc0,0xc3,0xb3,0x01,0xbc,0x59,0xe0,0xba,0xd0,
	0x07,0xe9,0x37,0xff,0xba,0x78,0x03,0x8a,0xc3,0xee,0xf4,0xe8,
	0x2a,0xff,0x8a,0xc3,0xba,0x78,0x03,0xee,0xc3,0x75,0xe2,0xb0,
	0x11,0xba,0x78,0x03,0xee,0xb0,0x54,0xe6,0x43,0xb9,0x14,0x00,
	0x8a,0xc5,0xe6,0x41,0xe2,0xfe,0xb0,0x40,0xe6,0x43,0xe4,0x41,
	0x3c,0x65,0x72,0x16,0xb8,0x74,0x12,0xe6,0x43,0x86,0xc4,0xe6,
	0x41,0x32,0xc0,0xe6,0x41,0xb0,0x12,0xba,0x78,0x03,0xee,0xeb,
	0x05,0x90,0xb3,0x02,0xeb,0xad,0xe6,0x0d,0xb8,0xff,0xff,0xe6,
	0x0f,0xb3,0x01,0xb9,0x08,0x00,0xba,0x00,0x00,0xee,0x90,0xee,
	0x90,0xec,0x3a,0xc4,0x74,0x04,0xb3,0x04,0xeb,0x91,0xec,0x3a,
	0xc4,0x74,0x04,0xb3,0x05,0xeb,0x88,0x42,0xe2,0xe7,0x33,0xc0,
	0xfe,0xcb,0x74,0xdb,0xb0,0x58,0xe6,0x0b,0xb0,0x41,0xe6,0x0b,
	0xfe,0xc0,0xe6,0x0b,0xfe,0xc0,0xe6,0x0b,0xb0,0xff,0xe6,0x01,
	0x90,0xe6,0x01,0xfe,0xc0,0xe6,0x08,0x90,0xe6,0x0a,0xb0,0x14,
	0xba,0x78,0x03,0xee,0xfc,0xb8,0x40,0x00,0x8e,0xd8,0x8b,0x36,
	0x72,0x00,0x8b,0x2e,0x98,0x00,0x33,0xc0,0x8b,0xf8,0x8e,0xc0,
	0xb9,0x00,0x20,0xf3,0xab,0x81,0xfe,0x34,0x12,0x74,0x11,0xbc,
	0x55,0xe0,0xb9,0x00,0x20,0xe9,0xfe,0x03,0xb3,0x06,0x75,0x6e,
	0x0a,0xc0,0x74,0x68,0xb8,0x40,0x00,0x8e,0xd8,0x89,0x36,0x72,
	0x00,0x89,0x2e,0x98,0x00,0xbe,0x00,0x04,0x8e,0xc6,0xbb,0x10,
	0x00,0xb8,0xf0,0x0f,0xb9,0x00,0x20,0x33,0xff,0x26,0x89,0x05,
	0x26,0x89,0x05,0x26,0x33,0x05,0x75,0x11,0xf3,0xab,0x83,0xc3,
	0x10,0x81,0xc6,0x00,0x04,0x8e,0xc6,0x81,0xfe,0x00,0xa0,0x75,
	0xdc,0x89,0x1e,0x13,0x00,0xb8,0xf8,0xf0,0xe6,0x61,0xe4,0x62,
	0x86,0xc4,0xb1,0x04,0xd2,0xe4,0xe6,0x61,0xe4,0x62,0x24,0x0f,
	0x0a,0xc4,0xa2,0x10,0x00,0xb0,0x16,0xba,0x78,0x03,0xee,0xeb,
	0x10,0x90,0xfe,0xc3,0xfe,0xc3,0xe8,0x03,0xfe,0xe9,0xcc,0xfe,
	0xfe,0xc3,0xe9,0xbe,0xfe,0xbc,0x00,0x01,0xb8,0x30,0x00,0x8e,
	0xd0,0xb0,0x13,0xe6,0x20,0xb0,0x08,0xe6,0x21,0xfe,0xc0,0xe6,
	0x21,0xb9,0x1f,0x00,0xbf,0x00,0x00,0x8e,0xc7,0xb8,0x36,0xe0,
	0xab,0x8c,0xc8,0xab,0xe2,0xf7,0xb3,0x08,0xe6,0x21,0xfe,0xc0,
	0xe4,0x21,0x0a,0xc0,0x75,0xc4,0xfe,0xc8,0xe6,0x21,0xfe,0xc0,
	0xe4,0x21,0xfe,0xc0,0x75,0xb8,0xb0,0x10,0xe6,0x43,0xb0,0xfe,
	0xe6,0x21,0xb0,0x0a,0xe6,0x20,0xb9,0x00,0x20,0xe2,0xfe,0xe4,
	0x20,0x2c,0x01,0x73,0x9f,0xb9,0x00,0x10,0xfb,0xe6,0x40,0x80,
	0xfc,0x55,0x74,0x04,0xe2,0xf9,0xeb,0x8e,0xfa,0xb8,0x36,0x00,
	0xe6,0x43,0x86,0xe0,0xe6,0x40,0xe6,0x40,0xfc,0x8c,0xc8,0x8e,
	0xd8,0x8a,0xe0,0x8e,0xc0,0xbf,0x00,0x00,0xbe,0xf0,0xfe,0xb9,
	0x1f,0x00,0xa5,0x83,0xc7,0x02,0xe2,0xfa,0xb0,0x18,0xba,0x78,
	0x03,0xee,0xb8,0x40,0x00,0x8e,0xd8,0x1e,0xba,0xda,0x03,0x33,
	0xc9,0xec,0x24,0x08,0x75,0x04,0xe2,0xf9,0xeb,0x0d,0x33,0xc9,
	0xec,0x24,0x08,0x74,0x04,0xe2,0xf9,0xeb,0x02,0xeb,0x26,0x33,
	0xc9,0xba,0xba,0x03,0xec,0x24,0x08,0x75,0x04,0xe2,0xf9,0xeb,
	0x13,0x33,0xc9,0xec,0x24,0x08,0x74,0x05,0xe2,0xf9,0xeb,0x08,
	0x90,0x80,0x0e,0x10,0x00,0x30,0xeb,0x05,0x80,0x26,0x10,0x00,
	0xcf,0x8a,0x3e,0x10,0x00,0x80,0xe7,0x30,0x75,0x0a,0x26,0xc7,
	0x06,0x40,0x00,0x42,0xe0,0xeb,0x7e,0x90,0xb8,0x00,0xb0,0xb9,
	0x00,0x08,0xba,0xba,0x03,0x32,0xdb,0x80,0xff,0x30,0x74,0x0b,
	0xb8,0x00,0xb8,0xb9,0x00,0x20,0xba,0xda,0x03,0xb3,0x03,0x52,
	0x50,0x53,0xc7,0x06,0x98,0x00,0x01,0x00,0x90,0x90,0xe8,0xcf,
	0xf6,0xe8,0x76,0x02,0x74,0x05,0xb3,0x0c,0xe8,0xb4,0xfd,0x58,
	0x50,0xb4,0x00,0xcd,0x10,0xb9,0x00,0x20,0x5b,0x07,0x33,0xff,
	0xb8,0x20,0x70,0xf3,0xab,0x5a,0x53,0x33,0xc9,0xb3,0x0d,0xec,
	0x24,0x08,0x75,0x04,0xe2,0xf9,0xeb,0x0b,0x33,0xc9,0xfe,0xc3,
	0xec,0x24,0x08,0x74,0x07,0xe2,0xf9,0xe8,0x85,0xfd,0xb3,0xff,
	0xfe,0xc3,0x74,0x0a,0x83,0xea,0x06,0xb0,0x12,0xee,0x42,0xb0,
	0x0f,0xee,0x58,0xb4,0x00,0xcd,0x10,0xb0,0xfe,0xba,0x78,0x03,
	0xee,0xb8,0x00,0xc0,0xe8,0x64,0x02,0x3d,0x00,0xc8,0x75,0xf8,
	0x1f,0xbb,0x1e,0x00,0x89,0x1e,0x1a,0x00,0x89,0x1e,0x1c,0x00,
	0x89,0x1e,0x80,0x00,0x83,0xc3,0x20,0x89,0x1e,0x82,0x00,0x33,
	0xdb,0xbf,0x08,0x00,0xbe,0x80,0xde,0xba,0x78,0x03,0xec,0x50,
	0x52,0x2e,0x8b,0x14,0xb8,0x55,0x55,0xee,0xec,0x3a,0xe0,0x75,
	0x07,0xfe,0xc3,0x89,0x15,0x83,0xc7,0x02,0x83,0xc6,0x02,0x81,
	0xfe,0x86,0xde,0x75,0xe4,0x5a,0x58,0xee,0x86,0xfb,0xb9,0x02,
	0x00,0xbf,0x00,0x00,0xba,0xfa,0x03,0xec,0x24,0xf8,0x75,0x0a,
	0xfe,0xc3,0x83,0xea,0x02,0x89,0x15,0x83,0xc7,0x02,0xba,0xfa,
	0x02,0xe2,0xec,0xb1,0x05,0xd2,0xc7,0x0a,0xdf,0xd0,0xc3,0xba,
	0x01,0x02,0xec,0xa8,0x0c,0x74,0x04,0xa8,0x03,0x75,0x03,0x80,
	0xcb,0x10,0x88,0x1e,0x11,0x00,0x1e,0x07,0xb9,0x04,0x00,0x51,
	0xb8,0x14,0x01,0xbf,0x78,0x00,0xf3,0xaa,0x86,0xe0,0x59,0xf3,
	0xaa,0xfa,0xb0,0x0a,0xe6,0x20,0xb0,0xfd,0xe6,0x21,0xe8,0x16,
	0xfc,0x33,0xc9,0xe4,0x20,0x24,0x02,0x75,0x05,0xe2,0xf8,0xeb,
	0x13,0x90,0xb0,0x20,0xe6,0x20,0xe4,0x60,0x3c,0xaa,0xb0,0xc8,
	0xe6,0x61,0xb0,0x48,0xe6,0x61,0x74,0x0a,0xbe,0xd5,0xdd,0xe8,
	0x67,0xf9,0xe8,0xc7,0xfb,0xf4,0x81,0x3e,0x72,0x00,0x34,0x12,
	0x74,0x3a,0xfb,0xbd,0x16,0x00,0xe8,0x35,0x00,0xbb,0x10,0x00,
	0xb8,0x00,0x04,0x1e,0x50,0x53,0xe8,0x36,0x01,0x8a,0xd0,0x5b,
	0x58,0x1f,0x75,0x4a,0x05,0x00,0x04,0x83,0xc3,0x10,0x50,0x8b,
	0xc5,0x04,0x16,0x27,0x80,0xd4,0x00,0x27,0x8b,0xe8,0xe8,0x0d,
	0x00,0x58,0x75,0x08,0x3b,0x1e,0x13,0x00,0x74,0x64,0xeb,0xd3,
	0xeb,0x60,0x53,0xbe,0x29,0xde,0xe8,0x18,0xf9,0x8b,0xc5,0xb9,
	0x04,0x03,0xd3,0xe0,0xe8,0x4a,0xf7,0xbe,0x37,0xde,0xe8,0x08,
	0xf9,0xb4,0x01,0xcd,0x16,0x74,0x09,0xa1,0x80,0x00,0xa3,0x1a,
	0x00,0xa3,0x1c,0x00,0x5b,0xc3,0x89,0x1e,0x13,0x00,0x52,0x50,
	0x51,0xbe,0xcc,0xdd,0xe8,0xea,0xf8,0xb8,0x00,0x40,0x59,0x2b,
	0xc1,0x8b,0xe8,0x07,0xe8,0xf1,0xf6,0x5a,0xbe,0xf5,0xdd,0xe8,
	0xd7,0xf8,0x8a,0xe2,0xb9,0x04,0x02,0xe8,0x0b,0xf7,0xe8,0x2f,
	0xfb,0xa1,0x80,0x00,0xa3,0x1a,0x00,0xa3,0x1c,0x00,0xb4,0x00,
	0xcd,0x16,0xbe,0x69,0xde,0xe8,0xb9,0xf8,0xba,0xf1,0x01,0xec,
	0x24,0x0f,0x74,0x06,0xee,0xb9,0xd0,0x07,0xe2,0xfe,0xe8,0x0c,
	0xe9,0x73,0x02,0xeb,0x05,0xe8,0x9e,0xf7,0xeb,0x00,0xfa,0xb0,
	0xff,0xe6,0x21,0x1e,0xb8,0x00,0xc8,0xe8,0xc9,0x00,0x3d,0x00,
	0xf6,0x75,0xf8,0x1f,0xe4,0x21,0x24,0xfd,0xe6,0x21,0xe8,0x3c,
	0xf5,0x72,0x05,0xfa,0xe8,0x52,0xf6,0xfb,0xa0,0x10,0x00,0x24,
	0x01,0x74,0x24,0xe4,0x21,0x24,0xbf,0xe6,0x21,0xb2,0x00,0xb4,
	0x00,0xcd,0x13,0x73,0x16,0xbe,0xe8,0xdd,0xe8,0x62,0xf8,0xe8,
	0xc2,0xfa,0xa1,0x80,0x00,0xa3,0x1a,0x00,0xa3,0x1c,0x00,0xb4,
	0x00,0xcd,0x16,0xe8,0xa4,0xf6,0xe4,0x61,0x24,0xfc,0xe6,0x61,
	0x50,0xb0,0xb6,0xe6,0x43,0xb0,0x05,0xe6,0x42,0xe6,0x42,0xb9,
	0x60,0xea,0x58,0x0c,0x03,0xe6,0x61,0xe2,0xfc,0x24,0xfc,0xe6,
	0x61,0xa0,0x49,0x00,0x32,0xe4,0xcd,0x10,0xc7,0x06,0x72,0x00,
	0x00,0x00,0xe4,0x21,0x24,0xfc,0xe6,0x21,0xcd,0x19,0xaa,0xaa,
	0x55,0x55,0x01,0x01,0x00,0x00,0x11,0xb9,0x00,0x20,0x8e,0xd8,
	0x33,0xff,0x8b,0x05,0x8b,0x05,0xe4,0x61,0x24,0xcf,0xe6,0x61,
	0xbb,0x9e,0xe5,0x2e,0x8b,0x07,0x3c,0x11,0x74,0x16,0x89,0x05,
	0x33,0x05,0x75,0x05,0x83,0xc3,0x02,0xeb,0xee,0xd1,0xe1,0x0a,
	0xc0,0x75,0x18,0x41,0x86,0xe0,0xeb,0x13,0x83,0xc7,0x02,0xe2,
	0xdb,0xe4,0x62,0x04,0xc0,0x73,0x08,0xe4,0x61,0x0c,0x30,0xe6,
	0x61,0x32,0xc0,0x83,0xf9,0x00,0xc3,0x8e,0xd8,0x33,0xff,0x81,
	0x3d,0x55,0xaa,0x75,0x03,0xeb,0x07,0x90,0x8c,0xd8,0x05,0x80,
	0x00,0xc3,0xb8,0x40,0x00,0x8e,0xc0,0x26,0xc7,0x06,0x67,0x00,
	0x03,0x00,0x26,0x8c,0x1e,0x69,0x00,0x8c,0xdb,0x8a,0x45,0x02,
	0xb1,0x05,0xd3,0xe0,0x03,0xd8,0x53,0xfe,0xc9,0xd3,0xe0,0x8b,
	0xc8,0xe8,0xab,0xfa,0x74,0x0b,0xbe,0x3b,0xde,0xe8,0x89,0xf7,
	0xe8,0xe9,0xf9,0xeb,0x05,0x26,0xff,0x1e,0x67,0x00,0x58,0xc3,
	0x00,0x00,0x00,0x00,0x00,0x00,0x00,0x00,0x00,0x00,0x00,0x00,
	0x00,0x00,0x00,0x00,0x00,0x00,0x00,0x00,0x00,0x00,0x00,0x00,
	0x00,0x00,0x00,0x00,0x00,0x00,0x00,0x00,0x00,0x00,0x00,0x00,
	0x00,0x00,0x00,0x00,0x00,0x00,0x00,0x00,0x00,0x00,0x00,0x00,
	0x00,0x00,0x00,0x00,0x00,0x00,0x00,0x00,0x00,0x00,0x00,0x00,
	0x00,0x00,0x00,0x00,0x00,0x00,0x00,0x00,0x00,0x00,0x00,0x00,
	0x00,0x00,0x00,0x00,0x00,0x00,0x00,0x00,0x00,0x00,0x00,0x00,
	0x00,0x00,0x00,0x00,0x00,0x00,0x00,0x00,0x00,0x00,0x00,0x00,
	0x00,0x00,0x00,0x00,0x00,0x00,0x00,0x00,0x00,0x00,0x00,0x00,
	0x00,0x00,0x00,0x00,0x00,0x00,0x00,0x00,0x00,0x00,0x00,0x00,
	0x00,0x00,0x00,0x00,0x00,0x00,0x00,0x00,0x00,0x00,0x00,0x00,
	0x00,0x00,0x00,0x00,0x00,0x00,0x00,0x00,0x00,0x00,0x00,0x00,
	0x00,0x00,0x00,0x00,0x00,0x00,0x00,0x00,0x00,0x00,0x00,0x00,
	0x00,0x00,0x00,0x00,0x00,0x00,0x00,0x00,0x00,0x00,0x00,0x00,
	0x00,0x00,0x00,0x00,0x00,0x00,0x00,0x00,0x00,0xea,0x00,0x7c,
	0x00,0x00,0xfb,0x33,0xd2,0x8e,0xda,0xc7,0x06,0x78,0x00,0xc7,
	0xef,0x8c,0x0e,0x7a,0x00,0xbb,0x00,0x7c,0x8e,0xc2,0xbe,0x01,
	0x00,0xb9,0x04,0x00,0x32,0xe4,0xcd,0x13,0x72,0x0b,0xb8,0x01,
	0x02,0x87,0xce,0xcd,0x13,0x73,0xd2,0x87,0xce,0xe2,0xed,0x80,
	0xf2,0x01,0x75,0xe5,0xcd,0x18,0x00,0x00,0x00,0x00,0x00,0x00,
	0x00,0x00,0x00,0x00,0x00,0x00,0x00,0x00,0x00,0x00,0x00,0x00,
	0x00,0xfb,0x1e,0x53,0x52,0xbb,0x40,0x00,0x8e,0xdb,0x8b,0xda,
	0x03,0xdb,0x8b,0x97,0x00,0x00,0x23,0xd2,0x74,0x0b,0x55,0x51,
	0x50,0x8b,0xec,0xe8,0x07,0x00,0x58,0x59,0x5d,0x5a,0x5b,0x1f,
	0xcf,0x83,0xc2,0x04,0x0a,0xe4,0x74,0x1d,0xd1,0xeb,0x8a,0xbf,
	0x7c,0x00,0xfe,0xcc,0x74,0x45,0xfe,0xcc,0x74,0x5b,0xfe,0xcc,
	0x75,0x0a,0x42,0xec,0x88,0x46,0x01,0x42,0xec,0x88,0x46,0x00,
	0xc3,0x52,0x4a,0x86,0xc3,0xb0,0x80,0xee,0x80,0xe3,0xe0,0xb8,
	0x17,0x04,0x74,0x0b,0xb1,0x03,0xd2,0xc3,0xb8,0x00,0x06,0x8a,
	0xcb,0xd3,0xe8,0x83,0xea,0x03,0xee,0x42,0x8a,0xc4,0xee,0x42,
	0x42,0x8a,0x46,0x00,0x24,0x1f,0xee,0x4a,0x4a,0x32,0xc0,0xee,
	0x5a,0xeb,0xc3,0xb0,0x03,0xee,0xb3,0x30,0xe8,0x2d,0x00,0x75,
	0x0f,0x4a,0xb3,0x20,0xe8,0x27,0x00,0x75,0x07,0x83,0xea,0x05,
	0x8a,0x46,0x00,0xee,0xc3,0xb0,0x01,0xee,0xb3,0x20,0xe8,0x13,
	0x00,0x75,0xf5,0x4a,0xb3,0x01,0xe8,0x0d,0x00,0x75,0xed,0x80,
	0x66,0x01,0x1e,0x83,0xea,0x05,0xeb,0x94,0x42,0x42,0x57,0xbf,
	0x02,0x00,0x8a,0xe7,0x33,0xc9,0xec,0x88,0x46,0x01,0x22,0xc3,
	0x3a,0xc3,0x74,0x0d,0xe2,0xf4,0xfe,0xcc,0x75,0xee,0x4f,0x75,
	0xe9,0x80,0x4e,0x01,0x80,0x5f,0xc3,0x00,0x00,0x00,0x00,0x00,
	0x00,0x00,0x00,0x00,0x00,0x00,0x00,0x00,0x00,0x00,0x00,0x00,
	0x00,0x00,0x00,0x00,0x00,0x00,0x00,0x00,0x00,0x00,0x00,0x00,
	0x00,0x00,0x00,0x00,0x00,0x00,0xfb,0x1e,0x53,0xbb,0x40,0x00,
	0x8e,0xdb,0x80,0xec,0x01,0x76,0x0a,0xfe,0xcc,0x75,0x03,0xa0,
	0x17,0x00,0x5b,0x1f,0xcf,0x78,0x08,0xe8,0x1d,0x00,0x5b,0x1f,
	0xca,0x02,0x00,0xe8,0x15,0x00,0x74,0xfb,0x83,0xc3,0x02,0x3b,
	0x1e,0x82,0x00,0x75,0x04,0x8b,0x1e,0x80,0x00,0x89,0x1e,0x1a,
	0x00,0xeb,0xdb,0xfa,0x8b,0x1e,0x1a,0x00,0x8b,0x07,0x3b,0x1e,
	0x1c,0x00,0xfb,0xc3,0x00,0x00,0x00,0x00,0x00,0x00,0x00,0x00,
	0x00,0x00,0x00,0x00,0x00,0x00,0x00,0x00,0x00,0x00,0x00,0x00,
	0x00,0x00,0x00,0x00,0x00,0x00,0x00,0x00,0x00,0x00,0x00,0x00,
	0x00,0x00,0x00,0x00,0x00,0x00,0x00,0x00,0x00,0x00,0x00,0x00,
	0x00,0x00,0x00,0x00,0x00,0x00,0x00,0x00,0x00,0x00,0x00,0x00,
	0x00,0x00,0x00,0x00,0x00,0x00,0x00,0x00,0x00,0x00,0x00,0x00,
	0x00,0x00,0x00,0x00,0x00,0x00,0x00,0x00,0x00,0x00,0x00,0x00,
	0x00,0x00,0x00,0x00,0x00,0x00,0x00,0x00,0x00,0x00,0x00,0x00,
	0x00,0x00,0x00,0x00,0x00,0x00,0x00,0x00,0x00,0x00,0x00,0x00,
	0x00,0x00,0x00,0x00,0x00,0x00,0x00,0x00,0x00,0x00,0x00,0x00,
	0x00,0x00,0x00,0x00,0x00,0x00,0x00,0x00,0x00,0x00,0x00,0x00,
	0x00,0x00,0x00,0x00,0x00,0x00,0x00,0x00,0x00,0x00,0x00,0x00,
	0x00,0x00,0x00,0x00,0x00,0x00,0x00,0x00,0x00,0x00,0x00,0x00,
	0x00,0x00,0x00,0x00,0x00,0x00,0x00,0x00,0x00,0x00,0x00,0x00,
	0x00,0x00,0x00,0x00,0x00,0x00,0x00,0x00,0x00,0x00,0x00,0x00,
	0x00,0x00,0x00,0x00,0x00,0x00,0x00,0x00,0x00,0x00,0x00,0x00,
	0x00,0x00,0x00,0x00,0x00,0x00,0x00,0x00,0x00,0x00,0x00,0x00,
	0x00,0x00,0x00,0x00,0x00,0x00,0x00,0x00,0x00,0x00,0x00,0x00,
	0x00,0x00,0x00,0x00,0x00,0x00,0x00,0x00,0x00,0x00,0x00,0x00,
	0x00,0x00,0x00,0x00,0x00,0x00,0x00,0x00,0x00,0x00,0x00,0x00,
	0x00,0x00,0x00,0x00,0x00,0x00,0x00,0x00,0x00,0x00,0x00,0x00,
	0x00,0x00,0x00,0x00,0x00,0x00,0x00,0x00,0x00,0x00,0x00,0x00,
	0x00,0x00,0x00,0x00,0x00,0x00,0x00,0x00,0x00,0x00,0x00,0x00,
	0x00,0x00,0x00,0xe9,0x43,0xa4,0x00,0x00,0x00,0x00,0x00,0x00,
	0x00,0x00,0x00,0x00,0x00,0x00,0x00,0x00,0x00,0x00,0x00,0x00,
	0x00,0x00,0x00,0x00,0x00,0x00,0x00,0x00,0x00,0x00,0x00,0x00,
	0x00,0x00,0x00,0x00,0x00,0x00,0x00,0x00,0x00,0x00,0x00,0x00,
	0x00,0x00,0x00,0x00,0x00,0x00,0x00,0x00,0x00,0x00,0x00,0x00,
	0x00,0x00,0x00,0x00,0x00,0x00,0x00,0x00,0x00,0x00,0x00,0x00,
	0x00,0x00,0x00,0x00,0x00,0x00,0x00,0x00,0x00,0x00,0x00,0x00,
	0x00,0x00,0x00,0x00,0x00,0x00,0x00,0x00,0x00,0x00,0x00,0x00,
	0x00,0x00,0x00,0x00,0x00,0x00,0x00,0x00,0x00,0x00,0x00,0x00,
	0x00,0x00,0x00,0x00,0x00,0x00,0x00,0x00,0x00,0x00,0x00,0x00,
	0x00,0x00,0x00,0x00,0x50,0xe4,0x62,0x24,0xc0,0x75,0x02,0x58,
	0xcf,0xbe,0xf7,0xdd,0x78,0x03,0xbe,0x08,0xde,0xb8,0x40,0x00,
	0x8e,0xd8,0xb0,0x01,0xcd,0x10,0xe8,0x57,0x00,0xe8,0x99,0xf3,
	0x32,0xc0,0xe6,0xa0,0xba,0x61,0x00,0xec,0x0c,0x30,0xee,0x24,
	0xcf,0xee,0x8b,0x16,0x13,0x00,0xb1,0x06,0xd3,0xe2,0xfc,0x83,
	0xea,0x40,0x8e,0xda,0x33,0xf6,0xb9,0x00,0x04,0xac,0xe4,0x62,
	0xa8,0xc0,0x75,0x0e,0xe2,0xf7,0x0b,0xd2,0x75,0xe9,0xbe,0x19,
	0xde,0xe8,0x65,0xf3,0xfa,0xf4,0x8e,0xc2,0x4e,0x8b,0xee,0xe8,
	0x6e,0xf1,0x32,0xc0,0xba,0x13,0x02,0xee,0x33,0xdb,0x89,0x17,
	0x3b,0x17,0xbe,0x1f,0xde,0x74,0xe2,0xbe,0x24,0xde,0xeb,0xdd,
	0x51,0xb0,0xb6,0xe6,0x43,0xb0,0x2e,0xe6,0x42,0xb0,0x05,0xe6,
	0x42,0x33,0xc9,0xe4,0x61,0x8a,0xe0,0x0c,0x03,0xe6,0x61,0xe2,
	0xfe,0xe2,0xfe,0x86,0xc4,0xe6,0x61,0x59,0xc3,0x00,0x00,0x00,
	0x00,0x00,0x00,0x00,0x00,0x00,0x00,0x00,0x00,0x00,0x00,0x00,
	0x00,0x00,0x00,0x00,0x00,0x00,0x00,0x00,0x00,0x00,0x00,0x00,
	0x00,0x00,0x00,0x00,0x00,0x00,0x00,0x00,0x00,0x00,0x00,0x00,
	0x00,0x00,0x00,0x00,0x00,0x00,0x00,0x00,0x00,0x00,0x00,0x00,
	0x00,0x00,0x00,0x00,0x00,0x00,0x00,0x00,0x00,0x00,0x00,0x00,
	0x00,0x00,0x00,0x00,0x00,0x00,0x00,0x00,0x00,0x00,0x00,0x00,
	0x00,0x00,0x00,0x00,0x00,0x00,0x00,0x00,0x00,0x00,0x00,0x00,
	0x00,0x00,0x00,0x00,0x00,0x00,0x00,0x00,0x00,0x00,0x00,0x00,
	0x00,0x00,0x00,0x00,0x00,0x00,0x00,0x00,0x00,0x00,0x00,0x00,
	0x00,0x00,0x00,0x00,0x00,0x00,0x00,0x00,0x00,0x00,0x00,0x00,
	0x00,0x00,0x00,0x00,0x00,0x00,0x00,0x00,0x00,0x00,0x00,0x00,
	0x00,0x00,0x00,0x00,0x00,0x00,0x00,0x00,0x00,0x00,0x00,0x00,
	0x00,0x00,0x00,0x00,0x00,0x00,0x00,0x00,0x00,0x00,0x00,0x00,
	0x00,0x00,0x00,0x00,0x00,0x00,0x00,0x00,0x00,0x00,0x00,0x00,
	0x00,0x00,0x00,0x00,0x00,0x00,0x00,0x00,0x00,0x00,0x00,0x00,
	0x00,0x00,0x00,0x00,0x00,0x00,0x00,0x00,0x00,0x00,0x00,0x00,
	0x00,0x00,0x00,0x00,0x00,0x00,0x00,0x00,0x00,0x00,0x00,0x00,
	0x00,0x00,0x00,0x00,0x00,0x00,0x00,0x00,0x00,0x00,0x00,0x00,
	0x00,0x00,0x00,0x00,0x00,0x00,0x00,0x00,0x00,0x00,0x00,0x00,
	0x00,0x00,0x00,0x00,0x00,0x00,0x00,0x00,0x00,0x00,0x00,0x00,
	0x00,0x00,0x00,0x00,0x00,0x00,0x00,0x00,0x00,0x00,0x00,0x00,
	0x00,0x00,0x00,0x00,0x00,0x00,0x00,0x00,0x00,0x00,0x00,0x00,
	0x00,0x00,0x00,0x00,0x00,0x00,0x00,0x00,0x00,0x00,0x00,0x00,
	0x00,0x00,0x00,0x00,0x00,0x00,0x00,0x00,0x00,0x00,0x00,0x00,
	0x00,0x00,0x00,0x00,0x00,0x00,0x00,0x00,0x00,0x00,0x00,0x00,
	0x00,0x00,0x00,0x00,0x00,0x00,0x00,0x00,0x00,0x00,0x00,0x00,
	0x00,0x00,0x00,0x00,0x00,0x00,0x00,0x00,0x00,0x00,0x00,0x00,
	0x00,0x00,0x00,0x00,0x00,0x00,0x00,0x00,0x00,0x00,0x00,0x00,
	0x00,0x00,0x00,0x00,0x00,0x00,0x00,0x00,0x00,0x00,0x00,0x00,
	0x00,0x00,0x00,0x00,0x00,0x00,0x00,0x00,0x00,0x00,0x00,0x00,
	0x00,0x00,0x00,0x00,0x00,0x00,0x00,0x00,0x00,0x00,0x00,0x00,
	0x00,0x00,0x00,0x00,0x00,0x00,0x00,0x00,0x00,0x00,0x00,0x00,
	0x00,0x00,0x00,0x00,0x00,0x00,0x00,0x00,0x00,0x00,0x00,0x00,
	0x00,0x00,0x00,0x00,0x00,0x00,0x00,0x00,0x00,0x00,0x00,0x00,
	0x00,0x00,0x00,0x00,0x00,0x00,0x00,0x00,0x00,0x00,0x00,0x00,
	0x00,0x00,0x00,0x00,0x00,0x00,0x00,0x00,0x00,0x00,0x00,0x00,
	0x00,0x00,0x00,0x00,0x00,0x00,0x00,0x00,0x00,0x00,0x00,0x00,
	0x00,0x00,0x00,0x00,0x00,0xe9,0xa4,0xc3,0x00,0x00,0x00,0x00,
	0x00,0x00,0x00,0x00,0x00,0x00,0x00,0x00,0x00,0x00,0x00,0x00,
	0x00,0x00,0x00,0x00,0x00,0x00,0x00,0x00,0x00,0x00,0x00,0x00,
	0x00,0x00,0x00,0x00,0x00,0x00,0x00,0x00,0x00,0x00,0x00,0x00,
	0x00,0x00,0x00,0x00,0x00,0x00,0x00,0x00,0x00,0x00,0x00,0x00,
	0x00,0x00,0x00,0x00,0x00,0x00,0x00,0x00,0x00,0x00,0x00,0x00,
	0x00,0x00,0x00,0x00,0x00,0x00,0x00,0x00,0x00,0x00,0x00,0x00,
	0x00,0x00,0x00,0x00,0x00,0x00,0x00,0x00,0x00,0x00,0x00,0x00,
	0x00,0x00,0x00,0x00,0x00,0x00,0x00,0x00,0x00,0x00,0x00,0x00,
	0x00,0x00,0x00,0x00,0x00,0x00,0x00,0x00,0x00,0x00,0x00,0x00,
	0x00,0x00,0x00,0x00,0x00,0x00,0x00,0x00,0x00,0x00,0x00,0x00,
	0x00,0x00,0x00,0x00,0x00,0x00,0x00,0x00,0x00,0x00,0x00,0x00,
	0x00,0x00,0x00,0x00,0x00,0x00,0x00,0x00,0x00,0x00,0x00,0x00,
	0x00,0x00,0x00,0x00,0x00,0x00,0x00,0x00,0x00,0x00,0x00,0x00,
	0x00,0x00,0x00,0x00,0x00,0x00,0x00,0x00,0x00,0x00,0x00,0x00,
	0x00,0x00,0x00,0x00,0x00,0x00,0x00,0x00,0x00,0x00,0x00,0x00,
	0x00,0x00,0x00,0x00,0x00,0x00,0x00,0x00,0x00,0x00,0x00,0x00,
	0x00,0x00,0x00,0x00,0x00,0x00,0x00,0x00,0x00,0x00,0x00,0x00,
	0x00,0x00,0x00,0x00,0x00,0x00,0x00,0x00,0x00,0x00,0x00,0x00,
	0x00,0x00,0x00,0x00,0x00,0x00,0x00,0x00,0x00,0x00,0x00,0x00,
	0x00,0x00,0x00,0x00,0x00,0x00,0x00,0x00,0x00,0x00,0x00,0x00,
	0x00,0x00,0x00,0x00,0x00,0x00,0x00,0x00,0x00,0x00,0x00,0x00,
	0x00,0x00,0x00,0x00,0x00,0x00,0x00,0x00,0x00,0x00,0x00,0x00,
	0x00,0x00,0x00,0x00,0x00,0x00,0x00,0x00,0x00,0x00,0x00,0x00,
	0x00,0x00,0x00,0x00,0x00,0x00,0x00,0x00,0x00,0x00,0x00,0x00,
	0x00,0x00,0x00,0x00,0x00,0x00,0x00,0x00,0x00,0x00,0x00,0x00,
	0x00,0x00,0x00,0x00,0x00,0x00,0x00,0x00,0x00,0x00,0x00,0x00,
	0x00,0x00,0x00,0x00,0x00,0x00,0x00,0x00,0x00,0x00,0x00,0x00,
	0x00,0x00,0x00,0x00,0x00,0x00,0x00,0x00,0x00,0x00,0x00,0x00,
	0x00,0x00,0x00,0x00,0x00,0x00,0x00,0x00,0x00,0x00,0x00,0x00,
	0x00,0x00,0x00,0x00,0x00,0x00,0x00,0x00,0x00,0x00,0x00,0x00,
	0x00,0x00,0x00,0x00,0x00,0x00,0x00,0x00,0x00,0x00,0x00,0x00,
	0x00,0x00,0x00,0x00,0x00,0x00,0x00,0x00,0x00,0x00,0x00,0x00,
	0x00,0x00,0x00,0x00,0x00,0x00,0x00,0x00,0x00,0x00,0x00,0x00,
	0x00,0x00,0x00,0x00,0x00,0x00,0x00,0x00,0x00,0x00,0x00,0x00,
	0x00,0x00,0x00,0x00,0x00,0x00,0x00,0x00,0x00,0x00,0x00,0x00,
	0x00,0x00,0x00,0x00,0x00,0x00,0x00,0x00,0x00,0x00,0x00,0x00,
	0x00,0x00,0x00,0x00,0x00,0x00,0x00,0x00,0x00,0x00,0x00,0x00,
	0x00,0x00,0x00,0x00,0x00,0x00,0x00,0x00,0x00,0x00,0x00,0x00,
	0x00,0x00,0x00,0x00,0x00,0x00,0x00,0x00,0x00,0x00,0x00,0x00,
	0x00,0x00,0x00,0x00,0x00,0x00,0x00,0x00,0x00,0x00,0x00,0x00,
	0x00,0x00,0x00,0x00,0x00,0x00,0x00,0x00,0x00,0x00,0x00,0x00,
	0x00,0x00,0x00,0x00,0x00,0x00,0x00,0x00,0x00,0x00,0x00,0x00,
	0x00,0x00,0x00,0x00,0x00,0x00,0x00,0x00,0x00,0x00,0x00,0x00,
	0x00,0x00,0x00,0x00,0x00,0x00,0x00,0x00,0x00,0x00,0x00,0x00,
	0x00,0x00,0x00,0x00,0x00,0x00,0x00,0x00,0x00,0x00,0x00,0x00,
	0x00,0x00,0x00,0x00,0x00,0x00,0x00,0x00,0x00,0x00,0x00,0x00,
	0x00,0x00,0x00,0x00,0x00,0x00,0x00,0x00,0x00,0x00,0x00,0x00,
	0x00,0x00,0x00,0x00,0x00,0x00,0x00,0x00,0x00,0x00,0x00,0x00,
	0x00,0x00,0x00,0x00,0x00,0x00,0x00,0x00,0x00,0x00,0x00,0x00,
	0x00,0x00,0x00,0x00,0x00,0x00,0x00,0x00,0x00,0x00,0x00,0x00,
	0x00,0x00,0x00,0x00,0x00,0x00,0x00,0x00,0x00,0x00,0x00,0x00,
	0x00,0x00,0x00,0x00,0x00,0x00,0x00,0x00,0x00,0x00,0x00,0x00,
	0x00,0x00,0x00,0x00,0x00,0x00,0x00,0x00,0x00,0x00,0x00,0x00,
	0x00,0x00,0x00,0x00,0x00,0x00,0x00,0x00,0x00,0x00,0x00,0x00,
	0x00,0x00,0x00,0x00,0x00,0x00,0x00,0x00,0x00,0x00,0x00,0x00,
	0x00,0x00,0x00,0x00,0x00,0x00,0x00,0x00,0x00,0x00,0x00,0x00,
	0x00,0x00,0x00,0x00,0x00,0x00,0x00,0x00,0x00,0x00,0x00,0x00,
	0x00,0x00,0x00,0x00,0x00,0x00,0x00,0x00,0x00,0x00,0x00,0x00,
	0x00,0x00,0x00,0x00,0x00,0x00,0x00,0x00,0x00,0x00,0x00,0x00,
	0x00,0x00,0x00,0x00,0x00,0x00,0x00,0x00,0x00,0x00,0x00,0x00,
	0x00,0x00,0x00,0x00,0x00,0x00,0x00,0x00,0x00,0x00,0x00,0x00,
	0x00,0x00,0x00,0x00,0x00,0x00,0x00,0x00,0x00,0x00,0x00,0x00,
	0x00,0x00,0x00,0x00,0x00,0x00,0x00,0x00,0x00,0x00,0x00,0x00,
	0x00,0x00,0x00,0x50,0xb8,0x40,0x00,0x1e,0x8e,0xd8,0xb0,0x20,
	0xe6,0x20,0x80,0x0e,0x3e,0x00,0x80,0x1f,0x58,0xcf,0x00,0x00,
	0x00,0x00,0x00,0x00,0x00,0x00,0x00,0x00,0x00,0x00,0x00,0x00,
	0x00,0x00,0x00,0x00,0x00,0x00,0x00,0x00,0x00,0x00,0x00,0x00,
	0x00,0x00,0x00,0x00,0x00,0x00,0x00,0x00,0x00,0x00,0x00,0x00,
	0x00,0x00,0x00,0x00,0x00,0x00,0x00,0x00,0x00,0x00,0x00,0x00,
	0x00,0x00,0x00,0x00,0x00,0x00,0x00,0x00,0x00,0x00,0x00,0x00,
	0x00,0x00,0x00,0x00,0x00,0x00,0x00,0x00,0x00,0x00,0x00,0x00,
	0x00,0x00,0x00,0x00,0x00,0x00,0x00,0x00,0x00,0x00,0x00,0x00,
	0x00,0x00,0x00,0x00,0x00,0x00,0x00,0xdf,0x02,0x25,0x02,0x12,
	0x2a,0xff,0x6c,0xf6,0x0f,0x04,0x4f,0x00,0xfb,0x1e,0x57,0x52,
	0x53,0x50,0xbb,0x40,0x00,0x8e,0xdb,0x8b,0xda,0xd1,0xe3,0x8b,
	0x97,0x08,0x00,0x23,0xd2,0x74,0x14,0x22,0xe4,0x74,0x2b,0xfe,
	0xcc,0x74,0x14,0xfe,0xcc,0x75,0x08,0x42,0xec,0x24,0xf8,0x34,
	0x48,0x8a,0xe0,0x5b,0x8a,0xc3,0x5b,0x5a,0x5f,0x1f,0xcf,0x83,
	0xc2,0x02,0xbb,0x29,0x02,0xb0,0x08,0xee,0x4b,0x75,0xfa,0xb0,
	0x0c,0xee,0x4a,0xfb,0xeb,0xde,0x42,0xd1,0xeb,0xbf,0x02,0x00,
	0x8a,0xa7,0x78,0x00,0x33,0xdb,0xec,0x3c,0x80,0x73,0x10,0x4b,
	0x75,0xf8,0xfe,0xcc,0x75,0xf2,0x4f,0x75,0xeb,0x24,0xf8,0xfe,
	0xc0,0xeb,0xc0,0x4a,0x58,0x50,0xee,0xb0,0x0d,0x42,0xfa,0x42,
	0xee,0xeb,0xcc,0x64,0xd0,0x18,0xd1,0x2f,0xd1,0x60,0xd1,0x74,
	0xd1,0xf0,0xd1,0x11,0xd2,0x10,0xd2,0xa3,0xd2,0xa3,0xd2,0xa3,
	0xd2,0xf9,0xd2,0x1e,0xd3,0x1e,0xd3,0xf2,0xd5,0x6e,0xd6,0xe9,
	0x96,0xdf,0x00,0x00,0x00,0x00,0x00,0x00,0x00,0x00,0x00,0x00,
	0x00,0x00,0x00,0x00,0x00,0x00,0x00,0x00,0x00,0x00,0x00,0x00,
	0x00,0x00,0x00,0x00,0x00,0x00,0x00,0x00,0x00,0x00,0x00,0x00,
	0x00,0x00,0x00,0x00,0x00,0x00,0x00,0x00,0x00,0x00,0x00,0x00,
	0x00,0x00,0x00,0x00,0x00,0x00,0x00,0x00,0x00,0x00,0x00,0x00,
	0x38,0x28,0x2d,0x0a,0x1f,0x06,0x19,0x1c,0x02,0x07,0x06,0x07,
	0x00,0x00,0x00,0x00,0x71,0x50,0x5a,0x0a,0x1f,0x06,0x19,0x1c,
	0x02,0x07,0x06,0x07,0x00,0x00,0x00,0x00,0x38,0x28,0x2d,0x0a,
	0x7f,0x06,0x64,0x70,0x02,0x01,0x06,0x07,0x00,0x00,0x00,0x00,
	0x61,0x50,0x52,0x0f,0x19,0x06,0x19,0x19,0x02,0x0d,0x0b,0x0c,
	0x00,0x00,0x00,0x00,0x2c,0x28,0x2d,0x29,0x2a,0x2e,0x1e,0x29,
	0x1e,0x06,0x06,0x0a,0x0a,0x06,0x06,0x06,0x08,0x00,0x00,0x01,
	0x01,0x03,0x03,0x03,0x01,0x04,0x00,0x00,0x00,0x00,0x00,0x00,
	0x00,0x00,0x00,0x00,0x00,0x00,0x00,0x00,0x00,0x00,0x00,0x00,
	0x00,0x00,0x00,0x00,0x00,0x00,0x00,0x00,0x00,0x00,0x00,0x00,
	0x00,0x00,0x00,0x00,0x00,0x00,0x00,0x00,0x00,0x00,0x00,0x00,
	0x00,0x00,0x00,0x00,0x00,0x00,0x00,0x00,0x00,0x00,0x00,0x00,
	0x00,0x00,0x00,0x00,0x00,0x00,0x00,0x00,0x00,0x00,0x00,0x00,
	0x00,0x00,0x00,0x00,0x00,0x00,0x00,0x00,0x00,0x00,0x00,0x00,
	0x00,0x00,0x00,0x00,0x00,0x00,0x00,0x00,0x00,0x00,0x00,0x00,
	0x00,0x00,0x00,0x00,0x00,0x00,0x00,0x00,0x00,0x00,0x00,0x00,
	0x00,0x00,0x00,0x00,0x00,0x00,0x00,0x00,0x00,0x00,0x00,0x00,
	0x00,0x00,0x00,0x00,0x00,0x00,0x00,0x00,0x00,0x00,0x00,0x00,
	0x00,0x00,0x00,0x00,0x00,0x00,0x00,0x00,0x00,0x00,0x00,0x00,
	0x00,0x00,0x00,0x00,0x00,0x00,0x00,0x00,0x00,0x00,0x00,0x00,
	0x00,0x00,0x00,0x00,0x00,0x00,0x00,0x00,0x00,0x00,0x00,0x00,
	0x00,0x00,0x00,0x00,0x00,0x00,0x00,0x00,0x00,0x00,0x00,0x00,
	0x00,0x00,0x00,0x00,0x00,0x00,0x00,0x00,0x00,0x00,0x00,0x00,
	0x00,0x00,0x00,0x00,0x00,0x00,0x00,0x00,0x00,0x00,0x00,0x00,
	0x00,0x00,0x00,0x00,0x00,0x00,0x00,0x00,0x00,0x00,0x00,0x00,
	0x00,0x00,0x00,0x00,0x00,0x00,0x00,0x00,0x00,0x00,0x00,0x00,
	0x00,0x00,0x00,0x00,0x00,0x00,0x00,0x00,0x00,0x00,0x00,0x00,
	0x00,0x00,0x00,0x00,0x00,0x00,0x00,0x00,0x00,0x00,0x00,0x00,
	0x00,0x00,0x00,0x00,0x00,0x00,0x00,0x00,0x00,0x00,0x00,0x00,
	0x00,0x00,0x00,0x00,0x00,0x00,0x00,0x00,0x00,0x00,0x00,0x00,
	0x00,0x00,0x00,0x00,0x00,0x00,0x00,0x00,0x00,0x00,0x00,0x00,
	0x00,0x00,0x00,0x00,0x00,0x00,0x00,0x00,0x00,0x00,0x00,0x00,
	0x00,0x00,0x00,0x00,0x00,0x00,0x00,0x00,0x00,0x00,0x00,0x00,
	0x00,0x00,0x00,0x00,0x00,0x00,0x00,0x00,0x00,0x00,0x00,0x00,
	0x00,0x00,0x00,0x00,0x00,0x00,0x00,0x00,0x00,0x00,0x00,0x00,
	0x00,0x00,0x00,0x00,0x00,0x00,0x00,0x00,0x00,0x00,0x00,0x00,
	0x00,0x00,0x00,0x00,0x00,0x00,0x00,0x00,0x00,0x00,0x00,0x00,
	0x00,0x00,0x00,0x00,0x00,0x00,0x00,0x00,0x00,0x00,0x00,0x00,
	0x00,0x00,0x00,0x00,0x00,0x00,0x00,0x00,0x00,0x00,0x00,0x00,
	0x00,0x00,0x00,0x00,0x00,0x00,0x00,0x00,0x00,0x00,0x00,0x00,
	0x00,0x00,0x00,0x00,0x00,0x00,0x00,0x00,0x00,0x00,0x00,0x00,
	0x00,0x00,0x00,0x00,0x00,0x00,0x00,0x00,0x00,0x00,0x00,0x00,
	0x00,0x00,0x00,0x00,0x00,0x00,0x00,0x00,0x00,0x00,0x00,0x00,
	0x00,0x00,0x00,0x00,0x00,0x00,0x00,0x00,0x00,0x00,0x00,0x00,
	0x00,0x00,0x00,0x00,0x00,0x00,0x00,0x00,0x00,0x00,0x00,0x00,
	0x00,0x00,0x00,0x00,0x00,0x00,0x00,0x00,0x00,0x00,0x00,0x00,
	0x00,0x00,0x00,0x00,0x00,0x00,0x00,0x00,0x00,0x00,0x00,0x00,
	0x00,0x00,0x00,0x00,0x00,0x00,0x00,0x00,0x00,0x00,0x00,0x00,
	0x00,0x00,0x00,0x00,0x00,0x00,0x00,0x00,0x00,0x00,0x00,0x00,
	0x00,0x00,0x00,0x00,0x00,0x00,0x00,0x00,0x00,0x00,0x00,0x00,
	0x00,0x00,0x00,0x00,0x00,0x00,0x00,0x00,0x00,0x00,0x00,0x00,
	0x00,0x00,0x00,0x00,0x00,0x00,0x00,0x00,0x00,0x00,0x00,0x00,
	0x00,0x00,0x00,0x00,0x00,0x00,0x00,0x00,0x00,0x00,0x00,0x00,
	0x00,0x00,0x00,0x00,0x00,0x00,0x00,0x00,0x00,0x00,0x00,0x00,
	0x00,0x00,0x00,0x00,0x00,0x00,0x00,0x00,0x00,0x00,0x00,0x00,
	0x00,0x00,0x00,0x00,0x00,0x00,0x00,0x00,0x00,0x00,0x00,0x00,
	0x00,0x00,0x00,0x00,0x00,0x00,0x00,0x00,0x00,0x00,0x00,0x00,
	0x00,0x00,0x00,0x00,0x00,0x00,0x00,0x00,0x00,0x00,0x00,0x00,
	0x00,0x00,0x00,0x00,0x00,0x00,0x00,0x00,0x00,0x00,0x00,0x00,
	0x00,0x00,0x00,0x00,0x00,0x00,0x00,0x00,0x00,0x00,0x00,0x00,
	0x00,0x00,0x00,0x00,0x00,0x00,0x00,0x00,0x00,0x00,0x00,0x00,
	0x00,0x00,0x00,0x00,0x00,0x00,0x00,0x00,0x00,0x00,0x00,0x00,
	0x00,0x00,0x00,0x00,0x00,0x00,0x00,0x00,0x00,0x00,0x00,0x00,
	0x00,0x00,0x00,0x00,0x00,0x00,0x00,0x00,0x00,0x00,0x00,0x00,
	0x00,0x00,0x00,0x00,0x00,0x00,0x00,0x00,0x00,0x00,0x00,0x00,
	0x00,0x00,0x00,0x00,0x00,0x00,0x00,0x00,0x00,0x00,0x00,0x00,
	0x00,0x00,0x00,0x00,0x00,0x00,0x00,0x00,0x00,0x00,0x00,0x00,
	0x00,0x00,0x00,0x00,0x00,0x00,0x00,0x00,0x00,0x00,0x00,0x00,
	0x00,0x00,0x00,0x00,0x00,0x00,0x00,0x00,0x00,0x00,0x00,0x00,
	0x00,0x00,0x00,0x00,0x00,0x00,0x00,0x00,0x00,0x00,0x00,0x00,
	0x00,0x00,0x00,0x00,0x00,0x00,0x00,0x00,0x00,0x00,0x00,0x00,
	0x00,0x00,0x00,0x00,0x00,0x00,0x00,0x00,0x00,0x00,0x00,0x00,
	0x00,0x00,0x00,0x00,0x00,0x00,0x00,0x00,0x00,0x00,0x00,0x00,
	0x00,0x00,0x00,0x00,0x00,0x00,0x00,0x00,0x00,0x00,0x00,0x00,
	0x00,0x00,0x00,0x00,0x00,0x00,0x00,0x00,0x00,0x00,0x00,0x00,
	0x00,0x00,0x00,0x00,0x00,0x00,0x00,0x00,0x00,0x00,0x00,0x00,
	0x00,0x00,0x00,0x00,0x00,0x00,0x00,0x00,0x00,0x00,0x00,0x00,
	0x00,0x00,0x00,0x00,0x00,0x00,0x00,0x00,0x00,0x00,0x00,0x00,
	0x00,0x00,0x00,0x00,0x00,0x00,0x00,0x00,0x00,0x00,0x00,0x00,
	0x00,0x00,0x00,0x00,0x00,0x00,0x00,0x00,0x00,0x00,0x00,0x00,
	0x00,0x00,0x00,0x00,0x00,0x00,0x00,0x00,0x00,0x00,0x00,0x00,
	0x00,0x00,0x00,0x00,0x00,0x00,0x00,0x00,0x00,0x00,0x00,0x00,
	0x00,0x00,0x00,0x00,0x00,0x00,0x00,0x00,0x00,0x00,0x00,0x00,
	0x00,0x00,0x00,0x00,0x00,0x00,0x00,0x00,0x00,0x00,0x00,0x00,
	0x00,0x00,0x00,0x00,0x00,0x00,0x00,0x00,0x00,0x00,0x00,0x00,
	0x00,0x00,0x00,0x00,0x00,0x00,0x00,0x00,0x00,0x00,0x00,0x00,
	0x00,0x00,0x00,0x00,0x00,0x00,0x00,0x00,0x00,0x00,0x00,0x00,
	0x00,0x00,0x00,0x00,0x00,0x00,0x00,0x00,0x00,0x00,0x00,0x00,
	0x00,0x00,0x00,0x00,0x00,0x00,0x00,0x00,0x00,0x00,0x00,0x00,
	0x00,0x00,0x00,0x00,0x00,0x00,0x00,0x00,0x00,0x00,0x00,0x00,
	0x00,0x00,0x00,0x00,0x00,0x00,0x00,0x00,0x00,0x00,0x00,0x00,
	0x00,0x00,0x00,0x00,0x00,0x00,0x00,0x00,0x00,0x00,0x00,0x00,
	0x00,0x00,0x00,0x00,0x00,0x00,0x00,0x00,0x00,0x00,0x00,0x00,
	0x00,0x00,0x00,0x00,0x00,0x00,0x00,0x00,0x00,0x00,0x00,0x00,
	0x00,0x00,0x00,0x00,0x00,0x00,0x00,0x00,0x00,0x00,0x00,0x00,
	0x00,0x00,0x00,0x00,0x00,0x00,0x00,0x00,0x00,0x00,0x00,0x00,
	0x00,0x00,0x00,0x00,0x00,0x00,0x00,0x00,0x00,0x00,0x00,0x00,
	0x00,0x00,0x00,0x00,0x00,0x00,0x00,0x00,0x00,0x00,0x00,0x00,
	0x00,0x00,0x00,0x00,0x00,0x00,0x00,0x00,0x00,0x00,0x00,0x00,
	0x00,0x00,0x00,0x00,0x00,0x00,0x00,0x00,0x00,0x00,0x00,0x00,
	0x00,0x00,0x00,0x00,0x00,0x00,0x00,0x00,0x00,0x00,0x00,0x00,
	0x00,0x00,0x00,0x00,0x00,0x00,0x00,0x00,0x00,0x00,0x00,0x00,
	0x00,0x00,0x00,0x00,0x00,0x00,0x00,0x00,0x00,0x00,0x00,0x00,
	0x00,0x00,0x00,0x00,0x00,0x00,0x00,0x00,0x00,0x00,0x00,0x00,
	0x00,0x00,0x00,0x00,0x00,0x00,0x00,0x00,0x00,0x00,0x00,0x00,
	0x00,0x00,0x00,0x00,0x00,0x00,0x00,0x00,0x00,0x00,0x00,0x00,
	0x00,0x00,0x00,0x00,0x00,0x00,0x00,0x00,0x00,0x00,0x00,0x00,
	0x00,0x00,0x00,0x00,0x00,0x00,0x00,0x00,0x00,0x00,0x00,0x00,
	0x00,0x00,0x00,0x00,0x00,0x00,0x00,0x00,0x00,0x00,0x00,0x00,
	0x00,0x00,0x00,0x00,0x00,0x00,0x00,0x00,0x00,0x00,0x00,0x00,
	0x00,0x00,0x00,0x00,0x00,0x00,0x00,0x00,0x00,0x00,0x00,0x00,
	0x00,0x00,0x00,0x00,0x00,0x00,0x00,0x00,0x00,0x00,0x00,0x00,
	0x00,0x00,0x00,0x00,0x00,0x00,0x00,0x00,0x00,0x00,0x00,0x00,
	0x00,0x00,0x00,0x00,0x00,0x00,0x00,0x00,0x00,0x00,0x00,0x00,
	0x00,0x00,0x00,0x00,0x00,0x00,0x00,0x00,0x00,0x00,0x00,0x00,
	0x00,0x00,0x00,0x00,0x00,0x00,0x00,0x00,0x00,0x00,0x00,0x00,
	0x00,0x00,0x00,0x00,0x00,0x00,0x00,0x00,0x00,0x00,0x00,0x00,
	0x00,0x00,0x00,0x00,0x00,0x00,0x00,0x00,0x00,0x00,0x00,0x00,
	0x00,0x00,0x00,0x00,0x00,0x00,0x00,0x00,0x00,0x00,0x00,0x00,
	0x00,0x00,0x00,0x00,0x00,0x00,0x00,0x00,0x00,0x00,0x00,0x00,
	0x00,0x00,0x00,0x00,0x00,0x00,0x00,0x00,0x00,0x00,0x00,0x00,
	0x00,0x00,0x00,0x00,0x00,0x00,0x00,0x00,0x00,0x00,0x00,0x00,
	0x00,0x00,0x00,0x00,0x00,0x00,0x00,0x00,0x00,0x00,0x00,0x00,
	0x00,0x00,0x00,0x00,0x00,0x00,0x00,0x00,0x00,0x00,0x00,0x00,
	0x00,0x00,0x00,0x00,0x00,0x00,0x00,0x00,0x00,0x00,0x00,0x00,
	0x00,0x00,0x00,0x00,0x00,0x00,0x00,0x00,0x00,0x00,0x00,0x00,
	0x00,0x00,0x00,0x00,0x00,0x00,0x00,0x00,0x00,0x00,0x00,0x00,
	0x00,0x00,0x00,0x00,0x00,0x00,0x00,0x00,0x00,0x00,0x00,0x00,
	0x00,0x00,0x00,0x00,0x00,0x00,0x00,0x00,0x00,0x00,0x00,0x00,
	0x00,0x00,0x00,0x00,0x00,0x00,0x00,0x00,0x00,0x00,0x00,0x00,
	0x00,0x00,0x00,0x00,0x00,0x00,0x00,0x00,0x00,0x00,0x00,0x00,
	0x00,0x00,0x00,0x00,0x00,0x00,0x00,0x00,0x00,0x00,0x00,0x00,
	0x00,0x00,0x00,0x00,0x00,0x00,0x00,0x00,0x00,0x00,0x00,0x00,
	0x00,0x00,0x00,0x00,0x00,0x00,0x00,0x00,0x00,0x00,0x00,0x00,
	0x00,0x00,0x00,0x00,0x00,0x00,0x00,0x00,0x00,0x00,0x00,0x00,
	0x00,0x00,0x00,0x00,0x00,0x00,0x00,0x00,0x00,0x00,0x00,0x00,
	0x00,0x00,0x00,0x00,0x00,0x00,0x00,0x00,0x00,0x00,0x00,0x00,
	0x00,0x00,0x00,0x00,0x00,0x00,0x00,0x00,0x00,0x00,0x00,0x00,
	0x00,0x00,0x00,0x00,0x00,0x00,0x00,0x00,0x00,0x00,0x00,0x00,
	0x00,0x00,0x00,0x00,0x00,0x00,0x00,0x00,0x00,0x00,0x00,0x00,
	0x00,0x00,0x00,0x00,0x00,0x00,0x00,0x00,0x00,0x00,0x00,0x00,
	0x00,0x00,0x00,0x00,0x00,0x00,0x00,0x00,0x00,0x00,0x00,0x00,
	0x00,0x00,0x00,0x00,0x00,0x00,0x00,0x00,0x00,0x00,0x00,0x00,
	0x00,0x00,0x00,0x00,0x00,0x00,0x00,0x00,0x00,0x00,0x00,0x00,
	0x00,0x00,0x00,0x00,0x00,0x00,0x00,0x00,0x00,0x00,0x00,0x00,
	0x00,0x00,0x00,0x00,0x00,0x00,0x00,0x00,0x00,0x00,0x00,0x00,
	0x00,0x00,0x00,0x00,0x00,0x00,0x00,0x00,0x00,0x00,0x00,0x00,
	0x00,0x00,0x00,0x00,0x00,0x00,0x00,0x00,0x00,0x00,0x00,0x00,
	0x00,0x00,0x00,0x00,0x00,0x00,0x00,0x00,0x00,0x00,0x00,0x00,
	0x00,0x00,0x00,0x00,0x00,0x00,0x00,0x00,0x00,0x00,0x00,0x00,
	0x00,0x00,0x00,0x00,0x00,0x00,0x00,0x00,0x00,0x00,0x00,0x00,
	0x00,0x00,0x00,0x00,0x00,0x00,0x00,0x00,0x00,0x00,0x00,0x00,
	0x00,0x00,0x00,0x00,0x00,0x00,0x00,0x00,0x00,0x00,0x00,0x00,
	0x00,0x00,0x00,0x00,0x00,0x00,0x00,0x00,0x00,0x00,0x00,0x00,
	0x00,0x00,0x00,0x00,0x00,0x00,0x00,0x00,0x00,0x00,0x00,0x00,
	0x00,0x00,0x00,0x00,0x00,0x00,0x00,0x00,0x00,0x00,0x00,0x00,
	0x00,0x00,0x00,0x00,0x00,0x00,0x00,0x00,0x00,0x00,0x00,0x00,
	0x00,0x00,0x00,0x00,0x00,0x00,0x00,0x00,0x00,0x00,0x00,0x00,
	0x00,0x00,0x00,0x00,0x00,0x00,0x00,0x00,0x00,0x00,0x00,0x00,
	0x00,0x00,0x00,0x00,0x00,0x00,0x00,0x00,0x00,0x00,0x00,0x00,
	0x00,0x00,0x00,0x00,0x00,0x00,0x00,0x00,0x00,0x00,0x00,0x00,
	0x00,0x00,0x00,0x00,0x00,0x00,0x00,0x00,0x00,0x00,0x00,0x00,
	0x00,0x00,0x00,0x00,0x00,0xfb,0xb8,0x40,0x00,0x1e,0x8e,0xd8,
	0xa1,0x13,0x00,0x1f,0xcf,0xfb,0xb8,0x40,0x00,0x1e,0x8e,0xd8,
	0xa1,0x10,0x00,0x1f,0xcf,0xb4,0x86,0xf9,0xca,0x02,0x00,0x83,
	0xc4,0x0c,0xbe,0x6e,0xf8,0xe8,0x51,0xe5,0xb4,0x00,0xcd,0x16,
	0xcd,0x19,0x0d,0x0a,0x4e,0x6f,0x6e,0x2d,0x53,0x79,0x73,0x74,
	0x65,0x6d,0x20,0x64,0x69,0x73,0x6b,0x20,0x6f,0x72,0x20,0x64,
	0x69,0x73,0x6b,0x20,0x65,0x72,0x72,0x6f,0x72,0x2e,0x0d,0x0a,
	0x50,0x6c,0x61,0x63,0x65,0x20,0x73,0x79,0x73,0x74,0x65,0x6d,
	0x20,0x64,0x69,0x73,0x6b,0x20,0x69,0x6e,0x20,0x64,0x72,0x69,
	0x76,0x65,0x2e,0x0d,0x0a,0x50,0x72,0x65,0x73,0x73,0x20,0x61,
	0x6e,0x79,0x20,0x6b,0x65,0x79,0x20,0x77,0x68,0x65,0x6e,0x20,
	0x72,0x65,0x61,0x64,0x79,0x2e,0x0d,0x0a,0x00,0x00,0x00,0x00,
	0x00,0x00,0x00,0x00,0x00,0x00,0x00,0x00,0x00,0x00,0x00,0x00,
	0x00,0x00,0x00,0x00,0x00,0x00,0x00,0x00,0x00,0x00,0x00,0x00,
	0x00,0x00,0x00,0x00,0x00,0x00,0x00,0x00,0x00,0x00,0x00,0x00,
	0x00,0x00,0x00,0x00,0x00,0x00,0x00,0x00,0x00,0x00,0x00,0x00,
	0x00,0x00,0x00,0x00,0x00,0x00,0x00,0x00,0x00,0x00,0x00,0x00,
	0x00,0x00,0x00,0x00,0x00,0x00,0x00,0x00,0x00,0x00,0x00,0x00,
	0x00,0x00,0x00,0x00,0x00,0x00,0x00,0x00,0x00,0x00,0x00,0x00,
	0x00,0x00,0x00,0x00,0x00,0x00,0x00,0x00,0x00,0x00,0x00,0x00,
	0x00,0x00,0x00,0x00,0x00,0x00,0x00,0x00,0x00,0x00,0x00,0x00,
	0x00,0x00,0x00,0x00,0x00,0x00,0x00,0x00,0x00,0x00,0x00,0x00,
	0x00,0x00,0x00,0x00,0x00,0x00,0x00,0x00,0x00,0x00,0x00,0x00,
	0x00,0x00,0x00,0x00,0x00,0x00,0x00,0x00,0x00,0x00,0x00,0x00,
	0x00,0x00,0x00,0x00,0x00,0x00,0x00,0x00,0x00,0x00,0x00,0x00,
	0x00,0x00,0x00,0x00,0x00,0x00,0x00,0x00,0x00,0x00,0x00,0x00,
	0x00,0x00,0x00,0x00,0x00,0x00,0x00,0x00,0x00,0x00,0x00,0x00,
	0x00,0x00,0x00,0x00,0x00,0x00,0x00,0x00,0x00,0x00,0x00,0x00,
	0x00,0x00,0x00,0x00,0x00,0x00,0x00,0x00,0x00,0x00,0x00,0x00,
	0x00,0x00,0x00,0x00,0x00,0x00,0x00,0x00,0x00,0x00,0x00,0x00,
	0x00,0x00,0x00,0x00,0x00,0x00,0x00,0x00,0x00,0x00,0x00,0x00,
	0x00,0x00,0x00,0x00,0x00,0x00,0x00,0x00,0x00,0x00,0x00,0x00,
	0x00,0x00,0x00,0x00,0x00,0x00,0x00,0x00,0x00,0x00,0x00,0x00,
	0x00,0x00,0x00,0x00,0x00,0x00,0x00,0x00,0x00,0x00,0x00,0x00,
	0x00,0x00,0x00,0x00,0x00,0x00,0x00,0x00,0x00,0x00,0x00,0x00,
	0x00,0x00,0x00,0x00,0x00,0x00,0x00,0x00,0x00,0x00,0x00,0x00,
	0x00,0x00,0x00,0x00,0x00,0x00,0x00,0x00,0x00,0x00,0x00,0x00,
	0x00,0x00,0x00,0x00,0x00,0x00,0x00,0x00,0x00,0x00,0x00,0x00,
	0x00,0x00,0x00,0x00,0x00,0x00,0x00,0x00,0x00,0x00,0x00,0x00,
	0x00,0x00,0x00,0x00,0x00,0x00,0x00,0x00,0x00,0x00,0x00,0x00,
	0x00,0x00,0x00,0x00,0x00,0x00,0x00,0x00,0x00,0x00,0x00,0x00,
	0x00,0x00,0x00,0x00,0x00,0x00,0x00,0x00,0x00,0x00,0x00,0x00,
	0x00,0x00,0x00,0x00,0x00,0x00,0x00,0x00,0x00,0x00,0x00,0x00,
	0x00,0x00,0x00,0x00,0x00,0x00,0x00,0x00,0x00,0x00,0x00,0x00,
	0x00,0x00,0x00,0x00,0x00,0x00,0x00,0x00,0x00,0x00,0x00,0x00,
	0x00,0x00,0x00,0x00,0x00,0x00,0x00,0x00,0x00,0x00,0x00,0x00,
	0x00,0x00,0x00,0x00,0x00,0x00,0x00,0x00,0x00,0x00,0x00,0x00,
	0x00,0x00,0x00,0x00,0x00,0x00,0x7e,0x81,0xa5,0x81,0xbd,0x99,
	0x81,0x7e,0x7e,0xff,0xdb,0xff,0xc3,0xe7,0xff,0x7e,0x6c,0xfe,
	0xfe,0xfe,0x7c,0x38,0x10,0x00,0x10,0x38,0x7c,0xfe,0x7c,0x38,
	0x10,0x00,0x38,0x7c,0x38,0xfe,0xfe,0xd6,0x10,0x38,0x10,0x38,
	0x7c,0xfe,0xfe,0x7c,0x10,0x38,0x00,0x00,0x18,0x3c,0x3c,0x18,
	0x00,0x00,0xff,0xff,0xe7,0xc3,0xc3,0xe7,0xff,0xff,0x00,0x3c,
	0x66,0x42,0x42,0x66,0x3c,0x00,0xff,0xc3,0x99,0xbd,0xbd,0x99,
	0xc3,0xff,0x3f,0x0f,0x1b,0x78,0xcc,0xcc,0xcc,0x78,0x3c,0x66,
	0x66,0x66,0x3c,0x18,0x7e,0x18,0x1f,0x19,0x18,0x18,0x18,0xf0,
	0xe0,0x00,0x7f,0x63,0x7f,0x63,0x63,0x67,0xe6,0xc0,0x18,0xdb,
	0x3c,0xe7,0xe7,0x3c,0xdb,0x18,0x80,0xe0,0xf8,0xfe,0xf8,0xe0,
	0x80,0x00,0x02,0x0e,0x3e,0xfe,0x3e,0x0e,0x02,0x00,0x18,0x3c,
	0x7e,0x18,0x18,0x7e,0x3c,0x18,0x66,0x66,0x66,0x66,0x66,0x00,
	0x66,0x00,0x7f,0xdb,0xdb,0x7b,0x1b,0x1b,0x1b,0x00,0x3e,0x61,
	0x3c,0x66,0x66,0x3c,0x86,0x7c,0x00,0x00,0x00,0x00,0x7e,0x7e,
	0x7e,0x00,0x18,0x3c,0x7e,0x18,0x7e,0x3c,0x18,0xff,0x18,0x3c,
	0x7e,0x18,0x18,0x18,0x18,0x00,0x18,0x18,0x18,0x18,0x7e,0x3c,
	0x18,0x00,0x00,0x18,0x0c,0xfe,0x0c,0x18,0x00,0x00,0x00,0x30,
	0x60,0xfe,0x60,0x30,0x00,0x00,0x00,0x00,0xc0,0xc0,0xc0,0xfe,
	0x00,0x00,0x00,0x24,0x66,0xff,0x66,0x24,0x00,0x00,0x00,0x18,
	0x3c,0x7e,0xff,0xff,0x00,0x00,0x00,0xff,0xff,0x7e,0x3c,0x18,
	0x00,0x00,0x00,0x00,0x00,0x00,0x00,0x00,0x00,0x00,0x30,0x78,
	0x78,0x30,0x30,0x00,0x30,0x00,0x6c,0x6c,0x6c,0x00,0x00,0x00,
	0x00,0x00,0x6c,0x6c,0xfe,0x6c,0xfe,0x6c,0x6c,0x00,0x30,0x7c,
	0xc0,0x78,0x0c,0xf8,0x30,0x00,0x00,0xc6,0xcc,0x18,0x30,0x66,
	0xc6,0x00,0x38,0x6c,0x38,0x76,0xdc,0xcc,0x76,0x00,0x60,0x60,
	0xc0,0x00,0x00,0x00,0x00,0x00,0x18,0x30,0x60,0x60,0x60,0x30,
	0x18,0x00,0x60,0x30,0x18,0x18,0x18,0x30,0x60,0x00,0x00,0x66,
	0x3c,0xff,0x3c,0x66,0x00,0x00,0x00,0x30,0x30,0xfc,0x30,0x30,
	0x00,0x00,0x00,0x00,0x00,0x00,0x00,0x30,0x30,0x60,0x00,0x00,
	0x00,0xfc,0x00,0x00,0x00,0x00,0x00,0x00,0x00,0x00,0x00,0x30,
	0x30,0x00,0x06,0x0c,0x18,0x30,0x60,0xc0,0x80,0x00,0x7c,0xc6,
	0xce,0xde,0xf6,0xe6,0x7c,0x00,0x30,0x70,0x30,0x30,0x30,0x30,
	0xfc,0x00,0x78,0xcc,0x0c,0x38,0x60,0xcc,0xfc,0x00,0x78,0xcc,
	0x0c,0x38,0x0c,0xcc,0x78,0x00,0x1c,0x3c,0x6c,0xcc,0xfe,0x0c,
	0x1e,0x00,0xfc,0xc0,0xf8,0x0c,0x0c,0xcc,0x78,0x00,0x38,0x60,
	0xc0,0xf8,0xcc,0xcc,0x78,0x00,0xfc,0xcc,0x0c,0x18,0x30,0x30,
	0x30,0x00,0x78,0xcc,0xcc,0x78,0xcc,0xcc,0x78,0x00,0x78,0xcc,
	0xcc,0x7c,0x0c,0x18,0x70,0x00,0x00,0x30,0x30,0x00,0x00,0x30,
	0x30,0x00,0x00,0x30,0x30,0x00,0x00,0x30,0x30,0x60,0x1c,0x30,
	0x60,0xc0,0x60,0x30,0x1c,0x00,0x00,0x00,0xfc,0x00,0x00,0xfc,
	0x00,0x00,0xe0,0x30,0x18,0x0c,0x18,0x30,0xe0,0x00,0x78,0xcc,
	0x8c,0x18,0x30,0x00,0x30,0x00,0x7c,0xc6,0xde,0xd6,0xde,0xc0,
	0x78,0x00,0x38,0x7c,0xc6,0xc6,0xfe,0xc6,0xc6,0x00,0xfc,0x66,
	0x66,0x7c,0x66,0x66,0xfc,0x00,0x3c,0x66,0xc0,0xc0,0xc0,0x66,
	0x3c,0x00,0xf8,0x6c,0x66,0x66,0x66,0x6c,0xf8,0x00,0xfe,0x62,
	0x68,0x78,0x68,0x62,0xfe,0x00,0xfe,0x62,0x68,0x78,0x68,0x60,
	0xf0,0x00,0x3c,0x66,0xc0,0xc0,0xce,0x66,0x3e,0x00,0xcc,0xcc,
	0xcc,0xfc,0xcc,0xcc,0xcc,0x00,0x78,0x30,0x30,0x30,0x30,0x30,
	0x78,0x00,0x1e,0x0c,0x0c,0x0c,0x8c,0xcc,0x78,0x00,0xe6,0x66,
	0x6c,0x78,0x6c,0x66,0xe6,0x00,0xf0,0x60,0x60,0x60,0x62,0x66,
	0xfe,0x00,0xc6,0xee,0xfe,0xfe,0xd6,0xc6,0xc6,0x00,0xc6,0xe6,
	0xf6,0xde,0xce,0xc6,0xc6,0x00,0x38,0x6c,0xc6,0xc6,0xc6,0x6c,
	0x38,0x00,0xfc,0x66,0x66,0x7c,0x60,0x60,0xf0,0x00,0x78,0xcc,
	0xcc,0xcc,0xdc,0x78,0x1c,0x00,0xfc,0x66,0x66,0x7c,0x6c,0x66,
	0xe6,0x00,0x78,0xcc,0x60,0x30,0x18,0xcc,0x78,0x00,0xfc,0xb4,
	0x30,0x30,0x30,0x30,0x78,0x00,0xcc,0xcc,0xcc,0xcc,0xcc,0xcc,
	0xfc,0x00,0xc6,0xc6,0xc6,0xc6,0xc6,0x6c,0x38,0x00,0xc6,0xc6,
	0xc6,0xd6,0xfe,0xee,0xc6,0x00,0xc6,0xc6,0x6c,0x38,0x38,0x6c,
	0xc6,0x00,0xcc,0xcc,0xcc,0x78,0x30,0x30,0x78,0x00,0xfe,0xc6,
	0x8c,0x18,0x32,0x66,0xfe,0x00,0x78,0x60,0x60,0x60,0x60,0x60,
	0x78,0x00,0xc0,0x60,0x30,0x18,0x0c,0x06,0x02,0x00,0x78,0x18,
	0x18,0x18,0x18,0x18,0x78,0x00,0x10,0x38,0x6c,0xc6,0x00,0x00,
	0x00,0x00,0x00,0x00,0x00,0x00,0x00,0x00,0x00,0xff,0x30,0x30,
	0x18,0x00,0x00,0x00,0x00,0x00,0x00,0x00,0x78,0x0c,0x7c,0xcc,
	0x76,0x00,0xe0,0x60,0x60,0x7c,0x66,0x66,0xdc,0x00,0x00,0x00,
	0x78,0xcc,0xc0,0xcc,0x78,0x00,0x1c,0x0c,0x0c,0x7c,0xcc,0xcc,
	0x76,0x00,0x00,0x00,0x78,0xcc,0xfc,0xc0,0x78,0x00,0x1c,0x36,
	0x30,0x78,0x30,0x30,0x78,0x00,0x00,0x00,0x76,0xcc,0xcc,0x7c,
	0x0c,0xf8,0xe0,0x60,0x6c,0x76,0x66,0x66,0xe6,0x00,0x30,0x00,
	0x70,0x30,0x30,0x30,0x78,0x00,0x0c,0x00,0x0c,0x0c,0x0c,0x8c,
	0xcc,0x78,0xe0,0x60,0x66,0x6c,0x78,0x6c,0xe6,0x00,0x70,0x30,
	0x30,0x30,0x30,0x30,0x78,0x00,0x00,0x00,0xcc,0xfe,0xfe,0xd6,
	0xc6,0x00,0x00,0x00,0xf8,0xcc,0xcc,0xcc,0xcc,0x00,0x00,0x00,
	0x78,0xcc,0xcc,0xcc,0x78,0x00,0x00,0x00,0xdc,0x66,0x66,0x7c,
	0x60,0xf0,0x00,0x00,0x76,0xcc,0xcc,0x7c,0x0c,0x1e,0x00,0x00,
	0xdc,0x76,0x66,0x60,0xf0,0x00,0x00,0x00,0x7c,0xc0,0x78,0x0c,
	0xf8,0x00,0x10,0x30,0x7c,0x30,0x30,0x34,0x18,0x00,0x00,0x00,
	0xcc,0xcc,0xcc,0xcc,0x76,0x00,0x00,0x00,0xcc,0xcc,0xcc,0x78,
	0x30,0x00,0x00,0x00,0xc6,0xd6,0xfe,0xfe,0x6c,0x00,0x00,0x00,
	0xc6,0x6c,0x38,0x6c,0xc6,0x00,0x00,0x00,0xcc,0xcc,0xcc,0x7c,
	0x0c,0xf8,0x00,0x00,0xfc,0x98,0x30,0x64,0xfc,0x00,0x1c,0x30,
	0x30,0xe0,0x30,0x30,0x1c,0x00,0x18,0x18,0x18,0x00,0x18,0x18,
	0x18,0x00,0xe0,0x30,0x30,0x1c,0x30,0x30,0xe0,0x00,0x76,0xdc,
	0x00,0x00,0x00,0x00,0x00,0x00,0x00,0x10,0x38,0x6c,0xc6,0xc6,
	0xfe,0x00,0xe9,0x64,0x8d,0x00,0x00,0x00,0x00,0x00,0x00,0x00,
	0x00,0x00,0x00,0x00,0x00,0x00,0x00,0x00,0x00,0x00,0x00,0x00,
	0x00,0x00,0x00,0x00,0x00,0x00,0x00,0x00,0x00,0x00,0x00,0x00,
	0x00,0x00,0x00,0x00,0x00,0x00,0x00,0x00,0x00,0x00,0x00,0x00,
	0x00,0x00,0x00,0x00,0x00,0x00,0x00,0x00,0x00,0xe9,0x85,0x8e,
	0x00,0x00,0x00,0x00,0x00,0x00,0x00,0x00,0x00,0x00,0x00,0x00,
	0x00,0x00,0x00,0x00,0x00,0x00,0x00,0x00,0x00,0x00,0x00,0x00,
	0x00,0x00,0x00,0x00,0x00,0x00,0x00,0x00,0x00,0x00,0x00,0x00,
	0x00,0x00,0x00,0x00,0x00,0x00,0x00,0x00,0x00,0x00,0x00,0x00,
	0x00,0x00,0x00,0x00,0x00,0x00,0x00,0x00,0x00,0x00,0x00,0x00,
	0x00,0x00,0x00,0x00,0x00,0x00,0x00,0x00,0x00,0x00,0x00,0x00,
	0x45,0xff,0x45,0xff,0x00,0xea,0x45,0xff,0x45,0xff,0x54,0xff,
	0x45,0xff,0x45,0xff,0xa5,0xfe,0x87,0xe9,0x30,0xff,0x30,0xff,
	0x30,0xff,0x30,0xff,0x57,0xef,0x30,0xff,0x67,0xf0,0x4d,0xf8,
	0x41,0xf8,0x59,0xec,0x39,0xe7,0x59,0xf8,0x2e,0xe8,0xd4,0xef,
	0x5f,0xf8,0xf2,0xe6,0x6e,0xfe,0x45,0xff,0x45,0xff,0xa4,0xf0,
	0xc7,0xef,0x00,0x00,0x50,0xb0,0x0b,0xe6,0x20,0x90,0xe4,0x20,
	0x86,0xe0,0xe4,0x21,0x0a,0xc4,0xe6,0x21,0xb0,0x20,0xe6,0x20,
	0x58,0xcf,0x00,0x00,0x00,0x00,0x00,0x00,0x00,0x00,0x00,0x00,
	0x00,0x00,0x00,0x00,0xfb,0x1e,0x50,0xb8,0x50,0x00,0x8e,0xd8,
	0x53,0x52,0x80,0x3e,0x00,0x00,0x01,0x74,0x47,0x51,0xc6,0x06,
	0x00,0x00,0x01,0xb4,0x0f,0xcd,0x10,0x8a,0xdc,0xb4,0x03,0xcd,
	0x10,0x52,0x33,0xd2,0xb0,0x0a,0xe8,0x3b,0x00,0x75,0x32,0xb0,
	0x0d,0xe8,0x34,0x00,0x80,0xfe,0x19,0x73,0x19,0xb4,0x02,0xcd,
	0x10,0xb4,0x08,0xcd,0x10,0xe8,0x24,0x00,0x75,0x1b,0xfe,0xc2,
	0x3a,0xd3,0x72,0xed,0x2a,0xd3,0xfe,0xc6,0xeb,0xd6,0x20,0x16,
	0x00,0x00,0x5a,0xb4,0x02,0xcd,0x10,0x59,0x5a,0x5b,0x58,0x1f,
	0xcf,0x80,0x0e,0x00,0x00,0xff,0xeb,0xee,0x52,0x22,0xc0,0x75,
	0x02,0xb0,0x20,0x33,0xd2,0x8a,0xe6,0xcd,0x17,0xf6,0xc4,0x29,
	0x5a,0xc3,0x00,0x00,0x00,0x00,0x00,0x00,0x00,0x00,0x00,0x00,
	0x00,0x00,0x00,0x00,0x00,0x00,0x00,0x00,0x00,0x00,0x00,0x00,
	0x00,0x00,0x00,0x00,0x00,0x00,0x00,0x00,0x00,0x00,0x00,0x00,
	0x00,0x00,0x00,0x00,0xea,0x5b,0xe0,0x00,0xf0,0x31,0x38,0x2f,
	0x30,0x32,0x2f,0x39,0x33,0xff,0xfe,0x00,
};
const unsigned int ms1504_hdd_bios_len = 32768;
